--
-- Base de datos: `db_graduado`
--
USE `db_graduado`;
-- --------------------------------------------------------
--
-- Volcado de datos para la tabla `idioma_graduado`
--
INSERT INTO `idioma_graduado` (`igra_id`, `igra_nombre`, `igra_tipo`,`igra_estado`, `igra_estado_logico`) VALUES
(1, 'Español', 'General', '1','1'),
(2, 'Ingles', 'General', '1','1'),
(3, 'Alemán', 'General', '1','1'),
(4, 'Francés', 'General', '1','1');
-- --------------------------------------------------------
--
-- Volcado de datos para la tabla `carrera_graduado`
--
INSERT INTO `carrera_graduado` (`cgra_id`, `cgra_nombre`, `cgra_descripcion`, `cgra_estado`, `cgra_estado_logico`) VALUES
(1,'Ingeniería en Gestión Empresarial Mención Finanzas y Auditoría','Ingeniería en Gestión Empresarial Mención Finanzas y Auditoría','1','1'),
(2,'Licenciatura en Gestión Empresarial Mención Finanzas y Auditoría','Licenciatura en Gestión Empresarial Mención Finanzas y Auditoría','1','1'),
(4,'Licenciatura en Finanzas','Licenciatura en Finanzas','1','1'),
(5,'Licenciatura en Administración de Empresas','Licenciatura en Administración de Empresas','1','1'),
(6,'Economia Mención Economia Empresarial y Negocios','Economia Mención Economia Empresarial y Negocios','1','1'),
(7,'Economía','Economía','1','1'),
(8,'Ingeniería en Contaduría Pública y Auditoría','Ingeniería en Contaduría Pública y Auditoría','1','1'),
(9,'Licenciatura en Contaduría Pública y Auditoría','Licenciatura en Contaduría Pública y Auditoría','1','1'),
(10,'Licenciado en Contabilidad y Auditoría','Licenciado en Contabilidad y Auditoría','1','1'),
(11,'Ingeniería en Gestión Empresarial Mención Marketing y Ventas','Ingeniería en Gestión Empresarial Mención Marketing y Ventas','1','1'),
(12,'Licenciatura en Gestión Empresarial Mención Marketing y Ventas','Licenciatura en Gestión Empresarial Mención Marketing y Ventas','1','1'),
(13,'Licenciatura en Mercadotécnia','Licenciatura en Mercadotécnia','1','1'),
(14,'Ingeniería en Comercio Exterior Mención Negocios Internacionales','Ingeniería en Comercio Exterior Mención Negocios Internacionales','1','1'),
(15,'Licenciatura en Comercio Exterior Mención Negocios Internacionales','Licenciatura en Comercio Exterior Mención Negocios Internacionales','1','1'),
(16,'Licenciatura en Comercio Exterior','Licenciatura en Comercio Exterior','1','1'),
(17,'Ingeniería Portuaria y Aduanera Mención Administración Portuaria','Ingeniería Portuaria y Aduanera Mención Administración Portuaria','1','1'),
(18,'Licenciatura Portuaria y Aduanera Mención Administración Portuaria','Licenciatura Portuaria y Aduanera Mención Administración Portuaria','1','1'),
(19,'Ingeniería en Logística y Transporte','Ingeniería en Logística y Transporte','1','1'),
(20,'Ingeniería en Gestión Hotelera y Turística','Ingeniería en Gestión Hotelera y Turística','1','1'),
(21,'Licenciatura en Gestión Hotelera y Turística','Licenciatura en Gestión Hotelera y Turística','1','1'),
(22,'Licenciatura en Turismo','Licenciatura en Turismo','1','1'),
(23,'Ingeniería en Gestión De Telecomunicaciones Mencion Redes De Acceso y Telefonía','Ingeniería en Gestión De Telecomunicaciones Mencion Redes De Acceso y Telefonía','1','1'),
(24,'Licenciatura en Gestión De Telecomunicaciones Mencion Redes De Acceso y Telefonía','Licenciatura en Gestión De Telecomunicaciones Mencion Redes De Acceso y Telefonía','1','1'),
(25,'Ingeniería en Telecomunicaciones','Ingeniería en Telecomunicaciones','1','1'),
(26,'Ingenería en Sistemas Computacionales Mencion Redes y Comunicaciones','Ingenería en Sistemas Computacionales Mencion Redes y Comunicaciones','1','1'),
(27,'Ingeniería en Tecnologías De la Información','Ingeniería en Tecnologías De la Información','1','1'),
(28,'Ingenería en Sistemas Computacionales Mencion Web y Multimedia','Ingenería en Sistemas Computacionales Mencion Web y Multimedia','1','1'),
(29,'Ingeniería en Software','Ingeniería en Software','1','1'),
(30,'Psicología Laboral y Empresarial','Psicología Laboral y Empresarial','1','1'),
(31,'Licenciatura en Gestión Del Talento Humano','Licenciatura en Gestión Del Talento Humano','1','1'),
(32,'Licenciatura en Psicología Clínica','Licenciatura en Psicología Clínica','1','1'),
(33,'Licenciatura en Comunicación','Licenciatura en Comunicación','1','1');

-- --------------------------------------------------------
--
-- Volcado de datos para la tabla `colegio`
--
INSERT INTO `colegio` (`col_id`, `col_nombre`, `col_descripcion`, `col_estado`, `col_estado_logico`) VALUES
(1,'Unidad Educativa Rubira','Unidad Educativa Rubira','1','1'),
(2,'Hermano Miguel (Machala)','Hermano Miguel (Machala)','1','1'),
(3,'Unidad Educativa Particular la Inmaculada','Unidad Educativa Particular la Inmaculada','1','1'),
(4,'Juan Montalvo','Juan Montalvo','1','1'),
(5,'Unidad Educativa America','Unidad Educativa America','1','1'),
(6,'Manabi Tecnologico','Manabi Tecnologico','1','1'),
(7,'Principito y Marcel Laniado De Wind','Principito y Marcel Laniado De Wind','1','1'),
(8,'Upse, Universidad','Upse, Universidad','1','1'),
(9,'Liceo Naval Jambeli, Fiscal y Dejo De Ser Naval','Liceo Naval Jambeli, Fiscal y Dejo De Ser Naval','1','1'),
(10,'Part Informatica Portoviejo','Part Informatica Portoviejo','1','1'),
(11,'Unidad Educativa Particular Maria De la Merced','Unidad Educativa Particular Maria De la Merced','1','1'),
(12,'Unidad Educativa Empresarial Orense','Unidad Educativa Empresarial Orense','1','1'),
(13,'Unidad Educativa Particular Del Pacifico','Unidad Educativa Particular Del Pacifico','1','1'),
(14,'Unidad Educativa Particular Abdon Calderon','Unidad Educativa Particular Abdon Calderon','1','1'),
(15,'Unidad Educativa Fiscal “FAE N° 4”.','Unidad Educativa Fiscal “FAE N° 4”.','1','1'),
(16,'Cristo Rey','Cristo Rey','1','1'),
(17,'Julio Pierregrosse','Julio Pierregrosse','1','1'),
(18,'Colegio Fiscal Militar General Miguel Iturralde','Colegio Fiscal Militar General Miguel Iturralde','1','1'),
(19,'Eloy Alfaro','Eloy Alfaro','1','1'),
(20,'Particular Inmaculada Maria Auxiliadora','Particular Inmaculada Maria Auxiliadora','1','1'),
(21,'Manuel encalada Julio Matovelle','Manuel encalada Julio Matovelle','1','1'),
(22,'Jose Salazar Mero','Jose Salazar Mero','1','1'),
(23,'Maria Auxiliadora','Maria Auxiliadora','1','1'),
(24,'Escuela Jose Jaramillo Montoya','Escuela Jose Jaramillo Montoya','1','1'),
(25,'Liceo Cristiano Peninsular','Liceo Cristiano Peninsular','1','1'),
(26,'Ecomundo Babahoyo','Ecomundo Babahoyo','1','1'),
(27,'Leonie Aviat','Leonie Aviat','1','1'),
(28,'Stella Maris','Stella Maris','1','1'),
(29,'9 De Mayo','9 De Mayo','1','1'),
(30,'Colegio Particular A Distacia Eloy Alfaro','Colegio Particular A Distacia Eloy Alfaro','1','1'),
(31,'24 De Mayo','24 De Mayo','1','1'),
(32,'Juan Montalvo Fiallo','Juan Montalvo Fiallo','1','1'),
(33,'Frank Vargas Pazzos','Frank Vargas Pazzos','1','1'),
(34,'Luz y Libertad','Luz y Libertad','1','1'),
(35,'Dr Jose Peralta','Dr Jose Peralta','1','1'),
(36,'Liceo Naval Calm Ramon Castro Jijon','Liceo Naval Calm Ramon Castro Jijon','1','1'),
(37,'Unidad Educativa Carrera Sanchez Bruno','Unidad Educativa Carrera Sanchez Bruno','1','1'),
(38,'San Francisco De Sales','San Francisco De Sales','1','1'),
(39,'San Francisco De Asis','San Francisco De Asis','1','1'),
(40,'Unidad Educativa Academia Naval Cap Leonardo Abad Guerra','Unidad Educativa Academia Naval Cap Leonardo Abad Guerra','1','1'),
(41,'Internacional Del Pacifico','Internacional Del Pacifico','1','1'),
(42,'Padre Marcos Benetazzo N 2','Padre Marcos Benetazzo N 2','1','1'),
(43,'Unidad Educativa Santa Teresita','Unidad Educativa Santa Teresita','1','1'),
(44,'Unidad Educativa Genesis','Unidad Educativa Genesis','1','1'),
(45,'Heroes Del Cenepa','Heroes Del Cenepa','1','1'),
(46,'Instituto Tecnico Superior De Informatica Chone','Instituto Tecnico Superior De Informatica Chone','1','1'),
(47,'Maria Andrea','Maria Andrea','1','1'),
(48,'Redemptio','Redemptio','1','1'),
(49,'Jefferson Salinas','Jefferson Salinas','1','1'),
(50,'Profesor Ernesto Gonzalez Muñoz','Profesor Ernesto Gonzalez Muñoz','1','1'),
(51,'Frances','Frances','1','1'),
(52,'Unidad Educativa Froebel','Unidad Educativa Froebel','1','1'),
(53,'Centro Educativo Altamira','Centro Educativo Altamira','1','1'),
(54,'Unidad Educativa Dr Manuel Gonzalez','Unidad Educativa Dr Manuel Gonzalez','1','1'),
(55,'Unidad Educativa Nuestro Mundo','Unidad Educativa Nuestro Mundo','1','1'),
(56,'San Francisco De Asis','San Francisco De Asis','1','1'),
(57,'Unidad Educativa Santo Tomas','Unidad Educativa Santo Tomas','1','1'),
(58,'Unidad Educativa Arcoiris','Unidad Educativa Arcoiris','1','1'),
(59,'Colegio Particular Latinoamericano','Colegio Particular Latinoamericano','1','1'),
(60,'Unidad Educativa Maria Montessori','Unidad Educativa Maria Montessori','1','1'),
(61,'Unidad Educativa Heroes Del 41','Unidad Educativa Heroes Del 41','1','1'),
(62,'Unidad Educativa Santa Mariana De Jesus','Unidad Educativa Santa Mariana De Jesus','1','1'),
(63,'Unidad Educativa Mercedarias','Unidad Educativa Mercedarias','1','1'),
(64,'Unidad Educativa Green Hills','Unidad Educativa Green Hills','1','1'),
(65,'Unidad Educativa la Moderna','Unidad Educativa la Moderna','1','1'),
(66,'Unidad Educativa Jefferson De Manta','Unidad Educativa Jefferson De Manta','1','1'),
(67,'Unidad Educativa Issac Newton','Unidad Educativa Issac Newton','1','1'),
(68,'Unidad Educativa Leonardo Da Vinci','Unidad Educativa Leonardo Da Vinci','1','1'),
(69,'Unidad Educativa Eloy Velasquez Cevallos','Unidad Educativa Eloy Velasquez Cevallos','1','1'),
(70,'Unidad Educativa Comil 9','Unidad Educativa Comil 9','1','1'),
(71,'Unidad Educativa Salinas Innova School','Unidad Educativa Salinas Innova School','1','1');

-- --------------------------------------------------------
--
-- Volcado de datos para la tabla `rango_sueldo`
--
INSERT INTO `rango_sueldo` (`rsue_id`, `rsue_nombre`, `rsue_descripcion`, `rsue_estado`, `rsue_estado_logico`) VALUES
(1, '500 - 1000', '500 - 1000', '1', '1'),
(2, '1001 - 1500', '1001 - 1500', '1', '1'),
(3, '1501 - 2000', '1501 - 2000', '1', '1'),
(4, 'Mayor a 2000', 'Mayor a 2000', '1', '1');
-- --------------------------------------------------------
--
-- Volcado de datos para la tabla `pregunta`
--
INSERT INTO `pregunta` (`pre_id`, `pre_nombre`, `pre_grupo`, pre_orden, `pre_estado`, `pre_estado_logico`) VALUES
(1, '¿Tenía usted información sobre las ofertas académicas de las universidades?.', 'A', 10, '1', '1'),
(2, 'Si la respuesta es si, ¿por qué medios recibió la información?. Puede elegir varias alternativas.', 'A', 11, '1', '1'),
(3, '¿Qué tipo de información recibió? Puede elegir varias alternativas.', 'A', 12, '1', '1'),
(4, '¿Con qué anticipación recibió la información?.', 'A', 13, '1', '1'),
(5, '¿En qué tipo de institución terminó su educación secundaria?.', 'A', 14, '1', '1'),
(6, '¿En qué áreas de formación experimentó mayores dificultades durante sus estudios de secundaria?.', 'A', 15, '1', '1'),
(7, '¿En qué año ingresó por primera vez a la universidad?.', 'A', 16, '1', '1'),
(8, 'Si transcurrió un año o más entre su egreso de secundaria y su ingreso a la universidad, ¿qué actividades realizó durante ese período?. Puede elegir varias alternativas.', 'A', 17, '1', '1'),
(9, '¿Qué carrera eligió al ingresar a la universidad?.', 'A', 18, '1', '1'),
(10, '¿Cuáles fueron los factores que influyeron para la elección de la carrera?  Puede elegir varias alternativas.', 'A', 19, '1', '1'),
(11, 'La carrera que usted eligió fue su:', 'A', 20, '1', '1'),
(12, 'Anote el nombre de la(s) Universidad(es) en donde usted ha realizado estudios superiores, el número de años cursados y si obtuvo algún grado académico.', 'B', 21, '1', '1'),
(13, '¿Durante sus estudios universitarios usted combinó el estudio con el trabajo (remunerado o no remunerado)?.', 'B', 22, '1', '1'),
(14, '¿Qué tipo de actividad(es) laboral(es) realizó cuando estuvo estudiando?.', 'B', 23, '1', '1'),
(15, '¿En qué etapa de su carrera universitaria trabajó?.', 'B', 24, '1', '1'),
(16, 'Respecto a la carrera en que usted se graduó: ¿Cómo valora los siguientes aspectos de sus estudios?.', 'B', 25, '1', '1'),
(17, '¿Cómo valora las condiciones de estudio durante la carrera?.', 'B', 26, '1', '1'),
(18, '¿Qué nivel de importancia tuvo la investigación en su formación universitaria?.', 'B', 27, '1', '1'),
(19, '¿En qué áreas cree usted que la universidad puede contribuir a ampliar sus conocimientos?.', 'C', 28, '1', '1'),
(20, '¿Ha tenido que aprender nuevas técnicas, metodologías y conocimientos en el trabajo, que no le enseñó la universidad?.', 'C', 29, '1', '1'),
(21, '¿Cuáles técnicas, mitologías y conocimiento?.', 'C', 30, '1', '1'),
(22, '¿Cuál ha sido el grado de dificultad para adquirir esos nuevos conocimientos?.', 'C', 31, '1', '1'),
(23, '¿Cómo ha hecho para superar las debilidades de su formación profesional?.', 'C', 32, '1', '1'),
(24, '¿Está tomando algún curso de actualización?.', 'C', 33, '1', '1'),
(25, '¿En qué área(s)?.', 'C', 34, '1', '1'),
(26, '¿En qué institución?.', 'C', 35, '1', '1'),
(27, '¿En este momento está realizando alguna investigación?.', 'C', 36, '1', '1'),
(28, 'En el momento de graduarse, ¿cuál era su situación laboral?.', 'D', 38, '1', '1'),
(29, '¿Cuál era su jornada laboral por semana?.', 'D', 39, '1', '1'),
(30, '¿En qué tipo de empresa o institución laboraba?.', 'D', 40, '1', '1'),
(31, 'Ese trabajo ¿qué grado de relación tenía con la carrera que cursó?.', 'D', 41, '1', '1'),
(32, 'Con motivo de la obtención de su diploma ¿obtuvo algún beneficio en el trabajo?. (Puede marcar varios).', 'D', 42, '1', '1'),
(33, '¿Aún teniendo trabajo en el momento de graduarse, buscó otro trabajo después de obtener el título?.', 'D', 43, '1', '1'),
(34, '¿Cuál fue la principal razón para que deseara cambiar de trabajo?.', 'D', 44, '1', '1'),
(35, 'Después de graduarse, ¿cuántas veces ha cambiado de trabajo?.', 'D', 45, '1', '1'),
(36, 'Después de graduarse, ¿cuánto tiempo tardó en conseguir trabajo?.', 'D', 46, '1', '1'),
(37, 'En su criterio, ¿cuál fue el medio más importante para encontrar su primer trabajo después de graduarse?.', 'D', 47, '1', '1'),
(38, 'Desde su punto de vista ¿Cómo fueron valorados por su primer empleador, después de graduarse, los siguientes aspectos?.', 'D', 48, '1', '1'),
(39, '¿Cuál es su situación laboral actual?.', 'E', 49, '1', '1'),
(40, '¿Tiene una o más actividades remuneradas?.', 'E', 50, '1', '1'),
(41, '¿Cuánto tiempo tiene que trabaja en esa empresa o institución?.', 'E', 51, '1', '1'),
(42, '¿Cuál es el nombre del puesto que desempeña?.', 'E', 52, '1', '1'),
(43, 'Indique la función más importante que realiza en su puesto.', 'E', 53, '1', '1'),
(44, '¿En cuál de las siguientes actividades económicas se ubica la empresa o institución donde trabaja?.', 'E', 54, '1', '1'),
(45, '¿En qué tipo de empresa o institución trabaja?.', 'E', 55, '1', '1'),
(46, '¿Cuál es su jornada laboral por semana?.', 'E', 56, '1', '1'),
(47, 'Trabaja una jornada de tiempo parcial porque:', 'E', 57, '1', '1'),
(48, '¿Cuál es aproximadamente su ingreso bruto mensual?.', 'E', 58, '1', '1'),
(49, '¿Cuáles son las principales razones por las que aún no tiene trabajo?.', 'E', 59, '1', '1'),
(50, '¿Cómo caracterizaría la relación entre su campo de estudio y su área de trabajo?.', 'F', 60, '1', '1'),
(51, '¿Hasta qué punto los estudios en los que se graduó le han ayudado...?.', 'F', 61, '1', '1'),
(52, '¿Hasta qué punto su ocupación se relaciona con su campo de estudio y grado académico?.', 'F', 62, '1', '1'),
(53, 'Si contestó 1 o 2 en la pregunta anterior indique ¿por qué razón(es) aceptó ese trabajo?.', 'F', 63, '1', '1'),
(54, 'En general, ¿cuál es su grado de satisfacción con respecto a su situación profesional?. Tome en cuenta todas las actividades profesionales que usted realiza.', 'F', 64, '1', '1'),
(55, 'Mirando hacia atrás, si pudiera elegir de nuevo, qué posibilidad habría de que....', 'F', 65, '1', '1'),
(56, 'Estudios Post-secundarios previos a la carrera universitaria.', 'G', 1, '1', '1'),
(57, 'Tuvo un empleo antes de iniciar su carrera universitaria.', 'G', 2, '1', '1'),
(58, 'Tiempo durante el cual estuvo empleado.', 'G', 3, '1', '1'),
(59, 'El tiempo que usted le dedicaba a este trabajo era:', 'G', 4, '1', '1'),
(60, 'Esta empresa era:', 'G', 5, '1', '1'),
(61, 'Tipo de relación de este trabajo con su carrera universitaria.', 'G', 6, '1', '1'),
(62, 'Elija los motivos por los que usted seleccionó la carrera universitaria', 'G', 7, '1', '1'),
(63, 'La carrera universitaria seleccionada fue su:', 'G', 8, '1', '1'),
(64, '¿Cuáles fueron las razones más importantes para seleccionar la institución en que estudió?:', 'G', 9, '1', '1'),
(65, '¿En qué área(s) es la investigación?:', 'C', 37, '1', '1');

-- --------------------------------------------------------
--
-- Volcado de datos para la tabla `criterio`
--
INSERT INTO `criterio` (`cri_id`, `cri_nombre`, `cri_nombre_control`, `cri_estado`, `cri_estado_logico`) VALUES
(1, 'Si', 'id_control1', '1','1'),
(2, 'No', 'id_control2', '1','1'),
(3, 'Sus padres', 'id_control3', '1','1'), 
(4, 'Profesores de secundaria', 'id_control4', '1','1'), 
(5, 'Charlas de orientación realizadas por la universidad', 'id_control5', '1','1'),
(6, 'Medios de comunicación', 'id_control6', '1','1'), 
(7, 'Otras', 'id_control7', '1','1'),
(8, 'Carreras que se ofertan', 'id_control8', '1','1'),  
(9, 'Duración de las carreras', 'id_control9', '1','1'),  
(10, 'Campo laboral', 'id_control10', '1','1'),  
(11, 'Costos de matrícula y aranceles', 'id_control11', '1','1'), 
(12, 'Requisitos de ingreso', 'id_control12', '1', '1'), 
(13, 'Turnos en que se ofertan las carreras', 'id_control13', '1', '1'), 
(14, 'Menos de 6 meses', 'id_control14', '1', '1'), 
(15, 'Más de 6 meses', 'id_control15', '1','1'), 
(16, 'Pública', 'id_control16', '1','1'),  
(17, 'Privada', 'id_control17', '1','1'),  
(18, 'Comunicación y lenguaje', 'id_control18', '1','1'),  
(19, 'Idiomas', 'id_control19', '1','1'),  
(20, 'Matemáticas', 'id_control20', '1','1'),  
(21, 'Ciencias naturales', 'id_control21', '1','1'),  
(22, 'Ciencias sociales', 'id_control22', '1','1'),  
(23, 'Artes', 'id_control23', '1','1'),  
(24, 'Manejo de equipos', 'id_control24', '1','1'),  
(25, 'Trabajo', 'id_control25', '1','1'), 
(26, 'Estudios de nivel medio', 'id_control26', '1','1'),  
(27, 'Viajes al exterior', 'id_control27', '1','1'),   
(28, 'Cuidado de hijos', 'id_control28', '1','1'),   
(29, 'Decisión personal', 'id_control29', '1','1'),    
(30, 'Sus padres', 'id_control30', '1','1'),    
(31, 'Amigos', 'id_control31', '1','1'),    
(32, 'Profesores', 'id_control32', '1','1'),    
(33, 'Tradición familiar', 'id_control33','1','1'),    
(34, 'La duración de la carrera', 'id_control34', '1','1'),    
(35, 'Expectativas salariales', 'id_control35', '1','1'),    
(36, 'Prestigio de la carrera', 'id_control36', '1','1'),    
(37, 'Campo laboral', 'id_control37', '1','1'),   
(38, 'Primera opción', 'id_control38', '1','1'),    
(39, 'Segunda opción', 'id_control39', '1','1'),    
(40, 'Tercera opción', 'id_control40', '1','1'),   
(41, 'Si. Remunerado', 'id_control41', '1','1'), 
(42, 'Operativas', 'id_control42', '1','1'), 
(43, 'Administrativas', 'id_control43', '1','1'), 
(44, 'Investigación', 'id_control44', '1','1'), 
(45, 'Emprendimiento', 'id_control45', '1','1'),  
(46, 'Negocio Propio', 'id_control46', '1','1'), 
(47, 'Docencia', 'id_control47', '1','1'), 
(48, 'Producción', 'id_control48', '1','1'), 
(49, 'Libre ejercicio Profesional', 'id_control49', '1','1'), 
(50, 'De primero a tercer nivel (Nivel Básico)', 'id_control50', '1','1'),  
(51, 'De cuarto a séptimo nivel (Nivel Profesional)', 'id_control51', '1','1'),  
(52, 'De Octavo a Décimo (Nivel Titulación)', 'id_control521', '1','1'),  
(53, 'Todos los años de estudio.', 'id_control53', '1','1'), 
(54, 'Conocimientos de tipo instrumental.', 'id_control54', '1','1'),  
(55, 'Teorías y conceptos.', 'id_control55', '1','1'),  
(56, 'Actividades y habilidades socio-comunicativas.', 'id_control56', '1','1'),  
(57, 'Aprendizaje independiente.', 'id_control57', '1','1'),  
(58, 'Asistencia regular a clase de parte de los docentes.', 'id_control58', '1','1'),  
(59, 'Profesor como principal fuente de información y comprensión.', 'id_control59', '1','1'),  
(60, 'Libertad para escoger los cursos y áreas de especialización.', 'id_control60', '1','1'),  
(61, 'Aprendizaje basado en problemas prácticos y proyectos.', 'id_control61', '1','1'),  
(62, 'Adquisición directa de experiencia laboral.', 'id_control62', '1','1'),  
(63, 'Comunicación fuera de clase entre los estudiantes y profesores.', 'id_control63', '1','1'),  
(64, 'Escribir una tesis o proyecto final de graduación.', 'id_control64', '1','1'),  
(65, 'Pensamiento crítico.', 'id_control65', '1','1'),  
(66, 'Diseño del plan de estudios.', 'id_control66', '1','1'),  
(67, 'Sistema de evaluación.', 'id_control67', '1','1'),  
(68, 'Actividades extra plan de estudios (asociaciones, grupos culturales, deportivos)', 'id_control68', '1','1'),
(69, 'Disponibilidad de laboratorios de acuerdo a su carrera.', 'id_control69', '1','1'), 
(70, 'Disponibilidad de laboratorios de cómputo.', 'id_control70', '1','1'),  
(71, 'Acceso y capacitación para el uso de la red de Internet.', 'id_control71', '1','1'), 
(72, 'Bibliografía actualizada en su campo de estudios.', 'id_control72', '1','1'), 
(73, 'Disponibilidad de equipo audiovisual.', 'id_control73', '1','1'), 
(74, 'Calidad de las instalaciones en edificios.', 'id_control74', '1','1'),   
(75, 'Acceso a servicios como cafeterías, fotocopiado.', 'id_control75', '1','1'), 
(76, 'Acceso a los servicios de salud.', 'id_control76', '1','1'), 
(77, 'Acceso a los servicios de orientación y bienestar estudiantil.', 'id_control77', '1','1'), 
(78, 'Oportunidad de participar en proyectos de investigación y desarrollo.', 'id_control78', '1','1'), 
(79, 'Trámites administrativos.', 'id_control79', '1','1'), 
(80, 'Sistema de becas.', 'id_control80', '1','1'), 
(81, 'Participación como ayudantes de cátedra (alumnos ayudantes)', 'id_control81', '1','1'),
(82, 'Baja', 'id_control82', '1','1'), 
(83, 'Media','id_control83', '1','1'),
(84, 'Alta', 'id_control84', '1','1'),
(85, 'Sistemas de Información Gerencial', 'id_control85', '1','1'), 
(86, 'Gestión de Riesgos Bancarios, Seguros y Fideicomisos', 'id_control86', '1','1'),  
(87, 'Comunicación Móvil', 'id_control87', '1','1'),  
(88, 'Marketing Digital', 'id_control88', '1','1'),  
(89, 'Neuromarketing', 'id_control89', '1','1'),  
(90, 'Estadísticas e Investigación de Mercados', 'id_control90', '1','1'),  
(91, 'Cursos de preparación para certificaciones internacionales', 'id_control91', '1','1'),  
(92, 'Idiomas por objetivos específicos', 'id_control92', '1','1'), 
(93, 'Programas específicos por carrera', 'id_control93', '1','1'), 
(94, 'Desarrollo del Talento Humano', 'id_control94', '1','1'), 
(95, 'Producción y productividad', 'id_control95', '1','1'),  
(96, 'Investigación científica', 'id_control96', '1','1'), 
(97, 'Finanzas, Contabilidad, Economía y Administración', 'id_control97', '1','1'),  
(98, 'Comercio Exterior y Aduanas', 'id_control98', '1','1'), 
(99, 'Otros.', 'id_control99', '1','1'), 
(100, 'Técnicas de análisis de Riesgos', 'id_control100', '1','1'),   
(101, 'Técnicas metodológicas científicas', 'id_control101', '1','1'),   
(102, 'Software especializados', 'id_control102', '1','1'),   
(103, 'Diseño de Tesis o Trabajos de Titulación', 'id_control103', '1','1'), 
(104, 'Muy difícil', 'id_control104', '1','1'), 
(105, 'Difícil', 'id_control105', '1','1'),  
(106, 'Muy fácil', 'id_control106', '1','1'), 
(107, 'Fácil', 'id_control107', '1','1'), 
(108, 'Tomando cursos de actualización en la universidad', 'id_control108', '1','1'),  
(109, 'Cursos en otras instituciones', 'id_control109', '1','1'),  
(110, 'Efectuando sus propias investigaciones.', 'id_control110', '1','1'), 
(111, 'Solicitando ayuda a expertos en el área', 'id_control111', '1','1'),  
(112, 'Operativa/Financiera/Contable', 'id_control112', '1','1'),  
(113, 'Administrativa', 'id_control113', '1','1'), 
(114, 'Tecnológica', 'id_control114', '1','1'), 
(115, 'Marketing', 'id_control115', '1','1'), 
(116, 'Comercio Exterior', 'id_control116', '1','1'), 
(117, 'Recursos Humanos', 'id_control117', '1','1'),  
(118, 'Instituto Tecnológico', 'id_control118', '1','1'),  
(119, 'Universidad Privada', 'id_control119', '1','1'), 
(120, 'Universidad Pública', 'id_control120', '1','1'), 
(121, 'Institución de Educación continúa', 'id_control121', '1','1'),  
(122, 'Educación', 'id_control122', '1','1'),   
(123, 'Economía, Administración y Finanzas', 'id_control123', '1','1'), 
(124, 'Empresas Familiares', 'id_control124', '1','1'), 
(125, 'Tributaria y Contable', 'id_control125','1','1'),  
(126, 'Nanotecnología', 'id_control126', '1','1'),   
(127, 'Herramientas informáticas', 'id_control127', '1','1'), 
(128, 'Idiomas', 'id_control128', '1','1'),  
(129, 'Tenía trabajo remunerado', 'id_control129', '1','1'), 
(130, 'No tenía trabajo, pero lo estaba buscando', 'id_control130', '1','1'), 
(131, 'No tenía trabajo, pero no le interesaba trabajar en ese momento', 'id_control131', '1','1'), 
(132, '40 horas o mas', 'id_control132', '1','1'), 
(133, '30 horas o menos de 40', 'id_control133', '1','1'), 
(134, '20 a menos de 30', 'id_control134', '1','1'), 
(135, 'a menos de 20', 'id_control135', '1','1'), 
(136, 'menos de 10 horas', 'id_control136', '1','1'), 
(137, 'Gobierno central / pública', 'id_control137', '1','1'),  
(138, 'Institución autónoma', 'id_control138', '1','1'), 
(139, 'Estatal', 'id_control139', '1','1'),    
(140, 'Propia o familiar', 'id_control140', '1','1'),  
(141, 'Ninguna(o)', 'id_control141', '1','1'),   
(142, 'Poca', 'id_control142', '1','1'),   
(143, 'Mediana', 'id_control143', '1','1'),  
(144, 'Bastante Total', 'id_control144', '1','1'),   
(145, 'Aumento de salario', 'id_control145', '1','1'),   
(146, 'Ascenso de puesto', 'id_control146', '1','1'),   
(147, 'Falta de estímulo salarial', 'id_control147', '1','1'),  
(148, 'Poca o ninguna posibilidad de acenso', 'id_control148', '1','1'),  
(149, 'Fala de estímulo profesional', 'id_control149', '1','1'),  
(150, 'Horarios inconvenientes', 'id_control150', '1','1'),  
(151, 'Ambiente de trabajo', 'id_control151', '1','1'),  
(152, 'Poca o ninguna relación con su area de estudio', 'id_control152', '1','1'),  
(153, 'Creo su propia empresa', 'id_control153', '1','1'),  
(154, 'Ninguna', 'id_control154', '1','1'),  
(155, 'Algunas veces', 'id_control155', '1','1'),
(156, 'Aún no ha conseguido', 'id_control156', '1','1'),
(157, 'De 6 mes a 1 años', 'id_control157', '1','1'), 
(158, 'De 1 a 2 años', 'id_control158', '1','1'), 
(159, 'Más de 2 años', 'id_control159', '1','1'),  
(160, 'Respondió a un anuncio de periódico', 'id_control160', '1','1'),
(161, 'Agencia de empleo', 'id_control161', '1','1'),
(162, 'Bolsa de trabajo de su universidad', 'id_control162', '1','1'),
(163, 'Contactos personales', 'id_control163', '1','1'),
(164, 'Servicio civil', 'id_control164', '1','1'),
(165, 'Colegio Profesional', 'id_control165', '1','1'),
(166, 'Creó su propia empresas', 'id_control166', '1','1'),
(167, 'Lo recomendó un profesor', 'id_control167', '1','1'),
(168, 'Envío de currículo por iniciativa propia', 'id_control168', '1','1'),
(169, 'Área de estudio', 'id_control169', '1','1'), 
(170, 'Grado académico', 'id_control170', '1','1'), 
(171, 'Experiencia laboral previa', 'id_control171', '1','1'), 
(172, 'Edad', 'id_control172', '1','1'), 
(173, 'Manejo de otros idiomas', 'id_control173', '1','1'), 
(174, 'Manejo de tecnología informática', 'id_control174', '1','1'), 
(175, 'Estudios complementarios', 'id_control175', '1','1'), 
(176, 'Universidad de procedencia', 'id_control176', '1','1'), 
(177, 'Personalidad', 'id_control177', '1','1'), 
(178, 'Récord académico', 'id_control178', '1','1'), 
(179, 'Experiencias teórico-prácticas realizadas durante sus estudios', 'id_control179', '1','1'), 
(180, 'Trabaja', 'id_control180', '1','1'),  
(181, 'No trabaja', 'id_control181', '1','1'),  
(182, '1 a 2 años', 'id_control182', '1','1'), 
(183, '2 a 3 años', 'id_control183', '1','1'), 
(184, '3 a 4 años', 'id_control184', '1','1'), 
(185, 'Más de 4 años', 'id_control185', '1','1'),  
(186, 'Agricultura y ganadería', 'id_control186', '1','1'),  
(187, 'Industria', 'id_control187', '1','1'),  
(188, 'Comercio', 'id_control188', '1','1'),  
(189, 'Transportes', 'id_control189', '1','1'),  
(190, 'Finanzas', 'id_control190', '1','1'),  
(191, 'Salud', 'id_control191', '1','1'),  
(192, 'Educación', 'id_control192', '1','1'),  
(193, 'Administración Pública', 'id_control193', '1','1'),  
(194, 'Cultura y deportes', 'id_control194', '1','1'),  
(195, 'Servicios', 'id_control195','1','1'),  
(196, 'Asesoría y consultoría', 'id_control196', '1','1'),  
(197, 'Gobierno central', 'id_control197', '1','1'),  
(198, 'Institución Privada', 'id_control198', '1','1'),  
(199, 'Propia o familiar', 'id_control199', '1','1'),  
(200, '10 a menos de 20', 'id_control200', '1','1'),  
(201, 'Así lo desea', 'id_control201', '1','1'),  
(202, 'Está estudiando actualmente', 'id_control202', '1','1'),  
(203, 'No ha encontrado un trabajo de tiempo completo', 'id_control203', '1','1'),  
(204, 'De 600   a 1.000', 'id_control204', '1','1'), 
(205, 'De 1.001 a 2.000', 'id_control205', '1','1'), 
(206, 'De 2001 a 3.000', 'id_control206', '1','1'), 
(207, 'Más de 3.000', 'id_control207', '1','1'), 
(208, 'Mi campo de estudio es el único posible o el mejor para mi trabajo.', 'id_control208', '1','1'),
(209, 'Otros campos de estudio también podrían servir para ejecutar mi trabajo.', 'id_control209', '1','1'),
(210, 'Otro campo de estudio habría sido más útil. ¿Cuál?', 'id_control210', '1','1'),
(211, 'El campo de estudio no importa mucho en mi trabajo.', 'id_control211', '1','1'), 
(212, 'Ningún tipo de estudios superiores se relaciona con mi trabajo.', 'id_control212', '1','1'), 
(213, 'a encontrar un trabajo satisfactorio cuando los acabó?', 'id_control213', '1','1'), 
(214, 'preparándole para las tareas de su trabajo actual?', 'id_control214', '1','1'), 
(215, 'en sus perspectivas profesionales a largo plazo?', 'id_control215', '1','1'), 
(216, 'en el desarrollo de su personalidad?', 'id_control216', '1','1'), 
(217, 'preparándole para otras esferas de la vida?', 'id_control217', '1','1'), 
(218, 'Campo de estudio', 'id_control218', '1','1'), 
(219, 'Todavía no he encontrado un trabajo más adecuado.', 'id_control219', '1','1'),  
(220, 'Haciendo este trabajo logro mayor desarrollo profesional.', 'id_control220', '1','1'),  
(221, 'Haciendo esté trabajo tengo mejores oportunidades profesionales.', 'id_control221', '1','1'),  
(222, 'Prefiero un trabajo que no esté estrechamente relacionado con mis estudios.', 'id_control222', '1','1'),  
(223, 'Tome en cuenta todas las actividades profesionales que usted realiza.', 'id_control223', '1','1'),  
(224, 'Escogería la misma carrera?', 'id_control224', '1','1'),  
(225, 'Elegiría la misma Universidad?', 'id_control225', '1','1'),  
(226, 'Elegiría una carrera larga?', 'id_control226', '1','1'),  
(227, 'Elegiría una carrera corta?', 'id_control227', '1','1'),  
(228, 'No seguiría estudios superiores?', 'id_control228', '1','1'),  
(229, 'Menos de 1 año', 'id_control229', '1','1'),   
(230, 'Más de 3 años', 'id_control230', '1','1'),   
(231, 'Tiempo completo', 'id_control231', '1','1'),   
(232, 'Tiempo parcial', 'id_control232', '1','1'),   
(233, 'Medio tiempo', 'id_control233', '1','1'),    
(234, 'Familiar', 'id_control234', '1', '1'),  
(235, 'Cuenta propia', 'id_control235', '1','1'),    
(236, 'Orientación vocacional', 'id_control236', '1','1'),   
(237, 'Vocación Personal', 'id_control237', '1','1'),   
(238, 'Facilidad de ingreso a la carrera', 'id_control238', '1','1'),   
(239, 'Alta demanda de la carrera universitaria', 'id_control239', '1','1'),   
(240, 'Tradición familiar', 'id_control240', '1','1'),   
(241, 'Interés económico', 'id_control241', '1','1'),   
(242, 'Designación institucional', 'id_control242', '1','1'),    
(243, 'Prestigio', 'id_control243', '1','1'),   
(244, 'Flexibilidad en Costos', 'id_control244', '1','1'),    
(245, 'Proximidad geográfica', 'id_control245', '1','1'),   
(246, 'Facilidad de ingreso', 'id_control246', '1','1'),
(247, 'Técnico', 'id_control247', '1','1'),
(248, 'Tecnológico', 'id_control248', '1','1'),
(249, 'Artesanal', 'id_control249', '1','1');
-- --------------------------------------------------------
--
-- Volcado de datos para la tabla `criterio_pregunta`
--
INSERT INTO `criterio_pregunta` (`cpre_id`, `cri_id`, `pre_id`, `cpre_tipo_control`, `cpre_orden`,  `cpre_activo`, `cpre_estado`, `cpre_estado_logico`) VALUES
(1, 1, 1, '1', 1, '1', '1', '1'),
(2, 2, 1, '1', 2, '1', '1', '1'),
(3, 3, 2, '2', 1, '1', '1','1'),
(4, 4, 2, '2', 2, '1', '1', '1'),
(5, 5, 2, '2', 3, '1', '1', '1'),
(6, 6, 2, '2', 4, '1', '1', '1'),
(7, 7, 2, '2', 5, '1', '1', '1'),
(8, 8, 3, '2', 1, '1', '1', '1'),
(9, 9, 3, '2', 2, '1', '1', '1'),
(10, 10, 3, '2', 3, '1', '1', '1'),
(11, 11, 3, '2', 4, '1', '1', '1'),
(12, 12, 3, '2', 5, '1', '1', '1'),
(13, 13, 3, '2', 6, '1', '1', '1'),
(14, 7, 3, '2', 7, '1', '1', '1'),
(15, 14, 4, '1', 1, '1', '1', '1'),
(16, 15, 4, '1', 2, '1', '1', '1'),
(17, 16, 5, '1', 1, '1', '1', '1'),
(18, 17, 5, '1', 2, '1', '1', '1'),
(19, 18, 6, '2', 1, '1', '1', '1'),
(20, 19, 6, '2', 2, '1', '1', '1'),
(21, 20, 6, '2', 3, '1', '1', '1'),
(22, 21, 6, '2', 4, '1', '1', '1'),
(23, 22, 6, '2', 5, '1', '1', '1'),
(24, 23, 6, '2', 6, '1', '1', '1'),
(25, 24, 6, '2', 7, '1', '1', '1'),
(26, 7, 6, '2', 8, '1', '1', '1'),
(27, 25, 8, '2', 1, '1', '1', '1'),
(28, 26, 8, '2', 2, '1', '1', '1'),
(29, 27, 8, '2', 3, '1', '1', '1'),
(30, 28, 8, '2', 4, '1', '1', '1'),
(31, 7, 8, '2', 5, '1', '1', '1'),
(32, 29, 10, '2', 1, '1', '1', '1'),
(33, 30, 10, '2', 2, '1', '1', '1'),
(34, 31, 10, '2', 3, '1', '1', '1'),
(35, 32, 10, '2', 4, '1', '1', '1'),
(36, 33, 10, '2', 5, '1', '1', '1'),
(37, 34, 10, '2', 6, '1', '1', '1'),
(38, 35, 10, '2', 7, '1', '1', '1'),
(39, 36, 10, '2', 8, '1', '1', '1'),
(40, 37, 10, '2', 9, '1', '1', '1'),
(41, 7, 10, '2', 10, '1', '1', '1'),
(42, 38, 11, '1', 1, '1', '1', '1'),
(43, 39, 11, '1', 2, '1', '1', '1'),
(44, 40, 11, '1', 3, '1', '1', '1'),
(45, 41, 13, '1', 1, '1', '1', '1'),
(46, 2, 13, '1', 2, '1', '1', '1'),
(47, 42, 14, '2', 1, '1', '1', '1'),
(48, 43, 14, '2', 2, '1', '1', '1'),
(49, 44, 14, '2', 3, '1', '1', '1'),
(50, 45, 14, '2', 4, '1', '1', '1'),
(51, 46, 14, '2', 5, '1', '1', '1'),
(52, 47, 14, '2', 6, '1', '1', '1'),
(53, 48, 14, '2', 7, '1', '1', '1'),
(54, 49, 14, '2', 8, '1', '1', '1'),
(55, 50, 15, '1', 1, '1', '1', '1'),
(56, 51, 15, '1', 2, '1', '1', '1'),
(57, 52, 15, '1', 3, '1', '1', '1'),
(58, 53, 15, '1', 4, '1', '1', '1'),
(59, 54, 16, '4', 1, '1', '1', '1'),
(60, 55, 16, '4', 2, '1', '1', '1'),
(61, 56, 16, '4', 3, '1', '1', '1'),
(62, 57, 16, '4', 4, '1', '1', '1'),
(63, 58, 16, '4', 5, '1', '1', '1'),
(64, 59, 16, '4', 6, '1', '1', '1'),
(65, 60, 16, '4', 7, '1', '1', '1'),
(66, 61, 16, '4', 8, '1', '1', '1'),
(67, 62, 16, '4', 9, '1', '1', '1'),
(68, 63, 16, '4', 10, '1', '1', '1'),
(69, 64, 16, '4', 11, '1', '1', '1'),
(70, 65, 16, '4', 12, '1', '1', '1'),
(71, 66, 16, '4', 13, '1', '1', '1'),
(72, 67, 16, '4', 14, '1', '1', '1'),
(73, 68, 16, '4', 15, '1', '1', '1'),
(74, 69, 17, '4', 1, '1', '1', '1'),
(75, 70, 17, '4', 2, '1', '1', '1'),
(76, 71, 17, '4', 3, '1', '1', '1'),
(77, 72, 17, '4', 4, '1', '1', '1'),
(78, 73, 17, '4', 5, '1', '1', '1'),
(79, 74, 17, '4', 6, '1', '1', '1'),
(80, 75, 17, '4', 7, '1', '1', '1'),
(81, 76, 17, '4', 8, '1', '1', '1'),
(82, 77, 17, '4', 9, '1', '1', '1'),
(83, 78, 17, '4', 10, '1', '1', '1'),
(84, 79, 17, '4', 11, '1', '1', '1'),
(85, 80, 17, '4', 12, '1', '1', '1'),
(86, 81, 17, '4', 13, '1', '1', '1'),
(87, 82, 18, '1', 1, '1', '1', '1'),
(88, 83, 18, '1', 2, '1', '1', '1'),
(89, 84, 18, '1', 3, '1', '1', '1'),
(90, 85, 19, '2', 1, '1', '1', '1'),
(91, 86, 19, '2', 2, '1', '1', '1'),
(92, 87, 19, '2', 3, '1', '1', '1'),
(93, 88, 19, '2', 4, '1', '1', '1'),
(94, 89, 19, '2', 5, '1', '1', '1'),
(95, 90, 19, '2', 6, '1', '1', '1'),
(96, 91, 19, '2', 7, '1', '1', '1'),
(97, 92, 19, '2', 8, '1', '1', '1'),
(98, 93, 19, '2', 9, '1', '1', '1'),
(99, 94, 19, '2', 10, '1', '1', '1'),
(100, 95, 19, '2', 11, '1', '1', '1'),
(101, 96, 19, '2', 12, '1', '1', '1'),
(102, 97, 19, '2', 13, '1', '1', '1'),
(103, 98, 19, '2', 14, '1', '1', '1'),
(104, 99, 19, '2', 15, '1', '1', '1'),
(105, 1, 20, '1', 1, '1', '1', '1'),
(106, 2, 20, '1', 2, '1', '1', '1'),
(107, 100, 21, '2', 1, '1', '1', '1'),
(108, 101, 21, '2', 2, '1', '1', '1'),
(109, 102, 21, '2', 3, '1', '1', '1'),
(110, 103, 21, '2', 4, '1', '1', '1'),
(111, 7, 21, '2', 5, '1', '1', '1'),
(112, 104, 22, '1', 1, '1', '1', '1'),
(113, 105, 22, '1', 2, '1', '1', '1'),
(114, 106, 22, '1', 3, '1', '1', '1'),
(115, 107, 22, '1', 4, '1', '1', '1'),
(116, 108, 23, '2', 1, '1', '1', '1'),
(117, 109, 23, '2', 2, '1', '1', '1'),
(118, 110, 23, '2', 3, '1', '1', '1'),
(119, 111, 23, '2', 4, '1', '1', '1'),
(120, 1, 24, '1', 1, '1', '1', '1'),
(121, 2, 24, '1', 2, '1', '1', '1'),
(122, 112, 25, '2', 1, '1', '1', '1'),
(123, 113, 25, '2', 2, '1', '1', '1'),
(124, 114, 25, '2', 3, '1', '1', '1'),
(125, 115, 25, '2', 4, '1', '1', '1'),
(126, 116, 25, '2', 5, '1', '1', '1'),
(127, 117, 25, '2', 6, '1', '1', '1'),
(128, 118, 26, '1', 1, '1', '1', '1'),
(129, 119, 26, '1', 2, '1', '1', '1'),
(130, 120, 26, '1', 3, '1', '1', '1'),
(131, 121, 26, '1', 4, '1', '1', '1'),
(132, 1, 27, '1', 1, '1', '1', '1'),
(133, 2, 27, '1', 2, '1', '1', '1'),
(134, 122, 65, '2', 1, '1', '1', '1'),
(135, 123, 65, '2', 2, '1', '1', '1'),
(136, 124, 65, '2', 3, '1', '1', '1'),
(137, 125, 65, '2', 4, '1', '1', '1'),
(138, 126, 65, '2', 5, '1', '1', '1'),
(139, 127, 65, '2', 6, '1', '1', '1'),
(140, 128, 65, '2', 7, '1', '1', '1'),
(141, 129, 28, '1', 1, '1', '1', '1'),
(142, 130, 28, '1', 2, '1', '1', '1'),
(143, 131, 28, '1', 3, '1', '1', '1'),
(144, 132, 29, '1', 1, '1', '1', '1'),
(145, 133, 29, '1', 2, '1', '1', '1'),
(146, 134, 29, '1', 3, '1', '1', '1'),
(147, 135, 29, '1', 4, '1', '1', '1'),
(148, 136, 29, '1', 5, '1', '1', '1'),
(149, 137, 30, '1', 1, '1', '1', '1'),
(150, 138, 30, '1', 2, '1', '1', '1'),
(151, 17, 30, '1', 3, '1', '1', '1'),
(152, 140, 30, '1', 4, '1', '1', '1'),
(153, 7, 30, '1', 5, '1', '1', '1'),
(154, 141, 31, '1', 1, '1', '1', '1'),
(155, 142, 31, '1', 2, '1', '1', '1'),
(156, 143, 31, '1', 3, '1', '1', '1'),
(157, 144, 31, '1', 4, '1', '1', '1'),
(158, 145, 32, '2', 1, '1', '1', '1'),
(159, 146, 32, '2', 2, '1', '1', '1'),
(160, 7, 32, '2', 3, '1', '1', '1'),
(161, 1, 33, '1', 1, '1', '1', '1'),
(162, 2, 33, '1', 2, '1', '1', '1'),
(163, 147, 34, '1', 1, '1', '1', '1'),
(164, 148, 34, '1', 2, '1', '1', '1'),
(165, 149, 34, '1', 3, '1', '1', '1'),
(166, 150, 34, '1', 4, '1', '1', '1'),
(167, 151, 34, '1', 5, '1', '1', '1'),
(168, 152, 34, '1', 6, '1', '1', '1'),
(169, 153, 34, '1', 7, '1', '1', '1'),
(170, 7, 34, '1', 8, '1', '1', '1'),
(171, 154, 35, '1', 1, '1', '1', '1'),
(172, 155, 35, '1', 2, '1', '1', '1'),
(173, 156, 36, '1', 1, '1', '1', '1'),
(174, 157, 36, '1', 2, '1', '1', '1'),
(175, 158, 36, '1', 3, '1', '1', '1'),
(176, 159, 36, '1', 4, '1', '1', '1'),
(177, 160, 37, '1', 1, '1', '1', '1'),
(178, 161, 37, '1', 2, '1', '1', '1'),
(179, 162, 37, '1', 3, '1', '1', '1'),
(180, 163, 37, '1', 4, '1', '1', '1'),
(181, 164, 37, '1', 5, '1', '1', '1'),
(182, 165, 37, '1', 6, '1', '1', '1'),
(183, 166, 37, '1', 7, '1', '1', '1'),
(184, 167, 37, '1', 8, '1', '1', '1'),
(185, 168, 37, '1', 9, '1', '1', '1'),
(186, 7, 37, '1', 10, '1', '1', '1'),
(187, 169, 38, '4', 1, '1', '1', '1'),
(188, 170, 38, '4', 2, '1', '1', '1'),
(189, 171, 38, '4', 3, '1', '1', '1'),
(190, 172, 38, '4', 4, '1', '1', '1'),
(191, 173, 38, '4', 5, '1', '1', '1'),
(192, 174, 38, '4', 6, '1', '1', '1'),
(193, 175, 38, '4', 7, '1', '1', '1'),
(194, 176, 38, '4', 8, '1', '1', '1'),
(195, 177, 38, '4', 9, '1', '1', '1'),
(196, 178, 38, '4', 10, '1', '1', '1'),
(197, 179, 38, '4', 11, '1', '1', '1'),
(198, 7, 38, '4', 12, '1','1', '1'),
(199, 180, 39, '1', 1, '1', '1', '1'),
(200, 181, 39, '1', 2, '1', '1', '1'),
(201, 1, 40, '1', 1, '1', '1', '1'),
(202, 2, 40, '1', 2, '1', '1', '1'),
(203, 182, 41, '1', 1, '1', '1', '1'),
(204, 183, 41, '1', 2, '1', '1', '1'),
(205, 184, 41, '1', 3, '1', '1', '1'),
(206, 185, 41, '1', 4, '1', '1', '1'),
(207, 186, 44, '1', 1, '1', '1', '1'),
(208, 187, 44, '1', 2, '1', '1', '1'),
(209, 188, 44, '1', 3, '1', '1', '1'),
(210, 189, 44, '1', 4, '1', '1', '1'),
(211, 190, 44, '1', 5, '1', '1', '1'),
(212, 191, 44, '1', 6, '1', '1', '1'),
(213, 192, 44, '1', 7, '1', '1', '1'),
(214, 193, 44, '1', 8, '1', '1', '1'),
(215, 194, 44, '1', 9, '1', '1', '1'),
(216, 195, 44, '1', 10, '1', '1', '1'),
(217, 196, 44, '1', 11, '1', '1', '1'),
(218, 7, 44, '1', 12, '1', '1', '1'),
(219, 197, 45, '1', 1, '1', '1', '1'),
(220, 198, 45, '1', 2, '1', '1', '1'),
(221, 199, 45, '1', 3, '1', '1', '1'),
(222, 7, 45, '1', 4, '1', '1', '1'),
(223, 132, 46, '1', 1, '1', '1', '1'),
(224, 133, 46, '1', 2, '1', '1', '1'),
(225, 134, 46, '1', 3, '1', '1', '1'),
(226, 200, 46, '1', 4, '1', '1', '1'),
(227, 136, 46, '1', 5, '1', '1', '1'),
(228, 201, 47, '1', 1, '1', '1', '1'),
(229, 202, 47, '1', 2, '1', '1', '1'),
(230, 203, 47, '1', 3, '1', '1', '1'),
(231, 7, 47, '1', 4, '1', '1', '1'),
(232, 204, 48, '1', 1, '1', '1', '1'),
(233, 205, 48, '1', 2, '1', '1', '1'),
(234, 206, 48, '1', 3, '1', '1', '1'),
(235, 207, 48, '1', 4, '1', '1', '1'),
(236, 208, 50, '1', 1, '1', '1', '1'),
(237, 209, 50, '1', 2, '1', '1', '1'),
(238, 210, 50, '1', 3, '1', '1', '1'),
(239, 211, 50, '1', 4, '1', '1', '1'),
(240, 212, 50, '1', 5, '1', '1', '1'),
(241, 99, 50, '1', 6, '1', '1', '1'),
(242, 213, 51, '4', 1, '1', '1', '1'),
(243, 214, 51, '4', 2, '1', '1', '1'),
(244, 215, 51, '4', 3, '1', '1', '1'),
(245, 216, 51, '4', 4, '1', '1', '1'),
(246, 217, 51, '4', 5, '1', '1', '1'),
(247, 218, 52, '4', 1, '1', '1', '1'),
(248, 170, 52, '4', 2, '1', '1', '1'),
(249, 219, 53, '2', 1, '1', '1', '1'),
(250, 220, 53, '2', 2, '1', '1', '1'),
(251, 221, 53, '2', 3, '1', '1', '1'),
(252, 222, 53, '2', 4, '1', '1', '1'),
(253, 223, 54, '4', 1, '1', '1', '1'),
(254, 224, 55, '4', 1, '1', '1', '1'),
(255, 225, 55, '4', 2, '1', '1', '1'),
(256, 226, 55, '4', 3, '1', '1', '1'),
(257, 227, 55, '4', 4, '1', '1', '1'),
(258, 228, 55, '4', 5, '1', '1', '1'),
(259, 1, 57, '1', 1, '1', '1', '1'),
(260, 2, 57, '1', 2, '1', '1', '1'),
(261, 229, 58, '1', 1, '1', '1', '1'),
(262, 182, 58, '1', 2, '1', '1', '1'),
(263, 230, 58, '1', 3, '1', '1', '1'),
(264, 231, 59, '1', 1, '1', '1', '1'),
(265, 232, 59, '1', 2, '1', '1', '1'),
(266, 233, 59, '1', 3, '1', '1', '1'),
(267, 139, 60, '1', 1, '1', '1', '1'),
(268, 17, 60, '1', 2, '1', '1', '1'),
(269, 234, 60, '1', 3, '1', '1', '1'),
(270, 235, 60, '1', 4, '1', '1', '1'),
(271, 84, 61, '1', 1, '1', '1', '1'),
(272, 83, 61, '1', 2, '1', '1', '1'),
(273, 82, 61, '1', 3, '1', '1', '1'),
(274, 236, 62, '2', 1, '1', '1', '1'),
(275, 237, 62, '2', 2, '1', '1', '1'),
(276, 238, 62, '2', 3, '1', '1', '1'),
(277, 239, 62, '2', 4, '1', '1', '1'),
(278, 240, 62, '2', 5, '1', '1', '1'),
(279, 241, 62, '2', 6, '1', '1', '1'),
(280, 242, 62, '2', 7, '1', '1', '1'),
(281, 7, 62, '2', 8, '1', '1', '1'),
(282, 38, 63, '1', 1, '1', '1', '1'),
(283, 39, 63, '1', 2, '1', '1', '1'),
(284, 40, 63, '1', 3, '1', '1', '1'),
(285, 243, 64, '2', 1, '1', '1', '1'),
(286, 244, 64, '2', 2, '1', '1', '1'),
(287, 245, 64, '2', 3, '1', '1', '1'),
(288, 246, 64, '2', 4, '1', '1', '1'),
(289, 7, 64, '2', 5, '1', '1', '1'),
(290, 247, 56, '1', 1, '1', '1', '1'),
(291, 248, 56, '1', 2, '1', '1', '1'),
(292, 141, 56, '1', 4, '1', '1', '1'),
(293, 249, 56, '1', 3, '1', '1', '1');