-- MySQL dump 10.13  Distrib 5.7.26, for Linux (x86_64)
--
-- Host: localhost    Database: db_academico
-- ------------------------------------------------------
-- Server version	5.7.26

/*!40101 SET @OLD_CHARACTER_SET_CLIENT=@@CHARACTER_SET_CLIENT */;
/*!40101 SET @OLD_CHARACTER_SET_RESULTS=@@CHARACTER_SET_RESULTS */;
/*!40101 SET @OLD_COLLATION_CONNECTION=@@COLLATION_CONNECTION */;
/*!40101 SET NAMES utf8 */;
/*!40103 SET @OLD_TIME_ZONE=@@TIME_ZONE */;
/*!40103 SET TIME_ZONE='+00:00' */;
/*!40014 SET @OLD_UNIQUE_CHECKS=@@UNIQUE_CHECKS, UNIQUE_CHECKS=0 */;
/*!40014 SET @OLD_FOREIGN_KEY_CHECKS=@@FOREIGN_KEY_CHECKS, FOREIGN_KEY_CHECKS=0 */;
/*!40101 SET @OLD_SQL_MODE=@@SQL_MODE, SQL_MODE='NO_AUTO_VALUE_ON_ZERO' */;
/*!40111 SET @OLD_SQL_NOTES=@@SQL_NOTES, SQL_NOTES=0 */;

--
-- Table structure for table `area_conocimiento`
--

DROP TABLE IF EXISTS `area_conocimiento`;
/*!40101 SET @saved_cs_client     = @@character_set_client */;
/*!40101 SET character_set_client = utf8 */;
CREATE TABLE `area_conocimiento` (
  `acon_id` bigint(20) NOT NULL AUTO_INCREMENT,
  `acon_nombre` varchar(300) NOT NULL,
  `acon_descripcion` varchar(500) NOT NULL,
  `acon_usuario_ingreso` bigint(20) NOT NULL,
  `acon_usuario_modifica` bigint(20) DEFAULT NULL,
  `acon_estado` varchar(1) NOT NULL,
  `acon_fecha_creacion` timestamp NOT NULL DEFAULT CURRENT_TIMESTAMP,
  `acon_fecha_modificacion` timestamp NULL DEFAULT NULL,
  `acon_estado_logico` varchar(1) NOT NULL,
  PRIMARY KEY (`acon_id`)
) ENGINE=InnoDB AUTO_INCREMENT=11 DEFAULT CHARSET=utf8;
/*!40101 SET character_set_client = @saved_cs_client */;

--
-- Dumping data for table `area_conocimiento`
--

LOCK TABLES `area_conocimiento` WRITE;
/*!40000 ALTER TABLE `area_conocimiento` DISABLE KEYS */;
INSERT INTO `area_conocimiento` VALUES (1,'Programas generales','Descripción de área de conocimiento',1,NULL,'1','2018-10-18 00:12:39',NULL,'1'),(2,'Educación','Descripción de área de conocimiento',1,NULL,'1','2018-10-18 00:12:39',NULL,'1'),(3,'Humanidades y artes','Descripción de área de conocimiento',1,NULL,'1','2018-10-18 00:12:39',NULL,'1'),(4,'Ciencias sociales, educación comercial y derecho','Descripción de área de conocimiento',1,NULL,'1','2018-10-18 00:12:39',NULL,'1'),(5,'Ciencias','Descripción de área de conocimiento',1,NULL,'1','2018-10-18 00:12:39',NULL,'1'),(6,'Ingeniería, industria y construcción','Descripción de área de conocimiento',1,NULL,'1','2018-10-18 00:12:39',NULL,'1'),(7,'Agricultura','Descripción de área de conocimiento',1,NULL,'1','2018-10-18 00:12:39',NULL,'1'),(8,'Salud y sociales servicios','Descripción de área de conocimiento',1,NULL,'1','2018-10-18 00:12:39',NULL,'1'),(9,'Servicios','Descripción de área de conocimiento',1,NULL,'1','2018-10-18 00:12:39',NULL,'1'),(10,'Sectores desconocidos no especificados','Descripción de área de conocimiento',1,NULL,'1','2018-10-18 00:12:39',NULL,'1');
/*!40000 ALTER TABLE `area_conocimiento` ENABLE KEYS */;
UNLOCK TABLES;

--
-- Table structure for table `asignacion_paralelo`
--

DROP TABLE IF EXISTS `asignacion_paralelo`;
/*!40101 SET @saved_cs_client     = @@character_set_client */;
/*!40101 SET character_set_client = utf8 */;
CREATE TABLE `asignacion_paralelo` (
  `apar_id` bigint(20) NOT NULL AUTO_INCREMENT,
  `par_id` bigint(20) DEFAULT NULL,
  `mat_id` bigint(20) NOT NULL,
  `mest_id` bigint(20) DEFAULT NULL,
  `apar_descripcion` varchar(500) NOT NULL,
  `apar_fecha_asignacion` timestamp NULL DEFAULT NULL,
  `apar_usuario_asignacion` int(11) NOT NULL,
  `apar_usuario_modificacion` int(11) DEFAULT NULL,
  `apar_estado` varchar(1) NOT NULL,
  `apar_fecha_creacion` timestamp NOT NULL DEFAULT CURRENT_TIMESTAMP,
  `apar_fecha_modificacion` timestamp NULL DEFAULT NULL,
  `apar_estado_logico` varchar(1) NOT NULL,
  PRIMARY KEY (`apar_id`),
  KEY `par_id` (`par_id`),
  KEY `mat_id` (`mat_id`),
  KEY `mest_id` (`mest_id`),
  CONSTRAINT `asignacion_paralelo_ibfk_1` FOREIGN KEY (`par_id`) REFERENCES `paralelo` (`par_id`),
  CONSTRAINT `asignacion_paralelo_ibfk_2` FOREIGN KEY (`mat_id`) REFERENCES `matriculacion` (`mat_id`),
  CONSTRAINT `asignacion_paralelo_ibfk_3` FOREIGN KEY (`mest_id`) REFERENCES `modulo_estudio` (`mest_id`)
) ENGINE=InnoDB AUTO_INCREMENT=264 DEFAULT CHARSET=utf8;
/*!40101 SET character_set_client = @saved_cs_client */;

--
-- Dumping data for table `asignacion_paralelo`
--

LOCK TABLES `asignacion_paralelo` WRITE;
/*!40000 ALTER TABLE `asignacion_paralelo` DISABLE KEYS */;
INSERT INTO `asignacion_paralelo` VALUES (1,1,1,NULL,'Asignación Paralelo: 1','2017-10-11 05:22:45',1,NULL,'1','2017-10-11 05:22:45',NULL,'1'),(2,1,2,NULL,'Asignación Paralelo: 1','2017-10-12 05:22:27',1,NULL,'1','2017-10-12 05:22:27',NULL,'1'),(3,1,3,NULL,'Asignación Paralelo: 1','2017-10-14 01:14:02',1,NULL,'1','2017-10-14 01:14:02',NULL,'1'),(4,1,4,NULL,'Asignación Paralelo: 1','2017-10-15 01:15:17',1,NULL,'1','2017-10-15 01:15:17',NULL,'1'),(5,1,5,NULL,'Asignación Paralelo: 1','2017-10-15 01:23:17',1,NULL,'1','2017-10-15 01:23:17',NULL,'1'),(6,1,6,NULL,'Asignación Paralelo: 1','2017-10-17 07:03:17',1,NULL,'1','2017-10-17 07:03:17',NULL,'1'),(7,1,7,NULL,'Asignación Paralelo: 1','2017-10-18 05:53:23',1,NULL,'1','2017-10-18 05:53:23',NULL,'1'),(8,1,8,NULL,'Asignación Paralelo: 1','2017-10-19 05:16:40',1,NULL,'1','2017-10-19 05:16:40',NULL,'1'),(9,2,9,NULL,'Asignación Paralelo: 1','2017-11-01 04:52:50',1,NULL,'1','2017-11-01 04:52:50',NULL,'1'),(10,2,10,NULL,'Asignación Paralelo: 1','2017-11-11 05:11:47',1,NULL,'1','2017-11-11 05:11:47',NULL,'1'),(11,2,11,NULL,'Asignación Paralelo: 1','2017-11-14 01:37:15',1,NULL,'1','2017-11-14 01:37:15',NULL,'1'),(12,2,12,NULL,'Asignación Paralelo: 1','2017-11-14 07:09:18',1,NULL,'1','2017-11-14 07:09:18',NULL,'1'),(13,2,13,NULL,'Asignación Paralelo: 1','2017-11-19 02:24:30',1,NULL,'1','2017-11-19 02:24:30',NULL,'1'),(14,2,14,NULL,'Asignación Paralelo: 1','2017-11-21 00:15:51',1,NULL,'1','2017-11-21 00:15:51',NULL,'1'),(15,2,15,NULL,'Asignación Paralelo: 1','2017-11-23 03:52:58',1,NULL,'1','2017-11-23 03:52:58',NULL,'1'),(16,2,16,NULL,'Asignación Paralelo: 1','2017-11-29 07:49:32',1,NULL,'1','2017-11-29 07:49:32',NULL,'1'),(17,2,17,NULL,'Asignación Paralelo: 1','2017-11-29 07:52:05',1,NULL,'1','2017-11-29 07:52:05',NULL,'1'),(18,2,18,NULL,'Asignación Paralelo: 1','2017-11-30 00:36:25',1,NULL,'1','2017-11-30 00:36:25',NULL,'1'),(19,2,19,NULL,'Asignación Paralelo: 1','2017-11-30 01:10:45',1,NULL,'1','2017-11-30 01:10:45',NULL,'1'),(20,2,20,NULL,'Asignación Paralelo: 1','2017-11-30 01:11:46',1,NULL,'1','2017-11-30 01:11:46',NULL,'1'),(21,2,21,NULL,'Asignación Paralelo: 1','2017-11-30 01:18:29',1,NULL,'1','2017-11-30 01:18:29',NULL,'1'),(22,1,22,NULL,'Asignación Paralelo: 1','2017-11-30 03:48:09',1,NULL,'1','2017-11-30 03:48:09',NULL,'1'),(23,3,23,NULL,'Asignación Paralelo: 1','2018-01-10 02:14:55',1,NULL,'1','2018-01-10 02:14:55',NULL,'1'),(24,3,24,NULL,'Asignación Paralelo: 1','2018-01-13 06:02:01',1,NULL,'1','2018-01-13 06:02:01',NULL,'1'),(25,3,25,NULL,'Asignación Paralelo: 1','2018-01-14 00:02:10',1,NULL,'1','2018-01-14 00:02:10',NULL,'1'),(26,3,26,NULL,'Asignación Paralelo: 1','2018-01-19 19:02:30',1,NULL,'1','2018-01-19 19:02:30',NULL,'1'),(27,5,27,NULL,'Asignación Paralelo: 1','2018-01-31 02:53:57',27,NULL,'1','2018-01-31 02:53:57',NULL,'1'),(28,3,28,NULL,'Asignación Paralelo: 1','2018-01-31 02:55:40',27,NULL,'1','2018-01-31 02:55:40',NULL,'1'),(29,3,29,NULL,'Asignación Paralelo: 1','2018-01-31 02:55:50',27,NULL,'1','2018-01-31 02:55:50',NULL,'1'),(30,3,30,NULL,'Asignación Paralelo: 1','2018-01-31 02:56:03',27,NULL,'1','2018-01-31 02:56:03',NULL,'1'),(31,5,31,NULL,'Asignación Paralelo: 1','2018-02-06 01:46:15',27,NULL,'1','2018-02-06 01:46:15',NULL,'1'),(32,5,32,NULL,'Asignación Paralelo: 1','2018-02-06 01:46:32',27,NULL,'1','2018-02-06 01:46:32',NULL,'1'),(33,5,33,NULL,'Asignación Paralelo: 1','2018-02-16 21:22:06',27,NULL,'1','2018-02-16 21:22:06',NULL,'1'),(34,5,34,NULL,'Asignación Paralelo: 1','2018-02-17 03:16:02',27,NULL,'1','2018-02-17 03:16:02',NULL,'1'),(35,5,35,NULL,'Asignación Paralelo: 1','2018-02-19 23:35:49',27,NULL,'1','2018-02-19 23:35:49',NULL,'1'),(36,5,36,NULL,'Asignación Paralelo: 1','2018-02-19 23:45:21',27,NULL,'1','2018-02-19 23:45:21',NULL,'1'),(37,5,37,NULL,'Asignación Paralelo: 1','2018-02-20 02:08:38',27,NULL,'1','2018-02-20 02:08:38',NULL,'1'),(38,5,38,NULL,'Asignación Paralelo: 1','2018-02-20 02:26:19',27,NULL,'1','2018-02-20 02:26:19',NULL,'1'),(39,5,39,NULL,'Asignación Paralelo: 1','2018-02-20 21:39:25',27,NULL,'1','2018-02-20 21:39:25',NULL,'1'),(40,5,40,NULL,'Asignación Paralelo: 1','2018-02-21 05:40:19',27,NULL,'1','2018-02-21 05:40:19',NULL,'1'),(41,5,41,NULL,'Asignación Paralelo: 1','2018-02-21 05:43:47',27,NULL,'1','2018-02-21 05:43:47',NULL,'1'),(42,5,42,NULL,'Asignación Paralelo: 1','2018-02-23 21:44:47',27,NULL,'1','2018-02-23 21:44:47',NULL,'1'),(43,3,43,NULL,'Asignación Paralelo: 1','2018-02-24 00:21:41',27,NULL,'1','2018-02-24 00:21:41',NULL,'1'),(44,7,44,NULL,'Asignación Paralelo: 2','2018-02-27 03:06:30',27,NULL,'1','2018-02-27 03:06:30',NULL,'1'),(45,8,45,NULL,'Asignación Paralelo: 1','2018-02-28 19:02:59',27,NULL,'1','2018-02-28 19:02:59',NULL,'1'),(46,8,46,NULL,'Asignación Paralelo: 1','2018-03-05 20:18:58',27,NULL,'1','2018-03-05 20:18:58',NULL,'1'),(47,8,47,NULL,'Asignación Paralelo: 1','2018-03-05 20:20:10',27,NULL,'1','2018-03-05 20:20:10',NULL,'1'),(48,8,48,NULL,'Asignación Paralelo: 1','2018-03-06 19:42:46',27,NULL,'1','2018-03-06 19:42:46',NULL,'1'),(49,8,49,NULL,'Asignación Paralelo: 1','2018-03-06 19:45:29',27,NULL,'1','2018-03-06 19:45:29',NULL,'1'),(50,8,50,NULL,'Asignación Paralelo: 1','2018-03-09 19:40:14',27,NULL,'1','2018-03-09 19:40:14',NULL,'1'),(51,8,51,NULL,'Asignación Paralelo: 1','2018-03-12 23:46:20',27,NULL,'1','2018-03-12 23:46:20',NULL,'1'),(52,8,52,NULL,'Asignación Paralelo: 1','2018-03-12 23:46:37',27,NULL,'1','2018-03-12 23:46:37',NULL,'1'),(53,8,53,NULL,'Asignación Paralelo: 1','2018-03-12 23:47:17',27,NULL,'1','2018-03-12 23:47:17',NULL,'1'),(54,8,54,NULL,'Asignación Paralelo: 1','2018-03-13 18:27:53',27,NULL,'1','2018-03-13 18:27:53',NULL,'1'),(55,9,55,NULL,'Asignación Paralelo: 1','2018-03-15 01:10:31',27,NULL,'1','2018-03-15 01:10:31',NULL,'1'),(56,8,56,NULL,'Asignación Paralelo: 1','2018-03-15 01:12:06',27,NULL,'1','2018-03-15 01:12:06',NULL,'1'),(57,9,57,NULL,'Asignación Paralelo: 2','2018-03-16 20:57:17',27,NULL,'1','2018-03-16 20:57:17',NULL,'1'),(58,9,58,NULL,'Asignación Paralelo: 2','2018-03-16 20:57:38',27,NULL,'1','2018-03-16 20:57:38',NULL,'1'),(59,9,59,NULL,'Asignación Paralelo: 2','2018-03-16 20:58:35',27,NULL,'1','2018-03-16 20:58:35',NULL,'1'),(60,9,60,NULL,'Asignación Paralelo: 2','2018-03-19 18:39:47',27,NULL,'1','2018-03-19 18:39:47',NULL,'1'),(61,9,61,NULL,'Asignación Paralelo: 2','2018-03-19 18:40:25',27,NULL,'1','2018-03-19 18:40:25',NULL,'1'),(62,9,62,NULL,'Asignación Paralelo: 2','2018-03-19 18:40:42',27,NULL,'1','2018-03-19 18:40:42',NULL,'1'),(63,9,63,NULL,'Asignación Paralelo: 2','2018-03-19 18:41:25',27,NULL,'1','2018-03-19 18:41:25',NULL,'1'),(64,9,64,NULL,'Asignación Paralelo: 2','2018-03-19 23:45:54',27,NULL,'1','2018-03-19 23:45:54',NULL,'1'),(65,9,65,NULL,'Asignación Paralelo: 2','2018-03-19 23:52:39',27,NULL,'1','2018-03-19 23:52:39',NULL,'1'),(66,9,66,NULL,'Asignación Paralelo: 2','2018-03-20 00:01:06',27,NULL,'1','2018-03-20 00:01:06',NULL,'1'),(67,9,67,NULL,'Asignación Paralelo: 2','2018-03-20 02:41:50',27,NULL,'1','2018-03-20 02:41:50',NULL,'1'),(68,9,68,NULL,'Asignación Paralelo: 2','2018-03-20 02:41:59',27,NULL,'1','2018-03-20 02:41:59',NULL,'1'),(69,9,69,NULL,'Asignación Paralelo: 2','2018-03-20 18:35:00',27,NULL,'1','2018-03-20 18:35:00',NULL,'1'),(70,9,70,NULL,'Asignación Paralelo: 2','2018-03-20 19:40:57',27,NULL,'1','2018-03-20 19:40:57',NULL,'1'),(71,9,71,NULL,'Asignación Paralelo: 2','2018-03-22 01:43:59',27,NULL,'1','2018-03-22 01:43:59',NULL,'1'),(72,9,72,NULL,'Asignación Paralelo: 2','2018-03-22 01:44:11',27,NULL,'1','2018-03-22 01:44:11',NULL,'1'),(73,9,73,NULL,'Asignación Paralelo: 2','2018-03-22 20:06:26',27,NULL,'1','2018-03-22 20:06:26',NULL,'1'),(74,9,74,NULL,'Asignación Paralelo: 2','2018-03-23 18:07:15',27,NULL,'1','2018-03-23 18:07:15',NULL,'1'),(75,8,75,NULL,'Asignación Paralelo: 1','2018-04-03 02:24:13',27,NULL,'1','2018-04-03 02:24:13',NULL,'1'),(76,10,76,NULL,'Asignación Paralelo: 1','2018-04-07 02:36:50',27,NULL,'1','2018-04-07 02:36:50',NULL,'1'),(77,11,77,NULL,'Asignación Paralelo: 1','2018-04-10 00:11:26',27,NULL,'1','2018-04-10 00:11:26',NULL,'1'),(78,11,78,NULL,'Asignación Paralelo: 1','2018-04-10 00:11:46',27,NULL,'1','2018-04-10 00:11:46',NULL,'1'),(79,11,79,NULL,'Asignación Paralelo: 1','2018-04-10 00:11:58',27,NULL,'1','2018-04-10 00:11:58',NULL,'1'),(80,11,80,NULL,'Asignación Paralelo: 1','2018-04-10 00:12:07',27,NULL,'1','2018-04-10 00:12:07',NULL,'1'),(81,11,81,NULL,'Asignación Paralelo: 1','2018-04-10 18:26:21',27,NULL,'1','2018-04-10 18:26:21',NULL,'1'),(82,11,82,NULL,'Asignación Paralelo: 1','2018-04-11 02:57:37',27,NULL,'1','2018-04-11 02:57:37',NULL,'1'),(83,11,83,NULL,'Asignación Paralelo: 1','2018-04-11 02:57:45',27,NULL,'1','2018-04-11 02:57:45',NULL,'1'),(84,11,84,NULL,'Asignación Paralelo: 1','2018-04-11 02:57:53',27,NULL,'1','2018-04-11 02:57:53',NULL,'1'),(85,11,85,NULL,'Asignación Paralelo: 1','2018-04-11 02:58:01',27,NULL,'1','2018-04-11 02:58:01',NULL,'1'),(86,11,86,NULL,'Asignación Paralelo: 1','2018-04-11 02:58:09',27,NULL,'1','2018-04-11 02:58:09',NULL,'1'),(87,11,87,NULL,'Asignación Paralelo: 1','2018-04-13 04:20:09',27,NULL,'1','2018-04-13 04:20:09',NULL,'1'),(88,11,88,NULL,'Asignación Paralelo: 1','2018-04-13 05:01:34',27,NULL,'1','2018-04-13 05:01:34',NULL,'1'),(89,11,89,NULL,'Asignación Paralelo: 1','2018-04-13 05:01:43',27,NULL,'1','2018-04-13 05:01:43',NULL,'1'),(90,11,90,NULL,'Asignación Paralelo: 1','2018-04-13 05:01:54',27,NULL,'1','2018-04-13 05:01:54',NULL,'1'),(91,11,91,NULL,'Asignación Paralelo: 1','2018-04-13 05:08:30',27,NULL,'1','2018-04-13 05:08:30',NULL,'1'),(92,11,92,NULL,'Asignación Paralelo: 1','2018-04-14 01:40:40',27,NULL,'1','2018-04-14 01:40:40',NULL,'1'),(93,11,93,NULL,'Asignación Paralelo: 1','2018-04-14 01:41:01',27,NULL,'1','2018-04-14 01:41:01',NULL,'1'),(94,11,94,NULL,'Asignación Paralelo: 1','2018-04-16 19:41:41',27,NULL,'1','2018-04-16 19:41:41',NULL,'1'),(95,11,95,NULL,'Asignación Paralelo: 1','2018-04-16 20:01:12',27,NULL,'1','2018-04-16 20:01:12',NULL,'1'),(96,11,96,NULL,'Asignación Paralelo: 1','2018-04-17 01:32:49',27,NULL,'1','2018-04-17 01:32:49',NULL,'1'),(97,11,97,NULL,'Asignación Paralelo: 1','2018-04-17 23:45:07',27,NULL,'1','2018-04-17 23:45:07',NULL,'1'),(98,11,98,NULL,'Asignación Paralelo: 1','2018-04-17 23:45:30',27,NULL,'1','2018-04-17 23:45:30',NULL,'1'),(99,11,99,NULL,'Asignación Paralelo: 1','2018-04-17 23:45:40',27,NULL,'1','2018-04-17 23:45:40',NULL,'1'),(100,10,100,NULL,'Asignación Paralelo: 1','2018-04-17 23:46:01',27,NULL,'1','2018-04-17 23:46:01',NULL,'1'),(101,11,101,NULL,'Asignación Paralelo: 1','2018-04-17 23:46:10',27,NULL,'1','2018-04-17 23:46:10',NULL,'1'),(102,11,102,NULL,'Asignación Paralelo: 1','2018-04-17 23:46:17',27,NULL,'1','2018-04-17 23:46:17',NULL,'1'),(103,11,103,NULL,'Asignación Paralelo: 1','2018-04-18 01:34:41',27,NULL,'1','2018-04-18 01:34:41',NULL,'1'),(104,11,104,NULL,'Asignación Paralelo: 1','2018-04-18 01:34:52',27,NULL,'1','2018-04-18 01:34:52',NULL,'1'),(105,11,105,NULL,'Asignación Paralelo: 1','2018-04-18 01:35:09',27,NULL,'1','2018-04-18 01:35:09',NULL,'1'),(106,11,106,NULL,'Asignación Paralelo: 1','2018-04-18 01:35:40',27,NULL,'1','2018-04-18 01:35:40',NULL,'1'),(107,11,107,NULL,'Asignación Paralelo: 1','2018-04-18 19:06:55',27,NULL,'1','2018-04-18 19:06:55',NULL,'1'),(108,11,108,NULL,'Asignación Paralelo: 1','2018-04-18 19:52:11',27,NULL,'1','2018-04-18 19:52:11',NULL,'1'),(109,11,109,NULL,'Asignación Paralelo: 1','2018-04-19 22:36:44',27,NULL,'1','2018-04-19 22:36:44',NULL,'1'),(110,11,110,NULL,'Asignación Paralelo: 1','2018-04-19 22:46:04',27,NULL,'1','2018-04-19 22:46:04',NULL,'1'),(111,9,111,NULL,'Asignación Paralelo: 2','2018-04-26 01:41:47',27,NULL,'1','2018-04-26 01:41:47',NULL,'1'),(112,11,112,NULL,'Asignación Paralelo: 1','2018-04-26 01:46:10',27,NULL,'1','2018-04-26 01:46:10',NULL,'1'),(113,11,113,NULL,'Asignación Paralelo: 1','2018-04-26 01:46:58',27,NULL,'1','2018-04-26 01:46:58',NULL,'1'),(114,11,114,NULL,'Asignación Paralelo: 1','2018-05-08 01:14:13',27,NULL,'1','2018-05-08 01:14:13',NULL,'1'),(115,12,115,NULL,'Asignación Paralelo: 1','2018-05-10 20:36:09',27,NULL,'1','2018-05-10 20:36:09',NULL,'1'),(116,12,116,NULL,'Asignación Paralelo: 1','2018-05-10 20:36:16',27,NULL,'1','2018-05-10 20:36:16',NULL,'1'),(117,12,117,NULL,'Asignación Paralelo: 1','2018-05-10 20:36:24',27,NULL,'1','2018-05-10 20:36:24',NULL,'1'),(118,12,118,NULL,'Asignación Paralelo: 1','2018-05-14 18:50:35',27,NULL,'1','2018-05-14 18:50:35',NULL,'1'),(119,12,119,NULL,'Asignación Paralelo: 1','2018-05-14 18:50:43',27,NULL,'1','2018-05-14 18:50:43',NULL,'1'),(120,12,120,NULL,'Asignación Paralelo: 1','2018-05-14 18:50:50',27,NULL,'1','2018-05-14 18:50:50',NULL,'1'),(121,12,121,NULL,'Asignación Paralelo: 1','2018-05-14 18:50:57',27,NULL,'1','2018-05-14 18:50:57',NULL,'1'),(122,12,122,NULL,'Asignación Paralelo: 1','2018-05-14 19:34:00',27,NULL,'1','2018-05-14 19:34:00',NULL,'1'),(123,2,123,NULL,'Asignación Paralelo: 1','2018-05-14 20:02:07',27,NULL,'1','2018-05-14 20:02:07',NULL,'1'),(124,12,124,NULL,'Asignación Paralelo: 1','2018-05-14 20:02:23',27,NULL,'1','2018-05-14 20:02:23',NULL,'1'),(125,12,125,NULL,'Asignación Paralelo: 1','2018-05-15 22:48:26',27,NULL,'1','2018-05-15 22:48:26',NULL,'1'),(126,12,126,NULL,'Asignación Paralelo: 1','2018-05-17 01:11:04',27,NULL,'1','2018-05-17 01:11:04',NULL,'1'),(127,12,127,NULL,'Asignación Paralelo: 1','2018-05-17 03:10:52',27,NULL,'1','2018-05-17 03:10:52',NULL,'1'),(128,12,128,NULL,'Asignación Paralelo: 1','2018-05-18 19:48:08',27,NULL,'1','2018-05-18 19:48:08',NULL,'1'),(129,12,129,NULL,'Asignación Paralelo: 1','2018-05-28 19:25:44',27,NULL,'1','2018-05-28 19:25:44',NULL,'1'),(130,13,130,NULL,'Asignación Paralelo: 1','2018-05-31 02:19:50',27,NULL,'1','2018-05-31 02:19:50',NULL,'1'),(131,13,131,NULL,'Asignación Paralelo: 1','2018-06-01 01:12:57',27,NULL,'1','2018-06-01 01:12:57',NULL,'1'),(132,13,132,NULL,'Asignación Paralelo: 1','2018-06-05 18:37:45',27,NULL,'1','2018-06-05 18:37:45',NULL,'1'),(133,13,133,NULL,'Asignación Paralelo: 1','2018-06-05 18:44:30',27,NULL,'1','2018-06-05 18:44:30',NULL,'1'),(134,13,134,NULL,'Asignación Paralelo: 1','2018-06-05 18:49:20',27,NULL,'1','2018-06-05 18:49:20',NULL,'1'),(135,13,135,NULL,'Asignación Paralelo: 1','2018-06-05 18:54:31',27,NULL,'1','2018-06-05 18:54:31',NULL,'1'),(136,13,136,NULL,'Asignación Paralelo: 1','2018-06-05 19:18:11',27,NULL,'1','2018-06-05 19:18:11',NULL,'1'),(137,13,137,NULL,'Asignación Paralelo: 1','2018-06-05 19:29:07',27,NULL,'1','2018-06-05 19:29:07',NULL,'1'),(138,13,138,NULL,'Asignación Paralelo: 1','2018-06-06 00:45:28',27,NULL,'1','2018-06-06 00:45:28',NULL,'1'),(139,13,139,NULL,'Asignación Paralelo: 1','2018-06-07 23:11:39',27,NULL,'1','2018-06-07 23:11:39',NULL,'1'),(140,13,140,NULL,'Asignación Paralelo: 1','2018-06-08 00:40:52',27,NULL,'1','2018-06-08 00:40:52',NULL,'1'),(141,13,141,NULL,'Asignación Paralelo: 1','2018-06-08 01:42:29',27,NULL,'1','2018-06-08 01:42:29',NULL,'1'),(142,13,142,NULL,'Asignación Paralelo: 1','2018-06-08 19:53:56',27,NULL,'1','2018-06-08 19:53:56',NULL,'1'),(143,13,143,NULL,'Asignación Paralelo: 1','2018-06-08 23:53:00',27,NULL,'1','2018-06-08 23:53:00',NULL,'1'),(144,13,144,NULL,'Asignación Paralelo: 1','2018-06-11 19:08:52',27,NULL,'1','2018-06-11 19:08:52',NULL,'1'),(145,13,145,NULL,'Asignación Paralelo: 1','2018-06-11 19:08:58',27,NULL,'1','2018-06-11 19:08:58',NULL,'1'),(146,13,146,NULL,'Asignación Paralelo: 1','2018-06-12 02:33:08',27,NULL,'1','2018-06-12 02:33:08',NULL,'1'),(147,13,147,NULL,'Asignación Paralelo: 1','2018-06-13 01:03:19',27,NULL,'1','2018-06-13 01:03:19',NULL,'1'),(148,13,148,NULL,'Asignación Paralelo: 1','2018-06-13 18:27:53',27,NULL,'1','2018-06-13 18:27:53',NULL,'1'),(149,13,149,NULL,'Asignación Paralelo: 1','2018-06-18 18:41:00',27,NULL,'1','2018-06-18 18:41:00',NULL,'1'),(150,14,150,NULL,'Asignación Paralelo: 1','2018-06-27 21:00:15',27,NULL,'1','2018-06-27 21:00:15',NULL,'1'),(151,14,151,NULL,'Asignación Paralelo: 1','2018-06-27 21:00:23',27,NULL,'1','2018-06-27 21:00:23',NULL,'1'),(152,14,152,NULL,'Asignación Paralelo: 1','2018-06-29 02:35:31',27,NULL,'1','2018-06-29 02:35:31',NULL,'1'),(153,14,153,NULL,'Asignación Paralelo: 1','2018-06-29 02:35:38',27,NULL,'1','2018-06-29 02:35:38',NULL,'1'),(154,14,154,NULL,'Asignación Paralelo: 1','2018-07-04 20:32:06',27,NULL,'1','2018-07-04 20:32:06',NULL,'1'),(155,14,155,NULL,'Asignación Paralelo: 1','2018-07-04 20:32:14',27,NULL,'1','2018-07-04 20:32:14',NULL,'1'),(156,14,156,NULL,'Asignación Paralelo: 1','2018-07-12 20:00:40',27,NULL,'1','2018-07-12 20:00:40',NULL,'1'),(157,14,157,NULL,'Asignación Paralelo: 1','2018-07-14 00:48:33',27,NULL,'1','2018-07-14 00:48:33',NULL,'1'),(158,14,158,NULL,'Asignación Paralelo: 1','2018-07-16 17:56:42',27,NULL,'1','2018-07-16 17:56:42',NULL,'1'),(159,14,159,NULL,'Asignación Paralelo: 1','2018-07-16 17:56:49',27,NULL,'1','2018-07-16 17:56:49',NULL,'1'),(160,14,160,NULL,'Asignación Paralelo: 1','2018-07-16 18:18:41',27,NULL,'1','2018-07-16 18:18:41',NULL,'1'),(161,15,161,NULL,'Asignación Paralelo: 1','2018-07-17 19:39:41',27,NULL,'1','2018-07-17 19:39:41',NULL,'1'),(162,14,162,NULL,'Asignación Paralelo: 1','2018-07-17 19:39:56',27,NULL,'1','2018-07-17 19:39:56',NULL,'1'),(163,14,163,NULL,'Asignación Paralelo: 1','2018-07-18 01:40:31',27,NULL,'1','2018-07-18 01:40:31',NULL,'1'),(164,14,164,NULL,'Asignación Paralelo: 1','2018-07-18 02:04:19',27,NULL,'1','2018-07-18 02:04:19',NULL,'1'),(165,15,165,NULL,'Asignación Paralelo: 1','2018-07-18 02:04:28',27,NULL,'1','2018-07-18 02:04:28',NULL,'1'),(166,14,166,NULL,'Asignación Paralelo: 1','2018-07-18 02:11:34',27,NULL,'1','2018-07-18 02:11:34',NULL,'1'),(167,15,167,NULL,'Asignación Paralelo: 1','2018-07-23 19:44:46',27,NULL,'1','2018-07-23 19:44:46',NULL,'1'),(168,15,168,NULL,'Asignación Paralelo: 1','2018-07-23 19:45:01',27,NULL,'1','2018-07-23 19:45:01',NULL,'1'),(169,15,169,NULL,'Asignación Paralelo: 1','2018-07-23 19:45:13',27,NULL,'1','2018-07-23 19:45:13',NULL,'1'),(170,15,170,NULL,'Asignación Paralelo: 1','2018-07-23 19:45:36',27,NULL,'1','2018-07-23 19:45:36',NULL,'1'),(171,15,171,NULL,'Asignación Paralelo: 1','2018-07-23 19:45:45',27,NULL,'1','2018-07-23 19:45:45',NULL,'1'),(172,15,172,NULL,'Asignación Paralelo: 1','2018-07-23 19:45:53',27,NULL,'1','2018-07-23 19:45:53',NULL,'1'),(173,15,173,NULL,'Asignación Paralelo: 1','2018-07-23 19:46:40',27,NULL,'1','2018-07-23 19:46:40',NULL,'1'),(174,15,174,NULL,'Asignación Paralelo: 1','2018-07-23 19:46:49',27,NULL,'1','2018-07-23 19:46:49',NULL,'1'),(175,14,175,NULL,'Asignación Paralelo: 1','2018-07-23 19:47:06',27,NULL,'1','2018-07-23 19:47:06',NULL,'1'),(176,14,176,NULL,'Asignación Paralelo: 1','2018-07-23 19:58:15',27,NULL,'1','2018-07-23 19:58:15',NULL,'1'),(177,15,177,NULL,'Asignación Paralelo: 1','2018-07-23 23:16:04',27,NULL,'1','2018-07-23 23:16:04',NULL,'1'),(178,15,178,NULL,'Asignación Paralelo: 1','2018-07-23 23:16:16',27,NULL,'1','2018-07-23 23:16:16',NULL,'1'),(179,14,179,NULL,'Asignación Paralelo: 1','2018-07-24 00:34:12',27,NULL,'1','2018-07-24 00:34:12',NULL,'1'),(180,15,180,NULL,'Asignación Paralelo: 1','2018-07-26 23:28:44',27,NULL,'1','2018-07-26 23:28:44',NULL,'1'),(181,15,181,NULL,'Asignación Paralelo: 1','2018-07-26 23:28:52',27,NULL,'1','2018-07-26 23:28:52',NULL,'1'),(182,15,182,NULL,'Asignación Paralelo: 1','2018-07-26 23:28:59',27,NULL,'1','2018-07-26 23:28:59',NULL,'1'),(183,15,183,NULL,'Asignación Paralelo: 1','2018-07-26 23:29:08',27,NULL,'1','2018-07-26 23:29:08',NULL,'1'),(184,15,184,NULL,'Asignación Paralelo: 1','2018-07-26 23:29:16',27,NULL,'1','2018-07-26 23:29:16',NULL,'1'),(185,15,185,NULL,'Asignación Paralelo: 1','2018-07-26 23:29:23',27,NULL,'1','2018-07-26 23:29:23',NULL,'1'),(186,15,186,NULL,'Asignación Paralelo: 1','2018-07-26 23:29:31',27,NULL,'1','2018-07-26 23:29:31',NULL,'1'),(187,16,187,NULL,'Asignación Paralelo: 1','2018-07-30 20:13:07',27,NULL,'1','2018-07-30 20:13:07',NULL,'1'),(188,15,188,NULL,'Asignación Paralelo: 1','2018-07-30 20:13:23',27,NULL,'1','2018-07-30 20:13:23',NULL,'1'),(189,15,189,NULL,'Asignación Paralelo: 1','2018-07-30 20:13:32',27,NULL,'1','2018-07-30 20:13:32',NULL,'1'),(190,15,190,NULL,'Asignación Paralelo: 1','2018-07-30 20:13:40',27,NULL,'1','2018-07-30 20:13:40',NULL,'1'),(191,15,191,NULL,'Asignación Paralelo: 1','2018-07-30 20:13:48',27,NULL,'1','2018-07-30 20:13:48',NULL,'1'),(192,15,192,NULL,'Asignación Paralelo: 1','2018-07-31 21:07:07',27,NULL,'1','2018-07-31 21:07:07',NULL,'1'),(193,15,193,NULL,'Asignación Paralelo: 1','2018-07-31 21:07:14',27,NULL,'1','2018-07-31 21:07:14',NULL,'1'),(194,15,194,NULL,'Asignación Paralelo: 1','2018-07-31 21:07:28',27,NULL,'1','2018-07-31 21:07:28',NULL,'1'),(195,15,195,NULL,'Asignación Paralelo: 1','2018-07-31 21:14:15',27,NULL,'1','2018-07-31 21:14:15',NULL,'1'),(196,15,196,NULL,'Asignación Paralelo: 1','2018-07-31 21:14:22',27,NULL,'1','2018-07-31 21:14:22',NULL,'1'),(197,15,197,NULL,'Asignación Paralelo: 1','2018-07-31 21:14:29',27,NULL,'1','2018-07-31 21:14:29',NULL,'1'),(198,15,198,NULL,'Asignación Paralelo: 1','2018-07-31 21:14:37',27,NULL,'1','2018-07-31 21:14:37',NULL,'1'),(199,15,199,NULL,'Asignación Paralelo: 1','2018-07-31 21:14:45',27,NULL,'1','2018-07-31 21:14:45',NULL,'1'),(200,15,200,NULL,'Asignación Paralelo: 1','2018-07-31 22:20:27',27,NULL,'1','2018-07-31 22:20:27',NULL,'1'),(201,15,201,NULL,'Asignación Paralelo: 1','2018-07-31 22:20:39',27,NULL,'1','2018-07-31 22:20:39',NULL,'1'),(202,15,202,NULL,'Asignación Paralelo: 1','2018-07-31 22:20:49',27,NULL,'1','2018-07-31 22:20:49',NULL,'1'),(203,15,203,NULL,'Asignación Paralelo: 1','2018-07-31 22:20:59',27,NULL,'1','2018-07-31 22:20:59',NULL,'1'),(204,15,204,NULL,'Asignación Paralelo: 1','2018-07-31 22:21:07',27,NULL,'1','2018-07-31 22:21:07',NULL,'1'),(205,15,205,NULL,'Asignación Paralelo: 1','2018-07-31 22:21:16',27,NULL,'1','2018-07-31 22:21:16',NULL,'1'),(206,15,206,NULL,'Asignación Paralelo: 1','2018-07-31 22:21:25',27,NULL,'1','2018-07-31 22:21:25',NULL,'1'),(207,15,207,NULL,'Asignación Paralelo: 1','2018-07-31 22:21:33',27,NULL,'1','2018-07-31 22:21:33',NULL,'1'),(208,17,208,NULL,'Asignación Paralelo: 1','2018-07-31 22:29:02',27,NULL,'1','2018-07-31 22:29:02',NULL,'1'),(209,16,209,NULL,'Asignación Paralelo: 1','2018-08-13 19:59:11',27,NULL,'1','2018-08-13 19:59:11',NULL,'1'),(210,16,210,NULL,'Asignación Paralelo: 1','2018-08-15 20:03:02',27,NULL,'1','2018-08-15 20:03:02',NULL,'1'),(211,16,211,NULL,'Asignación Paralelo: 1','2018-08-15 20:03:13',27,NULL,'1','2018-08-15 20:03:13',NULL,'1'),(212,16,212,NULL,'Asignación Paralelo: 1','2018-08-17 01:20:17',27,NULL,'1','2018-08-17 01:20:17',NULL,'1'),(215,16,215,NULL,'Asignación por Matrícula Método Ingreso.','2018-11-19 21:19:39',27,NULL,'1','2018-11-19 21:19:39',NULL,'1'),(216,21,216,NULL,'Asignación por Matrícula Método Ingreso.','2018-11-19 21:22:01',27,NULL,'1','2018-11-19 21:22:01',NULL,'1'),(217,22,217,NULL,'Asignación por Matrícula Método Ingreso.','2018-11-19 21:34:11',27,NULL,'1','2018-11-19 21:34:11',NULL,'1'),(218,21,218,NULL,'Asignación por Matrícula Método Ingreso.','2018-11-19 21:42:02',27,NULL,'1','2018-11-19 21:42:02',NULL,'1'),(219,21,219,NULL,'Asignación por Matrícula Método Ingreso.','2018-11-19 21:43:52',27,NULL,'1','2018-11-19 21:43:52',NULL,'1'),(220,21,220,NULL,'Asignación por Matrícula Método Ingreso.','2018-11-19 21:48:05',27,NULL,'1','2018-11-19 21:48:05',NULL,'1'),(221,22,221,NULL,'Asignación por Matrícula Método Ingreso.','2018-11-19 22:00:25',27,NULL,'1','2018-11-19 22:00:25',NULL,'1'),(222,22,222,NULL,'Asignación por Matrícula Método Ingreso.','2018-11-19 22:02:32',27,NULL,'1','2018-11-19 22:02:32',NULL,'1'),(223,21,223,NULL,'Asignación por Matrícula Método Ingreso.','2018-11-19 22:04:19',27,NULL,'1','2018-11-19 22:04:19',NULL,'1'),(224,22,224,NULL,'Asignación por Matrícula Método Ingreso.','2018-11-19 22:08:33',27,NULL,'1','2018-11-19 22:08:33',NULL,'1'),(225,22,225,NULL,'Asignación por Matrícula Método Ingreso.','2018-11-19 22:12:12',27,NULL,'1','2018-11-19 22:12:12',NULL,'1'),(226,22,226,NULL,'Asignación por Matrícula Método Ingreso.','2018-11-19 22:25:50',27,NULL,'1','2018-11-19 22:25:50',NULL,'1'),(227,23,227,NULL,'Asignación por Matrícula Método Ingreso.','2018-11-22 16:03:07',27,NULL,'1','2018-11-22 16:03:07',NULL,'1'),(228,23,228,NULL,'Asignación por Matrícula Método Ingreso.','2018-11-22 16:03:40',27,NULL,'1','2018-11-22 16:03:40',NULL,'1'),(229,24,229,NULL,'Asignación por Matrícula Método Ingreso.','2018-11-22 16:07:29',27,NULL,'1','2018-11-22 16:07:29',NULL,'1'),(230,24,230,NULL,'Asignación por Matrícula Método Ingreso.','2018-11-22 16:08:50',27,NULL,'1','2018-11-22 16:08:50',NULL,'1'),(231,24,231,NULL,'Asignación por Matrícula Método Ingreso.','2018-11-22 16:09:16',27,NULL,'1','2018-11-22 16:09:16',NULL,'1'),(232,23,232,NULL,'Asignación por Matrícula Método Ingreso.','2018-11-22 16:09:59',27,NULL,'1','2018-11-22 16:09:59',NULL,'1'),(233,23,233,NULL,'Asignación por Matrícula Método Ingreso.','2018-11-22 16:11:36',27,NULL,'1','2018-11-22 16:11:36',NULL,'1'),(234,23,234,NULL,'Asignación por Matrícula Método Ingreso.','2018-11-22 16:12:07',27,NULL,'1','2018-11-22 16:12:07',NULL,'1'),(235,23,235,NULL,'Asignación por Matrícula Método Ingreso.','2018-11-22 16:12:33',27,NULL,'1','2018-11-22 16:12:33',NULL,'1'),(236,24,236,NULL,'Asignación por Matrícula Método Ingreso.','2018-11-22 16:40:14',27,NULL,'1','2018-11-22 16:40:14',NULL,'1'),(237,23,237,NULL,'Asignación por Matrícula Método Ingreso.','2018-11-22 16:41:03',27,NULL,'1','2018-11-22 16:41:03',NULL,'1'),(238,24,238,NULL,'Asignación por Matrícula Método Ingreso.','2018-12-27 17:18:58',27,NULL,'1','2018-12-27 17:18:58',NULL,'1'),(239,24,239,NULL,'Asignación por Matrícula Método Ingreso.','2018-12-27 17:20:05',27,NULL,'1','2018-12-27 17:20:05',NULL,'1'),(240,25,240,NULL,'Asignación por Matrícula Método Ingreso.','2018-12-27 21:00:39',27,NULL,'1','2018-12-27 21:00:39',NULL,'1'),(241,15,241,NULL,'Asignación por Matrícula Método Ingreso.','2019-01-08 21:16:43',27,NULL,'1','2019-01-08 21:16:43',NULL,'1'),(242,26,242,NULL,'Asignación por Matrícula Método Ingreso.','2019-02-11 15:59:54',27,NULL,'1','2019-02-11 15:59:54',NULL,'1'),(243,26,243,NULL,'Asignación por Matrícula Método Ingreso.','2019-02-11 16:01:54',27,NULL,'1','2019-02-11 16:01:54',NULL,'1'),(244,26,244,NULL,'Asignación por Matrícula Método Ingreso.','2019-02-11 16:04:37',27,NULL,'1','2019-02-11 16:04:37',NULL,'1'),(245,26,245,NULL,'Asignación por Matrícula Método Ingreso.','2019-02-11 16:05:05',27,NULL,'1','2019-02-11 16:05:05',NULL,'1'),(246,26,246,NULL,'Asignación por Matrícula Método Ingreso.','2019-02-11 16:05:41',27,NULL,'1','2019-02-11 16:05:41',NULL,'1'),(247,26,247,NULL,'Asignación por Matrícula Método Ingreso.','2019-02-11 16:06:07',27,NULL,'1','2019-02-11 16:06:07',NULL,'1'),(248,16,248,NULL,'Asignación por Matrícula Método Ingreso.','2019-02-18 19:03:20',27,NULL,'1','2019-02-18 19:03:20',NULL,'1'),(249,16,249,NULL,'Asignación por Matrícula Método Ingreso.','2019-02-18 19:03:35',27,NULL,'1','2019-02-18 19:03:35',NULL,'1'),(250,16,250,NULL,'Asignación por Matrícula Método Ingreso.','2019-02-18 19:03:56',27,NULL,'1','2019-02-18 19:03:56',NULL,'1'),(251,16,251,NULL,'Asignación por Matrícula Método Ingreso.','2019-02-18 19:04:18',27,NULL,'1','2019-02-18 19:04:18',NULL,'1'),(252,16,252,NULL,'Asignación por Matrícula Método Ingreso.','2019-02-18 19:04:34',27,NULL,'1','2019-02-18 19:04:34',NULL,'1'),(253,18,253,NULL,'Asignación por Matrícula Método Ingreso.','2019-02-18 19:04:58',27,NULL,'1','2019-02-18 19:04:58',NULL,'1'),(254,18,254,NULL,'Asignación por Matrícula Método Ingreso.','2019-02-18 19:05:24',27,NULL,'1','2019-02-18 19:05:24',NULL,'1'),(255,19,255,NULL,'Asignación por Matrícula Método Ingreso.','2019-02-18 19:05:39',27,NULL,'1','2019-02-18 19:05:39',NULL,'1'),(256,18,256,NULL,'Asignación por Matrícula Método Ingreso.','2019-02-18 19:06:31',27,NULL,'1','2019-02-18 19:06:31',NULL,'1'),(257,20,257,NULL,'Asignación por Matrícula Método Ingreso.','2019-02-18 19:18:24',27,NULL,'1','2019-02-18 19:18:24',NULL,'1'),(258,20,258,NULL,'Asignación por Matrícula Método Ingreso.','2019-02-18 19:18:42',27,NULL,'1','2019-02-18 19:18:42',NULL,'1'),(259,20,259,NULL,'Asignación por Matrícula Método Ingreso.','2019-02-18 19:18:59',27,NULL,'1','2019-02-18 19:18:59',NULL,'1'),(260,20,260,NULL,'Asignación por Matrícula Método Ingreso.','2019-02-18 19:19:24',27,NULL,'1','2019-02-18 19:19:24',NULL,'1'),(261,20,261,NULL,'Asignación por Matrícula Método Ingreso.','2019-02-18 19:19:42',27,NULL,'1','2019-02-18 19:19:42',NULL,'1'),(262,20,262,NULL,'Asignación por Matrícula Método Ingreso.','2019-02-18 19:19:58',27,NULL,'1','2019-02-18 19:19:58',NULL,'1'),(263,20,263,NULL,'Asignación por Matrícula Método Ingreso.','2019-02-18 19:20:22',27,NULL,'1','2019-02-18 19:20:22',NULL,'1');
/*!40000 ALTER TABLE `asignacion_paralelo` ENABLE KEYS */;
UNLOCK TABLES;

--
-- Table structure for table `asignatura`
--

DROP TABLE IF EXISTS `asignatura`;
/*!40101 SET @saved_cs_client     = @@character_set_client */;
/*!40101 SET character_set_client = utf8 */;
CREATE TABLE `asignatura` (
  `asi_id` bigint(20) NOT NULL AUTO_INCREMENT,
  `scon_id` bigint(20) NOT NULL,
  `asi_nombre` varchar(300) NOT NULL,
  `asi_descripcion` varchar(500) NOT NULL,
  `asi_usuario_ingreso` bigint(20) NOT NULL,
  `asi_usuario_modifica` bigint(20) DEFAULT NULL,
  `asi_estado` varchar(1) NOT NULL,
  `asi_fecha_creacion` timestamp NOT NULL DEFAULT CURRENT_TIMESTAMP,
  `asi_fecha_modificacion` timestamp NULL DEFAULT NULL,
  `asi_estado_logico` varchar(1) NOT NULL,
  PRIMARY KEY (`asi_id`),
  KEY `scon_id` (`scon_id`),
  CONSTRAINT `asignatura_ibfk_1` FOREIGN KEY (`scon_id`) REFERENCES `subarea_conocimiento` (`scon_id`)
) ENGINE=InnoDB AUTO_INCREMENT=297 DEFAULT CHARSET=utf8;
/*!40101 SET character_set_client = @saved_cs_client */;

--
-- Dumping data for table `asignatura`
--

LOCK TABLES `asignatura` WRITE;
/*!40000 ALTER TABLE `asignatura` DISABLE KEYS */;
INSERT INTO `asignatura` VALUES (1,1,'Matemáticas - CAN','Matemáticas - CAN',1,NULL,'1','2018-05-09 02:15:37',NULL,'1'),(2,1,'Contabilidad - CAN','Contabilidad - CAN',1,NULL,'1','2018-05-09 02:15:37',NULL,'1'),(3,1,'Técnicas de comunicación oral - CAN','Técnicas de comunicación oral - CAN',1,NULL,'1','2018-05-09 02:16:01',NULL,'1'),(4,1,'Desarrollo del Pensamiento - CAN','Desarrollo del Pensamiento - CAN',1,NULL,'1','2018-05-09 02:16:52',NULL,'1'),(5,1,'Emprendimiento - CAN','Emprendimiento - CAN',1,NULL,'1','2018-05-09 02:16:52',NULL,'1'),(6,1,'Física - CAN','Física - CAN',1,NULL,'1','2018-05-09 02:16:52',NULL,'1'),(7,1,'Actualidad Económica','Actualidad Económica',1,NULL,'1','2019-02-12 21:00:00',NULL,'1'),(8,1,'Administración de Centros De Cómputo','Administración de Centros De Cómputo',1,NULL,'1','2019-02-12 21:00:00',NULL,'1'),(9,1,'Administración de Recursos Humanos','Administración de Recursos Humanos',1,NULL,'1','2019-02-12 21:00:00',NULL,'1'),(10,1,'Administración de Redes','Administración de Redes',1,NULL,'1','2019-02-12 21:00:00',NULL,'1'),(11,1,'Administración de Ventas','Administración de Ventas',1,NULL,'1','2019-02-12 21:00:00',NULL,'1'),(12,1,'Algebra Lineal','Algebra Lineal',1,NULL,'1','2019-02-12 21:00:00',NULL,'1'),(13,1,'Análisis de Redes Eléctricas I','Análisis de Redes Eléctricas I',1,NULL,'1','2019-02-12 21:00:00',NULL,'1'),(14,1,'Auditoría de Calidad-2009','Auditoría de Calidad-2009',1,NULL,'1','2019-02-12 21:00:00',NULL,'1'),(15,1,'Benchmarking','Benchmarking',1,NULL,'1','2019-02-12 21:00:00',NULL,'1'),(16,1,'Competitividad','Competitividad',1,NULL,'1','2019-02-12 21:00:00',NULL,'1'),(17,1,'Comportamiento Profesional y Ambiental 2009','Comportamiento Profesional y Ambiental 2009',1,NULL,'1','2019-02-12 21:00:00',NULL,'1'),(18,1,'Comunicación Oral y Escrita','Comunicación Oral y Escrita',1,NULL,'1','2019-02-12 21:00:00',NULL,'1'),(19,1,'Comunicación Profesional y Liderazgo','Comunicación Profesional y Liderazgo',1,NULL,'1','2019-02-12 21:00:00',NULL,'1'),(20,1,'Conducción de Grupos','Conducción de Grupos',1,NULL,'1','2019-02-12 21:00:00',NULL,'1'),(21,1,'Contabilidad General','Contabilidad General',1,NULL,'1','2019-02-12 21:00:00',NULL,'1'),(22,1,'Contabilidad Gerencial','Contabilidad Gerencial',1,NULL,'1','2019-02-12 21:00:00',NULL,'1'),(23,1,'Contabilidad para el Pre-Universitario','Contabilidad para el Pre-Universitario',1,NULL,'1','2019-02-12 21:00:00',NULL,'1'),(24,1,'Créditos Documentarios-2009','Créditos Documentarios-2009',1,NULL,'1','2019-02-12 21:00:00',NULL,'1'),(25,1,'Derecho','Derecho',1,NULL,'1','2019-02-12 21:00:00',NULL,'1'),(26,1,'Derecho Constitucional – (FT)','Derecho Constitucional – (FT)',1,NULL,'1','2019-02-12 21:00:00',NULL,'1'),(27,1,'Derecho I-2009','Derecho I-2009',1,NULL,'1','2019-02-12 21:00:00',NULL,'1'),(28,1,'Derecho Laboral','Derecho Laboral',1,NULL,'1','2019-02-12 21:00:00',NULL,'1'),(29,1,'Desarrollo del Pensamiento-Pre','Desarrollo del Pensamiento-Pre',1,NULL,'1','2019-02-12 21:00:00',NULL,'1'),(30,1,'Economía del Factor Humano-2009','Economía del Factor Humano-2009',1,NULL,'1','2019-02-12 21:00:00',NULL,'1'),(31,1,'Elementary 1','Elementary 1',1,NULL,'1','2019-02-12 21:00:00',NULL,'1'),(32,1,'Emprendimiento','Emprendimiento',1,NULL,'1','2019-02-12 21:00:00',NULL,'1'),(33,1,'Empresas Multinacionales-2009','Empresas Multinacionales-2009',1,NULL,'1','2019-02-12 21:00:00',NULL,'1'),(34,1,'Epistemología de las Ciencias','Epistemología de las Ciencias',1,NULL,'1','2019-02-12 21:00:00',NULL,'1'),(35,1,'Escuelas y Enfoques Teóricos de la Psicología Apli','Escuelas y Enfoques Teóricos de la Psicología Apli',1,NULL,'1','2019-02-12 21:00:00',NULL,'1'),(36,1,'Epistemología de la Contabilidad','Epistemología de la Contabilidad',1,NULL,'1','2019-02-12 21:00:00',NULL,'1'),(37,1,'Estadística Aplicada II','Estadística Aplicada II',1,NULL,'1','2019-02-12 21:00:00',NULL,'1'),(38,1,'Estadística II','Estadística II',1,NULL,'1','2019-02-12 21:00:00',NULL,'1'),(39,1,'Ética Profesional','Ética Profesional',1,NULL,'1','2019-02-12 21:00:00',NULL,'1'),(40,1,'Evaluación de Sistemas-2009','Evaluación de Sistemas-2009',1,NULL,'1','2019-02-12 21:00:00',NULL,'1'),(41,1,'Evaluación Psicológica II','Evaluación Psicológica II',1,NULL,'1','2019-02-12 21:00:00',NULL,'1'),(42,1,'Finanzas II','Finanzas II',1,NULL,'1','2019-02-12 21:00:00',NULL,'1'),(43,1,'Finanzas Públicas','Finanzas Públicas',1,NULL,'1','2019-02-12 21:00:00',NULL,'1'),(44,1,'Física I','Física I',1,NULL,'1','2019-02-12 21:00:00',NULL,'1'),(45,1,'Física III','Física III',1,NULL,'1','2019-02-12 21:00:00',NULL,'1'),(46,1,'Física para el Pre','Física para el Pre',1,NULL,'1','2019-02-12 21:00:00',NULL,'1'),(47,1,'Francés II','Francés II',1,NULL,'1','2019-02-12 21:00:00',NULL,'1'),(48,1,'Francés III','Francés III',1,NULL,'1','2019-02-12 21:00:00',NULL,'1'),(49,1,'Francés IV','Francés IV',1,NULL,'1','2019-02-12 21:00:00',NULL,'1'),(50,1,'Fundamentos de Administración','Fundamentos de Administración',1,NULL,'1','2019-02-12 21:00:00',NULL,'1'),(51,1,'Fundamentos de Economía','Fundamentos de Economía',1,NULL,'1','2019-02-12 21:00:00',NULL,'1'),(52,1,'Fundamentos de Mercadotecnia','Fundamentos de Mercadotecnia',1,NULL,'1','2019-02-12 21:00:00',NULL,'1'),(53,1,'Gerencia de Recursos Humanos','Gerencia de Recursos Humanos',1,NULL,'1','2019-02-12 21:00:00',NULL,'1'),(54,1,'Gestión de Abastecimiento (4C)','Gestión de Abastecimiento (4C)',1,NULL,'1','2019-02-12 21:00:00',NULL,'1'),(55,1,'Gestión del Alojamiento','Gestión del Alojamiento',1,NULL,'1','2019-02-12 21:00:00',NULL,'1'),(56,1,'Herramientas Informática Portuaria-2009','Herramientas Informática Portuaria-2009',1,NULL,'1','2019-02-12 21:00:00',NULL,'1'),(57,1,'Higiene y Seguridad Laboral','Higiene y Seguridad Laboral',1,NULL,'1','2019-02-12 21:00:00',NULL,'1'),(58,1,'Ingeniería Económica (4C)','Ingeniería Económica (4C)',1,NULL,'1','2019-02-12 21:00:00',NULL,'1'),(59,1,'Inglés Técnico II-2009','Inglés Técnico II-2009',1,NULL,'1','2019-02-12 21:00:00',NULL,'1'),(60,1,'Intermediate 1','Intermediate 1',1,NULL,'1','2019-02-12 21:00:00',NULL,'1'),(61,1,'Intermediate II','Intermediate II',1,NULL,'1','2019-02-12 21:00:00',NULL,'1'),(62,1,'Internet y Herramientas Informáticas Básicas','Internet y Herramientas Informáticas Básicas',1,NULL,'1','2019-02-12 21:00:00',NULL,'1'),(63,1,'Legislación Aplicada-2009','Legislación Aplicada-2009',1,NULL,'1','2019-02-12 21:00:00',NULL,'1'),(64,1,'Macroeconomía II','Macroeconomía II',1,NULL,'1','2019-02-12 21:00:00',NULL,'1'),(65,1,'Marketing I','Marketing I',1,NULL,'1','2019-02-12 21:00:00',NULL,'1'),(66,1,'Marketing II','Marketing II',1,NULL,'1','2019-02-12 21:00:00',NULL,'1'),(67,1,'Marketing Industrial y de Servicios-2009','Marketing Industrial y de Servicios-2009',1,NULL,'1','2019-02-12 21:00:00',NULL,'1'),(68,1,'Matemáticas Aplicada a la Economía-2009','Matemáticas Aplicada a la Economía-2009',1,NULL,'1','2019-02-12 21:00:00',NULL,'1'),(69,1,'Matemáticas Discretas','Matemáticas Discretas',1,NULL,'1','2019-02-12 21:00:00',NULL,'1'),(70,1,'Matemáticas Financiera','Matemáticas Financiera',1,NULL,'1','2019-02-12 21:00:00',NULL,'1'),(71,1,'Matemáticas I','Matemáticas I',1,NULL,'1','2019-02-12 21:00:00',NULL,'1'),(72,1,'Matemáticas II','Matemáticas II',1,NULL,'1','2019-02-12 21:00:00',NULL,'1'),(73,1,'Matemáticas para el Pre-Universitario','Matemáticas para el Pre-Universitario',1,NULL,'1','2019-02-12 21:00:00',NULL,'1'),(74,1,'Medición y Evaluación del Recurso Humano','Medición y Evaluación del Recurso Humano',1,NULL,'1','2019-02-12 21:00:00',NULL,'1'),(75,1,'Métodos de Dirección y Management (4C)','Métodos de Dirección y Management (4C)',1,NULL,'1','2019-02-12 21:00:00',NULL,'1'),(76,1,'Microeconomía','Microeconomía',1,NULL,'1','2019-02-12 21:00:00',NULL,'1'),(77,1,'Monedas e Instituciones Financieras-2009','Monedas e Instituciones Financieras-2009',1,NULL,'1','2019-02-12 21:00:00',NULL,'1'),(78,1,'Normas de Valoración-2009','Normas de Valoración-2009',1,NULL,'1','2019-02-12 21:00:00',NULL,'1'),(79,1,'Normativa de Intercambio Comercial-2009','Normativa de Intercambio Comercial-2009',1,NULL,'1','2019-02-12 21:00:00',NULL,'1'),(80,1,'Operaciones de Medios de Transporte-2009','Operaciones de Medios de Transporte-2009',1,NULL,'1','2019-02-12 21:00:00',NULL,'1'),(81,1,'Operaciones Portuarias-2009','Operaciones Portuarias-2009',1,NULL,'1','2019-02-12 21:00:00',NULL,'1'),(82,1,'Organización Empresarial','Organización Empresarial',1,NULL,'1','2019-02-12 21:00:00',NULL,'1'),(83,1,'Organización Marítima Intl. y Sistemas P','Organización Marítima Intl. y Sistemas P',1,NULL,'1','2019-02-12 21:00:00',NULL,'1'),(84,1,'Pastelería y Repostería','Pastelería y Repostería',1,NULL,'1','2019-02-12 21:00:00',NULL,'1'),(85,1,'Planta Externa-2009','Planta Externa-2009',1,NULL,'1','2019-02-12 21:00:00',NULL,'1'),(86,1,'Pre-Intermediate 1','Pre-Intermediate 1',1,NULL,'1','2019-02-12 21:00:00',NULL,'1'),(87,1,'Pre-Intermediate II','Pre-Intermediate II',1,NULL,'1','2019-02-12 21:00:00',NULL,'1'),(88,1,'Presupuesto','Presupuesto',1,NULL,'1','2019-02-12 21:00:00',NULL,'1'),(89,1,'Presupuesto I-2009','Presupuesto I-2009',1,NULL,'1','2019-02-12 21:00:00',NULL,'1'),(90,1,'Presupuesto II','Presupuesto II',1,NULL,'1','2019-02-12 21:00:00',NULL,'1'),(91,1,'Proyecto Empresarial III','Proyecto Empresarial III',1,NULL,'1','2019-02-12 21:00:00',NULL,'1'),(92,1,'Psicología General','Psicología General',1,NULL,'1','2019-02-12 21:00:00',NULL,'1'),(93,1,'Psicología Organizacional I','Psicología Organizacional I',1,NULL,'1','2019-02-12 21:00:00',NULL,'1'),(94,1,'Psicopatología General','Psicopatología General',1,NULL,'1','2019-02-12 21:00:00',NULL,'1'),(95,1,'Public Choice-2009','Public Choice-2009',1,NULL,'1','2019-02-12 21:00:00',NULL,'1'),(96,1,'Reclutamiento y Selección','Reclutamiento y Selección',1,NULL,'1','2019-02-12 21:00:00',NULL,'1'),(97,1,'Redes de Acceso I','Redes de Acceso I',1,NULL,'1','2019-02-12 21:00:00',NULL,'1'),(98,1,'Redes II-2009','Redes II-2009',1,NULL,'1','2019-02-12 21:00:00',NULL,'1'),(99,1,'Sistemas Lineales','Sistemas Lineales',1,NULL,'1','2019-02-12 21:00:00',NULL,'1'),(100,1,'Taller II-2009','Taller II-2009',1,NULL,'1','2019-02-12 21:00:00',NULL,'1'),(101,1,'Taller III-2009','Taller III-2009',1,NULL,'1','2019-02-12 21:00:00',NULL,'1'),(102,1,'Técnicas de Comunicación Oral y Escrita','Técnicas de Comunicación Oral y Escrita',1,NULL,'1','2019-02-12 21:00:00',NULL,'1'),(103,1,'Técnicas de la Comunicación','Técnicas de la Comunicación',1,NULL,'1','2019-02-12 21:00:00',NULL,'1'),(104,1,'Técnicas de Negociación','Técnicas de Negociación',1,NULL,'1','2019-02-12 21:00:00',NULL,'1'),(105,1,'Técnicas de Ventas-2009','Técnicas de Ventas-2009',1,NULL,'1','2019-02-12 21:00:00',NULL,'1'),(106,1,'Trámites Aduaneros-2009','Trámites Aduaneros-2009',1,NULL,'1','2019-02-12 21:00:00',NULL,'1'),(107,1,'Transportación Turística','Transportación Turística',1,NULL,'1','2019-02-12 21:00:00',NULL,'1'),(108,1,'Análisis del Entorno Político y Económico','Análisis del Entorno Político y Económico',1,NULL,'1','2018-02-22 16:30:00',NULL,'1'),(109,1,'Gerencia de Ventas','Gerencia de Ventas',1,NULL,'1','2018-02-22 16:30:00',NULL,'1'),(110,1,'Derecho Empresarial','Derecho Empresarial',1,NULL,'1','2018-02-22 16:30:00',NULL,'1'),(111,1,'Estadística e Introducción a la Econometría','Estadística e Introducción a la Econometría',1,NULL,'1','2018-02-22 16:30:00',NULL,'1'),(112,1,'Estrategias Competitivas','Estrategias Competitivas',1,NULL,'1','2018-02-22 16:30:00',NULL,'1'),(113,1,'Etica y Valores','Etica y Valores',1,NULL,'1','2018-02-22 16:30:00',NULL,'1'),(114,1,'Evaluación de Proyectos y Análisis de Riesgo','Evaluación de Proyectos y Análisis de Riesgo',1,NULL,'1','2018-02-22 16:30:00',NULL,'1'),(115,1,'Eventos y Publicaciones','Eventos y Publicaciones',1,NULL,'1','2018-02-22 16:30:00',NULL,'1'),(116,1,'Gerencia de Finanzas','Gerencia de Finanzas',1,NULL,'1','2018-02-22 16:30:00',NULL,'1'),(117,1,'Gerencia de la Innovación Interna de la Empresa','Gerencia de la Innovación Interna de la Empresa',1,NULL,'1','2018-02-22 16:30:00',NULL,'1'),(118,1,'Gerencia de Marketing','Gerencia de Marketing',1,NULL,'1','2018-02-22 16:30:00',NULL,'1'),(119,1,'Gestión Estratégica del Talento Humano','Gestión Estratégica del Talento Humano',1,NULL,'1','2018-02-22 16:30:00',NULL,'1'),(120,1,'Liderazgo Transformacional','Liderazgo Transformacional',1,NULL,'1','2018-02-22 16:30:00',NULL,'1'),(121,1,'Metodología de la Investigación','Metodología de la Investigación',1,NULL,'1','2018-02-22 16:30:00',NULL,'1'),(122,1,'Saberes y Cultura','Saberes y Cultura',1,NULL,'1','2018-02-22 16:30:00',NULL,'1'),(123,1,'Taller de Titulación I','Taller de Titulación I',1,NULL,'1','2018-02-22 16:30:00',NULL,'1'),(124,1,'Taller de Titulación II','Taller de Titulación II',1,NULL,'1','2018-02-22 16:30:00',NULL,'1'),(125,1,'Taller de Titulacion III','Taller de Titulacion III',1,NULL,'1','2018-02-22 16:30:00',NULL,'1'),(126,1,'Teoría Fundamental de la Organización y Gestión de','Teoría Fundamental de la Organización y Gestión de',1,NULL,'1','2019-02-22 16:30:00',NULL,'1'),(127,1,'Trabajo de Titulación','Trabajo de Titulación',1,NULL,'1','2019-02-22 16:30:00',NULL,'1'),(128,1,'Administración Estratégica','Administración Estratégica',1,NULL,'1','2018-02-22 16:30:00',NULL,'1'),(129,1,'Administración Financiera','Administración Financiera',1,NULL,'1','2018-02-22 16:30:00',NULL,'1'),(130,1,'Análisis Financiero para la Toma de Decisiones','Análisis Financiero para la Toma de Decisiones',1,NULL,'1','2018-02-22 16:30:00',NULL,'1'),(131,1,'Clima y Cultura Organizacional en la Empresa Famil','Clima y Cultura Organizacional en la Empresa Famil',1,NULL,'1','2018-02-22 16:30:00',NULL,'1'),(132,1,'Dirección Estratégica del Marketing','Dirección Estratégica del Marketing',1,NULL,'1','2018-02-22 16:30:00',NULL,'1'),(133,1,'Dirección Estratégica del Talento Humano','Dirección Estratégica del Talento Humano',1,NULL,'1','2018-02-22 16:30:00',NULL,'1'),(134,1,'Epistemología de la Administración','Epistemología de la Administración',1,NULL,'1','2018-02-22 16:30:00',NULL,'1'),(135,1,'Estructura y Organos de Gobierno','Estructura y Organos de Gobierno',1,NULL,'1','2018-02-22 16:30:00',NULL,'1'),(136,1,'Etica y Responsabilidad Social Corporativa','Etica y Responsabilidad Social Corporativa',1,NULL,'1','2018-02-22 16:30:00',NULL,'1'),(137,1,'Gestión de la Propiedad en la Empresa Familiar','Gestión de la Propiedad en la Empresa Familiar',1,NULL,'1','2018-02-22 16:30:00',NULL,'1'),(138,1,'Innovación en la Empresa Familiar','Innovación en la Empresa Familiar',1,NULL,'1','2018-02-22 16:30:00',NULL,'1'),(139,1,'Interculturalidad y Saberes Ancestrales','Interculturalidad y Saberes Ancestrales',1,NULL,'1','2018-02-22 16:30:00',NULL,'1'),(140,1,'Metodología de la Investigación Científica','Metodología de la Investigación Científica',1,NULL,'1','2018-02-22 16:30:00',NULL,'1'),(141,1,'Suseción en la Continuidad de la Empresa Familiar','Suseción en la Continuidad de la Empresa Familiar',1,NULL,'1','2018-02-22 16:30:00',NULL,'1'),(142,1,'Taller de Tesis I','Taller de Tesis I',1,NULL,'1','2018-02-22 16:30:00',NULL,'1'),(143,1,'Taller de Tesis II','Taller de Tesis II',1,NULL,'1','2018-02-22 16:30:00',NULL,'1'),(144,1,'Taller de Tesis III','Taller de Tesis III',1,NULL,'1','2018-02-22 16:30:00',NULL,'1'),(145,1,'Análisis del Entorno Financiero y Tributario','Análisis del Entorno Financiero y Tributario',1,NULL,'1','2018-02-22 16:30:00',NULL,'1'),(146,1,'Neuropsicología','Neuropsicología',1,NULL,'1','2019-02-22 16:30:00',NULL,'1'),(147,1,'Economía (4C)','Economía (4C)',1,NULL,'1','2019-02-22 16:30:00',NULL,'1'),(148,1,'Derecho Tributario','Derecho Tributario',1,NULL,'1','2018-02-22 16:30:00',NULL,'1'),(149,1,'Economía Empresarial','Economía Empresarial',1,NULL,'1','2018-02-22 16:30:00',NULL,'1'),(150,1,'Taller I-2009','Taller I-2009',1,NULL,'1','2018-02-22 16:30:00',NULL,'1'),(151,1,'Estudio y Análisis de IVA e ICE','Estudio y Análisis de IVA e ICE',1,NULL,'1','2018-02-22 16:30:00',NULL,'1'),(152,1,'Estudio y Análisis de otros Tributos','Estudio y Análisis de otros Tributos',1,NULL,'1','2018-02-22 16:30:00',NULL,'1'),(153,1,'Estudio y Análisis Impuesto a la Renta','Estudio y Análisis Impuesto a la Renta',1,NULL,'1','2018-02-22 16:30:00',NULL,'1'),(154,1,'Planeación y Dirección Estratégica','Planeación y Dirección Estratégica',1,NULL,'1','2018-02-22 16:30:00',NULL,'1'),(155,1,'Evaluación de Proyectos','Evaluación de Proyectos',1,NULL,'1','2018-02-22 16:30:00',NULL,'1'),(156,1,'Historia del Ecuador','Historia del Ecuador',1,NULL,'1','2018-02-22 16:30:00',NULL,'1'),(157,1,'Finanzas Corporativas','Finanzas Corporativas',1,NULL,'1','2018-02-22 16:30:00',NULL,'1'),(158,1,'Francés I','Francés I',1,NULL,'1','2018-02-22 16:30:00',NULL,'1'),(159,1,'Agencias de viajes I','Agencias de viajes I',1,NULL,'1','2018-02-22 16:30:00',NULL,'1'),(160,1,'Planificación y Gestión Financiera y Tributaria','Planificación y Gestión Financiera y Tributaria',1,NULL,'1','2018-02-22 16:30:00',NULL,'1'),(161,1,'Presupuesto y Análisis Financiero','Presupuesto y Análisis Financiero',1,NULL,'1','2018-02-22 16:30:00',NULL,'1'),(162,1,'Top Notch 2','Top Notch 2',1,NULL,'1','2018-02-22 16:30:00',NULL,'1'),(163,1,'Taller de Titulación I','Taller de Titulación I',1,NULL,'1','2018-02-22 16:30:00',NULL,'1'),(164,1,'Taller de Titulación II','Taller de Titulación II',1,NULL,'1','2018-02-22 16:30:00',NULL,'1'),(165,1,'Taller de Titulación III','Taller de Titulación III',1,NULL,'1','2018-02-22 16:30:00',NULL,'1'),(166,1,'Teoría Financiera y Tributaria','Teoría Financiera y Tributaria',1,NULL,'1','2019-02-22 16:30:00',NULL,'1'),(167,1,'Trabajo de Titulación','Trabajo de Titulación',1,NULL,'1','2019-02-22 16:30:00',NULL,'1'),(168,1,'Análisis Cualitativo Aplicado Gestión de Emp Turis','Análisis Cualitativo Aplicado Gestión de Emp Turis',1,NULL,'1','2018-02-22 16:30:00',NULL,'1'),(169,1,'Comunicación Turística','Comunicación Turística',1,NULL,'1','2018-02-22 16:30:00',NULL,'1'),(170,1,'Desarrollo Turístico Sostenible','Desarrollo Turístico Sostenible',1,NULL,'1','2018-02-22 16:30:00',NULL,'1'),(171,1,'Dirección y Gestión de Empresas Turísticas','Dirección y Gestión de Empresas Turísticas',1,NULL,'1','2018-02-22 16:30:00',NULL,'1'),(172,1,'Economía del Turismo','Economía del Turismo',1,NULL,'1','2018-02-22 16:30:00',NULL,'1'),(173,1,'Epistemología de la Administración del Turismo','Epistemología de la Administración del Turismo',1,NULL,'1','2018-02-22 16:30:00',NULL,'1'),(174,1,'Estadística Aplicada a Gestión Empresas Turísticas','Estadística Aplicada a Gestión Empresas Turísticas',1,NULL,'1','2018-02-22 16:30:00',NULL,'1'),(175,1,'Fundamentos Dimensiones y Tendencias del Turismo','Fundamentos Dimensiones y Tendencias del Turismo',1,NULL,'1','2018-02-22 16:30:00',NULL,'1'),(176,1,'Gestión Ambiental del Turismo','Gestión Ambiental del Turismo',1,NULL,'1','2018-02-22 16:30:00',NULL,'1'),(177,1,'Gestión de Alojamiento','Gestión de Alojamiento',1,NULL,'1','2018-02-22 16:30:00',NULL,'1'),(178,1,'Gestión de Destinos Turísticos','Gestión de Destinos Turísticos',1,NULL,'1','2018-02-22 16:30:00',NULL,'1'),(179,1,'Gestión de la Calidad en Empresas Turísticas','Gestión de la Calidad en Empresas Turísticas',1,NULL,'1','2018-02-22 16:30:00',NULL,'1'),(180,1,'Gestión de la Movilidad e Intermediación Turística','Gestión de la Movilidad e Intermediación Turística',1,NULL,'1','2018-02-22 16:30:00',NULL,'1'),(181,1,'Gestión de Recursos y Productos Turísticos','Gestión de Recursos y Productos Turísticos',1,NULL,'1','2018-02-22 16:30:00',NULL,'1'),(182,1,'Gestión de Restauración','Gestión de Restauración',1,NULL,'1','2018-02-22 16:30:00',NULL,'1'),(183,1,'Gestión del Talento Humano','Gestión del Talento Humano',1,NULL,'1','2018-02-22 16:30:00',NULL,'1'),(184,1,'Marketing Turístico','Marketing Turístico',1,NULL,'1','2018-02-22 16:30:00',NULL,'1'),(185,1,'Metodología Investigación Aplicada a Gestión Turis','Metodología Investigación Aplicada a Gestión Turis',1,NULL,'1','2018-02-22 16:30:00',NULL,'1'),(186,1,'Normativas Legales y Jurídicas del Turismo','Normativas Legales y Jurídicas del Turismo',1,NULL,'1','2019-02-22 16:30:00',NULL,'1'),(187,1,'Ocio y Entretenimiento','Ocio y Entretenimiento',1,NULL,'1','2019-02-22 16:30:00',NULL,'1'),(188,1,'Sociología del Turismo y el Ocio','Sociología del Turismo y el Ocio',1,NULL,'1','2018-02-22 16:30:00',NULL,'1'),(189,1,'Top Notch 3','Top Notch 3',1,NULL,'1','2018-02-22 16:30:00',NULL,'1'),(190,1,'Taller de Tesis II','Taller de Tesis II',1,NULL,'1','2018-02-22 16:30:00',NULL,'1'),(191,1,'Taller de Tesis III','Taller de Tesis III',1,NULL,'1','2018-02-22 16:30:00',NULL,'1'),(192,1,'Tendencias Teóricas y Meto. en Admin. Emp. Turi','Tendencias Teóricas y Meto. en Admin. Emp. Turi',1,NULL,'1','2018-02-22 16:30:00',NULL,'1'),(193,1,'Turismo y Patrimonio Cultural','Turismo y Patrimonio Cultural',1,NULL,'1','2018-02-22 16:30:00',NULL,'1'),(194,1,'Cultura, Clima y Cambio Organizacional','Cultura, Clima y Cambio Organizacional',1,NULL,'1','2018-02-22 16:30:00',NULL,'1'),(195,1,'Diseño de Procesos y Puestos','Diseño de Procesos y Puestos',1,NULL,'1','2018-02-22 16:30:00',NULL,'1'),(196,1,'Estrategia Compensación Incentivos Políticas Salar','Estrategia Compensación Incentivos Políticas Salar',1,NULL,'1','2018-02-22 16:30:00',NULL,'1'),(197,1,'Finanzas para la Toma Decisiones','Finanzas para la Toma Decisiones',1,NULL,'1','2018-02-22 16:30:00',NULL,'1'),(198,1,'Gestión de la Seguridad y Salud Ocupacional','Gestión de la Seguridad y Salud Ocupacional',1,NULL,'1','2018-02-22 16:30:00',NULL,'1'),(199,1,'Gestión del Desempeño y Efectividad Organizacional','Gestión del Desempeño y Efectividad Organizacional',1,NULL,'1','2018-02-22 16:30:00',NULL,'1'),(200,1,'Habilidades Directivas','Habilidades Directivas',1,NULL,'1','2018-02-22 16:30:00',NULL,'1'),(201,1,'Legislación Laboral','Legislación Laboral',1,NULL,'1','2018-02-22 16:30:00',NULL,'1'),(202,1,'Método Cualitativos Cuantitativos de Investigación','Método Cualitativos Cuantitativos de Investigación',1,NULL,'1','2018-02-22 16:30:00',NULL,'1'),(203,1,'Método Invest Científica para Ciencias Sociales','Método Invest Científica para Ciencias Sociales',1,NULL,'1','2018-02-22 16:30:00',NULL,'1'),(204,1,'Modelo Gest Talento Humano y Competencia Laboral','Modelo Gest Talento Humano y Competencia Laboral',1,NULL,'1','2018-02-22 16:30:00',NULL,'1'),(205,1,'Planeamiento Estratégico y Gestión del Cambio','Planeamiento Estratégico y Gestión del Cambio',1,NULL,'1','2018-02-22 16:30:00',NULL,'1'),(206,1,'Reclutamiento y Selección de Personas','Reclutamiento y Selección de Personas',1,NULL,'1','2019-02-22 16:30:00',NULL,'1'),(207,1,'Responsabilidad Social Corporativa','Responsabilidad Social Corporativa',1,NULL,'1','2019-02-22 16:30:00',NULL,'1'),(208,1,'Taller de Trabajo de Titulación I','Taller de Trabajo de Titulación I',1,NULL,'1','2018-02-22 16:30:00',NULL,'1'),(209,1,'Taller de Trabajo de Titulación II','Taller de Trabajo de Titulación II',1,NULL,'1','2018-02-22 16:30:00',NULL,'1'),(210,1,'Taller de Trabajo de Titulación III','Taller de Trabajo de Titulación III',1,NULL,'1','2018-02-22 16:30:00',NULL,'1'),(211,1,'Análisis del Entorno para la Toma de Decisiones','Análisis del Entorno para la Toma de Decisiones',1,NULL,'1','2018-02-22 16:30:00',NULL,'1'),(212,1,'Comportamiento del Consumidor','Comportamiento del Consumidor',1,NULL,'1','2018-02-22 16:30:00',NULL,'1'),(213,1,'Comunicaciones Integradas a la Mercadotecnia','Comunicaciones Integradas a la Mercadotecnia',1,NULL,'1','2018-02-22 16:30:00',NULL,'1'),(214,1,'Costos para la Gestión','Costos para la Gestión',1,NULL,'1','2018-02-22 16:30:00',NULL,'1'),(215,1,'Economía Gerencial con Aplicación al Marketing','Economía Gerencial con Aplicación al Marketing',1,NULL,'1','2018-02-22 16:30:00',NULL,'1'),(216,1,'Epistemología de la Mercadotecnia','Epistemología de la Mercadotecnia',1,NULL,'1','2018-02-22 16:30:00',NULL,'1'),(217,1,'Estrategias de Distribución y Logística','Estrategias de Distribución y Logística',1,NULL,'1','2018-02-22 16:30:00',NULL,'1'),(218,1,'Elementary II','Elementary II',1,NULL,'1','2018-02-22 16:30:00',NULL,'1'),(219,1,'Gobierno Corporativo y Responsabilidad Social','Gobierno Corporativo y Responsabilidad Social',1,NULL,'1','2018-02-22 16:30:00',NULL,'1'),(220,1,'Marco Teórico - Conceptual','Marco Teórico - Conceptual',1,NULL,'1','2018-02-22 16:30:00',NULL,'1'),(221,1,'Marketing Estratégico','Marketing Estratégico',1,NULL,'1','2018-02-22 16:30:00',NULL,'1'),(222,1,'Marketing Internacional','Marketing Internacional',1,NULL,'1','2018-02-22 16:30:00',NULL,'1'),(223,1,'Marketing Roi','Marketing Roi',1,NULL,'1','2018-02-22 16:30:00',NULL,'1'),(224,1,'Marketing Social y Político','Marketing Social y Político',1,NULL,'1','2018-02-22 16:30:00',NULL,'1'),(225,1,'Marketing Turístico y de Experiencia','Marketing Turístico y de Experiencia',1,NULL,'1','2018-02-22 16:30:00',NULL,'1'),(226,1,'Metodología de Investigación Cuantitativa Aplicada','Metodología de Investigación Cuantitativa Aplicada',1,NULL,'1','2019-02-22 16:30:00',NULL,'1'),(227,1,'Metodología de Investigación: Cualitativa Aplicad','Metodología de Investigación: Cualitativa Aplicad',1,NULL,'1','2019-02-22 16:30:00',NULL,'1'),(228,1,'Metodología de la Investigación Aplicada al Trabaj','Metodología de la Investigación Aplicada al Trabaj',1,NULL,'1','2018-02-22 16:30:00',NULL,'1'),(229,1,'Políticas de Productos y Servicios','Políticas de Productos y Servicios',1,NULL,'1','2018-02-22 16:30:00',NULL,'1'),(230,1,'Resultados- Propuesta - Conclusiones','Resultados- Propuesta - Conclusiones',1,NULL,'1','2018-02-22 16:30:00',NULL,'1'),(231,1,'Retailing y Merchandising','Retailing y Merchandising',1,NULL,'1','2018-02-22 16:30:00',NULL,'1'),(232,1,'Saberes y Culturas Ancestrales','Saberes y Culturas Ancestrales',1,NULL,'1','2018-02-22 16:30:00',NULL,'1'),(233,1,'Trabajo de Titulación','Trabajo de Titulación',1,NULL,'1','2018-02-22 16:30:00',NULL,'1'),(234,1,'Análisis Del Entorno','Análisis del Entorno',1,NULL,'1','2018-02-22 16:30:00',NULL,'1'),(235,1,'Comercio Electrónico','Comercio Electrónico',1,NULL,'1','2018-02-22 16:30:00',NULL,'1'),(236,1,'Transporte Internacional-2009','Transporte Internacional-2009',1,NULL,'1','2018-02-22 16:30:00',NULL,'1'),(237,1,'Derecho y Etica Profesional','Derecho y Etica Profesional',1,NULL,'1','2018-02-22 16:30:00',NULL,'1'),(238,1,'Desarrollo de Habilidades Gerenciales','Desarrollo de Habilidades Gerenciales',1,NULL,'1','2018-02-22 16:30:00',NULL,'1'),(239,1,'Desarrollo Organizacional','Desarrollo Organizacional',1,NULL,'1','2018-02-22 16:30:00',NULL,'1'),(240,1,'Beginners (Pre-Elementary 1)','Beginners (Pre-Elementary 1)',1,NULL,'1','2018-02-22 16:30:00',NULL,'1'),(241,1,'Fundamentos Dimensiones Tendencias Innovación Tcnl','Fundamentos Dimensiones Tendencias Innovación Tcnl',1,NULL,'1','2018-02-22 16:30:00',NULL,'1'),(242,1,'Gobernanza de TI Riesgos y Cumplimiento Normativo','Gobernanza de TI Riesgos y Cumplimiento Normativo',1,NULL,'1','2018-02-22 16:30:00',NULL,'1'),(243,1,'Interculturalidad Saberes Ancestrales Estudio Gnro','Interculturalidad Saberes Ancestrales Estudio Gnro',1,NULL,'1','2018-02-22 16:30:00',NULL,'1'),(244,1,'Investigación Operaciones Aplicada a Toma Decisión','Investigación Operaciones Aplicada a Toma Decisión',1,NULL,'1','2018-02-22 16:30:00',NULL,'1'),(245,1,'Marketing y Redes Sociales','Marketing y Redes Sociales',1,NULL,'1','2018-02-22 16:30:00',NULL,'1'),(246,1,'Top Notch 1','Top Notch 1',1,NULL,'1','2019-02-22 16:30:00',NULL,'1'),(247,1,'Métodos Estadísticos','Métodos Estadísticos',1,NULL,'1','2019-02-22 16:30:00',NULL,'1'),(248,1,'Movilidad, Internet de las cosas y Big Data','Movilidad, Internet de las cosas y Big Data',1,NULL,'1','2019-02-22 16:30:00',NULL,'1'),(249,1,'Planeación Estratégica','Planeación Estratégica',1,NULL,'1','2019-02-22 16:30:00',NULL,'1'),(250,1,'Proyectos de Sistemas de Información','Proyectos de Sistemas de Información',1,NULL,'1','2019-02-22 16:30:00',NULL,'1'),(251,1,'Seguridad de la Información','Seguridad de la Información',1,NULL,'1','2019-02-22 16:30:00',NULL,'1'),(252,1,'Sistemas de Información Gerencial','Sistemas de Información Gerencial',1,NULL,'1','2019-02-22 16:30:00',NULL,'1'),(253,1,'Summit 1','Summit 1',1,NULL,'1','2019-02-22 16:30:00',NULL,'1'),(254,1,'Taller de Tesis II','Taller de Tesis II',1,NULL,'1','2019-02-22 16:30:00',NULL,'1'),(255,1,'Taller de Tesis III','Taller de Tesis III',1,NULL,'1','2019-02-22 16:30:00',NULL,'1'),(256,1,'Tecnologías Web y Software Libre','Tecnologías Web y Software Libre',1,NULL,'1','2019-02-22 16:30:00',NULL,'1'),(257,1,'Administración de Compensaciones (4C)','Administración de Compensaciones (4C)',1,NULL,'1','2019-09-08 15:30:00',NULL,'1'),(258,1,'Proyecto Empresarial II','Proyecto Empresarial II',1,NULL,'1','2019-09-08 15:30:00',NULL,'1'),(259,1,'Geografía Turística','Geografía Turística',1,NULL,'1','2019-09-08 15:30:00',NULL,'1'),(260,1,'Desarrollo Multimedia I','Desarrollo Multimedia I',1,NULL,'1','2019-09-08 15:30:00',NULL,'1'),(261,1,'Contabilidad II (4C)','Contabilidad II (4C)',1,NULL,'1','2019-09-08 15:30:00',NULL,'1'),(262,1,'Marketing Internacional-2009','Marketing Internacional-2009',1,NULL,'1','2019-09-08 15:30:00',NULL,'1'),(263,1,'Desarrollo Web II-2009','Desarrollo Web II-2009',1,NULL,'1','2019-09-08 15:30:00',NULL,'1'),(264,1,'Sociología del Talento Humano','Sociología del Talento Humano',1,NULL,'1','2019-09-08 15:30:00',NULL,'1'),(265,1,'Estadística I','Estadística I',1,NULL,'1','2019-09-08 15:30:00',NULL,'1'),(266,1,'Epistemología','Epistemología',1,NULL,'1','2019-09-08 15:30:00',NULL,'1'),(267,1,'Cálculo de Varias Variables','Cálculo de Varias Variables',1,NULL,'1','2019-04-12 15:30:00',NULL,'1'),(268,1,'Contabilidad I (4c)','Contabilidad I (4c)',1,NULL,'1','2019-04-12 15:30:00',NULL,'1'),(269,1,'Fundamentos de Comercio Exterior-2009','Fundamentos de Comercio Exterior-2009',1,NULL,'1','2019-04-12 15:30:00',NULL,'1'),(270,1,'Gerencia Operativa (4c)','Gerencia Operativa (4c)',1,NULL,'1','2019-04-12 15:30:00',NULL,'1'),(271,1,'Proyecto Empresarial I-2009','Proyecto Empresarial I-2009',1,NULL,'1','2019-04-12 15:30:00',NULL,'1'),(272,1,'Química General','Química General',1,NULL,'1','2019-04-12 15:30:00',NULL,'1'),(273,1,'Reingeniería en Ventas-2009','Reingeniería en Ventas-2009',1,NULL,'1','2019-04-12 15:30:00',NULL,'1'),(274,1,'Agencia de Viajes I (4C)','Agencia de Viajes I (4C)',1,NULL,'1','2019-04-12 15:30:00',NULL,'1'),(275,1,'Animación y Recreación Turística (4C)','Animación y Recreación Turística (4C)',1,NULL,'1','2019-04-12 15:30:00',NULL,'1'),(276,1,'Auditoría Tributaria I-2009','Auditoría Tributaria I-2009',1,NULL,'1','2019-04-12 15:30:00',NULL,'1'),(277,1,'Auditoría-2009','Auditoría-2009',1,NULL,'1','2019-04-12 15:30:00',NULL,'1'),(278,1,'Coctelería y Bebidas (4C)','Coctelería y Bebidas (4C)',1,NULL,'1','2019-04-12 15:30:00',NULL,'1'),(279,1,'Contratación Internacional-2009','Contratación Internacional-2009',1,NULL,'1','2019-04-12 15:30:00',NULL,'1'),(280,1,'Cultura Organizacional','Cultura Organizacional',1,NULL,'1','2019-09-08 15:30:00',NULL,'1'),(281,1,'Distribución Física Internacional I-2009','Distribución Física Internacional I-2009',1,NULL,'1','2019-04-12 15:30:00',NULL,'1'),(282,1,'Finanzas I','Finanzas I',1,NULL,'1','2019-04-12 15:30:00',NULL,'1'),(283,1,'Investigación de Mercados','Investigación de Mercados',1,NULL,'1','2019-04-12 15:30:00',NULL,'1'),(284,1,'Fundamentals','Fundamentals',1,NULL,'1','2019-04-12 15:30:00',NULL,'1'),(285,1,'Procesos Psicológicos','Procesos Psicológicos',1,NULL,'1','2019-04-12 15:30:00',NULL,'1'),(286,1,'Preparación de Alimentos','Preparación de Alimentos',1,NULL,'1','2019-04-12 15:30:00',NULL,'1'),(287,1,'Programación Visual','Programación Visual',1,NULL,'1','2019-04-12 15:30:00',NULL,'1'),(288,1,'Psicosociología del Turismo (4C)','Psicosociología del Turismo (4C)',1,NULL,'1','2019-04-12 15:30:00',NULL,'1'),(289,1,'Seguridad en Redes de Informática-2009','Seguridad en Redes de Informática-2009',1,NULL,'1','2019-04-12 15:30:00',NULL,'1'),(290,1,'Fundamentos de Software Especializados','Fundamentos de Software Especializados',1,NULL,'1','2019-04-12 15:30:00',NULL,'1'),(291,1,'Teoría Electromagnética','Teoría Electromagnética',1,NULL,'1','2019-04-12 15:30:00',NULL,'1'),(292,1,'Tributación I','Tributación I',1,NULL,'1','2019-04-12 15:30:00',NULL,'1'),(293,1,'Tributación II','Tributación II',1,NULL,'1','2019-04-12 15:30:00',NULL,'1'),(294,1,'Fundamentos de Programación','Fundamentos de Programación',1,NULL,'1','2019-04-12 15:30:00',NULL,'1'),(295,1,'Elaboración de Proyectos de Factibilidad','Elaboración de Proyectos de Factibilidad',1,NULL,'1','2019-04-12 15:30:00',NULL,'1'),(296,1,'Legislación y Derecho Aduanero','Legislación y Derecho Aduanero',1,NULL,'1','2019-04-12 15:30:00',NULL,'1');
/*!40000 ALTER TABLE `asignatura` ENABLE KEYS */;
UNLOCK TABLES;

--
-- Table structure for table `bloque_academico`
--

DROP TABLE IF EXISTS `bloque_academico`;
/*!40101 SET @saved_cs_client     = @@character_set_client */;
/*!40101 SET character_set_client = utf8 */;
CREATE TABLE `bloque_academico` (
  `baca_id` bigint(20) NOT NULL AUTO_INCREMENT,
  `baca_nombre` varchar(300) NOT NULL,
  `baca_descripcion` varchar(300) NOT NULL,
  `baca_usuario_ingreso` bigint(20) NOT NULL,
  `baca_usuario_modifica` bigint(20) DEFAULT NULL,
  `baca_estado` varchar(1) NOT NULL,
  `baca_fecha_creacion` timestamp NOT NULL DEFAULT CURRENT_TIMESTAMP,
  `baca_fecha_modificacion` timestamp NULL DEFAULT NULL,
  `baca_estado_logico` varchar(1) NOT NULL,
  PRIMARY KEY (`baca_id`)
) ENGINE=InnoDB AUTO_INCREMENT=17 DEFAULT CHARSET=utf8;
/*!40101 SET character_set_client = @saved_cs_client */;

--
-- Dumping data for table `bloque_academico`
--

LOCK TABLES `bloque_academico` WRITE;
/*!40000 ALTER TABLE `bloque_academico` DISABLE KEYS */;
INSERT INTO `bloque_academico` VALUES (1,'B1','Abril - Junio',1,1,'1','2018-10-18 00:12:47',NULL,'1'),(2,'B2','Julio - Agosto',1,1,'1','2018-10-18 00:12:47',NULL,'1'),(3,'B2','Enero - Febrero',1,NULL,'1','2019-04-11 20:00:46',NULL,'1'),(4,'B1','Octubre - Diciembre',1,NULL,'1','2019-04-11 20:00:46',NULL,'1'),(5,'Enero','Enero',1,NULL,'1','2019-04-11 20:00:46',NULL,'1'),(6,'Febrero','Febrero',1,NULL,'1','2019-04-11 20:00:46',NULL,'1'),(7,'Marzo','Marzo',1,NULL,'1','2019-04-11 20:00:46',NULL,'1'),(8,'Abril','Abril',1,NULL,'1','2019-04-11 20:00:46',NULL,'1'),(9,'Mayo','Mayo',1,NULL,'1','2019-04-11 20:00:46',NULL,'1'),(10,'Junio','Junio',1,NULL,'1','2019-04-11 20:00:46',NULL,'1'),(11,'Julio','Julio',1,NULL,'1','2019-04-11 20:00:46',NULL,'1'),(12,'Agosto','Agosto',1,NULL,'1','2019-04-11 20:00:46',NULL,'1'),(13,'Septiembre','Septiembre',1,NULL,'1','2019-04-11 20:00:46',NULL,'1'),(14,'Octubre','Octubre',1,NULL,'1','2019-04-11 20:00:46',NULL,'1'),(15,'Noviembre','Noviembre',1,NULL,'1','2019-04-11 20:00:46',NULL,'1'),(16,'Diciembre','Diciembre',1,NULL,'1','2019-04-11 20:00:46',NULL,'1');
/*!40000 ALTER TABLE `bloque_academico` ENABLE KEYS */;
UNLOCK TABLES;

--
-- Table structure for table `distributivo_academico`
--

DROP TABLE IF EXISTS `distributivo_academico`;
/*!40101 SET @saved_cs_client     = @@character_set_client */;
/*!40101 SET character_set_client = utf8 */;
CREATE TABLE `distributivo_academico` (
  `daca_id` bigint(20) NOT NULL AUTO_INCREMENT,
  `peac_id` bigint(20) NOT NULL,
  `pro_id` bigint(20) NOT NULL,
  `dhor_id` bigint(20) NOT NULL,
  `daca_fecha_registro` timestamp NULL DEFAULT NULL,
  `daca_usuario_ingreso` bigint(20) NOT NULL,
  `daca_usuario_modifica` bigint(20) DEFAULT NULL,
  `daca_estado` varchar(1) NOT NULL,
  `daca_fecha_creacion` timestamp NOT NULL DEFAULT CURRENT_TIMESTAMP,
  `daca_fecha_modificacion` timestamp NULL DEFAULT NULL,
  `daca_estado_logico` varchar(1) NOT NULL,
  PRIMARY KEY (`daca_id`),
  KEY `peac_id` (`peac_id`),
  KEY `pro_id` (`pro_id`),
  KEY `dhor_id` (`dhor_id`),
  CONSTRAINT `distributivo_academico_ibfk_1` FOREIGN KEY (`peac_id`) REFERENCES `planificacion_estudio_academico` (`peac_id`),
  CONSTRAINT `distributivo_academico_ibfk_2` FOREIGN KEY (`pro_id`) REFERENCES `profesor` (`pro_id`),
  CONSTRAINT `distributivo_academico_ibfk_3` FOREIGN KEY (`dhor_id`) REFERENCES `distributivo_horario` (`dhor_id`)
) ENGINE=InnoDB DEFAULT CHARSET=utf8;
/*!40101 SET character_set_client = @saved_cs_client */;

--
-- Dumping data for table `distributivo_academico`
--

LOCK TABLES `distributivo_academico` WRITE;
/*!40000 ALTER TABLE `distributivo_academico` DISABLE KEYS */;
/*!40000 ALTER TABLE `distributivo_academico` ENABLE KEYS */;
UNLOCK TABLES;

--
-- Table structure for table `distributivo_horario`
--

DROP TABLE IF EXISTS `distributivo_horario`;
/*!40101 SET @saved_cs_client     = @@character_set_client */;
/*!40101 SET character_set_client = utf8 */;
CREATE TABLE `distributivo_horario` (
  `dhor_id` bigint(20) NOT NULL AUTO_INCREMENT,
  `dia_id` bigint(20) NOT NULL,
  `dhor_hora_inicio` varchar(8) DEFAULT NULL,
  `dhor_hora_fin` varchar(8) DEFAULT NULL,
  `dhor_descripcion` varchar(200) DEFAULT NULL,
  `dhor_usuario_ingreso` bigint(20) NOT NULL,
  `dhor_usuario_modifica` bigint(20) DEFAULT NULL,
  `dhor_fecha_registro` timestamp NULL DEFAULT NULL,
  `dhor_estado` varchar(1) NOT NULL,
  `dhor_fecha_creacion` timestamp NOT NULL DEFAULT CURRENT_TIMESTAMP,
  `dhor_fecha_modificacion` timestamp NULL DEFAULT NULL,
  `dhor_estado_logico` varchar(1) NOT NULL,
  PRIMARY KEY (`dhor_id`)
) ENGINE=InnoDB AUTO_INCREMENT=5 DEFAULT CHARSET=utf8;
/*!40101 SET character_set_client = @saved_cs_client */;

--
-- Dumping data for table `distributivo_horario`
--

LOCK TABLES `distributivo_horario` WRITE;
/*!40000 ALTER TABLE `distributivo_horario` DISABLE KEYS */;
INSERT INTO `distributivo_horario` VALUES (1,1,'07:00','13:00','Matutino',1,NULL,NULL,'1','2018-10-18 00:12:47',NULL,'1'),(2,1,'13:20','18:00','Vespertino',1,NULL,NULL,'1','2018-10-18 00:12:47',NULL,'1'),(3,1,'18:20','22:20','Nocturno',1,NULL,NULL,'1','2018-10-18 00:12:47',NULL,'1'),(4,1,'10:00','17:00','Intensivo',1,NULL,NULL,'1','2018-10-18 00:12:47',NULL,'1');
/*!40000 ALTER TABLE `distributivo_horario` ENABLE KEYS */;
UNLOCK TABLES;

--
-- Table structure for table `estudiante`
--

DROP TABLE IF EXISTS `estudiante`;
/*!40101 SET @saved_cs_client     = @@character_set_client */;
/*!40101 SET character_set_client = utf8 */;
CREATE TABLE `estudiante` (
  `est_id` bigint(20) NOT NULL AUTO_INCREMENT,
  `per_id` bigint(20) NOT NULL,
  `est_usuario_ingreso` bigint(20) NOT NULL,
  `est_usuario_modifica` bigint(20) DEFAULT NULL,
  `est_estado` varchar(1) NOT NULL,
  `est_fecha_creacion` timestamp NOT NULL DEFAULT CURRENT_TIMESTAMP,
  `est_fecha_modificacion` timestamp NULL DEFAULT NULL,
  `est_estado_logico` varchar(1) NOT NULL,
  PRIMARY KEY (`est_id`)
) ENGINE=InnoDB DEFAULT CHARSET=utf8;
/*!40101 SET character_set_client = @saved_cs_client */;

--
-- Dumping data for table `estudiante`
--

LOCK TABLES `estudiante` WRITE;
/*!40000 ALTER TABLE `estudiante` DISABLE KEYS */;
/*!40000 ALTER TABLE `estudiante` ENABLE KEYS */;
UNLOCK TABLES;

--
-- Table structure for table `estudio_academico`
--

DROP TABLE IF EXISTS `estudio_academico`;
/*!40101 SET @saved_cs_client     = @@character_set_client */;
/*!40101 SET character_set_client = utf8 */;
CREATE TABLE `estudio_academico` (
  `eaca_id` bigint(20) NOT NULL AUTO_INCREMENT,
  `teac_id` bigint(20) NOT NULL,
  `eaca_nombre` varchar(300) NOT NULL,
  `eaca_descripcion` varchar(500) NOT NULL,
  `eaca_alias` varchar(300) NOT NULL,
  `eaca_usuario_ingreso` bigint(20) NOT NULL,
  `eaca_usuario_modifica` bigint(20) DEFAULT NULL,
  `eaca_estado` varchar(1) NOT NULL,
  `eaca_fecha_creacion` timestamp NOT NULL DEFAULT CURRENT_TIMESTAMP,
  `eaca_fecha_modificacion` timestamp NULL DEFAULT NULL,
  `eaca_estado_logico` varchar(1) NOT NULL,
  PRIMARY KEY (`eaca_id`),
  KEY `teac_id` (`teac_id`),
  CONSTRAINT `estudio_academico_ibfk_1` FOREIGN KEY (`teac_id`) REFERENCES `tipo_estudio_academico` (`teac_id`)
) ENGINE=InnoDB AUTO_INCREMENT=25 DEFAULT CHARSET=utf8;
/*!40101 SET character_set_client = @saved_cs_client */;

--
-- Dumping data for table `estudio_academico`
--

LOCK TABLES `estudio_academico` WRITE;
/*!40000 ALTER TABLE `estudio_academico` DISABLE KEYS */;
INSERT INTO `estudio_academico` VALUES (1,1,'Licenciatura en Comercio Exterior','Licenciatura en Comercio Exterior','licenciatura_en_comercio_exterior',1,NULL,'1','2017-02-01 21:25:00',NULL,'1'),(2,1,'Economía','Economía','economia',1,NULL,'1','2017-02-01 21:25:00',NULL,'1'),(3,1,'Licenciatura en Finanzas','Licenciatura en Finanzas','licenciatura_en_finanzas',1,NULL,'1','2017-02-01 21:25:00',NULL,'1'),(4,1,'Licenciatura en Mercadotecnia','Licenciatura en Mercadotecnia','licenciatura_en_mercadotecnia',1,NULL,'1','2017-02-01 21:25:00',NULL,'1'),(5,1,'Licenciatura en Turismo','Licenciatura en Turismo','licenciatura_en_turismo',1,NULL,'1','2017-02-01 21:25:00',NULL,'1'),(6,1,'Licenciatura en Administracion de Empresas','Licenciatura en Administracion de Empresas','licenciatura_en_administracion_de_empresas',1,NULL,'1','2017-02-01 21:25:00',NULL,'1'),(7,1,'Ingenieria en Software','Ingenieria en Software','ingenieria_en_software',1,NULL,'1','2017-02-01 21:25:00',NULL,'1'),(8,1,'Ingenieria en Telecomunicaciones','Ingenieria en Telecomunicaciones','ingenieria_en_telecomunicaciones',1,NULL,'1','2017-02-01 21:25:00',NULL,'1'),(9,1,'Licenciatura en Contabilidad y Auditoria','Licenciatura en Contabilidad y Auditoria','licenciatura_en_contabilidad_y_auditoria',1,NULL,'1','2017-02-01 21:25:00',NULL,'1'),(10,1,'Ingenieria en Tecnologias de La Información','Ingenieria en Tecnologias de La Información','Ingenieria_en_tecnologias_de_la_información',1,NULL,'1','2017-02-01 21:25:00',NULL,'1'),(11,1,'Ingenieria en Logística y Transporte','Ingenieria en Logística y Transporte','ingenieria_en_logística_y_transporte',1,NULL,'1','2017-02-01 21:25:00',NULL,'1'),(12,1,'Licenciatura en Comunicación','Licenciatura en Comunicación','licenciatura_en_comunicación',1,NULL,'1','2017-02-01 21:25:00',NULL,'1'),(13,1,'Licenciatura en Gestión y Talento Humano','Licenciatura en Gestión y Talento Humano','licenciatura_en_gestión_y_talento_humano',1,NULL,'1','2017-02-01 21:25:00',NULL,'1'),(14,1,'Licenciatura en Administración Portuaria y Aduanera','Licenciatura en Administración Portuaria y Aduanera','licenciatura_en_administración_portuaria_y_aduanera',1,NULL,'1','2017-02-01 21:25:00',NULL,'1'),(15,2,'Administración de Empresas','Administración de Empresas','administración_de_empresas',1,NULL,'1','2017-02-01 21:25:00',NULL,'1'),(16,2,'Finanzas en con Mención en Tributación','Finanzas en con Mención en Tributación','finanzas',1,NULL,'1','2017-02-01 21:25:00',NULL,'1'),(17,2,'Marketing','Marketing','marketing',1,NULL,'1','2017-02-01 21:25:00',NULL,'1'),(18,2,'Sistema de Información Gerencial','Sistema de Información Gerencial','sistema_de_información_gerencial',1,NULL,'1','2017-02-01 21:25:00',NULL,'1'),(19,2,'Gestión de Empresas Turísticas','Gestión de Empresas Turísticas','turismo',1,NULL,'1','2017-02-01 21:25:00',NULL,'1'),(20,2,'Gestión del Talento Humano','Gestión del Talento Humano','talento_humano',1,NULL,'1','2017-02-01 21:25:00',NULL,'1'),(21,2,'Dirección Estratégica en Empresas Familiares','Dirección Estratégica en Empresas Familiares','empresas_familiares',1,NULL,'1','2017-02-01 21:25:00',NULL,'1'),(22,2,'Gestión en Procesos Organizacionales','Gestión en Procesos Organizacionales','investigación',1,NULL,'1','2017-02-01 21:25:00',NULL,'1'),(23,2,'Negocios Internacionales','Negocios Internacionales','negocios_internacionales',1,NULL,'1','2019-02-11 23:00:00',NULL,'1'),(24,2,'Educación','Educación','educacion',1,NULL,'1','2019-05-31 23:00:00',NULL,'1');
/*!40000 ALTER TABLE `estudio_academico` ENABLE KEYS */;
UNLOCK TABLES;

--
-- Table structure for table `estudio_academico_area_conocimiento`
--

DROP TABLE IF EXISTS `estudio_academico_area_conocimiento`;
/*!40101 SET @saved_cs_client     = @@character_set_client */;
/*!40101 SET character_set_client = utf8 */;
CREATE TABLE `estudio_academico_area_conocimiento` (
  `eaac_id` bigint(20) NOT NULL AUTO_INCREMENT,
  `eaca_id` bigint(20) DEFAULT NULL,
  `mest_id` bigint(20) DEFAULT NULL,
  `acon_id` bigint(20) NOT NULL,
  `eaac_estado` varchar(1) NOT NULL,
  `eaac_fecha_creacion` timestamp NOT NULL DEFAULT CURRENT_TIMESTAMP,
  `eaac_fecha_modificacion` timestamp NULL DEFAULT NULL,
  `eaac_estado_logico` varchar(1) NOT NULL,
  PRIMARY KEY (`eaac_id`),
  KEY `eaca_id` (`eaca_id`),
  KEY `mest_id` (`mest_id`),
  KEY `acon_id` (`acon_id`),
  CONSTRAINT `estudio_academico_area_conocimiento_ibfk_1` FOREIGN KEY (`eaca_id`) REFERENCES `estudio_academico` (`eaca_id`),
  CONSTRAINT `estudio_academico_area_conocimiento_ibfk_2` FOREIGN KEY (`mest_id`) REFERENCES `modulo_estudio` (`mest_id`),
  CONSTRAINT `estudio_academico_area_conocimiento_ibfk_3` FOREIGN KEY (`acon_id`) REFERENCES `area_conocimiento` (`acon_id`)
) ENGINE=InnoDB AUTO_INCREMENT=25 DEFAULT CHARSET=utf8;
/*!40101 SET character_set_client = @saved_cs_client */;

--
-- Dumping data for table `estudio_academico_area_conocimiento`
--

LOCK TABLES `estudio_academico_area_conocimiento` WRITE;
/*!40000 ALTER TABLE `estudio_academico_area_conocimiento` DISABLE KEYS */;
INSERT INTO `estudio_academico_area_conocimiento` VALUES (1,1,NULL,4,'1','2019-01-16 06:22:45',NULL,'1'),(2,2,NULL,4,'1','2019-01-16 06:22:45',NULL,'1'),(3,3,NULL,4,'1','2019-01-16 06:22:45',NULL,'1'),(4,4,NULL,4,'1','2019-01-16 06:22:45',NULL,'1'),(5,5,NULL,9,'1','2019-01-16 06:22:45',NULL,'1'),(6,6,NULL,4,'1','2019-01-16 06:22:45',NULL,'1'),(7,7,NULL,5,'1','2019-01-16 06:22:45',NULL,'1'),(8,8,NULL,6,'1','2019-01-16 06:22:45',NULL,'1'),(9,9,NULL,4,'1','2019-01-16 06:22:45',NULL,'1'),(10,10,NULL,5,'1','2019-01-16 06:22:45',NULL,'1'),(11,11,NULL,9,'1','2019-01-16 06:22:45',NULL,'1'),(12,13,NULL,4,'1','2019-01-16 06:22:45',NULL,'1'),(13,12,NULL,4,'1','2019-03-27 14:20:45',NULL,'1'),(14,14,NULL,6,'1','2019-03-27 14:20:45',NULL,'1'),(15,15,NULL,4,'1','2019-03-27 14:20:45',NULL,'1'),(16,16,NULL,4,'1','2019-03-27 14:20:45',NULL,'1'),(17,17,NULL,4,'1','2019-03-27 14:20:45',NULL,'1'),(18,18,NULL,5,'1','2019-03-27 14:20:45',NULL,'1'),(19,19,NULL,8,'1','2019-03-27 14:20:45',NULL,'1'),(20,20,NULL,3,'1','2019-03-27 14:20:45',NULL,'1'),(21,21,NULL,9,'1','2019-03-27 14:20:45',NULL,'1'),(22,22,NULL,4,'1','2019-03-27 14:20:45',NULL,'1'),(23,23,NULL,10,'1','2019-03-27 14:20:45',NULL,'1'),(24,24,NULL,2,'1','2019-05-27 16:20:45',NULL,'1');
/*!40000 ALTER TABLE `estudio_academico_area_conocimiento` ENABLE KEYS */;
UNLOCK TABLES;

--
-- Table structure for table `formacion_malla_academica`
--

DROP TABLE IF EXISTS `formacion_malla_academica`;
/*!40101 SET @saved_cs_client     = @@character_set_client */;
/*!40101 SET character_set_client = utf8 */;
CREATE TABLE `formacion_malla_academica` (
  `fmac_id` bigint(20) NOT NULL AUTO_INCREMENT,
  `fmac_codigo` varchar(5) NOT NULL,
  `fmac_nombre` varchar(200) NOT NULL,
  `fmac_descripcion` varchar(500) NOT NULL,
  `fmac_usuario_ingreso` bigint(20) NOT NULL,
  `fmac_usuario_modifica` bigint(20) DEFAULT NULL,
  `fmac_estado` varchar(1) NOT NULL,
  `fmac_fecha_creacion` timestamp NOT NULL DEFAULT CURRENT_TIMESTAMP,
  `fmac_fecha_modificacion` timestamp NULL DEFAULT NULL,
  `fmac_estado_logico` varchar(1) NOT NULL,
  PRIMARY KEY (`fmac_id`)
) ENGINE=InnoDB AUTO_INCREMENT=7 DEFAULT CHARSET=utf8;
/*!40101 SET character_set_client = @saved_cs_client */;

--
-- Dumping data for table `formacion_malla_academica`
--

LOCK TABLES `formacion_malla_academica` WRITE;
/*!40000 ALTER TABLE `formacion_malla_academica` DISABLE KEYS */;
INSERT INTO `formacion_malla_academica` VALUES (1,'FT','Fundamentos Teóricos','Fundamentos Teóricos',1,NULL,'1','2018-10-18 00:12:39',NULL,'1'),(2,'PP','Praxis Profesional','Praxis Profesional',1,NULL,'1','2018-10-18 00:12:39',NULL,'1'),(3,'EMI','Epistemología y Metodología de la Investigación','Epistemología y Metodología de la Investigación',1,NULL,'1','2018-10-18 00:12:39',NULL,'1'),(4,'ISSC','Integración de Saberes, Contexto y Cultura','Integración de Saberes, Contexto y Cultura',1,NULL,'1','2018-10-18 00:12:39',NULL,'1'),(5,'CL','Comunicación y Lenguaje','Comunicación y Lenguaje',1,NULL,'1','2018-10-18 00:12:39',NULL,'1'),(6,'CN','Can','Can',1,NULL,'1','2018-10-18 00:12:39',NULL,'1');
/*!40000 ALTER TABLE `formacion_malla_academica` ENABLE KEYS */;
UNLOCK TABLES;

--
-- Table structure for table `horario_asignatura_periodo`
--

DROP TABLE IF EXISTS `horario_asignatura_periodo`;
/*!40101 SET @saved_cs_client     = @@character_set_client */;
/*!40101 SET character_set_client = utf8 */;
CREATE TABLE `horario_asignatura_periodo` (
  `hape_id` bigint(20) NOT NULL AUTO_INCREMENT,
  `asi_id` bigint(20) NOT NULL,
  `paca_id` bigint(20) NOT NULL,
  `pro_id` bigint(20) NOT NULL,
  `uaca_id` bigint(20) NOT NULL,
  `mod_id` bigint(20) NOT NULL,
  `dia_id` bigint(20) NOT NULL,
  `hape_fecha_clase` timestamp NULL DEFAULT NULL,
  `hape_hora_entrada` varchar(10) NOT NULL,
  `hape_hora_salida` varchar(10) NOT NULL,
  `hape_estado` varchar(1) NOT NULL,
  `hape_fecha_creacion` timestamp NOT NULL DEFAULT CURRENT_TIMESTAMP,
  `hape_fecha_modificacion` timestamp NULL DEFAULT NULL,
  `hape_estado_logico` varchar(1) NOT NULL,
  PRIMARY KEY (`hape_id`),
  KEY `asi_id` (`asi_id`),
  KEY `paca_id` (`paca_id`),
  KEY `pro_id` (`pro_id`),
  KEY `uaca_id` (`uaca_id`),
  KEY `mod_id` (`mod_id`),
  CONSTRAINT `horario_asignatura_periodo_ibfk_1` FOREIGN KEY (`asi_id`) REFERENCES `asignatura` (`asi_id`),
  CONSTRAINT `horario_asignatura_periodo_ibfk_2` FOREIGN KEY (`paca_id`) REFERENCES `periodo_academico` (`paca_id`),
  CONSTRAINT `horario_asignatura_periodo_ibfk_3` FOREIGN KEY (`pro_id`) REFERENCES `profesor` (`pro_id`),
  CONSTRAINT `horario_asignatura_periodo_ibfk_4` FOREIGN KEY (`uaca_id`) REFERENCES `unidad_academica` (`uaca_id`),
  CONSTRAINT `horario_asignatura_periodo_ibfk_5` FOREIGN KEY (`mod_id`) REFERENCES `modalidad` (`mod_id`)
) ENGINE=InnoDB AUTO_INCREMENT=634 DEFAULT CHARSET=utf8;
/*!40101 SET character_set_client = @saved_cs_client */;

--
-- Dumping data for table `horario_asignatura_periodo`
--

LOCK TABLES `horario_asignatura_periodo` WRITE;
/*!40000 ALTER TABLE `horario_asignatura_periodo` DISABLE KEYS */;
INSERT INTO `horario_asignatura_periodo` VALUES (1,257,1,11,1,3,6,NULL,'07:15:00','10:15:00','1','2019-04-11 20:22:01',NULL,'1'),(2,258,1,7,1,3,6,NULL,'07:15:00','10:15:00','1','2019-04-11 20:22:01',NULL,'1'),(3,62,1,2,1,3,6,NULL,'07:15:00','10:15:00','1','2019-04-11 20:22:01',NULL,'1'),(4,74,1,9,1,3,6,NULL,'10:30:00','13:30:00','1','2019-04-11 20:22:01',NULL,'1'),(5,260,1,2,1,3,6,NULL,'10:30:00','13:30:00','1','2019-04-11 20:22:01',NULL,'1'),(6,261,1,4,1,3,6,NULL,'10:30:00','13:30:00','1','2019-04-11 20:22:01',NULL,'1'),(7,262,1,11,1,3,6,NULL,'10:30:00','13:30:00','1','2019-04-11 20:22:01',NULL,'1'),(8,93,1,5,1,3,6,NULL,'10:30:00','13:30:00','1','2019-04-11 20:22:01',NULL,'1'),(9,263,1,6,1,3,6,NULL,'14:30:00','17:30:00','1','2019-04-11 20:22:02',NULL,'1'),(10,71,1,1,1,4,6,'2019-04-13 09:00:00','08:15:00','10:15:00','1','2019-04-11 20:22:02',NULL,'1'),(11,266,1,8,1,4,6,'2019-04-13 09:00:00','08:15:00','10:15:00','1','2019-04-11 20:22:02',NULL,'1'),(12,264,1,9,1,4,6,'2019-04-13 09:00:00','08:15:00','10:15:00','1','2019-04-11 20:22:02',NULL,'1'),(13,265,1,10,1,4,6,'2019-04-13 09:00:00','10:30:00','12:30:00','1','2019-04-11 20:22:02',NULL,'1'),(14,50,1,7,1,4,6,'2019-04-13 09:00:00','10:30:00','12:30:00','1','2019-04-11 20:22:02',NULL,'1'),(15,72,1,3,1,4,6,'2019-04-13 09:00:00','13:30:00','15:30:00','1','2019-04-11 20:22:02',NULL,'1'),(16,22,1,4,1,4,6,'2019-04-13 09:00:00','13:30:00','15:30:00','1','2019-04-11 20:22:02',NULL,'1'),(17,92,1,5,1,4,6,'2019-04-13 09:00:00','13:30:00','15:30:00','1','2019-04-11 20:22:02',NULL,'1'),(18,39,1,12,1,4,6,'2019-04-13 09:00:00','13:30:00','15:30:00','1','2019-04-11 20:22:02',NULL,'1'),(19,267,1,47,1,2,1,NULL,'11:00:00','13:00:00','1','2019-04-13 01:20:57',NULL,'1'),(20,267,1,47,1,2,2,NULL,'11:00:00','13:00:00','1','2019-04-13 01:20:58',NULL,'1'),(21,267,1,47,1,2,4,NULL,'11:00:00','13:00:00','1','2019-04-13 01:20:58',NULL,'1'),(22,268,1,50,1,2,1,NULL,'09:00:00','11:00:00','1','2019-04-13 01:20:58',NULL,'1'),(23,268,1,50,1,2,2,NULL,'09:00:00','11:00:00','1','2019-04-13 01:20:59',NULL,'1'),(24,268,1,50,1,2,4,NULL,'09:00:00','11:00:00','1','2019-04-13 01:20:59',NULL,'1'),(25,38,1,48,1,2,1,NULL,'11:00:00','13:00:00','1','2019-04-13 01:20:59',NULL,'1'),(26,38,1,48,1,2,2,NULL,'11:00:00','13:00:00','1','2019-04-13 01:20:59',NULL,'1'),(27,38,1,48,1,2,4,NULL,'11:00:00','13:00:00','1','2019-04-13 01:20:59',NULL,'1'),(28,39,1,38,1,2,3,NULL,'09:00:00','12:00:00','1','2019-04-13 01:20:59',NULL,'1'),(29,269,1,24,1,2,1,NULL,'13:30:00','15:30:00','1','2019-04-13 01:21:00',NULL,'1'),(30,269,1,24,1,2,2,NULL,'13:30:00','15:30:00','1','2019-04-13 01:21:00',NULL,'1'),(31,269,1,24,1,2,4,NULL,'13:30:00','15:30:00','1','2019-04-13 01:21:00',NULL,'1'),(32,52,1,51,1,2,1,NULL,'13:30:00','15:30:00','1','2019-04-13 01:21:01',NULL,'1'),(33,52,1,51,1,2,2,NULL,'13:30:00','15:30:00','1','2019-04-13 01:21:01',NULL,'1'),(34,52,1,51,1,2,4,NULL,'13:30:00','15:30:00','1','2019-04-13 01:21:01',NULL,'1'),(35,294,1,6,1,2,1,NULL,'09:00:00','11:00:00','1','2019-04-13 01:21:01',NULL,'1'),(36,294,1,6,1,2,2,NULL,'09:00:00','11:00:00','1','2019-04-13 01:21:01',NULL,'1'),(37,294,1,6,1,2,4,NULL,'09:00:00','11:00:00','1','2019-04-13 01:21:01',NULL,'1'),(38,270,1,39,1,2,1,NULL,'09:00:00','11:00:00','1','2019-04-13 01:21:01',NULL,'1'),(39,270,1,39,1,2,2,NULL,'09:00:00','11:00:00','1','2019-04-13 01:21:01',NULL,'1'),(40,270,1,39,1,2,4,NULL,'09:00:00','11:00:00','1','2019-04-13 01:21:01',NULL,'1'),(41,62,1,10,1,2,1,NULL,'11:00:00','13:00:00','1','2019-04-13 01:21:01',NULL,'1'),(42,62,1,10,1,2,2,NULL,'11:00:00','13:00:00','1','2019-04-13 01:21:01',NULL,'1'),(43,62,1,10,1,2,4,NULL,'11:00:00','13:00:00','1','2019-04-13 01:21:01',NULL,'1'),(44,71,1,1,1,2,1,NULL,'11:00:00','13:00:00','1','2019-04-13 01:21:01',NULL,'1'),(45,71,1,1,1,2,2,NULL,'11:00:00','13:00:00','1','2019-04-13 01:21:01',NULL,'1'),(46,71,1,1,1,2,4,NULL,'11:00:00','13:00:00','1','2019-04-13 01:21:01',NULL,'1'),(47,72,1,3,1,2,1,NULL,'11:00:00','13:00:00','1','2019-04-13 01:21:02',NULL,'1'),(48,72,1,3,1,2,2,NULL,'11:00:00','13:00:00','1','2019-04-13 01:21:02',NULL,'1'),(49,72,1,3,1,2,4,NULL,'11:00:00','13:00:00','1','2019-04-13 01:21:02',NULL,'1'),(50,75,1,40,1,2,1,NULL,'11:00:00','13:00:00','1','2019-04-13 01:21:02',NULL,'1'),(51,75,1,40,1,2,2,NULL,'11:00:00','13:00:00','1','2019-04-13 01:21:02',NULL,'1'),(52,75,1,40,1,2,4,NULL,'11:00:00','13:00:00','1','2019-04-13 01:21:02',NULL,'1'),(53,76,1,30,1,2,1,NULL,'09:00:00','11:00:00','1','2019-04-13 01:21:02',NULL,'1'),(54,76,1,30,1,2,2,NULL,'09:00:00','11:00:00','1','2019-04-13 01:21:02',NULL,'1'),(55,76,1,30,1,2,4,NULL,'09:00:00','11:00:00','1','2019-04-13 01:21:02',NULL,'1'),(56,82,1,22,1,2,1,NULL,'11:00:00','13:00:00','1','2019-04-13 01:21:02',NULL,'1'),(57,82,1,22,1,2,1,NULL,'11:00:00','13:00:00','1','2019-04-13 01:21:02',NULL,'1'),(58,82,1,22,1,2,2,NULL,'11:00:00','13:00:00','1','2019-04-13 01:21:02',NULL,'1'),(59,82,1,22,1,2,4,NULL,'11:00:00','13:00:00','1','2019-04-13 01:21:02',NULL,'1'),(60,271,1,7,1,2,1,NULL,'09:00:00','11:00:00','1','2019-04-13 01:21:02',NULL,'1'),(61,271,1,7,1,2,2,NULL,'09:00:00','11:00:00','1','2019-04-13 01:21:02',NULL,'1'),(62,271,1,7,1,2,4,NULL,'09:00:00','11:00:00','1','2019-04-13 01:21:02',NULL,'1'),(63,272,1,14,1,2,2,NULL,'13:30:00','16:30:00','1','2019-04-13 01:21:02',NULL,'1'),(64,272,1,14,1,2,5,NULL,'13:30:00','16:30:00','1','2019-04-13 01:21:02',NULL,'1'),(65,101,1,26,1,2,1,NULL,'13:30:00','15:30:00','1','2019-04-13 01:21:02',NULL,'1'),(66,101,1,26,1,2,2,NULL,'13:30:00','15:30:00','1','2019-04-13 01:21:02',NULL,'1'),(67,101,1,26,1,2,4,NULL,'13:30:00','15:30:00','1','2019-04-13 01:21:03',NULL,'1'),(68,102,1,41,1,2,1,NULL,'09:00:00','11:00:00','1','2019-04-13 01:21:03',NULL,'1'),(69,102,1,41,1,2,2,NULL,'09:00:00','11:00:00','1','2019-04-13 01:21:03',NULL,'1'),(70,102,1,41,1,2,4,NULL,'09:00:00','11:00:00','1','2019-04-13 01:21:03',NULL,'1'),(71,129,1,42,1,2,3,NULL,'18:20:00','21:20:00','1','2019-04-13 01:21:03',NULL,'1'),(72,129,1,42,1,2,5,NULL,'18:20:00','21:20:00','1','2019-04-13 01:21:04',NULL,'1'),(73,274,1,12,1,2,3,NULL,'18:20:00','21:20:00','1','2019-04-13 01:21:04',NULL,'1'),(74,274,1,12,1,2,5,NULL,'18:20:00','21:20:00','1','2019-04-13 01:21:05',NULL,'1'),(75,275,1,12,1,2,1,NULL,'20:20:00','22:20:00','1','2019-04-13 01:21:05',NULL,'1'),(76,275,1,12,1,2,2,NULL,'20:20:00','22:20:00','1','2019-04-13 01:21:05',NULL,'1'),(77,275,1,12,1,2,4,NULL,'20:20:00','22:20:00','1','2019-04-13 01:21:05',NULL,'1'),(78,276,1,20,1,2,3,NULL,'18:20:00','21:20:00','1','2019-04-13 01:21:05',NULL,'1'),(79,276,1,20,1,2,5,NULL,'18:20:00','21:20:00','1','2019-04-13 01:21:05',NULL,'1'),(80,277,1,33,1,2,1,NULL,'18:20:00','20:20:00','1','2019-04-13 01:21:05',NULL,'1'),(81,277,1,33,1,2,2,NULL,'18:20:00','20:20:00','1','2019-04-13 01:21:05',NULL,'1'),(82,277,1,33,1,2,4,NULL,'18:20:00','20:20:00','1','2019-04-13 01:21:05',NULL,'1'),(83,278,1,29,1,2,1,NULL,'18:20:00','20:20:00','1','2019-04-13 01:21:05',NULL,'1'),(84,278,1,29,1,2,2,NULL,'18:20:00','20:20:00','1','2019-04-13 01:21:05',NULL,'1'),(85,278,1,29,1,2,4,NULL,'18:20:00','20:20:00','1','2019-04-13 01:21:05',NULL,'1'),(86,102,1,26,1,2,1,NULL,'18:20:00','20:20:00','1','2019-04-13 01:21:05',NULL,'1'),(87,102,1,26,1,2,2,NULL,'18:20:00','20:20:00','1','2019-04-13 01:21:06',NULL,'1'),(88,102,1,26,1,2,4,NULL,'18:20:00','20:20:00','1','2019-04-13 01:21:06',NULL,'1'),(89,268,1,32,1,2,1,NULL,'18:20:00','20:20:00','1','2019-04-13 01:21:06',NULL,'1'),(90,268,1,32,1,2,2,NULL,'18:20:00','20:20:00','1','2019-04-13 01:21:06',NULL,'1'),(91,268,1,32,1,2,4,NULL,'18:20:00','20:20:00','1','2019-04-13 01:21:06',NULL,'1'),(92,279,1,16,1,2,3,NULL,'18:20:00','21:20:00','1','2019-04-13 01:21:06',NULL,'1'),(93,279,1,16,1,2,5,NULL,'18:20:00','21:20:00','1','2019-04-13 01:21:06',NULL,'1'),(94,280,1,23,1,2,1,NULL,'20:20:00','22:20:00','1','2019-04-13 01:21:06',NULL,'1'),(95,280,1,23,1,2,2,NULL,'20:20:00','22:20:00','1','2019-04-13 01:21:06',NULL,'1'),(96,280,1,23,1,2,4,NULL,'20:20:00','22:20:00','1','2019-04-13 01:21:06',NULL,'1'),(97,281,1,54,1,2,1,NULL,'20:20:00','22:20:00','1','2019-04-13 01:21:06',NULL,'1'),(98,281,1,54,1,2,2,NULL,'20:20:00','22:20:00','1','2019-04-13 01:21:06',NULL,'1'),(99,281,1,54,1,2,4,NULL,'20:20:00','22:20:00','1','2019-04-13 01:21:06',NULL,'1'),(100,295,1,19,1,2,1,NULL,'18:20:00','20:20:00','1','2019-04-13 01:21:06',NULL,'1'),(101,295,1,19,1,2,2,NULL,'18:20:00','20:20:00','1','2019-04-13 01:21:06',NULL,'1'),(102,295,1,19,1,2,4,NULL,'18:20:00','20:20:00','1','2019-04-13 01:21:06',NULL,'1'),(103,38,1,27,1,2,1,NULL,'20:20:00','22:20:00','1','2019-04-13 01:21:07',NULL,'1'),(104,38,1,27,1,2,2,NULL,'20:20:00','22:20:00','1','2019-04-13 01:21:07',NULL,'1'),(105,38,1,27,1,2,4,NULL,'20:20:00','22:20:00','1','2019-04-13 01:21:07',NULL,'1'),(106,39,1,38,1,2,3,NULL,'18:20:00','21:20:00','1','2019-04-13 01:21:07',NULL,'1'),(107,39,1,38,1,2,5,NULL,'18:20:00','21:20:00','1','2019-04-13 01:21:07',NULL,'1'),(108,282,1,28,1,2,1,NULL,'20:20:00','22:20:00','1','2019-04-13 01:21:07',NULL,'1'),(109,282,1,28,1,2,2,NULL,'20:20:00','22:20:00','1','2019-04-13 01:21:07',NULL,'1'),(110,282,1,28,1,2,4,NULL,'20:20:00','22:20:00','1','2019-04-13 01:21:07',NULL,'1'),(111,282,1,33,1,2,1,NULL,'20:20:00','22:20:00','1','2019-04-13 01:21:07',NULL,'1'),(112,282,1,33,1,2,2,NULL,'20:20:00','22:20:00','1','2019-04-13 01:21:07',NULL,'1'),(113,282,1,33,1,2,4,NULL,'20:20:00','22:20:00','1','2019-04-13 01:21:07',NULL,'1'),(114,269,1,21,1,2,3,NULL,'18:20:00','21:20:00','1','2019-04-13 01:21:08',NULL,'1'),(115,269,1,21,1,2,5,NULL,'18:20:00','21:20:00','1','2019-04-13 01:21:08',NULL,'1'),(116,52,1,51,1,2,3,NULL,'18:20:00','21:20:00','1','2019-04-13 01:21:08',NULL,'1'),(117,52,1,51,1,2,5,NULL,'18:20:00','21:20:00','1','2019-04-13 01:21:08',NULL,'1'),(118,270,1,28,1,2,1,NULL,'18:20:00','20:20:00','1','2019-04-13 01:21:08',NULL,'1'),(119,270,1,28,1,2,2,NULL,'18:20:00','20:20:00','1','2019-04-13 01:21:08',NULL,'1'),(120,270,1,28,1,2,4,NULL,'18:20:00','20:20:00','1','2019-04-13 01:21:08',NULL,'1'),(121,54,1,17,1,2,3,NULL,'18:20:00','21:20:00','1','2019-04-13 01:21:08',NULL,'1'),(122,54,1,17,1,2,5,NULL,'18:20:00','21:20:00','1','2019-04-13 01:21:08',NULL,'1'),(123,58,1,44,1,2,1,NULL,'18:20:00','20:20:00','1','2019-04-13 01:21:08',NULL,'1'),(124,58,1,44,1,2,2,NULL,'18:20:00','20:20:00','1','2019-04-13 01:21:08',NULL,'1'),(125,58,1,44,1,2,4,NULL,'18:20:00','20:20:00','1','2019-04-13 01:21:08',NULL,'1'),(126,62,1,2,1,2,1,NULL,'20:20:00','22:20:00','1','2019-04-13 01:21:08',NULL,'1'),(127,62,1,2,1,2,2,NULL,'20:20:00','22:20:00','1','2019-04-13 01:21:08',NULL,'1'),(128,62,1,2,1,2,4,NULL,'20:20:00','22:20:00','1','2019-04-13 01:21:08',NULL,'1'),(129,283,1,37,1,2,1,NULL,'20:20:00','22:20:00','1','2019-04-13 01:21:09',NULL,'1'),(130,283,1,37,1,2,2,NULL,'20:20:00','22:20:00','1','2019-04-13 01:21:09',NULL,'1'),(131,283,1,37,1,2,4,NULL,'20:20:00','22:20:00','1','2019-04-13 01:21:09',NULL,'1'),(132,296,1,24,1,2,1,NULL,'18:20:00','20:20:00','1','2019-04-13 01:21:09',NULL,'1'),(133,296,1,24,1,2,2,NULL,'18:20:00','20:20:00','1','2019-04-13 01:21:09',NULL,'1'),(134,296,1,24,1,2,4,NULL,'18:20:00','20:20:00','1','2019-04-13 01:21:09',NULL,'1'),(135,64,1,49,1,2,2,NULL,'18:20:00','20:20:00','1','2019-04-13 01:21:09',NULL,'1'),(136,64,1,49,1,2,4,NULL,'18:20:00','20:20:00','1','2019-04-13 01:21:09',NULL,'1'),(137,64,1,49,1,2,5,NULL,'18:20:00','20:20:00','1','2019-04-13 01:21:09',NULL,'1'),(138,72,1,34,1,2,1,NULL,'20:20:00','22:20:00','1','2019-04-13 01:21:10',NULL,'1'),(139,72,1,34,1,2,2,NULL,'20:20:00','22:20:00','1','2019-04-13 01:21:10',NULL,'1'),(140,72,1,34,1,2,4,NULL,'20:20:00','22:20:00','1','2019-04-13 01:21:10',NULL,'1'),(141,121,1,15,1,2,1,NULL,'20:20:00','22:20:00','1','2019-04-13 01:21:10',NULL,'1'),(142,121,1,15,1,2,2,NULL,'20:20:00','22:20:00','1','2019-04-13 01:21:10',NULL,'1'),(143,121,1,15,1,2,4,NULL,'20:20:00','22:20:00','1','2019-04-13 01:21:10',NULL,'1'),(144,76,1,30,1,2,1,NULL,'18:20:00','20:20:00','1','2019-04-13 01:21:10',NULL,'1'),(145,76,1,30,1,2,2,NULL,'18:20:00','20:20:00','1','2019-04-13 01:21:10',NULL,'1'),(146,76,1,30,1,2,4,NULL,'18:20:00','20:20:00','1','2019-04-13 01:21:10',NULL,'1'),(147,82,1,45,1,2,1,NULL,'20:20:00','22:20:00','1','2019-04-13 01:21:10',NULL,'1'),(148,82,1,45,1,2,2,NULL,'20:20:00','22:20:00','1','2019-04-13 01:21:11',NULL,'1'),(149,82,1,45,1,2,4,NULL,'20:20:00','22:20:00','1','2019-04-13 01:21:11',NULL,'1'),(150,286,1,52,1,2,3,NULL,'18:20:00','21:20:00','1','2019-04-13 01:21:11',NULL,'1'),(151,286,1,52,1,2,5,NULL,'18:20:00','21:20:00','1','2019-04-13 01:21:11',NULL,'1'),(152,89,1,36,1,2,1,NULL,'18:20:00','20:20:00','1','2019-04-13 01:21:11',NULL,'1'),(153,89,1,36,1,2,2,NULL,'18:20:00','20:20:00','1','2019-04-13 01:21:11',NULL,'1'),(154,89,1,36,1,2,4,NULL,'18:20:00','20:20:00','1','2019-04-13 01:21:11',NULL,'1'),(155,287,1,6,1,2,3,NULL,'18:20:00','21:20:00','1','2019-04-13 01:21:11',NULL,'1'),(156,287,1,6,1,2,5,NULL,'18:20:00','21:20:00','1','2019-04-13 01:21:12',NULL,'1'),(157,271,1,52,1,2,1,NULL,'18:20:00','20:20:00','1','2019-04-13 01:21:12',NULL,'1'),(158,271,1,52,1,2,2,NULL,'18:20:00','20:20:00','1','2019-04-13 01:21:12',NULL,'1'),(159,271,1,52,1,2,4,NULL,'18:20:00','20:20:00','1','2019-04-13 01:21:12',NULL,'1'),(160,92,1,5,1,2,1,NULL,'18:20:00','20:20:00','1','2019-04-13 01:21:12',NULL,'1'),(161,92,1,5,1,2,2,NULL,'18:20:00','20:20:00','1','2019-04-13 01:21:12',NULL,'1'),(162,92,1,5,1,2,4,NULL,'18:20:00','20:20:00','1','2019-04-13 01:21:12',NULL,'1'),(163,288,1,13,1,2,1,NULL,'20:20:00','22:20:00','1','2019-04-13 01:21:12',NULL,'1'),(164,288,1,13,1,2,2,NULL,'20:20:00','22:20:00','1','2019-04-13 01:21:12',NULL,'1'),(165,288,1,13,1,2,4,NULL,'20:20:00','22:20:00','1','2019-04-13 01:21:12',NULL,'1'),(166,289,1,18,1,2,1,NULL,'20:20:00','22:20:00','1','2019-04-13 01:21:12',NULL,'1'),(167,289,1,18,1,2,2,NULL,'20:20:00','22:20:00','1','2019-04-13 01:21:13',NULL,'1'),(168,289,1,18,1,2,4,NULL,'20:20:00','22:20:00','1','2019-04-13 01:21:13',NULL,'1'),(169,264,1,31,1,2,3,NULL,'18:20:00','21:20:00','1','2019-04-13 01:21:13',NULL,'1'),(170,264,1,31,1,2,5,NULL,'18:20:00','21:20:00','1','2019-04-13 01:21:13',NULL,'1'),(171,101,1,35,1,2,3,NULL,'18:20:00','21:20:00','1','2019-04-13 01:21:13',NULL,'1'),(172,101,1,35,1,2,5,NULL,'18:20:00','21:20:00','1','2019-04-13 01:21:13',NULL,'1'),(173,291,1,46,1,2,3,NULL,'18:20:00','21:20:00','1','2019-04-13 01:21:13',NULL,'1'),(174,291,1,46,1,2,5,NULL,'18:20:00','21:20:00','1','2019-04-13 01:21:13',NULL,'1'),(175,292,1,25,1,2,1,NULL,'18:20:00','20:20:00','1','2019-04-13 01:21:14',NULL,'1'),(176,292,1,25,1,2,2,NULL,'18:20:00','20:20:00','1','2019-04-13 01:21:14',NULL,'1'),(177,292,1,25,1,2,4,NULL,'18:20:00','20:20:00','1','2019-04-13 01:21:14',NULL,'1'),(178,293,1,25,1,2,1,NULL,'20:20:00','22:20:00','1','2019-04-13 01:21:14',NULL,'1'),(179,293,1,25,1,2,2,NULL,'20:20:00','22:20:00','1','2019-04-13 01:21:14',NULL,'1'),(180,293,1,25,1,2,4,NULL,'20:20:00','22:20:00','1','2019-04-13 01:21:14',NULL,'1'),(181,71,1,1,1,4,6,'2019-04-27 09:00:00','08:15:00','10:15:00','1','2019-04-13 07:01:14',NULL,'1'),(182,71,1,1,1,4,6,'2019-05-11 09:00:00','08:15:00','10:15:00','1','2019-04-13 07:01:14',NULL,'1'),(183,71,1,1,1,4,6,'2019-06-01 09:00:00','08:15:00','10:15:00','1','2019-04-13 07:01:14',NULL,'1'),(184,71,1,1,1,4,6,'2019-08-08 09:00:00','08:15:00','10:15:00','1','2019-04-13 07:01:14',NULL,'1'),(185,71,1,1,1,4,6,'2019-06-22 09:00:00','08:15:00','10:15:00','1','2019-04-13 07:01:14',NULL,'1'),(186,71,1,1,1,4,6,'2019-06-29 09:00:00','08:15:00','10:15:00','1','2019-04-13 07:01:14',NULL,'1'),(187,266,1,8,1,4,6,'2019-04-27 09:00:00','08:15:00','10:15:00','1','2019-04-13 07:01:14',NULL,'1'),(188,266,1,8,1,4,6,'2019-05-11 09:00:00','08:15:00','10:15:00','1','2019-04-13 07:01:14',NULL,'1'),(189,266,1,8,1,4,6,'2019-06-01 09:00:00','08:15:00','10:15:00','1','2019-04-13 07:01:14',NULL,'1'),(190,266,1,8,1,4,6,'2019-08-08 09:00:00','08:15:00','10:15:00','1','2019-04-13 07:01:15',NULL,'1'),(191,266,1,8,1,4,6,'2019-06-22 09:00:00','08:15:00','10:15:00','1','2019-04-13 07:01:15',NULL,'1'),(192,266,1,8,1,4,6,'2019-06-29 09:00:00','08:15:00','10:15:00','1','2019-04-13 07:01:15',NULL,'1'),(193,264,1,9,1,4,6,'2019-04-27 09:00:00','08:15:00','10:15:00','1','2019-04-13 07:01:15',NULL,'1'),(194,264,1,9,1,4,6,'2019-05-11 09:00:00','08:15:00','10:15:00','1','2019-04-13 07:01:15',NULL,'1'),(195,264,1,9,1,4,6,'2019-06-01 09:00:00','08:15:00','10:15:00','1','2019-04-13 07:01:15',NULL,'1'),(196,264,1,9,1,4,6,'2019-08-08 09:00:00','08:15:00','10:15:00','1','2019-04-13 07:01:15',NULL,'1'),(197,264,1,9,1,4,6,'2019-06-22 09:00:00','08:15:00','10:15:00','1','2019-04-13 07:01:15',NULL,'1'),(198,264,1,9,1,4,6,'2019-06-29 09:00:00','08:15:00','10:15:00','1','2019-04-13 07:01:15',NULL,'1'),(199,265,1,10,1,4,6,'2019-04-27 09:00:00','10:30:00','12:30:00','1','2019-04-13 07:01:15',NULL,'1'),(200,265,1,10,1,4,6,'2019-05-11 09:00:00','10:30:00','12:30:00','1','2019-04-13 07:01:15',NULL,'1'),(201,265,1,10,1,4,6,'2019-06-01 09:00:00','10:30:00','12:30:00','1','2019-04-13 07:01:15',NULL,'1'),(202,265,1,10,1,4,6,'2019-08-08 09:00:00','10:30:00','12:30:00','1','2019-04-13 07:01:15',NULL,'1'),(203,265,1,10,1,4,6,'2019-06-22 09:00:00','10:30:00','12:30:00','1','2019-04-13 07:01:15',NULL,'1'),(204,265,1,10,1,4,6,'2019-06-29 09:00:00','10:30:00','12:30:00','1','2019-04-13 07:01:15',NULL,'1'),(205,50,1,7,1,4,6,'2019-04-27 09:00:00','10:30:00','12:30:00','1','2019-04-13 07:01:15',NULL,'1'),(206,50,1,7,1,4,6,'2019-05-11 09:00:00','10:30:00','12:30:00','1','2019-04-13 07:01:15',NULL,'1'),(207,50,1,7,1,4,6,'2019-06-01 09:00:00','10:30:00','12:30:00','1','2019-04-13 07:01:15',NULL,'1'),(208,50,1,7,1,4,6,'2019-08-08 09:00:00','10:30:00','12:30:00','1','2019-04-13 07:01:15',NULL,'1'),(209,50,1,7,1,4,6,'2019-06-22 09:00:00','10:30:00','12:30:00','1','2019-04-13 07:01:15',NULL,'1'),(210,50,1,7,1,4,6,'2019-06-29 09:00:00','10:30:00','12:30:00','1','2019-04-13 07:01:15',NULL,'1'),(211,72,1,3,1,4,6,'2019-04-27 09:00:00','13:30:00','15:30:00','1','2019-04-13 07:01:15',NULL,'1'),(212,72,1,3,1,4,6,'2019-05-11 09:00:00','13:30:00','15:30:00','1','2019-04-13 07:01:15',NULL,'1'),(213,72,1,3,1,4,6,'2019-06-01 09:00:00','13:30:00','15:30:00','1','2019-04-13 07:01:16',NULL,'1'),(214,72,1,3,1,4,6,'2019-08-08 09:00:00','13:30:00','15:30:00','1','2019-04-13 07:01:16',NULL,'1'),(215,72,1,3,1,4,6,'2019-06-22 09:00:00','13:30:00','15:30:00','1','2019-04-13 07:01:16',NULL,'1'),(216,72,1,3,1,4,6,'2019-06-29 09:00:00','13:30:00','15:30:00','1','2019-04-13 07:01:16',NULL,'1'),(217,22,1,4,1,4,6,'2019-04-27 09:00:00','13:30:00','15:30:00','1','2019-04-13 07:01:16',NULL,'1'),(218,22,1,4,1,4,6,'2019-05-11 09:00:00','13:30:00','15:30:00','1','2019-04-13 07:01:16',NULL,'1'),(219,22,1,4,1,4,6,'2019-06-01 09:00:00','13:30:00','15:30:00','1','2019-04-13 07:01:16',NULL,'1'),(220,22,1,4,1,4,6,'2019-08-08 09:00:00','13:30:00','15:30:00','1','2019-04-13 07:01:16',NULL,'1'),(221,22,1,4,1,4,6,'2019-06-22 09:00:00','13:30:00','15:30:00','1','2019-04-13 07:01:16',NULL,'1'),(222,22,1,4,1,4,6,'2019-06-29 09:00:00','13:30:00','15:30:00','1','2019-04-13 07:01:16',NULL,'1'),(223,92,1,5,1,4,6,'2019-04-27 09:00:00','13:30:00','15:30:00','1','2019-04-13 07:01:16',NULL,'1'),(224,92,1,5,1,4,6,'2019-05-11 09:00:00','13:30:00','15:30:00','1','2019-04-13 07:01:16',NULL,'1'),(225,92,1,5,1,4,6,'2019-06-01 09:00:00','13:30:00','15:30:00','1','2019-04-13 07:01:16',NULL,'1'),(226,92,1,5,1,4,6,'2019-08-08 09:00:00','13:30:00','15:30:00','1','2019-04-13 07:01:17',NULL,'1'),(227,92,1,5,1,4,6,'2019-06-22 09:00:00','13:30:00','15:30:00','1','2019-04-13 07:01:17',NULL,'1'),(228,92,1,5,1,4,6,'2019-06-29 09:00:00','13:30:00','15:30:00','1','2019-04-13 07:01:17',NULL,'1'),(229,39,1,12,1,4,6,'2019-04-27 09:00:00','13:30:00','15:30:00','1','2019-04-13 07:01:17',NULL,'1'),(230,39,1,12,1,4,6,'2019-05-11 09:00:00','13:30:00','15:30:00','1','2019-04-13 07:01:17',NULL,'1'),(231,39,1,12,1,4,6,'2019-06-01 09:00:00','13:30:00','15:30:00','1','2019-04-13 07:01:17',NULL,'1'),(232,39,1,12,1,4,6,'2019-08-08 09:00:00','13:30:00','15:30:00','1','2019-04-13 07:01:17',NULL,'1'),(233,39,1,12,1,4,6,'2019-06-22 09:00:00','13:30:00','15:30:00','1','2019-04-13 07:01:17',NULL,'1'),(234,39,1,12,1,4,6,'2019-06-29 09:00:00','13:30:00','15:30:00','1','2019-04-13 07:01:17',NULL,'1'),(235,7,1,57,1,4,6,'2019-04-13 09:00:00','08:15:00','10:15:00','1','2019-04-13 07:01:17',NULL,'1'),(236,7,1,57,1,4,6,'2019-04-27 09:00:00','08:15:00','10:15:00','1','2019-04-13 07:01:17',NULL,'1'),(237,7,1,57,1,4,6,'2019-05-11 09:00:00','08:15:00','10:15:00','1','2019-04-13 07:01:17',NULL,'1'),(238,7,1,57,1,4,6,'2019-06-01 09:00:00','08:15:00','10:15:00','1','2019-04-13 07:01:17',NULL,'1'),(239,7,1,57,1,4,6,'2019-08-08 09:00:00','08:15:00','10:15:00','1','2019-04-13 07:01:17',NULL,'1'),(240,7,1,57,1,4,6,'2019-06-22 09:00:00','08:15:00','10:15:00','1','2019-04-13 07:01:17',NULL,'1'),(241,7,1,57,1,4,6,'2019-06-29 09:00:00','08:15:00','10:15:00','1','2019-04-13 07:01:17',NULL,'1'),(242,290,1,39,1,4,6,'2019-04-13 09:00:00','10:30:00','12:30:00','1','2019-04-13 07:01:17',NULL,'1'),(243,290,1,39,1,4,6,'2019-04-27 09:00:00','10:30:00','12:30:00','1','2019-04-13 07:01:18',NULL,'1'),(244,290,1,39,1,4,6,'2019-05-11 09:00:00','10:30:00','12:30:00','1','2019-04-13 07:01:18',NULL,'1'),(245,290,1,39,1,4,6,'2019-06-01 09:00:00','10:30:00','12:30:00','1','2019-04-13 07:01:18',NULL,'1'),(246,290,1,39,1,4,6,'2019-08-08 09:00:00','10:30:00','12:30:00','1','2019-04-13 07:01:18',NULL,'1'),(247,290,1,39,1,4,6,'2019-06-22 09:00:00','10:30:00','12:30:00','1','2019-04-13 07:01:18',NULL,'1'),(248,290,1,39,1,4,6,'2019-06-29 09:00:00','10:30:00','12:30:00','1','2019-04-13 07:01:18',NULL,'1'),(249,285,1,23,1,4,6,'2019-04-13 09:00:00','13:30:00','15:30:00','1','2019-04-13 07:01:18',NULL,'1'),(250,285,1,23,1,4,6,'2019-04-27 09:00:00','13:30:00','15:30:00','1','2019-04-13 07:01:18',NULL,'1'),(251,285,1,23,1,4,6,'2019-05-11 09:00:00','13:30:00','15:30:00','1','2019-04-13 07:01:18',NULL,'1'),(252,285,1,23,1,4,6,'2019-06-01 09:00:00','13:30:00','15:30:00','1','2019-04-13 07:01:18',NULL,'1'),(253,285,1,23,1,4,6,'2019-08-08 09:00:00','13:30:00','15:30:00','1','2019-04-13 07:01:18',NULL,'1'),(254,285,1,23,1,4,6,'2019-06-22 09:00:00','13:30:00','15:30:00','1','2019-04-13 07:01:18',NULL,'1'),(255,285,1,23,1,4,6,'2019-06-29 09:00:00','13:30:00','15:30:00','1','2019-04-13 07:01:18',NULL,'1'),(256,277,1,33,1,3,6,NULL,'07:15:00','10:15:00','1','2019-04-13 07:01:18',NULL,'1'),(257,281,1,54,1,3,6,NULL,'07:15:00','10:15:00','1','2019-04-13 07:01:18',NULL,'1'),(258,38,1,59,1,3,6,NULL,'07:15:00','10:15:00','1','2019-04-13 07:01:18',NULL,'1'),(259,41,1,58,1,3,6,NULL,'07:15:00','10:15:00','1','2019-04-13 07:01:18',NULL,'1'),(260,109,1,52,1,3,6,NULL,'07:15:00','10:15:00','1','2019-04-13 07:01:19',NULL,'1'),(261,146,1,55,1,3,6,NULL,'07:15:00','10:15:00','1','2019-04-13 07:01:19',NULL,'1'),(262,89,1,20,1,3,6,NULL,'07:15:00','10:15:00','1','2019-04-13 07:01:19',NULL,'1'),(263,101,1,62,1,3,6,NULL,'07:15:00','10:15:00','1','2019-04-13 07:01:19',NULL,'1'),(264,105,1,37,1,3,6,NULL,'07:15:00','10:15:00','1','2019-04-13 07:01:19',NULL,'1'),(265,236,1,63,1,3,6,NULL,'07:15:00','10:15:00','1','2019-04-13 07:01:19',NULL,'1'),(266,147,1,57,1,3,6,NULL,'10:30:00','13:30:00','1','2019-04-13 07:01:19',NULL,'1'),(267,91,1,19,1,3,6,NULL,'10:30:00','13:30:00','1','2019-04-13 07:01:19',NULL,'1'),(268,273,1,37,1,3,6,NULL,'10:30:00','13:30:00','1','2019-04-13 07:01:19',NULL,'1'),(269,150,1,41,1,3,6,NULL,'10:30:00','13:30:00','1','2019-04-13 07:01:19',NULL,'1'),(270,17,1,23,1,3,6,NULL,'14:30:00','17:30:00','1','2019-04-13 07:01:20',NULL,'1'),(271,212,1,61,1,3,6,NULL,'14:30:00','17:30:00','1','2019-04-13 07:01:20',NULL,'1'),(272,280,1,31,1,3,6,NULL,'14:30:00','17:30:00','1','2019-04-13 07:01:20',NULL,'1'),(273,33,1,64,1,3,6,NULL,'14:30:00','17:30:00','1','2019-04-13 07:01:20',NULL,'1'),(274,282,1,25,1,3,6,NULL,'14:30:00','17:30:00','1','2019-04-13 07:01:20',NULL,'1'),(275,269,1,53,1,3,6,NULL,'14:30:00','17:30:00','1','2019-04-13 07:01:20',NULL,'1'),(276,283,1,60,1,3,6,NULL,'14:30:00','17:30:00','1','2019-04-13 07:01:20',NULL,'1'),(277,71,1,18,1,3,6,NULL,'14:30:00','17:30:00','1','2019-04-13 07:01:20',NULL,'1'),(278,75,1,45,1,3,6,NULL,'14:30:00','17:30:00','1','2019-04-13 07:01:20',NULL,'1'),(279,285,1,56,1,3,6,NULL,'14:30:00','17:30:00','1','2019-04-13 07:01:20',NULL,'1'),(280,271,1,19,1,3,6,NULL,'14:30:00','17:30:00','1','2019-04-13 07:01:20',NULL,'1'),(281,33,1,65,1,2,1,NULL,'18:20:00','20:20:00','1','2019-04-17 19:00:00',NULL,'1'),(282,33,1,65,1,2,2,NULL,'18:20:00','20:20:00','1','2019-04-17 19:00:00',NULL,'1'),(283,33,1,65,1,2,4,NULL,'18:20:00','20:20:00','1','2019-04-17 19:00:00',NULL,'1'),(284,102,1,12,1,1,5,'2019-04-19 09:00:00','17:00:00','18:00:00','1','2019-04-23 02:29:00',NULL,'1'),(285,102,1,12,1,1,1,'2019-04-22 09:00:00','19:00:00','20:00:00','1','2019-04-23 02:29:01',NULL,'1'),(286,102,1,12,1,1,5,'2019-04-26 09:00:00','16:00:00','18:00:00','1','2019-04-23 02:29:01',NULL,'1'),(287,102,1,12,1,1,1,'2019-04-29 05:00:00','19:00:00','20:00:00','1','2019-04-23 02:29:01',NULL,'1'),(288,102,1,12,1,1,5,'2019-05-03 09:00:00','16:00:00','18:00:00','1','2019-04-23 02:29:01',NULL,'1'),(289,102,1,12,1,1,1,'2019-05-06 09:00:00','19:00:00','20:00:00','1','2019-04-23 02:29:01',NULL,'1'),(290,102,1,12,1,1,5,'2019-05-10 09:00:00','16:00:00','18:00:00','1','2019-04-23 02:29:01',NULL,'1'),(291,102,1,12,1,1,5,'2019-05-17 09:00:00','16:00:00','18:00:00','1','2019-04-23 02:29:01',NULL,'1'),(292,102,1,12,1,1,1,'2019-05-20 09:00:00','19:00:00','20:00:00','1','2019-04-23 02:29:01',NULL,'1'),(293,102,1,12,1,1,3,'2019-05-22 09:00:00','17:00:00','19:00:00','1','2019-04-23 02:29:01',NULL,'1'),(294,102,1,12,1,1,1,'2019-06-10 09:00:00','19:00:00','20:00:00','1','2019-04-23 02:29:01',NULL,'1'),(295,102,1,12,1,1,5,'2019-06-14 09:00:00','16:00:00','18:00:00','1','2019-04-23 02:29:01',NULL,'1'),(296,102,1,66,1,1,1,'2019-04-15 09:00:00','18:00:00','19:00:00','1','2019-04-23 02:29:01',NULL,'1'),(297,102,1,66,1,1,1,'2019-04-22 09:00:00','17:00:00','19:00:00','1','2019-04-23 02:29:01',NULL,'1'),(298,102,1,66,1,1,1,'2019-04-22 09:00:00','19:00:00','20:00:00','1','2019-04-23 02:29:01',NULL,'1'),(299,102,1,66,1,1,1,'2019-04-29 05:00:00','17:00:00','19:00:00','1','2019-04-23 02:29:01',NULL,'1'),(300,102,1,66,1,1,1,'2019-04-29 05:00:00','19:00:00','20:00:00','1','2019-04-23 02:29:01',NULL,'1'),(301,102,1,66,1,1,1,'2019-05-06 09:00:00','17:00:00','19:00:00','1','2019-04-23 02:29:02',NULL,'1'),(302,102,1,66,1,1,1,'2019-05-06 09:00:00','19:00:00','20:00:00','1','2019-04-23 02:29:02',NULL,'1'),(303,102,1,66,1,1,1,'2019-05-13 09:00:00','18:00:00','19:00:00','1','2019-04-23 02:29:02',NULL,'1'),(304,102,1,66,1,1,1,'2019-05-20 09:00:00','17:00:00','19:00:00','1','2019-04-23 02:29:02',NULL,'1'),(305,102,1,66,1,1,1,'2019-05-20 09:00:00','19:00:00','20:00:00','1','2019-04-23 02:29:02',NULL,'1'),(306,102,1,66,1,1,1,'2019-05-27 09:00:00','17:00:00','19:00:00','1','2019-04-23 02:29:02',NULL,'1'),(307,102,1,66,1,1,1,'2019-05-27 09:00:00','19:00:00','20:00:00','1','2019-04-23 02:29:02',NULL,'1'),(308,102,1,66,1,1,1,'2019-06-03 09:00:00','17:00:00','19:00:00','1','2019-04-23 02:29:02',NULL,'1'),(309,102,1,66,1,1,1,'2019-06-03 09:00:00','19:00:00','20:00:00','1','2019-04-23 02:29:02',NULL,'1'),(310,102,1,66,1,1,1,'2019-06-10 09:00:00','18:00:00','19:00:00','1','2019-04-23 02:29:02',NULL,'1'),(311,72,1,3,1,1,4,'2019-04-18 09:00:00','16:45:00','17:45:00','1','2019-04-23 02:29:02',NULL,'1'),(312,72,1,3,1,1,4,'2019-04-25 09:00:00','16:45:00','17:45:00','1','2019-04-23 02:29:02',NULL,'1'),(313,72,1,3,1,1,5,'2019-04-26 09:00:00','16:45:00','17:45:00','1','2019-04-23 02:29:02',NULL,'1'),(314,72,1,3,1,1,4,'2019-04-25 09:00:00','19:00:00','20:30:00','1','2019-04-23 02:29:02',NULL,'1'),(315,72,1,3,1,1,4,'2019-05-02 09:00:00','16:45:00','18:45:00','1','2019-04-23 02:29:02',NULL,'1'),(316,72,1,3,1,1,4,'2019-05-02 09:00:00','19:00:00','20:30:00','1','2019-04-23 02:29:02',NULL,'1'),(317,72,1,3,1,1,4,'2019-05-09 09:00:00','16:45:00','17:45:00','1','2019-04-23 02:29:02',NULL,'1'),(318,72,1,3,1,1,4,'2019-05-09 09:00:00','19:00:00','20:30:00','1','2019-04-23 02:29:02',NULL,'1'),(319,72,1,3,1,1,5,'2019-05-10 09:00:00','16:45:00','17:45:00','1','2019-04-23 02:29:02',NULL,'1'),(320,72,1,3,1,1,5,'2019-05-17 09:00:00','16:45:00','17:45:00','1','2019-04-23 02:29:02',NULL,'1'),(321,72,1,3,1,1,4,'2019-05-23 09:00:00','16:45:00','18:45:00','1','2019-04-23 02:29:02',NULL,'1'),(322,72,1,3,1,1,4,'2019-05-23 09:00:00','19:00:00','20:30:00','1','2019-04-23 02:29:03',NULL,'1'),(323,72,1,3,1,1,4,'2019-05-30 09:00:00','16:45:00','17:45:00','1','2019-04-23 02:29:03',NULL,'1'),(324,72,1,3,1,1,4,'2019-05-30 09:00:00','19:00:00','20:30:00','1','2019-04-23 02:29:03',NULL,'1'),(325,72,1,3,1,1,5,'2019-05-31 09:00:00','16:45:00','17:45:00','1','2019-04-23 02:29:03',NULL,'1'),(326,72,1,3,1,1,4,'2019-06-06 09:00:00','16:45:00','17:45:00','1','2019-04-23 02:29:03',NULL,'1'),(327,72,1,3,1,1,4,'2019-06-06 09:00:00','19:00:00','20:30:00','1','2019-04-23 02:29:03',NULL,'1'),(328,72,1,3,1,1,5,'2019-06-07 09:00:00','16:45:00','17:45:00','1','2019-04-23 02:29:03',NULL,'1'),(329,72,1,3,1,1,5,'2019-06-14 09:00:00','16:45:00','17:45:00','1','2019-04-23 02:29:03',NULL,'1'),(330,39,1,9,1,1,4,'2019-04-18 09:00:00','18:00:00','19:00:00','1','2019-04-23 02:29:03',NULL,'1'),(331,39,1,9,1,1,2,'2019-04-23 09:00:00','17:40:00','19:40:00','1','2019-04-23 02:29:03',NULL,'1'),(332,39,1,9,1,1,5,'2019-04-26 09:00:00','19:00:00','20:00:00','1','2019-04-23 02:29:03',NULL,'1'),(333,39,1,9,1,1,2,'2019-05-30 09:00:00','17:40:00','19:40:00','1','2019-04-23 02:29:03',NULL,'1'),(334,39,1,9,1,1,2,'2019-05-07 09:00:00','17:40:00','19:40:00','1','2019-04-23 02:29:03',NULL,'1'),(335,39,1,9,1,1,5,'2019-05-10 09:00:00','19:00:00','20:00:00','1','2019-04-23 02:29:03',NULL,'1'),(336,39,1,9,1,1,4,'2019-05-16 09:00:00','18:00:00','19:00:00','1','2019-04-23 02:29:04',NULL,'1'),(337,39,1,9,1,1,5,'2019-05-17 09:00:00','19:00:00','20:00:00','1','2019-04-23 02:29:04',NULL,'1'),(338,39,1,9,1,1,2,'2019-05-21 09:00:00','17:40:00','19:40:00','1','2019-04-23 02:29:04',NULL,'1'),(339,39,1,9,1,1,2,'2019-05-28 09:00:00','17:40:00','19:40:00','1','2019-04-23 02:29:04',NULL,'1'),(340,39,1,9,1,1,5,'2019-05-31 09:00:00','19:00:00','20:00:00','1','2019-04-23 02:29:04',NULL,'1'),(341,39,1,9,1,1,2,'2019-06-04 09:00:00','17:40:00','19:40:00','1','2019-04-23 02:29:04',NULL,'1'),(342,39,1,9,1,1,5,'2019-06-07 09:00:00','19:00:00','20:00:00','1','2019-04-23 02:29:04',NULL,'1'),(343,39,1,9,1,1,4,'2019-06-13 09:00:00','18:00:00','19:00:00','1','2019-04-23 02:29:04',NULL,'1'),(344,39,1,9,1,1,5,'2019-06-14 09:00:00','19:00:00','20:00:00','1','2019-04-23 02:29:04',NULL,'1'),(345,12,1,47,1,1,2,'2019-04-16 09:00:00','18:00:00','19:00:00','1','2019-04-23 02:29:04',NULL,'1'),(346,12,1,47,1,1,2,'2019-04-23 09:00:00','17:00:00','19:00:00','1','2019-04-23 02:29:04',NULL,'1'),(347,12,1,47,1,1,2,'2019-04-23 09:00:00','19:00:00','20:00:00','1','2019-04-23 02:29:04',NULL,'1'),(348,12,1,47,1,1,2,'2019-04-30 05:00:00','17:00:00','19:00:00','1','2019-04-23 02:29:04',NULL,'1'),(349,12,1,47,1,1,2,'2019-04-30 09:00:00','19:00:00','20:00:00','1','2019-04-23 02:29:04',NULL,'1'),(350,12,1,47,1,1,2,'2019-05-07 09:00:00','17:00:00','19:00:00','1','2019-04-23 02:29:04',NULL,'1'),(351,12,1,47,1,1,2,'2019-05-07 09:00:00','19:00:00','20:00:00','1','2019-04-23 02:29:04',NULL,'1'),(352,12,1,47,1,1,2,'2019-05-14 09:00:00','18:00:00','19:00:00','1','2019-04-23 02:29:04',NULL,'1'),(353,12,1,47,1,1,2,'2019-05-21 09:00:00','17:00:00','19:00:00','1','2019-04-23 02:29:05',NULL,'1'),(354,12,1,47,1,1,2,'2019-05-21 09:00:00','19:00:00','20:00:00','1','2019-04-23 02:29:05',NULL,'1'),(355,12,1,47,1,1,2,'2019-05-28 09:00:00','17:00:00','19:00:00','1','2019-04-23 02:29:05',NULL,'1'),(356,12,1,47,1,1,2,'2019-05-28 09:00:00','19:00:00','20:00:00','1','2019-04-23 02:29:05',NULL,'1'),(357,12,1,47,1,1,2,'2019-06-04 09:00:00','17:00:00','19:00:00','1','2019-04-23 02:29:05',NULL,'1'),(358,12,1,47,1,1,2,'2019-06-04 09:00:00','19:00:00','20:00:00','1','2019-04-23 02:29:05',NULL,'1'),(359,12,1,47,1,1,2,'2019-06-11 09:00:00','18:00:00','19:00:00','1','2019-04-23 02:29:05',NULL,'1'),(360,76,1,67,1,1,4,'2019-04-18 09:00:00','17:30:00','18:30:00','1','2019-04-23 02:29:05',NULL,'1'),(361,76,1,67,1,1,4,'2019-04-25 09:00:00','17:30:00','19:30:00','1','2019-04-23 02:29:05',NULL,'1'),(362,76,1,67,1,1,4,'2019-04-25 09:00:00','20:30:00','21:30:00','1','2019-04-23 02:29:05',NULL,'1'),(363,76,1,67,1,1,4,'2019-05-02 09:00:00','17:30:00','19:30:00','1','2019-04-23 02:29:05',NULL,'1'),(364,76,1,67,1,1,4,'2019-05-02 09:00:00','20:30:00','21:30:00','1','2019-04-23 02:29:05',NULL,'1'),(365,76,1,67,1,1,4,'2019-05-09 09:00:00','17:30:00','19:30:00','1','2019-04-23 02:29:05',NULL,'1'),(366,76,1,67,1,1,4,'2019-05-09 09:00:00','20:30:00','21:30:00','1','2019-04-23 02:29:05',NULL,'1'),(367,76,1,67,1,1,4,'2019-05-16 09:00:00','17:30:00','18:30:00','1','2019-04-23 02:29:06',NULL,'1'),(368,76,1,67,1,1,4,'2019-05-23 09:00:00','17:30:00','19:30:00','1','2019-04-23 02:29:06',NULL,'1'),(369,76,1,67,1,1,4,'2019-05-23 09:00:00','20:30:00','21:30:00','1','2019-04-23 02:29:06',NULL,'1'),(370,76,1,67,1,1,4,'2019-05-30 09:00:00','17:30:00','19:30:00','1','2019-04-23 02:29:06',NULL,'1'),(371,76,1,67,1,1,4,'2019-05-30 09:00:00','20:30:00','21:30:00','1','2019-04-23 02:29:06',NULL,'1'),(372,76,1,67,1,1,4,'2019-06-06 09:00:00','17:30:00','19:30:00','1','2019-04-23 02:29:06',NULL,'1'),(373,76,1,67,1,1,4,'2019-06-06 09:00:00','20:30:00','21:30:00','1','2019-04-23 02:29:06',NULL,'1'),(374,76,1,67,1,1,4,'2019-06-13 09:00:00','17:30:00','18:30:00','1','2019-04-23 02:29:06',NULL,'1'),(375,154,1,7,1,1,3,'2019-04-17 09:00:00','9:00:00','10:00:00','1','2019-04-23 02:29:06',NULL,'1'),(376,154,1,7,1,1,1,'2019-04-22 09:00:00','19:00:00','20:00:00','1','2019-04-23 02:29:06',NULL,'1'),(377,154,1,7,1,1,3,'2019-04-24 09:00:00','9:00:00','11:00:00','1','2019-04-23 02:29:06',NULL,'1'),(378,154,1,7,1,1,1,'2019-04-29 05:00:00','19:00:00','20:00:00','1','2019-04-23 02:29:06',NULL,'1'),(379,154,1,7,1,1,3,'2019-05-01 09:00:00','9:00:00','11:00:00','1','2019-04-23 02:29:06',NULL,'1'),(380,154,1,7,1,1,1,'2019-05-06 09:00:00','19:00:00','20:00:00','1','2019-04-23 02:29:06',NULL,'1'),(381,154,1,7,1,1,3,'2019-05-08 09:00:00','9:00:00','11:00:00','1','2019-04-23 02:29:06',NULL,'1'),(382,154,1,7,1,1,3,'2019-05-15 09:00:00','9:00:00','10:00:00','1','2019-04-23 02:29:07',NULL,'1'),(383,154,1,7,1,1,3,'2019-05-22 09:00:00','9:00:00','11:00:00','1','2019-04-23 02:29:07',NULL,'1'),(384,154,1,7,1,1,1,'2019-05-20 09:00:00','19:00:00','20:00:00','1','2019-04-23 02:29:07',NULL,'1'),(385,154,1,7,1,1,1,'2019-05-27 09:00:00','19:00:00','20:00:00','1','2019-04-23 02:29:07',NULL,'1'),(386,154,1,7,1,1,3,'2019-05-29 09:00:00','9:00:00','11:00:00','1','2019-04-23 02:29:07',NULL,'1'),(387,154,1,7,1,1,1,'2019-06-03 09:00:00','19:00:00','20:00:00','1','2019-04-23 02:29:07',NULL,'1'),(388,154,1,7,1,1,3,'2019-06-05 09:00:00','9:00:00','11:00:00','1','2019-04-23 02:29:07',NULL,'1'),(389,154,1,7,1,1,3,'2019-06-12 09:00:00','9:00:00','10:00:00','1','2019-04-23 02:29:07',NULL,'1'),(390,38,1,69,1,1,4,'2019-04-18 05:00:00','15:30:00','16:30:00','1','2019-04-23 02:29:07',NULL,'1'),(391,38,1,69,1,1,1,'2019-04-22 05:00:00','18:00:00','20:00:00','1','2019-04-23 02:29:07',NULL,'1'),(392,38,1,69,1,1,1,'2019-04-22 05:00:00','20:00:00','21:00:00','1','2019-04-23 02:29:07',NULL,'1'),(393,38,1,69,1,1,1,'2019-04-29 05:00:00','18:00:00','20:00:00','1','2019-04-23 02:29:07',NULL,'1'),(394,38,1,69,1,1,1,'2019-04-29 05:00:00','20:00:00','21:00:00','1','2019-04-23 02:29:07',NULL,'1'),(395,38,1,69,1,1,1,'2019-05-06 05:00:00','18:00:00','20:00:00','1','2019-04-23 02:29:07',NULL,'1'),(396,38,1,69,1,1,1,'2019-05-06 09:00:00','20:00:00','21:00:00','1','2019-04-23 02:29:07',NULL,'1'),(397,38,1,69,1,1,1,'2019-05-13 09:00:00','18:00:00','19:00:00','1','2019-04-23 02:29:08',NULL,'1'),(398,38,1,69,1,1,1,'2019-05-20 09:00:00','18:00:00','20:00:00','1','2019-04-23 02:29:08',NULL,'1'),(399,38,1,69,1,1,1,'2019-05-20 09:00:00','20:00:00','21:00:00','1','2019-04-23 02:29:08',NULL,'1'),(400,38,1,69,1,1,1,'2019-05-27 09:00:00','18:00:00','20:00:00','1','2019-04-23 02:29:08',NULL,'1'),(401,38,1,69,1,1,1,'2019-05-27 09:00:00','20:00:00','21:00:00','1','2019-04-23 02:29:08',NULL,'1'),(402,38,1,69,1,1,1,'2019-06-03 09:00:00','18:00:00','20:00:00','1','2019-04-23 02:29:08',NULL,'1'),(403,38,1,69,1,1,1,'2019-06-03 09:00:00','20:00:00','21:00:00','1','2019-04-23 02:29:08',NULL,'1'),(404,38,1,69,1,1,1,'2019-06-10 09:00:00','18:00:00','19:00:00','1','2019-04-23 02:29:08',NULL,'1'),(405,265,1,10,1,1,1,'2019-04-22 09:00:00','20:00:00','21:00:00','1','2019-04-23 02:29:08',NULL,'1'),(406,265,1,10,1,1,1,'2019-04-29 05:00:00','20:00:00','21:00:00','1','2019-04-23 02:29:08',NULL,'1'),(407,265,1,10,1,1,1,'2019-05-06 09:00:00','20:00:00','21:00:00','1','2019-04-23 02:29:09',NULL,'1'),(408,265,1,10,1,1,1,'2019-05-20 09:00:00','20:00:00','21:00:00','1','2019-04-23 02:29:09',NULL,'1'),(409,265,1,10,1,1,1,'2019-05-27 09:00:00','20:00:00','21:00:00','1','2019-04-23 02:29:09',NULL,'1'),(410,265,1,10,1,1,1,'2019-06-03 09:00:00','20:00:00','21:00:00','1','2019-04-23 02:29:09',NULL,'1'),(411,39,1,26,1,1,1,'2019-04-22 09:00:00','20:00:00','21:00:00','1','2019-04-23 02:29:09',NULL,'1'),(412,39,1,26,1,1,1,'2019-04-22 09:00:00','17:20:00','18:20:00','1','2019-04-23 02:29:09',NULL,'1'),(413,39,1,26,1,1,1,'2019-04-29 05:00:00','16:20:00','18:20:00','1','2019-04-23 02:29:09',NULL,'1'),(414,39,1,26,1,1,1,'2019-04-29 05:00:00','20:00:00','21:00:00','1','2019-04-23 02:29:09',NULL,'1'),(415,39,1,26,1,1,1,'2019-05-06 09:00:00','16:20:00','18:20:00','1','2019-04-23 02:29:09',NULL,'1'),(416,39,1,26,1,1,1,'2019-05-06 09:00:00','20:00:00','21:00:00','1','2019-04-23 02:29:09',NULL,'1'),(417,39,1,26,1,1,1,'2019-05-06 09:00:00','16:20:00','18:20:00','0','2019-04-23 02:29:09',NULL,'0'),(418,39,1,26,1,1,1,'2019-05-13 09:00:00','17:20:00','18:20:00','1','2019-04-23 02:29:09',NULL,'1'),(419,39,1,26,1,1,1,'2019-05-20 09:00:00','16:20:00','18:20:00','1','2019-04-23 02:29:09',NULL,'1'),(420,39,1,26,1,1,1,'2019-05-20 09:00:00','20:00:00','21:00:00','1','2019-04-23 02:29:10',NULL,'1'),(421,39,1,26,1,1,1,'2019-05-27 09:00:00','16:20:00','18:20:00','1','2019-04-23 02:29:10',NULL,'1'),(422,39,1,26,1,1,1,'2019-05-27 09:00:00','20:00:00','21:00:00','1','2019-04-23 02:29:10',NULL,'1'),(423,39,1,26,1,1,1,'2019-06-03 09:00:00','16:20:00','18:20:00','1','2019-04-23 02:29:10',NULL,'1'),(424,39,1,26,1,1,1,'2019-06-03 09:00:00','20:00:00','21:00:00','1','2019-04-23 02:29:10',NULL,'1'),(425,39,1,26,1,1,1,'2019-06-10 09:00:00','17:20:00','18:20:00','1','2019-04-23 02:29:10',NULL,'1'),(426,259,1,13,1,1,2,'2019-04-16 09:00:00','18:00:00','19:00:00','1','2019-04-23 02:29:10',NULL,'1'),(427,259,1,13,1,1,2,'2019-04-23 09:00:00','17:00:00','19:00:00','1','2019-04-23 02:29:11',NULL,'1'),(428,259,1,13,1,1,2,'2019-04-23 09:00:00','19:00:00','20:00:00','1','2019-04-23 02:29:11',NULL,'1'),(429,259,1,13,1,1,2,'2019-04-30 09:00:00','17:00:00','19:00:00','1','2019-04-23 02:29:11',NULL,'1'),(430,259,1,13,1,1,2,'2019-04-30 09:00:00','19:00:00','20:00:00','1','2019-04-23 02:29:11',NULL,'1'),(431,259,1,13,1,1,2,'2019-05-07 09:00:00','17:00:00','19:00:00','1','2019-04-23 02:29:11',NULL,'1'),(432,259,1,13,1,1,2,'2019-05-07 09:00:00','19:00:00','20:00:00','1','2019-04-23 02:29:11',NULL,'1'),(433,259,1,13,1,1,2,'2019-05-14 09:00:00','18:00:00','19:00:00','1','2019-04-23 02:29:11',NULL,'1'),(434,259,1,13,1,1,2,'2019-05-21 09:00:00','17:00:00','19:00:00','1','2019-04-23 02:29:11',NULL,'1'),(435,259,1,13,1,1,2,'2019-05-21 09:00:00','19:00:00','20:00:00','1','2019-04-23 02:29:11',NULL,'1'),(436,259,1,13,1,1,2,'2019-05-28 09:00:00','17:00:00','19:00:00','1','2019-04-23 02:29:11',NULL,'1'),(437,259,1,13,1,1,2,'2019-05-28 09:00:00','19:00:00','20:00:00','1','2019-04-23 02:29:12',NULL,'1'),(438,259,1,13,1,1,2,'2019-06-04 09:00:00','17:00:00','19:00:00','1','2019-04-23 02:29:12',NULL,'1'),(439,259,1,13,1,1,2,'2019-06-04 09:00:00','19:00:00','20:00:00','1','2019-04-23 02:29:12',NULL,'1'),(440,259,1,13,1,1,2,'2019-06-11 09:00:00','18:00:00','19:00:00','1','2019-04-23 02:29:12',NULL,'1'),(441,21,1,4,1,1,2,'2019-04-23 09:00:00','20:00:00','21:00:00','1','2019-04-23 02:29:12',NULL,'1'),(442,21,1,4,1,1,2,'2019-04-30 09:00:00','20:00:00','21:00:00','1','2019-04-23 02:29:12',NULL,'1'),(443,21,1,4,1,1,2,'2019-05-07 09:00:00','20:00:00','21:00:00','1','2019-04-23 02:29:12',NULL,'1'),(444,21,1,4,1,1,2,'2019-05-21 09:00:00','20:00:00','21:00:00','1','2019-04-23 02:29:13',NULL,'1'),(445,21,1,4,1,1,2,'2019-05-28 09:00:00','20:00:00','21:00:00','1','2019-04-23 02:29:13',NULL,'1'),(446,21,1,4,1,1,2,'2019-06-04 09:00:00','20:00:00','21:00:00','1','2019-04-23 02:29:13',NULL,'1'),(447,216,1,11,1,1,4,'2019-04-18 09:00:00','16:30:00','17:30:00','1','2019-04-23 02:29:13',NULL,'1'),(448,216,1,11,1,1,2,'2019-04-23 09:00:00','21:00:00','22:00:00','1','2019-04-23 02:29:13',NULL,'1'),(449,216,1,11,1,1,5,'2019-04-26 09:00:00','16:30:00','18:30:00','1','2019-04-23 02:29:13',NULL,'1'),(450,216,1,11,1,1,2,'2019-04-30 09:00:00','21:00:00','22:00:00','1','2019-04-23 02:29:13',NULL,'1'),(451,216,1,11,1,1,4,'2019-05-02 09:00:00','16:30:00','18:30:00','1','2019-04-23 02:29:13',NULL,'1'),(452,216,1,11,1,1,2,'2019-05-07 09:00:00','21:00:00','22:00:00','1','2019-04-23 02:29:13',NULL,'1'),(453,216,1,11,1,1,5,'2019-05-10 09:00:00','16:30:00','18:30:00','1','2019-04-23 02:29:13',NULL,'1'),(454,216,1,11,1,1,5,'2019-05-17 09:00:00','16:30:00','17:30:00','1','2019-04-23 02:29:13',NULL,'1'),(455,216,1,11,1,1,2,'2019-05-21 09:00:00','21:00:00','22:00:00','1','2019-04-23 02:29:14',NULL,'1'),(456,216,1,11,1,1,4,'2019-05-23 09:00:00','16:30:00','18:30:00','1','2019-04-23 02:29:14',NULL,'1'),(457,216,1,11,1,1,2,'2019-05-28 09:00:00','21:00:00','22:00:00','1','2019-04-23 02:29:14',NULL,'1'),(458,216,1,11,1,1,5,'2019-05-31 09:00:00','16:30:00','18:30:00','1','2019-04-23 02:29:14',NULL,'1'),(459,216,1,11,1,1,2,'2019-06-04 09:00:00','21:00:00','22:00:00','1','2019-04-23 02:29:14',NULL,'1'),(460,216,1,11,1,1,5,'2019-06-07 09:00:00','16:30:00','18:30:00','1','2019-04-23 02:29:14',NULL,'1'),(461,216,1,11,1,1,5,'2019-06-13 09:00:00','16:30:00','17:30:00','1','2019-04-23 02:29:14',NULL,'1'),(462,51,1,70,1,1,3,'2019-04-24 09:00:00','19:00:00','20:00:00','1','2019-04-23 02:29:14',NULL,'1'),(463,51,1,70,1,1,3,'2019-05-01 09:00:00','19:00:00','20:00:00','1','2019-04-23 02:29:15',NULL,'1'),(464,51,1,70,1,1,3,'2019-05-08 09:00:00','19:00:00','20:00:00','1','2019-04-23 02:29:15',NULL,'1'),(465,51,1,70,1,1,3,'2019-05-22 09:00:00','19:00:00','20:00:00','1','2019-04-23 02:29:16',NULL,'1'),(466,51,1,70,1,1,3,'2019-05-29 09:00:00','19:00:00','20:00:00','1','2019-04-23 02:29:16',NULL,'1'),(467,51,1,70,1,1,3,'2019-06-05 09:00:00','19:00:00','20:00:00','1','2019-04-23 02:29:17',NULL,'1'),(468,51,1,49,1,1,3,'2019-04-24 09:00:00','19:00:00','20:00:00','1','2019-04-23 02:29:18',NULL,'1'),(469,51,1,49,1,1,3,'2019-05-01 09:00:00','19:00:00','20:00:00','1','2019-04-23 02:29:18',NULL,'1'),(470,51,1,49,1,1,3,'2019-05-08 09:00:00','19:00:00','20:00:00','1','2019-04-23 02:29:18',NULL,'1'),(471,51,1,49,1,1,3,'2019-05-22 09:00:00','19:00:00','20:00:00','1','2019-04-23 02:29:18',NULL,'1'),(472,51,1,49,1,1,3,'2019-05-29 09:00:00','19:00:00','20:00:00','1','2019-04-23 02:29:18',NULL,'1'),(473,51,1,49,1,1,3,'2019-06-05 09:00:00','19:00:00','20:00:00','1','2019-04-23 02:29:18',NULL,'1'),(474,51,1,30,1,1,1,'2019-04-22 09:00:00','17:15:00','18:15:00','1','2019-04-23 02:29:18',NULL,'1'),(475,51,1,30,1,1,3,'2019-04-24 09:00:00','19:00:00','20:00:00','1','2019-04-23 02:29:18',NULL,'1'),(476,51,1,30,1,1,1,'2019-04-29 05:00:00','16:15:00','18:15:00','1','2019-04-23 02:29:18',NULL,'1'),(477,51,1,30,1,1,3,'2019-05-01 09:00:00','19:00:00','20:00:00','1','2019-04-23 02:29:19',NULL,'1'),(478,51,1,30,1,1,1,'2019-05-06 09:00:00','16:15:00','18:15:00','1','2019-04-23 02:29:19',NULL,'1'),(479,51,1,30,1,1,3,'2019-05-08 09:00:00','19:00:00','20:00:00','1','2019-04-23 02:29:19',NULL,'1'),(480,51,1,30,1,1,1,'2019-05-13 09:00:00','17:15:00','18:15:00','1','2019-04-23 02:29:19',NULL,'1'),(481,51,1,30,1,1,1,'2019-05-20 09:00:00','16:15:00','18:15:00','1','2019-04-23 02:29:19',NULL,'1'),(482,51,1,30,1,1,3,'2019-05-22 09:00:00','19:00:00','20:00:00','1','2019-04-23 02:29:20',NULL,'1'),(483,51,1,30,1,1,1,'2019-05-27 09:00:00','16:15:00','18:15:00','1','2019-04-23 02:29:20',NULL,'1'),(484,51,1,30,1,1,3,'2019-05-29 09:00:00','19:00:00','20:00:00','1','2019-04-23 02:29:20',NULL,'1'),(485,51,1,30,1,1,1,'2019-06-03 09:00:00','16:15:00','18:15:00','1','2019-04-23 02:29:20',NULL,'1'),(486,51,1,30,1,1,3,'2019-06-05 09:00:00','19:00:00','20:00:00','1','2019-04-23 02:29:20',NULL,'1'),(487,51,1,30,1,1,1,'2019-06-10 09:00:00','17:15:00','18:15:00','1','2019-04-23 02:29:20',NULL,'1'),(488,22,1,4,1,1,3,'2019-04-24 09:00:00','19:00:00','20:00:00','1','2019-04-23 02:29:20',NULL,'1'),(489,22,1,4,1,1,3,'2019-05-01 09:00:00','19:00:00','20:00:00','1','2019-04-23 02:29:21',NULL,'1'),(490,22,1,4,1,1,3,'2019-05-08 09:00:00','19:00:00','20:00:00','1','2019-04-23 02:29:21',NULL,'1'),(491,22,1,4,1,1,3,'2019-05-22 09:00:00','19:00:00','20:00:00','1','2019-04-23 02:29:21',NULL,'1'),(492,22,1,4,1,1,3,'2019-05-29 09:00:00','19:00:00','20:00:00','1','2019-04-23 02:29:21',NULL,'1'),(493,22,1,4,1,1,3,'2019-06-05 09:00:00','19:00:00','20:00:00','1','2019-04-23 02:29:21',NULL,'1'),(494,50,1,8,1,1,3,'2019-04-24 09:00:00','20:00:00','21:00:00','1','2019-04-23 02:29:21',NULL,'1'),(495,50,1,8,1,1,3,'2019-05-01 09:00:00','20:00:00','21:00:00','1','2019-04-23 02:29:21',NULL,'1'),(496,50,1,8,1,1,3,'2019-05-08 09:00:00','20:00:00','21:00:00','1','2019-04-23 02:29:21',NULL,'1'),(497,50,1,8,1,1,3,'2019-05-22 09:00:00','20:00:00','21:00:00','1','2019-04-23 02:29:21',NULL,'1'),(498,50,1,8,1,1,3,'2019-05-29 09:00:00','20:00:00','21:00:00','1','2019-04-23 02:29:21',NULL,'1'),(499,50,1,8,1,1,3,'2019-06-05 09:00:00','20:00:00','21:00:00','1','2019-04-23 02:29:21',NULL,'1'),(500,50,1,8,1,1,3,'2019-04-24 09:00:00','21:00:00','22:00:00','1','2019-04-23 02:29:21',NULL,'1'),(501,50,1,8,1,1,3,'2019-05-01 09:00:00','21:00:00','22:00:00','1','2019-04-23 02:29:22',NULL,'1'),(502,50,1,8,1,1,3,'2019-05-08 09:00:00','21:00:00','22:00:00','1','2019-04-23 02:29:22',NULL,'1'),(503,50,1,8,1,1,3,'2019-05-22 09:00:00','21:00:00','22:00:00','1','2019-04-23 02:29:22',NULL,'1'),(504,50,1,8,1,1,3,'2019-05-29 09:00:00','21:00:00','22:00:00','1','2019-04-23 02:29:22',NULL,'1'),(505,50,1,8,1,1,3,'2019-06-05 09:00:00','21:00:00','22:00:00','1','2019-04-23 02:29:22',NULL,'1'),(506,156,1,13,1,1,4,'2019-04-18 09:00:00','18:00:00','19:00:00','1','2019-04-23 02:29:22',NULL,'1'),(507,156,1,13,1,1,4,'2019-04-25 09:00:00','17:00:00','19:00:00','1','2019-04-23 02:29:22',NULL,'1'),(508,156,1,13,1,1,4,'2019-04-25 09:00:00','19:00:00','20:00:00','1','2019-04-23 02:29:22',NULL,'1'),(509,156,1,13,1,1,4,'2019-05-02 09:00:00','17:00:00','19:00:00','1','2019-04-23 02:29:22',NULL,'1'),(510,156,1,13,1,1,4,'2019-05-02 09:00:00','19:00:00','20:00:00','1','2019-04-23 02:29:22',NULL,'1'),(511,156,1,13,1,1,4,'2019-05-09 09:00:00','17:00:00','19:00:00','1','2019-04-23 02:29:22',NULL,'1'),(512,156,1,13,1,1,4,'2019-05-09 09:00:00','19:00:00','20:00:00','1','2019-04-23 02:29:22',NULL,'1'),(513,156,1,13,1,1,4,'2019-05-16 09:00:00','18:00:00','19:00:00','1','2019-04-23 02:29:23',NULL,'1'),(514,156,1,13,1,1,4,'2019-05-23 09:00:00','17:00:00','19:00:00','1','2019-04-23 02:29:23',NULL,'1'),(515,156,1,13,1,1,4,'2019-05-23 09:00:00','19:00:00','20:00:00','1','2019-04-23 02:29:23',NULL,'1'),(516,156,1,13,1,1,4,'2019-05-30 09:00:00','17:00:00','19:00:00','1','2019-04-23 02:29:23',NULL,'1'),(517,156,1,13,1,1,4,'2019-05-30 09:00:00','19:00:00','20:00:00','1','2019-04-23 02:29:23',NULL,'1'),(518,156,1,13,1,1,4,'2019-06-06 09:00:00','17:00:00','19:00:00','1','2019-04-23 02:29:23',NULL,'1'),(519,156,1,13,1,1,4,'2019-06-06 09:00:00','19:00:00','20:00:00','1','2019-04-23 02:29:23',NULL,'1'),(520,156,1,13,1,1,4,'2019-06-13 09:00:00','18:00:00','19:00:00','1','2019-04-23 02:29:23',NULL,'1'),(521,72,1,68,1,1,4,'2019-04-25 09:00:00','19:00:00','20:15:00','1','2019-04-23 02:29:23',NULL,'1'),(522,72,1,68,1,1,4,'2019-05-02 09:00:00','19:00:00','20:15:00','1','2019-04-23 02:29:23',NULL,'1'),(523,72,1,68,1,1,4,'2019-05-09 09:00:00','19:00:00','20:15:00','1','2019-04-23 02:29:23',NULL,'1'),(524,72,1,68,1,1,4,'2019-05-23 09:00:00','19:00:00','20:15:00','1','2019-04-23 02:29:24',NULL,'1'),(525,72,1,68,1,1,5,'2019-05-30 09:00:00','19:00:00','20:15:00','1','2019-04-23 02:29:24',NULL,'1'),(526,72,1,68,1,1,5,'2019-06-06 09:00:00','19:00:00','20:15:00','1','2019-04-23 02:29:24',NULL,'1'),(527,72,1,68,1,1,4,'2019-04-18 09:00:00','9:30:00','10:30:00','1','2019-04-23 02:29:24',NULL,'1'),(528,72,1,68,1,1,5,'2019-04-26 09:00:00','18:30:00','20:00:00','1','2019-04-23 02:29:24',NULL,'1'),(529,72,1,68,1,1,5,'2019-04-26 09:00:00','21:30:00','22:00:00','1','2019-04-23 02:29:24',NULL,'1'),(530,72,1,68,1,1,4,'2019-05-02 09:00:00','18:00:00','20:00:00','1','2019-04-23 02:29:24',NULL,'1'),(531,72,1,68,1,1,5,'2019-05-10 09:00:00','18:00:00','20:00:00','1','2019-04-23 02:29:24',NULL,'1'),(532,72,1,68,1,1,5,'2019-05-17 09:00:00','19:00:00','20:00:00','1','2019-04-23 02:29:24',NULL,'1'),(533,72,1,68,1,1,4,'2019-05-23 09:00:00','18:00:00','20:00:00','1','2019-04-23 02:29:24',NULL,'1'),(534,72,1,68,1,1,5,'2019-05-31 09:00:00','18:00:00','20:00:00','1','2019-04-23 02:29:24',NULL,'1'),(535,72,1,68,1,1,5,'2019-06-07 09:00:00','18:00:00','20:00:00','1','2019-04-23 02:29:24',NULL,'1'),(536,72,1,68,1,1,5,'2019-06-14 09:00:00','18:00:00','20:00:00','1','2019-04-23 02:29:24',NULL,'1'),(537,51,1,67,1,1,4,'2019-04-25 09:00:00','21:30:00','22:30:00','1','2019-04-23 02:29:25',NULL,'1'),(538,51,1,67,1,1,4,'2019-05-02 09:00:00','21:30:00','22:30:00','1','2019-04-23 02:29:25',NULL,'1'),(539,51,1,67,1,1,4,'2019-05-09 09:00:00','21:30:00','22:30:00','1','2019-04-23 02:29:26',NULL,'1'),(540,51,1,67,1,1,4,'2019-05-23 09:00:00','21:30:00','22:30:00','1','2019-04-23 02:29:27',NULL,'1'),(541,51,1,67,1,1,4,'2019-05-30 09:00:00','21:30:00','22:30:00','1','2019-04-23 02:29:27',NULL,'1'),(542,51,1,67,1,1,4,'2019-06-06 09:00:00','21:30:00','22:30:00','1','2019-04-23 02:29:28',NULL,'1'),(543,102,1,66,1,1,1,'2019-04-22 09:00:00','21:00:00','22:00:00','1','2019-04-23 02:29:28',NULL,'1'),(544,102,1,66,1,1,1,'2019-04-29 05:00:00','21:00:00','22:00:00','1','2019-04-23 02:29:28',NULL,'1'),(545,102,1,66,1,1,1,'2019-05-06 09:00:00','21:00:00','22:00:00','1','2019-04-23 02:29:29',NULL,'1'),(546,102,1,66,1,1,1,'2019-05-20 09:00:00','21:00:00','22:00:00','1','2019-04-23 02:29:29',NULL,'1'),(547,102,1,66,1,1,1,'2019-05-27 09:00:00','21:00:00','22:00:00','1','2019-04-23 02:29:29',NULL,'1'),(548,102,1,66,1,1,1,'2019-06-03 09:00:00','21:00:00','22:00:00','1','2019-04-23 02:29:30',NULL,'1'),(549,50,1,61,1,1,3,'2019-04-24 09:00:00','20:00:00','21:00:00','1','2019-04-23 02:29:30',NULL,'1'),(550,50,1,61,1,1,3,'2019-05-01 09:00:00','20:00:00','21:00:00','1','2019-04-23 02:29:30',NULL,'1'),(551,50,1,61,1,1,3,'2019-05-08 09:00:00','20:00:00','21:00:00','1','2019-04-23 02:29:31',NULL,'1'),(552,50,1,61,1,1,3,'2019-05-22 09:00:00','20:00:00','21:00:00','1','2019-04-23 02:29:32',NULL,'1'),(553,50,1,61,1,1,3,'2019-05-29 09:00:00','20:00:00','21:00:00','1','2019-04-23 02:29:32',NULL,'1'),(554,50,1,61,1,1,3,'2019-06-05 09:00:00','20:00:00','21:00:00','1','2019-04-23 02:29:33',NULL,'1'),(555,39,1,60,1,1,5,'2019-04-26 09:00:00','19:00:00','20:00:00','1','2019-04-23 02:29:35',NULL,'1'),(556,39,1,60,1,1,5,'2019-05-10 09:00:00','19:00:00','20:00:00','1','2019-04-23 02:29:35',NULL,'1'),(557,39,1,60,1,1,5,'2019-05-31 09:00:00','19:00:00','20:00:00','1','2019-04-23 02:29:36',NULL,'1'),(558,39,1,60,1,1,5,'2019-06-07 09:00:00','19:00:00','20:00:00','1','2019-04-23 02:29:36',NULL,'1'),(559,39,1,60,1,1,5,'2019-06-14 09:00:00','19:00:00','20:00:00','1','2019-04-23 02:29:36',NULL,'1'),(560,86,1,71,1,2,3,NULL,'18:20:00','21:20:00','1','2019-04-25 23:27:35',NULL,'1'),(561,86,1,71,1,2,5,NULL,'18:20:00','21:20:00','1','2019-04-25 23:27:35',NULL,'1'),(562,218,1,71,1,3,6,NULL,'10:30:00','13:30:00','1','2019-04-25 23:27:35',NULL,'1'),(563,31,1,72,1,2,3,NULL,'18:20:00','21:20:00','1','2019-04-25 23:27:35',NULL,'1'),(564,31,1,72,1,2,5,NULL,'18:20:00','21:20:00','1','2019-04-25 23:27:35',NULL,'1'),(565,87,1,72,1,3,6,NULL,'10:30:00','13:30:00','1','2019-04-25 23:27:35',NULL,'1'),(566,60,1,73,1,2,3,NULL,'18:20:00','21:20:00','1','2019-04-25 23:27:35',NULL,'1'),(567,60,1,73,1,2,5,NULL,'18:20:00','21:20:00','1','2019-04-25 23:27:35',NULL,'1'),(568,61,1,74,1,3,6,NULL,'10:30:00','13:30:00','1','2019-04-25 23:27:35',NULL,'1'),(569,240,1,78,1,3,6,NULL,'10:30:00','13:30:00','1','2019-04-25 23:27:35',NULL,'1'),(570,158,1,76,1,3,6,NULL,'10:30:00','13:30:00','1','2019-04-25 23:27:36',NULL,'1'),(571,158,1,76,1,2,3,NULL,'18:20:00','21:20:00','1','2019-04-25 23:27:36',NULL,'1'),(572,158,1,76,1,2,5,NULL,'18:20:00','21:20:00','1','2019-04-25 23:27:36',NULL,'1'),(573,48,1,76,1,2,1,NULL,'18:20:00','20:20:00','1','2019-04-25 23:27:36',NULL,'1'),(574,48,1,76,1,2,2,NULL,'18:20:00','20:20:00','1','2019-04-25 23:27:36',NULL,'1'),(575,48,1,76,1,2,4,NULL,'18:20:00','20:20:00','1','2019-04-25 23:27:36',NULL,'1'),(576,159,1,77,1,2,3,NULL,'18:20:00','21:20:00','1','2019-05-03 00:27:35',NULL,'1'),(577,159,1,77,1,2,5,NULL,'18:20:00','21:20:00','1','2019-05-03 00:27:35',NULL,'1'),(578,284,1,73,1,1,1,'2019-05-20 10:00:00','21:00:00','22:30:00','1','2019-05-13 20:09:01',NULL,'1'),(579,284,1,73,1,1,4,'2019-05-30 10:00:00','21:00:00','22:30:00','1','2019-05-13 20:09:01',NULL,'1'),(580,284,1,73,1,1,2,'2019-06-11 10:00:00','21:00:00','22:30:00','1','2019-05-13 20:09:01',NULL,'1'),(581,284,1,73,1,1,2,'2019-06-25 10:00:00','21:00:00','22:30:00','1','2019-05-13 20:09:01',NULL,'1'),(582,284,1,73,1,1,1,'2019-07-08 10:00:00','21:00:00','22:30:00','1','2019-05-13 20:09:01',NULL,'1'),(583,284,1,73,1,1,4,'2019-07-18 10:00:00','21:00:00','22:30:00','1','2019-05-13 20:09:01',NULL,'1'),(584,284,1,73,1,1,2,'2019-07-30 10:00:00','21:00:00','22:30:00','1','2019-05-13 20:09:01',NULL,'1'),(585,284,1,73,1,1,1,'2019-08-12 10:00:00','21:00:00','22:30:00','1','2019-05-13 20:09:01',NULL,'1'),(586,284,1,73,1,1,4,'2019-08-22 10:00:00','21:00:00','22:30:00','1','2019-05-13 20:09:01',NULL,'1'),(587,284,1,73,1,1,2,'2019-09-03 10:00:00','21:00:00','22:30:00','1','2019-05-13 20:09:01',NULL,'1'),(588,246,1,79,1,1,2,'2019-05-21 10:00:00','21:00:00','22:30:00','1','2019-05-13 20:09:01',NULL,'1'),(589,246,1,79,1,1,1,'2019-06-03 10:00:00','21:00:00','22:30:00','1','2019-05-13 20:09:01',NULL,'1'),(590,246,1,79,1,1,4,'2019-06-13 10:00:00','21:00:00','22:30:00','1','2019-05-13 20:09:01',NULL,'1'),(591,246,1,79,1,1,4,'2019-06-27 10:00:00','21:00:00','22:30:00','1','2019-05-13 20:09:01',NULL,'1'),(592,246,1,79,1,1,2,'2019-07-09 10:00:00','21:00:00','22:30:00','1','2019-05-13 20:09:01',NULL,'1'),(593,246,1,79,1,1,1,'2019-07-22 10:00:00','21:00:00','22:30:00','1','2019-05-13 20:09:01',NULL,'1'),(594,246,1,79,1,1,4,'2019-08-01 10:00:00','21:00:00','22:30:00','1','2019-05-13 20:09:01',NULL,'1'),(595,246,1,79,1,1,2,'2019-08-13 10:00:00','21:00:00','22:30:00','1','2019-05-13 20:09:01',NULL,'1'),(596,246,1,79,1,1,1,'2019-08-26 10:00:00','21:00:00','22:30:00','1','2019-05-13 20:09:01',NULL,'1'),(597,246,1,79,1,1,4,'2019-09-05 10:00:00','21:00:00','22:30:00','1','2019-05-13 20:09:01',NULL,'1'),(598,162,1,79,1,1,1,'2019-05-13 10:00:00','21:00:00','22:30:00','1','2019-05-13 20:09:01',NULL,'1'),(599,162,1,79,1,1,4,'2019-05-23 10:00:00','21:00:00','22:30:00','1','2019-05-13 20:09:01',NULL,'1'),(600,162,1,79,1,1,2,'2019-06-04 10:00:00','21:00:00','22:30:00','1','2019-05-13 20:09:01',NULL,'1'),(601,162,1,79,1,1,1,'2019-06-17 10:00:00','21:00:00','22:30:00','1','2019-05-13 20:09:01',NULL,'1'),(602,162,1,79,1,1,1,'2019-07-01 10:00:00','21:00:00','22:30:00','1','2019-05-13 20:09:01',NULL,'1'),(603,162,1,79,1,1,4,'2019-07-11 10:00:00','21:00:00','22:30:00','1','2019-05-13 20:09:01',NULL,'1'),(604,162,1,79,1,1,2,'2019-07-23 10:00:00','21:00:00','22:30:00','1','2019-05-13 20:09:01',NULL,'1'),(605,162,1,79,1,1,1,'2019-08-05 10:00:00','21:00:00','22:30:00','1','2019-05-13 20:09:01',NULL,'1'),(606,162,1,79,1,1,4,'2019-08-15 10:00:00','21:00:00','22:30:00','1','2019-05-13 20:09:01',NULL,'1'),(607,162,1,79,1,1,2,'2019-08-27 10:00:00','21:00:00','22:30:00','1','2019-05-13 20:09:01',NULL,'1'),(608,162,1,79,1,1,1,'2019-09-09 10:00:00','21:00:00','22:30:00','1','2019-05-13 20:09:01',NULL,'1'),(609,189,1,73,1,1,2,'2019-05-14 10:00:00','21:00:00','22:30:00','1','2019-05-13 20:09:01',NULL,'1'),(610,189,1,73,1,1,1,'2019-05-27 10:00:00','21:00:00','22:30:00','1','2019-05-13 20:09:01',NULL,'1'),(611,189,1,73,1,1,4,'2019-06-06 10:00:00','21:00:00','22:30:00','1','2019-05-13 20:09:01',NULL,'1'),(612,189,1,73,1,1,2,'2019-06-18 10:00:00','21:00:00','22:30:00','1','2019-05-13 20:09:01',NULL,'1'),(613,189,1,73,1,1,2,'2019-07-02 10:00:00','21:00:00','22:30:00','1','2019-05-13 20:09:01',NULL,'1'),(614,189,1,73,1,1,1,'2019-07-15 10:00:00','21:00:00','22:30:00','1','2019-05-13 20:09:01',NULL,'1'),(615,189,1,73,1,1,4,'2019-07-25 10:00:00','21:00:00','22:30:00','1','2019-05-13 20:09:01',NULL,'1'),(616,189,1,73,1,1,2,'2019-08-06 10:00:00','21:00:00','22:30:00','1','2019-05-13 20:09:01',NULL,'1'),(617,189,1,73,1,1,1,'2019-08-19 10:00:00','21:00:00','22:30:00','1','2019-05-13 20:09:01',NULL,'1'),(618,189,1,73,1,1,4,'2019-08-29 10:00:00','21:00:00','22:30:00','1','2019-05-13 20:09:01',NULL,'1'),(619,189,1,73,1,1,2,'2019-09-10 10:00:00','21:00:00','22:30:00','1','2019-05-13 20:09:01',NULL,'1'),(620,253,1,73,1,1,4,'2019-05-16 10:00:00','21:00:00','22:30:00','1','2019-05-13 20:09:01',NULL,'1'),(621,253,1,73,1,1,2,'2019-05-28 10:00:00','21:00:00','22:30:00','1','2019-05-13 20:09:01',NULL,'1'),(622,253,1,73,1,1,1,'2019-06-10 10:00:00','21:00:00','22:30:00','1','2019-05-13 20:09:01',NULL,'1'),(623,253,1,73,1,1,4,'2019-06-20 10:00:00','21:00:00','22:30:00','1','2019-05-13 20:09:01',NULL,'1'),(624,253,1,73,1,1,4,'2019-07-04 10:00:00','21:00:00','22:30:00','1','2019-05-13 20:09:01',NULL,'1'),(625,253,1,73,1,1,2,'2019-07-16 10:00:00','21:00:00','22:30:00','1','2019-05-13 20:09:01',NULL,'1'),(626,253,1,73,1,1,1,'2019-07-29 10:00:00','21:00:00','22:30:00','1','2019-05-13 20:09:01',NULL,'1'),(627,253,1,73,1,1,4,'2019-08-08 10:00:00','21:00:00','22:30:00','1','2019-05-13 20:09:01',NULL,'1'),(628,253,1,73,1,1,2,'2019-08-20 10:00:00','21:00:00','22:30:00','1','2019-05-13 20:09:01',NULL,'1'),(629,253,1,73,1,1,1,'2019-09-02 10:00:00','21:00:00','22:30:00','1','2019-05-13 20:09:01',NULL,'1'),(630,253,1,73,1,1,4,'2019-09-12 10:00:00','21:00:00','22:30:00','1','2019-05-13 20:09:01',NULL,'1'),(631,71,1,80,1,2,1,NULL,'20:20:00','22:20:00','1','2019-05-21 19:30:35',NULL,'1'),(632,71,1,80,1,2,2,NULL,'20:20:00','22:20:00','1','2019-05-21 19:30:35',NULL,'1'),(633,71,1,80,1,2,4,NULL,'20:20:00','22:20:00','1','2019-05-21 19:30:35',NULL,'1');
/*!40000 ALTER TABLE `horario_asignatura_periodo` ENABLE KEYS */;
UNLOCK TABLES;

--
-- Table structure for table `horario_asignatura_periodo_tmp`
--

DROP TABLE IF EXISTS `horario_asignatura_periodo_tmp`;
/*!40101 SET @saved_cs_client     = @@character_set_client */;
/*!40101 SET character_set_client = utf8 */;
CREATE TABLE `horario_asignatura_periodo_tmp` (
  `hapt_id` bigint(20) NOT NULL AUTO_INCREMENT,
  `asi_id` bigint(20) DEFAULT NULL,
  `paca_id` bigint(20) DEFAULT NULL,
  `pro_id` bigint(20) DEFAULT NULL,
  `uaca_id` bigint(20) DEFAULT NULL,
  `mod_id` bigint(20) DEFAULT NULL,
  `dia_id` bigint(20) DEFAULT NULL,
  `hapt_fecha_clase` varchar(10) DEFAULT NULL,
  `hapt_hora_entrada` varchar(10) DEFAULT NULL,
  `hapt_hora_salida` varchar(10) DEFAULT NULL,
  `usu_id` bigint(20) DEFAULT NULL,
  PRIMARY KEY (`hapt_id`)
) ENGINE=InnoDB DEFAULT CHARSET=utf8;
/*!40101 SET character_set_client = @saved_cs_client */;

--
-- Dumping data for table `horario_asignatura_periodo_tmp`
--

LOCK TABLES `horario_asignatura_periodo_tmp` WRITE;
/*!40000 ALTER TABLE `horario_asignatura_periodo_tmp` DISABLE KEYS */;
/*!40000 ALTER TABLE `horario_asignatura_periodo_tmp` ENABLE KEYS */;
UNLOCK TABLES;

--
-- Table structure for table `malla_academica`
--

DROP TABLE IF EXISTS `malla_academica`;
/*!40101 SET @saved_cs_client     = @@character_set_client */;
/*!40101 SET character_set_client = utf8 */;
CREATE TABLE `malla_academica` (
  `maca_id` bigint(20) NOT NULL AUTO_INCREMENT,
  `eaca_id` bigint(20) NOT NULL,
  `uaca_id` bigint(20) NOT NULL,
  `mod_id` bigint(20) NOT NULL,
  `maca_tipo` varchar(1) DEFAULT NULL,
  `maca_nombre` varchar(300) NOT NULL,
  `maca_fecha_vigencia_inicio` timestamp NULL DEFAULT NULL,
  `maca_fecha_vigencia_fin` timestamp NULL DEFAULT NULL,
  `maca_usuario_ingreso` bigint(20) NOT NULL,
  `maca_usuario_modifica` bigint(20) DEFAULT NULL,
  `maca_estado` varchar(1) NOT NULL,
  `maca_fecha_creacion` timestamp NOT NULL DEFAULT CURRENT_TIMESTAMP,
  `maca_fecha_modificacion` timestamp NULL DEFAULT NULL,
  `maca_estado_logico` varchar(1) NOT NULL,
  PRIMARY KEY (`maca_id`),
  KEY `eaca_id` (`eaca_id`),
  KEY `uaca_id` (`uaca_id`),
  KEY `mod_id` (`mod_id`),
  CONSTRAINT `malla_academica_ibfk_1` FOREIGN KEY (`eaca_id`) REFERENCES `estudio_academico` (`eaca_id`),
  CONSTRAINT `malla_academica_ibfk_2` FOREIGN KEY (`uaca_id`) REFERENCES `unidad_academica` (`uaca_id`),
  CONSTRAINT `malla_academica_ibfk_3` FOREIGN KEY (`mod_id`) REFERENCES `modalidad` (`mod_id`)
) ENGINE=InnoDB AUTO_INCREMENT=34 DEFAULT CHARSET=utf8;
/*!40101 SET character_set_client = @saved_cs_client */;

--
-- Dumping data for table `malla_academica`
--

LOCK TABLES `malla_academica` WRITE;
/*!40000 ALTER TABLE `malla_academica` DISABLE KEYS */;
INSERT INTO `malla_academica` VALUES (1,1,1,1,'1','Curso de Admisión y Nivelación - Licenciatura en Comercio Exterior - Online','2018-07-01 04:00:00','2018-09-30 04:00:00',1,NULL,'1','2018-10-18 00:12:47',NULL,'1'),(2,2,1,1,'1','Curso de Admisión y Nivelación - Economía - Online','2018-07-01 04:00:00','2018-09-30 04:00:00',1,NULL,'1','2018-10-18 00:12:47',NULL,'1'),(3,3,1,1,'1','Curso de Admisión y Nivelación - Licenciatura en Finanzas - Online','2018-07-01 04:00:00','2018-09-30 04:00:00',1,NULL,'1','2018-10-18 00:12:47',NULL,'1'),(4,4,1,1,'1','Curso de Admisión y Nivelación - Licenciatura en Mercadotecnia - Online','2018-07-01 04:00:00','2018-09-30 04:00:00',1,NULL,'1','2018-10-18 00:12:47',NULL,'1'),(5,5,1,1,'1','Curso de Admisión y Nivelación - Licenciatura en Turismo - Online','2018-07-01 04:00:00','2018-09-30 04:00:00',1,NULL,'1','2018-10-18 00:12:47',NULL,'1'),(6,6,1,1,'1','Curso de Admisión y Nivelación - Licenciatura en Administración de Empresas - Online','2018-07-01 04:00:00','2018-09-30 04:00:00',1,NULL,'1','2018-10-18 00:12:47',NULL,'1'),(7,11,1,2,'1','Curso de Admisión y Nivelación - Ingenieria en Logística y Transporte - Presencial','2018-07-01 04:00:00','2018-09-30 04:00:00',1,NULL,'1','2018-10-18 00:12:47',NULL,'1'),(8,8,1,2,'1','Curso de Admisión y Nivelación - Ingenieria en Telecomunicaciones - Presencial','2018-07-01 04:00:00','2018-09-30 04:00:00',1,NULL,'1','2018-10-18 00:12:47',NULL,'1'),(9,7,1,2,'1','Curso de Admisión y Nivelación - Ingenieria en Software - Presencial','2018-07-01 04:00:00','2018-09-30 04:00:00',1,NULL,'1','2018-10-18 00:12:47',NULL,'1'),(10,10,1,2,'1','Curso de Admisión y Nivelación - Ingenieria en Tecnologias de la Información - Presencial','2018-07-01 04:00:00','2018-09-30 04:00:00',1,NULL,'1','2018-10-18 00:12:47',NULL,'1'),(11,1,1,2,'1','Curso de Admisión y Nivelación - Licenciatura en Comercio Exterior - Presencial','2018-07-01 04:00:00','2018-09-30 04:00:00',1,NULL,'1','2018-10-18 00:12:47',NULL,'1'),(12,5,1,2,'1','Curso de Admisión y Nivelación - Licenciatura en Turismo - Presencial','2018-07-01 04:00:00','2018-09-30 04:00:00',1,NULL,'1','2018-10-18 00:12:47',NULL,'1'),(13,3,1,2,'1','Curso de Admisión y Nivelación - Licenciatura en Finanza - Presencials','2018-07-01 04:00:00','2018-09-30 04:00:00',1,NULL,'1','2018-10-18 00:12:47',NULL,'1'),(14,9,1,2,'1','Curso de Admisión y Nivelación - Licenciatura en Contabilidad y Auditoria - Presencial','2018-07-01 04:00:00','2018-09-30 04:00:00',1,NULL,'1','2018-10-18 00:12:47',NULL,'1'),(15,13,1,2,'1','Curso de Admisión y Nivelación - Licenciatura en Gestión y Talento Humano - Presencial','2018-07-01 04:00:00','2018-09-30 04:00:00',1,NULL,'1','2018-10-18 00:12:47',NULL,'1'),(16,6,1,2,'1','Curso de Admisión y Nivelación - Licenciatura en Administracion de Empresas - Presencial','2018-07-01 04:00:00','2018-09-30 04:00:00',1,NULL,'1','2018-10-18 00:12:47',NULL,'1'),(17,4,1,2,'1','Curso de Admisión y Nivelación - Licenciatura en Mercadotecnia - Presencial','2018-07-01 04:00:00','2018-09-30 04:00:00',1,NULL,'1','2018-10-18 00:12:47',NULL,'1'),(18,14,1,2,'1','Curso de Admisión y Nivelación - Licenciatura en Administración Portuaria y Aduanera - Presencial','2018-07-01 04:00:00','2018-09-30 04:00:00',1,NULL,'1','2018-10-18 00:12:47',NULL,'1'),(19,12,1,3,'1','Curso de Admisión y Nivelación - Licenciatura en Comunicación - Semi - Presencial','2018-07-01 04:00:00','2018-09-30 04:00:00',1,NULL,'1','2018-10-18 00:12:47',NULL,'1'),(20,15,2,3,'1','Curso de Admisión y Nivelación - Administración de Empresas - Semi - Presencial','2018-07-01 04:00:00','2018-09-30 04:00:00',1,NULL,'1','2018-10-18 00:12:47',NULL,'1'),(21,16,2,3,'1','Curso de Admisión y Nivelación - Finanzas - Semi - Presencial','2018-07-01 04:00:00','2018-09-30 04:00:00',1,NULL,'1','2018-10-18 00:12:47',NULL,'1'),(22,17,2,3,'1','Curso de Admisión y Nivelación - Marketing - Semi - Presencial','2018-07-01 04:00:00','2018-09-30 04:00:00',1,NULL,'1','2018-10-18 00:12:47',NULL,'1'),(23,18,2,3,'1','Curso de Admisión y Nivelación - Sistema de Información Gerencial - Semi - Presencial','2018-07-01 04:00:00','2018-09-30 04:00:00',1,NULL,'1','2018-10-18 00:12:47',NULL,'1'),(24,19,2,3,'1','Curso de Admisión y Nivelación - Turismo - Semi - Presencial','2018-07-01 04:00:00','2018-09-30 04:00:00',1,NULL,'1','2018-10-18 00:12:47',NULL,'1'),(25,20,2,3,'1','Curso de Admisión y Nivelación - Talento Humano - Semi - Presencial','2018-07-01 04:00:00','2018-09-30 04:00:00',1,NULL,'1','2018-10-18 00:12:47',NULL,'1'),(26,21,2,3,'1','Curso de Admisión y Nivelación - Empresas Familiares - Semi - Presencial','2018-07-01 04:00:00','2018-09-30 04:00:00',1,NULL,'1','2018-10-18 00:12:47',NULL,'1'),(27,22,2,3,'1','Curso de Admisión y Nivelación - Investigación - Semi - Presencial','2018-07-01 04:00:00','2018-09-30 04:00:00',1,NULL,'1','2018-10-18 00:12:47',NULL,'1'),(28,1,1,4,'1','Curso de Admisión y Nivelación - Licenciatura en Comercio Exterior - Distancia','2018-07-01 04:00:00','2018-09-30 04:00:00',1,NULL,'1','2018-10-18 00:12:47',NULL,'1'),(29,3,1,4,'1','Curso de Admisión y Nivelación - Licenciatura en Finanzas - Distancia','2018-07-01 04:00:00','2018-09-30 04:00:00',1,NULL,'1','2018-10-18 00:12:47',NULL,'1'),(30,4,1,4,'1','Curso de Admisión y Nivelación - Licenciatura en Mercadotecnia - DIstancia','2018-07-01 04:00:00','2018-09-30 04:00:00',1,NULL,'1','2018-10-18 00:12:47',NULL,'1'),(31,6,1,4,'1','Curso de Admisión y Nivelación - Licenciatura en Administración de Empresas - Distancia','2018-07-01 04:00:00','2018-09-30 04:00:00',1,NULL,'1','2018-10-18 00:12:47',NULL,'1'),(32,9,1,4,'1','Curso de Admisión y Nivelación - Licenciatura en Contabilidad y Auditoria - Ditancia','2018-07-01 04:00:00','2018-09-30 04:00:00',1,NULL,'1','2018-10-18 00:12:47',NULL,'1'),(33,13,1,4,'1','Curso de Admisión y Nivelación - Licenciatura en Gestión y Talento Humano - Distancia','2018-07-01 04:00:00','2018-09-30 04:00:00',1,NULL,'1','2018-10-18 00:12:47',NULL,'1');
/*!40000 ALTER TABLE `malla_academica` ENABLE KEYS */;
UNLOCK TABLES;

--
-- Table structure for table `malla_academica_detalle`
--

DROP TABLE IF EXISTS `malla_academica_detalle`;
/*!40101 SET @saved_cs_client     = @@character_set_client */;
/*!40101 SET character_set_client = utf8 */;
CREATE TABLE `malla_academica_detalle` (
  `made_id` bigint(20) NOT NULL AUTO_INCREMENT,
  `maca_id` bigint(20) NOT NULL,
  `asi_id` bigint(20) NOT NULL,
  `uest_id` bigint(20) NOT NULL,
  `nest_id` bigint(20) NOT NULL,
  `fmac_id` bigint(20) NOT NULL,
  `made_codigo_asignatura` varchar(300) NOT NULL,
  `made_usuario_ingreso` bigint(20) NOT NULL,
  `made_usuario_modifica` bigint(20) DEFAULT NULL,
  `made_estado` varchar(1) NOT NULL,
  `made_fecha_creacion` timestamp NOT NULL DEFAULT CURRENT_TIMESTAMP,
  `made_fecha_modificacion` timestamp NULL DEFAULT NULL,
  `made_estado_logico` varchar(1) NOT NULL,
  PRIMARY KEY (`made_id`),
  KEY `maca_id` (`maca_id`),
  KEY `asi_id` (`asi_id`),
  KEY `uest_id` (`uest_id`),
  KEY `nest_id` (`nest_id`),
  KEY `fmac_id` (`fmac_id`),
  CONSTRAINT `malla_academica_detalle_ibfk_1` FOREIGN KEY (`maca_id`) REFERENCES `malla_academica` (`maca_id`),
  CONSTRAINT `malla_academica_detalle_ibfk_2` FOREIGN KEY (`asi_id`) REFERENCES `asignatura` (`asi_id`),
  CONSTRAINT `malla_academica_detalle_ibfk_3` FOREIGN KEY (`uest_id`) REFERENCES `unidad_estudio` (`uest_id`),
  CONSTRAINT `malla_academica_detalle_ibfk_4` FOREIGN KEY (`nest_id`) REFERENCES `nivel_estudio` (`nest_id`),
  CONSTRAINT `malla_academica_detalle_ibfk_5` FOREIGN KEY (`fmac_id`) REFERENCES `formacion_malla_academica` (`fmac_id`)
) ENGINE=InnoDB AUTO_INCREMENT=166 DEFAULT CHARSET=utf8;
/*!40101 SET character_set_client = @saved_cs_client */;

--
-- Dumping data for table `malla_academica_detalle`
--

LOCK TABLES `malla_academica_detalle` WRITE;
/*!40000 ALTER TABLE `malla_academica_detalle` DISABLE KEYS */;
INSERT INTO `malla_academica_detalle` VALUES (1,1,1,1,1,6,'',1,NULL,'1','2018-10-18 00:12:47',NULL,'1'),(2,1,2,1,1,6,'',1,NULL,'1','2018-10-18 00:12:47',NULL,'1'),(3,1,3,1,1,6,'',1,NULL,'1','2018-10-18 00:12:47',NULL,'1'),(4,1,4,1,1,6,'',1,NULL,'1','2018-10-18 00:12:47',NULL,'1'),(5,1,5,1,1,6,'',1,NULL,'1','2018-10-18 00:12:47',NULL,'1'),(6,2,1,1,1,6,'',1,NULL,'1','2018-10-18 00:12:47',NULL,'1'),(7,2,2,1,1,6,'',1,NULL,'1','2018-10-18 00:12:47',NULL,'1'),(8,2,3,1,1,6,'',1,NULL,'1','2018-10-18 00:12:47',NULL,'1'),(9,2,4,1,1,6,'',1,NULL,'1','2018-10-18 00:12:47',NULL,'1'),(10,2,5,1,1,6,'',1,NULL,'1','2018-10-18 00:12:47',NULL,'1'),(11,3,1,1,1,6,'',1,NULL,'1','2018-10-18 00:12:47',NULL,'1'),(12,3,2,1,1,6,'',1,NULL,'1','2018-10-18 00:12:47',NULL,'1'),(13,3,3,1,1,6,'',1,NULL,'1','2018-10-18 00:12:47',NULL,'1'),(14,3,4,1,1,6,'',1,NULL,'1','2018-10-18 00:12:47',NULL,'1'),(15,3,5,1,1,6,'',1,NULL,'1','2018-10-18 00:12:47',NULL,'1'),(16,4,1,1,1,6,'',1,NULL,'1','2018-10-18 00:12:47',NULL,'1'),(17,4,2,1,1,6,'',1,NULL,'1','2018-10-18 00:12:47',NULL,'1'),(18,4,3,1,1,6,'',1,NULL,'1','2018-10-18 00:12:47',NULL,'1'),(19,4,4,1,1,6,'',1,NULL,'1','2018-10-18 00:12:47',NULL,'1'),(20,4,5,1,1,6,'',1,NULL,'1','2018-10-18 00:12:47',NULL,'1'),(21,5,1,1,1,6,'',1,NULL,'1','2018-10-18 00:12:47',NULL,'1'),(22,5,2,1,1,6,'',1,NULL,'1','2018-10-18 00:12:47',NULL,'1'),(23,5,3,1,1,6,'',1,NULL,'1','2018-10-18 00:12:47',NULL,'1'),(24,5,4,1,1,6,'',1,NULL,'1','2018-10-18 00:12:47',NULL,'1'),(25,5,5,1,1,6,'',1,NULL,'1','2018-10-18 00:12:47',NULL,'1'),(26,6,1,1,1,6,'',1,NULL,'1','2018-10-18 00:12:47',NULL,'1'),(27,6,2,1,1,6,'',1,NULL,'1','2018-10-18 00:12:47',NULL,'1'),(28,6,3,1,1,6,'',1,NULL,'1','2018-10-18 00:12:47',NULL,'1'),(29,6,4,1,1,6,'',1,NULL,'1','2018-10-18 00:12:47',NULL,'1'),(30,6,5,1,1,6,'',1,NULL,'1','2018-10-18 00:12:47',NULL,'1'),(31,7,1,1,1,6,'',1,NULL,'1','2018-10-18 00:12:47',NULL,'1'),(32,7,6,1,1,6,'',1,NULL,'1','2018-10-18 00:12:47',NULL,'1'),(33,7,3,1,1,6,'',1,NULL,'1','2018-10-18 00:12:47',NULL,'1'),(34,7,4,1,1,6,'',1,NULL,'1','2018-10-18 00:12:47',NULL,'1'),(35,7,5,1,1,6,'',1,NULL,'1','2018-10-18 00:12:47',NULL,'1'),(36,8,1,1,1,6,'',1,NULL,'1','2018-10-18 00:12:47',NULL,'1'),(37,8,6,1,1,6,'',1,NULL,'1','2018-10-18 00:12:47',NULL,'1'),(38,8,3,1,1,6,'',1,NULL,'1','2018-10-18 00:12:47',NULL,'1'),(39,8,4,1,1,6,'',1,NULL,'1','2018-10-18 00:12:47',NULL,'1'),(40,8,5,1,1,6,'',1,NULL,'1','2018-10-18 00:12:47',NULL,'1'),(41,9,1,1,1,6,'',1,NULL,'1','2018-10-18 00:12:47',NULL,'1'),(42,9,6,1,1,6,'',1,NULL,'1','2018-10-18 00:12:47',NULL,'1'),(43,9,3,1,1,6,'',1,NULL,'1','2018-10-18 00:12:47',NULL,'1'),(44,9,4,1,1,6,'',1,NULL,'1','2018-10-18 00:12:47',NULL,'1'),(45,9,5,1,1,6,'',1,NULL,'1','2018-10-18 00:12:47',NULL,'1'),(46,10,1,1,1,6,'',1,NULL,'1','2018-10-18 00:12:47',NULL,'1'),(47,10,6,1,1,6,'',1,NULL,'1','2018-10-18 00:12:47',NULL,'1'),(48,10,3,1,1,6,'',1,NULL,'1','2018-10-18 00:12:47',NULL,'1'),(49,10,4,1,1,6,'',1,NULL,'1','2018-10-18 00:12:47',NULL,'1'),(50,10,5,1,1,6,'',1,NULL,'1','2018-10-18 00:12:47',NULL,'1'),(51,11,1,1,1,6,'',1,NULL,'1','2018-10-18 00:12:47',NULL,'1'),(52,11,2,1,1,6,'',1,NULL,'1','2018-10-18 00:12:47',NULL,'1'),(53,11,3,1,1,6,'',1,NULL,'1','2018-10-18 00:12:47',NULL,'1'),(54,11,4,1,1,6,'',1,NULL,'1','2018-10-18 00:12:47',NULL,'1'),(55,11,5,1,1,6,'',1,NULL,'1','2018-10-18 00:12:47',NULL,'1'),(56,12,1,1,1,6,'',1,NULL,'1','2018-10-18 00:12:47',NULL,'1'),(57,12,2,1,1,6,'',1,NULL,'1','2018-10-18 00:12:47',NULL,'1'),(58,12,3,1,1,6,'',1,NULL,'1','2018-10-18 00:12:47',NULL,'1'),(59,12,4,1,1,6,'',1,NULL,'1','2018-10-18 00:12:47',NULL,'1'),(60,12,5,1,1,6,'',1,NULL,'1','2018-10-18 00:12:47',NULL,'1'),(61,13,1,1,1,6,'',1,NULL,'1','2018-10-18 00:12:47',NULL,'1'),(62,13,2,1,1,6,'',1,NULL,'1','2018-10-18 00:12:47',NULL,'1'),(63,13,3,1,1,6,'',1,NULL,'1','2018-10-18 00:12:47',NULL,'1'),(64,13,4,1,1,6,'',1,NULL,'1','2018-10-18 00:12:47',NULL,'1'),(65,13,5,1,1,6,'',1,NULL,'1','2018-10-18 00:12:47',NULL,'1'),(66,14,1,1,1,6,'',1,NULL,'1','2018-10-18 00:12:47',NULL,'1'),(67,14,2,1,1,6,'',1,NULL,'1','2018-10-18 00:12:47',NULL,'1'),(68,14,3,1,1,6,'',1,NULL,'1','2018-10-18 00:12:47',NULL,'1'),(69,14,4,1,1,6,'',1,NULL,'1','2018-10-18 00:12:47',NULL,'1'),(70,14,5,1,1,6,'',1,NULL,'1','2018-10-18 00:12:47',NULL,'1'),(71,15,1,1,1,6,'',1,NULL,'1','2018-10-18 00:12:47',NULL,'1'),(72,15,2,1,1,6,'',1,NULL,'1','2018-10-18 00:12:47',NULL,'1'),(73,15,3,1,1,6,'',1,NULL,'1','2018-10-18 00:12:47',NULL,'1'),(74,15,4,1,1,6,'',1,NULL,'1','2018-10-18 00:12:47',NULL,'1'),(75,15,5,1,1,6,'',1,NULL,'1','2018-10-18 00:12:47',NULL,'1'),(76,16,1,1,1,6,'',1,NULL,'1','2018-10-18 00:12:47',NULL,'1'),(77,16,2,1,1,6,'',1,NULL,'1','2018-10-18 00:12:47',NULL,'1'),(78,16,3,1,1,6,'',1,NULL,'1','2018-10-18 00:12:47',NULL,'1'),(79,16,4,1,1,6,'',1,NULL,'1','2018-10-18 00:12:47',NULL,'1'),(80,16,5,1,1,6,'',1,NULL,'1','2018-10-18 00:12:47',NULL,'1'),(81,17,1,1,1,6,'',1,NULL,'1','2018-10-18 00:12:47',NULL,'1'),(82,17,2,1,1,6,'',1,NULL,'1','2018-10-18 00:12:47',NULL,'1'),(83,17,3,1,1,6,'',1,NULL,'1','2018-10-18 00:12:47',NULL,'1'),(84,17,4,1,1,6,'',1,NULL,'1','2018-10-18 00:12:47',NULL,'1'),(85,17,5,1,1,6,'',1,NULL,'1','2018-10-18 00:12:47',NULL,'1'),(86,18,1,1,1,6,'',1,NULL,'1','2018-10-18 00:12:47',NULL,'1'),(87,18,2,1,1,6,'',1,NULL,'1','2018-10-18 00:12:47',NULL,'1'),(88,18,3,1,1,6,'',1,NULL,'1','2018-10-18 00:12:47',NULL,'1'),(89,18,4,1,1,6,'',1,NULL,'1','2018-10-18 00:12:47',NULL,'1'),(90,18,5,1,1,6,'',1,NULL,'1','2018-10-18 00:12:47',NULL,'1'),(91,19,1,1,1,6,'',1,NULL,'1','2018-10-18 00:12:47',NULL,'1'),(92,19,2,1,1,6,'',1,NULL,'1','2018-10-18 00:12:47',NULL,'1'),(93,19,3,1,1,6,'',1,NULL,'1','2018-10-18 00:12:47',NULL,'1'),(94,19,4,1,1,6,'',1,NULL,'1','2018-10-18 00:12:47',NULL,'1'),(95,19,5,1,1,6,'',1,NULL,'1','2018-10-18 00:12:47',NULL,'1'),(96,20,1,1,1,6,'',1,NULL,'1','2018-10-18 00:12:47',NULL,'1'),(97,20,2,1,1,6,'',1,NULL,'1','2018-10-18 00:12:47',NULL,'1'),(98,20,3,1,1,6,'',1,NULL,'1','2018-10-18 00:12:47',NULL,'1'),(99,20,4,1,1,6,'',1,NULL,'1','2018-10-18 00:12:47',NULL,'1'),(100,20,5,1,1,6,'',1,NULL,'1','2018-10-18 00:12:47',NULL,'1'),(101,21,1,1,1,6,'',1,NULL,'1','2018-10-18 00:12:47',NULL,'1'),(102,21,2,1,1,6,'',1,NULL,'1','2018-10-18 00:12:47',NULL,'1'),(103,21,3,1,1,6,'',1,NULL,'1','2018-10-18 00:12:47',NULL,'1'),(104,21,4,1,1,6,'',1,NULL,'1','2018-10-18 00:12:47',NULL,'1'),(105,21,5,1,1,6,'',1,NULL,'1','2018-10-18 00:12:47',NULL,'1'),(106,22,1,1,1,6,'',1,NULL,'1','2018-10-18 00:12:47',NULL,'1'),(107,22,2,1,1,6,'',1,NULL,'1','2018-10-18 00:12:47',NULL,'1'),(108,22,3,1,1,6,'',1,NULL,'1','2018-10-18 00:12:47',NULL,'1'),(109,22,4,1,1,6,'',1,NULL,'1','2018-10-18 00:12:47',NULL,'1'),(110,22,5,1,1,6,'',1,NULL,'1','2018-10-18 00:12:47',NULL,'1'),(111,23,1,1,1,6,'',1,NULL,'1','2018-10-18 00:12:47',NULL,'1'),(112,23,2,1,1,6,'',1,NULL,'1','2018-10-18 00:12:47',NULL,'1'),(113,23,3,1,1,6,'',1,NULL,'1','2018-10-18 00:12:47',NULL,'1'),(114,23,4,1,1,6,'',1,NULL,'1','2018-10-18 00:12:47',NULL,'1'),(115,23,5,1,1,6,'',1,NULL,'1','2018-10-18 00:12:47',NULL,'1'),(116,24,1,1,1,6,'',1,NULL,'1','2018-10-18 00:12:47',NULL,'1'),(117,24,2,1,1,6,'',1,NULL,'1','2018-10-18 00:12:47',NULL,'1'),(118,24,3,1,1,6,'',1,NULL,'1','2018-10-18 00:12:47',NULL,'1'),(119,24,4,1,1,6,'',1,NULL,'1','2018-10-18 00:12:47',NULL,'1'),(120,24,5,1,1,6,'',1,NULL,'1','2018-10-18 00:12:47',NULL,'1'),(121,25,1,1,1,6,'',1,NULL,'1','2018-10-18 00:12:47',NULL,'1'),(122,25,2,1,1,6,'',1,NULL,'1','2018-10-18 00:12:47',NULL,'1'),(123,25,3,1,1,6,'',1,NULL,'1','2018-10-18 00:12:47',NULL,'1'),(124,25,4,1,1,6,'',1,NULL,'1','2018-10-18 00:12:47',NULL,'1'),(125,25,5,1,1,6,'',1,NULL,'1','2018-10-18 00:12:47',NULL,'1'),(126,26,1,1,1,6,'',1,NULL,'1','2018-10-18 00:12:47',NULL,'1'),(127,26,2,1,1,6,'',1,NULL,'1','2018-10-18 00:12:47',NULL,'1'),(128,26,3,1,1,6,'',1,NULL,'1','2018-10-18 00:12:47',NULL,'1'),(129,26,4,1,1,6,'',1,NULL,'1','2018-10-18 00:12:47',NULL,'1'),(130,26,5,1,1,6,'',1,NULL,'1','2018-10-18 00:12:47',NULL,'1'),(131,27,1,1,1,6,'',1,NULL,'1','2018-10-18 00:12:47',NULL,'1'),(132,27,2,1,1,6,'',1,NULL,'1','2018-10-18 00:12:47',NULL,'1'),(133,27,3,1,1,6,'',1,NULL,'1','2018-10-18 00:12:47',NULL,'1'),(134,27,4,1,1,6,'',1,NULL,'1','2018-10-18 00:12:47',NULL,'1'),(135,27,5,1,1,6,'',1,NULL,'1','2018-10-18 00:12:47',NULL,'1'),(136,28,1,1,1,6,'',1,NULL,'1','2018-10-18 00:12:47',NULL,'1'),(137,28,2,1,1,6,'',1,NULL,'1','2018-10-18 00:12:47',NULL,'1'),(138,28,3,1,1,6,'',1,NULL,'1','2018-10-18 00:12:47',NULL,'1'),(139,28,4,1,1,6,'',1,NULL,'1','2018-10-18 00:12:47',NULL,'1'),(140,28,5,1,1,6,'',1,NULL,'1','2018-10-18 00:12:47',NULL,'1'),(141,29,1,1,1,6,'',1,NULL,'1','2018-10-18 00:12:47',NULL,'1'),(142,29,2,1,1,6,'',1,NULL,'1','2018-10-18 00:12:47',NULL,'1'),(143,29,3,1,1,6,'',1,NULL,'1','2018-10-18 00:12:47',NULL,'1'),(144,29,4,1,1,6,'',1,NULL,'1','2018-10-18 00:12:47',NULL,'1'),(145,29,5,1,1,6,'',1,NULL,'1','2018-10-18 00:12:47',NULL,'1'),(146,30,1,1,1,6,'',1,NULL,'1','2018-10-18 00:12:47',NULL,'1'),(147,30,2,1,1,6,'',1,NULL,'1','2018-10-18 00:12:47',NULL,'1'),(148,30,3,1,1,6,'',1,NULL,'1','2018-10-18 00:12:47',NULL,'1'),(149,30,4,1,1,6,'',1,NULL,'1','2018-10-18 00:12:47',NULL,'1'),(150,30,5,1,1,6,'',1,NULL,'1','2018-10-18 00:12:47',NULL,'1'),(151,31,1,1,1,6,'',1,NULL,'1','2018-10-18 00:12:47',NULL,'1'),(152,31,2,1,1,6,'',1,NULL,'1','2018-10-18 00:12:47',NULL,'1'),(153,31,3,1,1,6,'',1,NULL,'1','2018-10-18 00:12:47',NULL,'1'),(154,31,4,1,1,6,'',1,NULL,'1','2018-10-18 00:12:47',NULL,'1'),(155,31,5,1,1,6,'',1,NULL,'1','2018-10-18 00:12:47',NULL,'1'),(156,32,1,1,1,6,'',1,NULL,'1','2018-10-18 00:12:47',NULL,'1'),(157,32,2,1,1,6,'',1,NULL,'1','2018-10-18 00:12:47',NULL,'1'),(158,32,3,1,1,6,'',1,NULL,'1','2018-10-18 00:12:47',NULL,'1'),(159,32,4,1,1,6,'',1,NULL,'1','2018-10-18 00:12:47',NULL,'1'),(160,32,5,1,1,6,'',1,NULL,'1','2018-10-18 00:12:47',NULL,'1'),(161,33,1,1,1,6,'',1,NULL,'1','2018-10-18 00:12:47',NULL,'1'),(162,33,2,1,1,6,'',1,NULL,'1','2018-10-18 00:12:47',NULL,'1'),(163,33,3,1,1,6,'',1,NULL,'1','2018-10-18 00:12:47',NULL,'1'),(164,33,4,1,1,6,'',1,NULL,'1','2018-10-18 00:12:47',NULL,'1'),(165,33,5,1,1,6,'',1,NULL,'1','2018-10-18 00:12:47',NULL,'1');
/*!40000 ALTER TABLE `malla_academica_detalle` ENABLE KEYS */;
UNLOCK TABLES;

--
-- Table structure for table `matriculacion`
--

DROP TABLE IF EXISTS `matriculacion`;
/*!40101 SET @saved_cs_client     = @@character_set_client */;
/*!40101 SET character_set_client = utf8 */;
CREATE TABLE `matriculacion` (
  `mat_id` bigint(20) NOT NULL AUTO_INCREMENT,
  `peac_id` bigint(20) DEFAULT NULL,
  `adm_id` bigint(20) DEFAULT NULL,
  `est_id` bigint(20) DEFAULT NULL,
  `sins_id` bigint(20) DEFAULT NULL,
  `mat_fecha_matriculacion` timestamp NULL DEFAULT NULL,
  `mat_usuario_ingreso` bigint(20) NOT NULL,
  `mat_usuario_modifica` bigint(20) DEFAULT NULL,
  `mat_estado` varchar(1) NOT NULL,
  `mat_fecha_creacion` timestamp NOT NULL DEFAULT CURRENT_TIMESTAMP,
  `mat_fecha_modificacion` timestamp NULL DEFAULT NULL,
  `mat_estado_logico` varchar(1) NOT NULL,
  PRIMARY KEY (`mat_id`),
  KEY `peac_id` (`peac_id`),
  KEY `est_id` (`est_id`),
  CONSTRAINT `matriculacion_ibfk_1` FOREIGN KEY (`peac_id`) REFERENCES `planificacion_estudio_academico` (`peac_id`),
  CONSTRAINT `matriculacion_ibfk_2` FOREIGN KEY (`est_id`) REFERENCES `estudiante` (`est_id`)
) ENGINE=InnoDB AUTO_INCREMENT=264 DEFAULT CHARSET=utf8;
/*!40101 SET character_set_client = @saved_cs_client */;

--
-- Dumping data for table `matriculacion`
--

LOCK TABLES `matriculacion` WRITE;
/*!40000 ALTER TABLE `matriculacion` DISABLE KEYS */;
INSERT INTO `matriculacion` VALUES (1,1,1,NULL,1,'2017-10-11 05:22:45',1,NULL,'1','2017-10-11 05:22:45',NULL,'1'),(2,5,2,NULL,2,'2017-10-12 05:22:27',1,NULL,'1','2017-10-12 05:22:27',NULL,'1'),(3,1,4,NULL,4,'2017-10-14 01:14:02',1,NULL,'1','2017-10-14 01:14:02',NULL,'1'),(4,1,6,NULL,6,'2017-10-15 01:15:17',1,NULL,'1','2017-10-15 01:15:17',NULL,'1'),(5,5,5,NULL,5,'2017-10-15 01:23:17',1,NULL,'1','2017-10-15 01:23:17',NULL,'1'),(6,5,7,NULL,7,'2017-10-17 07:03:17',1,NULL,'1','2017-10-17 07:03:17',NULL,'1'),(7,4,8,NULL,8,'2017-10-18 05:53:23',1,NULL,'1','2017-10-18 05:53:23',NULL,'1'),(8,1,9,NULL,9,'2017-10-19 05:16:40',1,NULL,'1','2017-10-19 05:16:40',NULL,'1'),(9,10,11,NULL,10,'2017-11-01 04:52:50',1,NULL,'1','2017-11-01 04:52:50',NULL,'1'),(10,7,13,NULL,15,'2017-11-11 05:11:47',1,NULL,'1','2017-11-11 05:11:47',NULL,'1'),(11,11,15,NULL,13,'2017-11-14 01:37:15',1,NULL,'1','2017-11-14 01:37:15',NULL,'1'),(12,9,22,NULL,20,'2017-11-14 07:09:18',1,NULL,'1','2017-11-14 07:09:18',NULL,'1'),(13,9,20,NULL,21,'2017-11-19 02:24:30',1,NULL,'1','2017-11-19 02:24:30',NULL,'1'),(14,9,24,NULL,22,'2017-11-21 00:15:51',1,NULL,'1','2017-11-21 00:15:51',NULL,'1'),(15,11,18,NULL,17,'2017-11-23 03:52:58',1,NULL,'1','2017-11-23 03:52:58',NULL,'1'),(16,7,23,NULL,23,'2017-11-29 07:49:32',1,NULL,'1','2017-11-29 07:49:32',NULL,'1'),(17,7,16,NULL,16,'2017-11-29 07:52:05',1,NULL,'1','2017-11-29 07:52:05',NULL,'1'),(18,7,25,NULL,24,'2017-11-30 00:36:25',1,NULL,'1','2017-11-30 00:36:25',NULL,'1'),(19,8,14,NULL,12,'2017-11-30 01:10:45',1,NULL,'1','2017-11-30 01:10:45',NULL,'1'),(20,8,17,NULL,14,'2017-11-30 01:11:46',1,NULL,'1','2017-11-30 01:11:46',NULL,'1'),(21,11,21,NULL,19,'2017-11-30 01:18:29',1,NULL,'1','2017-11-30 01:18:29',NULL,'1'),(22,1,3,NULL,3,'2017-11-30 03:48:09',1,NULL,'1','2017-11-30 03:48:09',NULL,'1'),(23,17,28,NULL,28,'2018-01-10 02:14:55',1,NULL,'1','2018-01-10 02:14:55',NULL,'1'),(24,13,31,NULL,29,'2018-01-13 06:02:01',1,NULL,'1','2018-01-13 06:02:01',NULL,'1'),(25,17,30,NULL,30,'2018-01-14 00:02:10',1,NULL,'1','2018-01-14 00:02:10',NULL,'1'),(26,13,35,NULL,33,'2018-01-19 19:02:30',1,NULL,'1','2018-01-19 19:02:30',NULL,'1'),(27,26,37,NULL,36,'2018-01-31 02:53:57',1,NULL,'1','2018-01-31 02:53:57',NULL,'1'),(28,18,29,NULL,27,'2018-01-31 02:55:40',1,NULL,'1','2018-01-31 02:55:40',NULL,'1'),(29,15,27,NULL,26,'2018-01-31 02:55:50',1,NULL,'1','2018-01-31 02:55:50',NULL,'1'),(30,17,36,NULL,34,'2018-01-31 02:56:03',1,NULL,'1','2018-01-31 02:56:03',NULL,'1'),(31,29,39,NULL,37,'2018-02-06 01:46:15',1,NULL,'1','2018-02-06 01:46:15',NULL,'1'),(32,30,38,NULL,35,'2018-02-06 01:46:32',1,NULL,'1','2018-02-06 01:46:32',NULL,'1'),(33,27,43,NULL,40,'2018-02-16 21:22:06',1,NULL,'1','2018-02-16 21:22:06',NULL,'1'),(34,25,44,NULL,42,'2018-02-17 03:16:02',1,NULL,'1','2018-02-17 03:16:02',NULL,'1'),(35,29,40,NULL,39,'2018-02-19 23:35:49',1,NULL,'1','2018-02-19 23:35:49',NULL,'1'),(36,28,45,NULL,43,'2018-02-19 23:45:21',1,NULL,'1','2018-02-19 23:45:21',NULL,'1'),(37,30,41,NULL,38,'2018-02-20 02:08:38',1,NULL,'1','2018-02-20 02:08:38',NULL,'1'),(38,25,34,NULL,45,'2018-02-20 02:26:19',1,NULL,'1','2018-02-20 02:26:19',NULL,'1'),(39,25,46,NULL,44,'2018-02-20 21:39:25',1,NULL,'1','2018-02-20 21:39:25',NULL,'1'),(40,30,48,NULL,46,'2018-02-21 05:40:19',1,NULL,'1','2018-02-21 05:40:19',NULL,'1'),(41,25,42,NULL,41,'2018-02-21 05:43:47',1,NULL,'1','2018-02-21 05:43:47',NULL,'1'),(42,25,47,NULL,47,'2018-02-23 21:44:47',1,NULL,'1','2018-02-23 21:44:47',NULL,'1'),(43,18,33,NULL,32,'2018-02-24 00:21:41',1,NULL,'1','2018-02-24 00:21:41',NULL,'1'),(44,39,12,NULL,11,'2018-02-27 03:06:30',1,NULL,'1','2018-02-27 03:06:30',NULL,'1'),(45,45,49,NULL,48,'2018-02-28 19:02:59',1,NULL,'1','2018-02-28 19:02:59',NULL,'1'),(46,45,52,NULL,51,'2018-03-05 20:18:58',1,NULL,'1','2018-03-05 20:18:58',NULL,'1'),(47,47,51,NULL,50,'2018-03-05 20:20:10',1,NULL,'1','2018-03-05 20:20:10',NULL,'1'),(48,47,50,NULL,49,'2018-03-06 19:42:46',1,NULL,'1','2018-03-06 19:42:46',NULL,'1'),(49,45,53,NULL,52,'2018-03-06 19:45:29',1,NULL,'1','2018-03-06 19:45:29',NULL,'1'),(50,43,55,NULL,54,'2018-03-09 19:40:14',1,NULL,'1','2018-03-09 19:40:14',NULL,'1'),(51,47,58,NULL,57,'2018-03-12 23:46:20',1,NULL,'1','2018-03-12 23:46:20',NULL,'1'),(52,43,60,NULL,59,'2018-03-12 23:46:37',1,NULL,'1','2018-03-12 23:46:37',NULL,'1'),(53,45,59,NULL,58,'2018-03-12 23:47:17',1,NULL,'1','2018-03-12 23:47:17',NULL,'1'),(54,43,54,NULL,55,'2018-03-13 18:27:53',1,NULL,'1','2018-03-13 18:27:53',NULL,'1'),(55,53,57,NULL,56,'2018-03-15 01:10:31',1,NULL,'1','2018-03-15 01:10:31',NULL,'1'),(56,47,56,NULL,53,'2018-03-15 01:12:06',1,NULL,'1','2018-03-15 01:12:06',NULL,'1'),(57,53,64,NULL,60,'2018-03-16 20:57:17',1,NULL,'1','2018-03-16 20:57:17',NULL,'1'),(58,49,66,NULL,61,'2018-03-16 20:57:38',1,NULL,'1','2018-03-16 20:57:38',NULL,'1'),(59,52,65,NULL,63,'2018-03-16 20:58:35',1,NULL,'1','2018-03-16 20:58:35',NULL,'1'),(60,54,76,NULL,69,'2018-03-19 18:39:47',1,NULL,'1','2018-03-19 18:39:47',NULL,'1'),(61,51,68,NULL,65,'2018-03-19 18:40:25',1,NULL,'1','2018-03-19 18:40:25',NULL,'1'),(62,52,71,NULL,68,'2018-03-19 18:40:42',1,NULL,'1','2018-03-19 18:40:42',NULL,'1'),(63,49,67,NULL,64,'2018-03-19 18:41:25',1,NULL,'1','2018-03-19 18:41:25',NULL,'1'),(64,49,77,NULL,74,'2018-03-19 23:45:54',1,NULL,'1','2018-03-19 23:45:54',NULL,'1'),(65,51,73,NULL,70,'2018-03-19 23:52:39',1,NULL,'1','2018-03-19 23:52:39',NULL,'1'),(66,49,72,NULL,67,'2018-03-20 00:01:06',1,NULL,'1','2018-03-20 00:01:06',NULL,'1'),(67,53,74,NULL,72,'2018-03-20 02:41:50',1,NULL,'1','2018-03-20 02:41:50',NULL,'1'),(68,53,75,NULL,73,'2018-03-20 02:41:59',1,NULL,'1','2018-03-20 02:41:59',NULL,'1'),(69,49,69,NULL,75,'2018-03-20 18:35:00',1,NULL,'1','2018-03-20 18:35:00',NULL,'1'),(70,51,63,NULL,71,'2018-03-20 19:40:57',1,NULL,'1','2018-03-20 19:40:57',NULL,'1'),(71,51,78,NULL,77,'2018-03-22 01:43:59',1,NULL,'1','2018-03-22 01:43:59',NULL,'1'),(72,54,79,NULL,76,'2018-03-22 01:44:11',1,NULL,'1','2018-03-22 01:44:11',NULL,'1'),(73,51,80,NULL,78,'2018-03-22 20:06:26',1,NULL,'1','2018-03-22 20:06:26',NULL,'1'),(74,51,81,NULL,79,'2018-03-23 18:07:15',1,NULL,'1','2018-03-23 18:07:15',NULL,'1'),(75,47,70,NULL,66,'2018-04-03 02:24:13',1,NULL,'1','2018-04-03 02:24:13',NULL,'1'),(76,58,90,NULL,83,'2018-04-07 02:36:50',1,NULL,'1','2018-04-07 02:36:50',NULL,'1'),(77,61,86,NULL,89,'2018-04-10 00:11:26',1,NULL,'1','2018-04-10 00:11:26',NULL,'1'),(78,63,84,NULL,82,'2018-04-10 00:11:46',1,NULL,'1','2018-04-10 00:11:46',NULL,'1'),(79,65,85,NULL,81,'2018-04-10 00:11:58',1,NULL,'1','2018-04-10 00:11:58',NULL,'1'),(80,61,83,NULL,80,'2018-04-10 00:12:07',1,NULL,'1','2018-04-10 00:12:07',NULL,'1'),(81,64,87,NULL,85,'2018-04-10 18:26:21',1,NULL,'1','2018-04-10 18:26:21',NULL,'1'),(82,61,100,NULL,93,'2018-04-11 02:57:37',1,NULL,'1','2018-04-11 02:57:37',NULL,'1'),(83,61,98,NULL,94,'2018-04-11 02:57:45',1,NULL,'1','2018-04-11 02:57:45',NULL,'1'),(84,61,97,NULL,92,'2018-04-11 02:57:53',1,NULL,'1','2018-04-11 02:57:53',NULL,'1'),(85,65,89,NULL,88,'2018-04-11 02:58:01',1,NULL,'1','2018-04-11 02:58:01',NULL,'1'),(86,63,88,NULL,86,'2018-04-11 02:58:09',1,NULL,'1','2018-04-11 02:58:09',NULL,'1'),(87,61,96,NULL,97,'2018-04-13 04:20:09',1,NULL,'1','2018-04-13 04:20:09',NULL,'1'),(88,65,101,NULL,99,'2018-04-13 05:01:34',1,NULL,'1','2018-04-13 05:01:34',NULL,'1'),(89,63,102,NULL,95,'2018-04-13 05:01:43',1,NULL,'1','2018-04-13 05:01:43',NULL,'1'),(90,65,99,NULL,101,'2018-04-13 05:01:54',1,NULL,'1','2018-04-13 05:01:54',NULL,'1'),(91,66,94,NULL,100,'2018-04-13 05:08:30',1,NULL,'1','2018-04-13 05:08:30',NULL,'1'),(92,61,105,NULL,98,'2018-04-14 01:40:40',1,NULL,'1','2018-04-14 01:40:40',NULL,'1'),(93,61,91,NULL,84,'2018-04-14 01:41:01',1,NULL,'1','2018-04-14 01:41:01',NULL,'1'),(94,65,92,NULL,87,'2018-04-16 19:41:41',1,NULL,'1','2018-04-16 19:41:41',NULL,'1'),(95,63,104,NULL,102,'2018-04-16 20:01:12',1,NULL,'1','2018-04-16 20:01:12',NULL,'1'),(96,65,103,NULL,96,'2018-04-17 01:32:49',1,NULL,'1','2018-04-17 01:32:49',NULL,'1'),(97,65,108,NULL,107,'2018-04-17 23:45:07',1,NULL,'1','2018-04-17 23:45:07',NULL,'1'),(98,65,109,NULL,106,'2018-04-17 23:45:30',1,NULL,'1','2018-04-17 23:45:30',NULL,'1'),(99,61,112,NULL,103,'2018-04-17 23:45:40',1,NULL,'1','2018-04-17 23:45:40',NULL,'1'),(100,59,110,NULL,108,'2018-04-17 23:46:01',1,NULL,'1','2018-04-17 23:46:01',NULL,'1'),(101,61,107,NULL,105,'2018-04-17 23:46:10',1,NULL,'1','2018-04-17 23:46:10',NULL,'1'),(102,65,106,NULL,109,'2018-04-17 23:46:17',1,NULL,'1','2018-04-17 23:46:17',NULL,'1'),(103,65,62,NULL,112,'2018-04-18 01:34:41',1,NULL,'1','2018-04-18 01:34:41',NULL,'1'),(104,65,114,NULL,111,'2018-04-18 01:34:52',1,NULL,'1','2018-04-18 01:34:52',NULL,'1'),(105,66,111,NULL,110,'2018-04-18 01:35:09',1,NULL,'1','2018-04-18 01:35:09',NULL,'1'),(106,65,113,NULL,104,'2018-04-18 01:35:40',1,NULL,'1','2018-04-18 01:35:40',NULL,'1'),(107,65,116,NULL,114,'2018-04-18 19:06:55',1,NULL,'1','2018-04-18 19:06:55',NULL,'1'),(108,61,115,NULL,113,'2018-04-18 19:52:11',1,NULL,'1','2018-04-18 19:52:11',NULL,'1'),(109,65,117,NULL,115,'2018-04-19 22:36:44',1,NULL,'1','2018-04-19 22:36:44',NULL,'1'),(110,64,119,NULL,117,'2018-04-19 22:46:04',1,NULL,'1','2018-04-19 22:46:04',NULL,'1'),(111,53,82,NULL,119,'2018-04-26 01:41:47',1,NULL,'1','2018-04-26 01:41:47',NULL,'1'),(112,63,95,NULL,90,'2018-04-26 01:46:10',1,NULL,'1','2018-04-26 01:46:10',NULL,'1'),(113,61,61,NULL,62,'2018-04-26 01:46:58',1,NULL,'1','2018-04-26 01:46:58',NULL,'1'),(114,63,118,NULL,116,'2018-05-08 01:14:13',1,NULL,'1','2018-05-08 01:14:13',NULL,'1'),(115,70,127,NULL,123,'2018-05-10 20:36:09',1,NULL,'1','2018-05-10 20:36:09',NULL,'1'),(116,71,124,NULL,121,'2018-05-10 20:36:16',1,NULL,'1','2018-05-10 20:36:16',NULL,'1'),(117,68,125,NULL,120,'2018-05-10 20:36:24',1,NULL,'1','2018-05-10 20:36:24',NULL,'1'),(118,72,120,NULL,118,'2018-05-14 18:50:35',1,NULL,'1','2018-05-14 18:50:35',NULL,'1'),(119,71,126,NULL,122,'2018-05-14 18:50:43',1,NULL,'1','2018-05-14 18:50:43',NULL,'1'),(120,67,128,NULL,124,'2018-05-14 18:50:50',1,NULL,'1','2018-05-14 18:50:50',NULL,'1'),(121,69,10,NULL,127,'2018-05-14 18:50:57',1,NULL,'1','2018-05-14 18:50:57',NULL,'1'),(122,71,129,NULL,125,'2018-05-14 19:34:00',1,NULL,'1','2018-05-14 19:34:00',NULL,'1'),(123,11,19,NULL,18,'2018-05-14 20:02:07',1,NULL,'1','2018-05-14 20:02:07',NULL,'1'),(124,71,26,NULL,25,'2018-05-14 20:02:23',1,NULL,'1','2018-05-14 20:02:23',NULL,'1'),(125,71,122,NULL,129,'2018-05-15 22:48:26',1,NULL,'1','2018-05-15 22:48:26',NULL,'1'),(126,67,131,NULL,130,'2018-05-17 01:11:04',1,NULL,'1','2018-05-17 01:11:04',NULL,'1'),(127,69,123,NULL,128,'2018-05-17 03:10:52',1,NULL,'1','2018-05-17 03:10:52',NULL,'1'),(128,69,132,NULL,131,'2018-05-18 19:48:08',1,NULL,'1','2018-05-18 19:48:08',NULL,'1'),(129,69,130,NULL,126,'2018-05-28 19:25:44',1,NULL,'1','2018-05-28 19:25:44',NULL,'1'),(130,78,136,NULL,134,'2018-05-31 02:19:50',1,NULL,'1','2018-05-31 02:19:50',NULL,'1'),(131,77,138,NULL,137,'2018-06-01 01:12:57',1,NULL,'1','2018-06-01 01:12:57',NULL,'1'),(132,77,137,NULL,135,'2018-06-05 18:37:45',1,NULL,'1','2018-06-05 18:37:45',NULL,'1'),(133,77,133,NULL,132,'2018-06-05 18:44:30',1,NULL,'1','2018-06-05 18:44:30',NULL,'1'),(134,76,143,NULL,142,'2018-06-05 18:49:20',1,NULL,'1','2018-06-05 18:49:20',NULL,'1'),(135,75,142,NULL,141,'2018-06-05 18:54:31',1,NULL,'1','2018-06-05 18:54:31',NULL,'1'),(136,77,141,NULL,140,'2018-06-05 19:18:11',1,NULL,'1','2018-06-05 19:18:11',NULL,'1'),(137,73,139,NULL,138,'2018-06-05 19:29:07',1,NULL,'1','2018-06-05 19:29:07',NULL,'1'),(138,75,144,NULL,143,'2018-06-06 00:45:28',1,NULL,'1','2018-06-06 00:45:28',NULL,'1'),(139,74,135,NULL,133,'2018-06-07 23:11:39',1,NULL,'1','2018-06-07 23:11:39',NULL,'1'),(140,73,140,NULL,139,'2018-06-08 00:40:52',1,NULL,'1','2018-06-08 00:40:52',NULL,'1'),(141,73,134,NULL,136,'2018-06-08 01:42:29',1,NULL,'1','2018-06-08 01:42:29',NULL,'1'),(142,77,145,NULL,144,'2018-06-08 19:53:56',1,NULL,'1','2018-06-08 19:53:56',NULL,'1'),(143,77,146,NULL,146,'2018-06-08 23:53:00',1,NULL,'1','2018-06-08 23:53:00',NULL,'1'),(144,76,147,NULL,145,'2018-06-11 19:08:52',1,NULL,'1','2018-06-11 19:08:52',NULL,'1'),(145,76,149,NULL,148,'2018-06-11 19:08:58',1,NULL,'1','2018-06-11 19:08:58',NULL,'1'),(146,77,150,NULL,149,'2018-06-12 02:33:08',1,NULL,'1','2018-06-12 02:33:08',NULL,'1'),(147,77,151,NULL,150,'2018-06-13 01:03:19',1,NULL,'1','2018-06-13 01:03:19',NULL,'1'),(148,78,121,NULL,151,'2018-06-13 18:27:53',1,NULL,'1','2018-06-13 18:27:53',NULL,'1'),(149,77,148,NULL,147,'2018-06-18 18:41:00',1,NULL,'1','2018-06-18 18:41:00',NULL,'1'),(150,79,153,NULL,152,'2018-06-27 21:00:15',1,NULL,'1','2018-06-27 21:00:15',NULL,'1'),(151,81,154,NULL,153,'2018-06-27 21:00:23',1,NULL,'1','2018-06-27 21:00:23',NULL,'1'),(152,83,156,NULL,154,'2018-06-29 02:35:31',1,NULL,'1','2018-06-29 02:35:31',NULL,'1'),(153,79,155,NULL,156,'2018-06-29 02:35:38',1,NULL,'1','2018-06-29 02:35:38',NULL,'1'),(154,84,152,NULL,158,'2018-07-04 20:32:06',1,NULL,'1','2018-07-04 20:32:06',NULL,'1'),(155,84,158,NULL,155,'2018-07-04 20:32:14',1,NULL,'1','2018-07-04 20:32:14',NULL,'1'),(156,83,161,NULL,161,'2018-07-12 20:00:40',1,NULL,'1','2018-07-12 20:00:40',NULL,'1'),(157,83,160,NULL,160,'2018-07-14 00:48:33',1,NULL,'1','2018-07-14 00:48:33',NULL,'1'),(158,84,165,NULL,164,'2018-07-16 17:56:42',1,NULL,'1','2018-07-16 17:56:42',NULL,'1'),(159,83,163,NULL,163,'2018-07-16 17:56:49',1,NULL,'1','2018-07-16 17:56:49',NULL,'1'),(160,79,157,NULL,157,'2018-07-16 18:18:41',1,NULL,'1','2018-07-16 18:18:41',NULL,'1'),(161,86,167,NULL,166,'2018-07-17 19:39:41',1,NULL,'1','2018-07-17 19:39:41',NULL,'1'),(162,80,166,NULL,165,'2018-07-17 19:39:56',1,NULL,'1','2018-07-17 19:39:56',NULL,'1'),(163,83,162,NULL,162,'2018-07-18 01:40:31',1,NULL,'1','2018-07-18 01:40:31',NULL,'1'),(164,83,171,NULL,168,'2018-07-18 02:04:19',1,NULL,'1','2018-07-18 02:04:19',NULL,'1'),(165,86,172,NULL,170,'2018-07-18 02:04:28',1,NULL,'1','2018-07-18 02:04:28',NULL,'1'),(166,83,176,NULL,169,'2018-07-18 02:11:34',1,NULL,'1','2018-07-18 02:11:34',NULL,'1'),(167,85,169,NULL,171,'2018-07-23 19:44:46',1,NULL,'1','2018-07-23 19:44:46',NULL,'1'),(168,86,178,NULL,172,'2018-07-23 19:45:01',1,NULL,'1','2018-07-23 19:45:01',NULL,'1'),(169,85,175,NULL,174,'2018-07-23 19:45:13',1,NULL,'1','2018-07-23 19:45:13',NULL,'1'),(170,88,179,NULL,175,'2018-07-23 19:45:36',1,NULL,'1','2018-07-23 19:45:36',NULL,'1'),(171,89,181,NULL,176,'2018-07-23 19:45:45',1,NULL,'1','2018-07-23 19:45:45',NULL,'1'),(172,90,183,NULL,179,'2018-07-23 19:45:53',1,NULL,'1','2018-07-23 19:45:53',NULL,'1'),(173,86,187,NULL,180,'2018-07-23 19:46:40',1,NULL,'1','2018-07-23 19:46:40',NULL,'1'),(174,87,182,NULL,182,'2018-07-23 19:46:49',1,NULL,'1','2018-07-23 19:46:49',NULL,'1'),(175,81,184,NULL,178,'2018-07-23 19:47:06',1,NULL,'1','2018-07-23 19:47:06',NULL,'1'),(176,83,192,NULL,181,'2018-07-23 19:58:15',1,NULL,'1','2018-07-23 19:58:15',NULL,'1'),(177,85,174,NULL,177,'2018-07-23 23:16:04',1,NULL,'1','2018-07-23 23:16:04',NULL,'1'),(178,86,177,NULL,173,'2018-07-23 23:16:16',1,NULL,'1','2018-07-23 23:16:16',NULL,'1'),(179,79,93,NULL,91,'2018-07-24 00:34:12',1,NULL,'1','2018-07-24 00:34:12',NULL,'1'),(180,89,173,NULL,184,'2018-07-26 23:28:44',1,NULL,'1','2018-07-26 23:28:44',NULL,'1'),(181,85,193,NULL,183,'2018-07-26 23:28:52',1,NULL,'1','2018-07-26 23:28:52',NULL,'1'),(182,89,195,NULL,185,'2018-07-26 23:28:59',1,NULL,'1','2018-07-26 23:28:59',NULL,'1'),(183,90,190,NULL,186,'2018-07-26 23:29:08',1,NULL,'1','2018-07-26 23:29:08',NULL,'1'),(184,89,199,NULL,189,'2018-07-26 23:29:16',1,NULL,'1','2018-07-26 23:29:16',NULL,'1'),(185,90,188,NULL,190,'2018-07-26 23:29:23',1,NULL,'1','2018-07-26 23:29:23',NULL,'1'),(186,87,186,NULL,188,'2018-07-26 23:29:31',1,NULL,'1','2018-07-26 23:29:31',NULL,'1'),(187,85,200,NULL,187,'2018-07-30 20:13:07',1,NULL,'1','2018-07-30 20:13:07',NULL,'1'),(188,87,201,NULL,191,'2018-07-30 20:13:23',1,NULL,'1','2018-07-30 20:13:23',NULL,'1'),(189,87,168,NULL,193,'2018-07-30 20:13:32',1,NULL,'1','2018-07-30 20:13:32',NULL,'1'),(190,89,180,NULL,192,'2018-07-30 20:13:40',1,NULL,'1','2018-07-30 20:13:40',NULL,'1'),(191,86,198,NULL,194,'2018-07-30 20:13:48',1,NULL,'1','2018-07-30 20:13:48',NULL,'1'),(192,85,191,NULL,197,'2018-07-31 21:07:07',1,NULL,'1','2018-07-31 21:07:07',NULL,'1'),(193,90,189,NULL,205,'2018-07-31 21:07:14',1,NULL,'1','2018-07-31 21:07:14',NULL,'1'),(194,85,211,NULL,208,'2018-07-31 21:07:28',1,NULL,'1','2018-07-31 21:07:28',NULL,'1'),(195,88,209,NULL,209,'2018-07-31 21:14:15',1,NULL,'1','2018-07-31 21:14:15',NULL,'1'),(196,87,207,NULL,207,'2018-07-31 21:14:22',1,NULL,'1','2018-07-31 21:14:22',NULL,'1'),(197,87,196,NULL,210,'2018-07-31 21:14:29',1,NULL,'1','2018-07-31 21:14:29',NULL,'1'),(198,85,185,NULL,206,'2018-07-31 21:14:37',1,NULL,'1','2018-07-31 21:14:37',NULL,'1'),(199,87,205,NULL,204,'2018-07-31 21:14:45',1,NULL,'1','2018-07-31 21:14:45',NULL,'1'),(200,89,197,NULL,202,'2018-07-31 22:20:27',1,NULL,'1','2018-07-31 22:20:27',NULL,'1'),(201,89,208,NULL,203,'2018-07-31 22:20:39',1,NULL,'1','2018-07-31 22:20:39',NULL,'1'),(202,89,170,NULL,201,'2018-07-31 22:20:49',1,NULL,'1','2018-07-31 22:20:49',NULL,'1'),(203,87,206,NULL,200,'2018-07-31 22:20:59',1,NULL,'1','2018-07-31 22:20:59',NULL,'1'),(204,90,202,NULL,199,'2018-07-31 22:21:07',1,NULL,'1','2018-07-31 22:21:07',NULL,'1'),(205,86,204,NULL,196,'2018-07-31 22:21:16',1,NULL,'1','2018-07-31 22:21:16',NULL,'1'),(206,85,194,NULL,198,'2018-07-31 22:21:25',1,NULL,'1','2018-07-31 22:21:25',NULL,'1'),(207,87,203,NULL,195,'2018-07-31 22:21:33',1,NULL,'1','2018-07-31 22:21:33',NULL,'1'),(208,101,164,NULL,167,'2018-07-31 22:29:02',1,NULL,'1','2018-07-31 22:29:02',NULL,'1'),(209,94,212,NULL,212,'2018-08-13 19:59:11',1,NULL,'1','2018-08-13 19:59:11',NULL,'1'),(210,91,210,NULL,211,'2018-08-15 20:03:02',1,NULL,'1','2018-08-15 20:03:02',NULL,'1'),(211,96,214,NULL,214,'2018-08-15 20:03:13',1,NULL,'1','2018-08-15 20:03:13',NULL,'1'),(212,94,215,NULL,215,'2018-08-17 01:20:17',1,NULL,'1','2018-08-17 01:20:17',NULL,'1'),(215,79,213,NULL,213,'2018-11-19 21:19:39',27,NULL,'1','2018-11-19 21:19:39',NULL,'1'),(216,106,216,NULL,254,'2018-11-19 21:22:01',27,NULL,'1','2018-11-19 21:22:01',NULL,'1'),(217,114,222,NULL,306,'2018-11-19 21:34:11',27,NULL,'1','2018-11-19 21:34:11',NULL,'1'),(218,104,224,NULL,279,'2018-11-19 21:42:02',27,NULL,'1','2018-11-19 21:42:02',NULL,'1'),(219,103,223,NULL,278,'2018-11-19 21:43:52',27,NULL,'1','2018-11-19 21:43:52',NULL,'1'),(220,108,236,NULL,260,'2018-11-19 21:48:05',27,NULL,'1','2018-11-19 21:48:05',NULL,'1'),(221,112,233,NULL,289,'2018-11-19 22:00:25',27,NULL,'1','2018-11-19 22:00:25',NULL,'1'),(222,113,225,NULL,291,'2018-11-19 22:02:32',27,NULL,'1','2018-11-19 22:02:32',NULL,'1'),(223,104,220,NULL,299,'2018-11-19 22:04:19',27,NULL,'1','2018-11-19 22:04:19',NULL,'1'),(224,114,221,NULL,307,'2018-11-19 22:08:33',27,NULL,'1','2018-11-19 22:08:33',NULL,'1'),(225,109,217,NULL,283,'2018-11-19 22:12:12',27,NULL,'1','2018-11-19 22:12:12',NULL,'1'),(226,112,218,NULL,312,'2018-11-19 22:25:50',27,NULL,'1','2018-11-19 22:25:50',NULL,'1'),(227,116,219,NULL,314,'2018-11-22 16:03:07',27,NULL,'1','2018-11-22 16:03:07',NULL,'1'),(228,117,253,NULL,371,'2018-11-22 16:03:40',27,NULL,'1','2018-11-22 16:03:40',NULL,'1'),(229,126,239,NULL,359,'2018-11-22 16:07:29',27,NULL,'1','2018-11-22 16:07:29',NULL,'1'),(230,126,275,NULL,320,'2018-11-22 16:08:50',27,NULL,'1','2018-11-22 16:08:50',NULL,'1'),(231,125,274,NULL,341,'2018-11-22 16:09:16',27,NULL,'1','2018-11-22 16:09:16',NULL,'1'),(232,118,276,NULL,363,'2018-11-22 16:09:59',27,NULL,'1','2018-11-22 16:09:59',NULL,'1'),(233,116,272,NULL,366,'2018-11-22 16:11:36',27,NULL,'1','2018-11-22 16:11:36',NULL,'1'),(234,116,273,NULL,388,'2018-11-22 16:12:07',27,NULL,'1','2018-11-22 16:12:07',NULL,'1'),(235,119,271,NULL,396,'2018-11-22 16:12:33',27,NULL,'1','2018-11-22 16:12:33',NULL,'1'),(236,122,278,NULL,356,'2018-11-22 16:40:14',27,NULL,'1','2018-11-22 16:40:14',NULL,'1'),(237,120,277,NULL,318,'2018-11-22 16:41:03',27,NULL,'1','2018-11-22 16:41:03',NULL,'1'),(238,125,310,NULL,428,'2018-12-27 17:18:58',27,NULL,'1','2018-12-27 17:18:58',NULL,'1'),(239,121,312,NULL,408,'2018-12-27 17:20:05',27,NULL,'1','2018-12-27 17:20:05',NULL,'1'),(240,136,311,NULL,415,'2018-12-27 21:00:39',27,NULL,'1','2018-12-27 21:00:39',NULL,'1'),(241,77,159,NULL,159,'2019-01-08 21:16:43',27,NULL,'1','2019-01-08 21:16:43',NULL,'1'),(242,131,325,NULL,280,'2019-02-11 15:59:54',27,NULL,'1','2019-02-11 15:59:54',NULL,'1'),(243,128,324,NULL,476,'2019-02-11 16:01:54',27,NULL,'1','2019-02-11 16:01:54',NULL,'1'),(244,130,323,NULL,477,'2019-02-11 16:04:37',27,NULL,'1','2019-02-11 16:04:37',NULL,'1'),(245,130,320,NULL,489,'2019-02-11 16:05:05',27,NULL,'1','2019-02-11 16:05:05',NULL,'1'),(246,132,326,NULL,449,'2019-02-11 16:05:41',27,NULL,'1','2019-02-11 16:05:41',NULL,'1'),(247,128,319,NULL,491,'2019-02-11 16:06:07',27,NULL,'1','2019-02-11 16:06:07',NULL,'1'),(248,82,335,NULL,413,'2019-02-18 19:03:20',27,NULL,'1','2019-02-18 19:03:20',NULL,'1'),(249,82,336,NULL,551,'2019-02-18 19:03:35',27,NULL,'1','2019-02-18 19:03:35',NULL,'1'),(250,83,337,NULL,549,'2019-02-18 19:03:56',27,NULL,'1','2019-02-18 19:03:56',NULL,'1'),(251,82,338,NULL,552,'2019-02-18 19:04:18',27,NULL,'1','2019-02-18 19:04:18',NULL,'1'),(252,79,339,NULL,556,'2019-02-18 19:04:34',27,NULL,'1','2019-02-18 19:04:34',NULL,'1'),(253,92,340,NULL,574,'2019-02-18 19:04:58',27,NULL,'1','2019-02-18 19:04:58',NULL,'1'),(254,91,341,NULL,584,'2019-02-18 19:05:24',27,NULL,'1','2019-02-18 19:05:24',NULL,'1'),(255,101,342,NULL,583,'2019-02-18 19:05:39',27,NULL,'1','2019-02-18 19:05:39',NULL,'1'),(256,94,343,NULL,597,'2019-02-18 19:06:31',27,NULL,'1','2019-02-18 19:06:31',NULL,'1'),(257,108,344,NULL,598,'2019-02-18 19:18:24',27,NULL,'1','2019-02-18 19:18:24',NULL,'1'),(258,106,345,NULL,602,'2019-02-18 19:18:42',27,NULL,'1','2019-02-18 19:18:42',NULL,'1'),(259,108,346,NULL,603,'2019-02-18 19:18:59',27,NULL,'1','2019-02-18 19:18:59',NULL,'1'),(260,108,347,NULL,604,'2019-02-18 19:19:24',27,NULL,'1','2019-02-18 19:19:24',NULL,'1'),(261,103,348,NULL,607,'2019-02-18 19:19:42',27,NULL,'1','2019-02-18 19:19:42',NULL,'1'),(262,106,349,NULL,609,'2019-02-18 19:19:58',27,NULL,'1','2019-02-18 19:19:58',NULL,'1'),(263,105,350,NULL,610,'2019-02-18 19:20:22',27,NULL,'1','2019-02-18 19:20:22',NULL,'1');
/*!40000 ALTER TABLE `matriculacion` ENABLE KEYS */;
UNLOCK TABLES;

--
-- Table structure for table `modalidad`
--

DROP TABLE IF EXISTS `modalidad`;
/*!40101 SET @saved_cs_client     = @@character_set_client */;
/*!40101 SET character_set_client = utf8 */;
CREATE TABLE `modalidad` (
  `mod_id` bigint(20) NOT NULL AUTO_INCREMENT,
  `mod_nombre` varchar(300) NOT NULL,
  `mod_descripcion` varchar(500) NOT NULL,
  `mod_usuario_ingreso` bigint(20) NOT NULL,
  `mod_usuario_modifica` bigint(20) DEFAULT NULL,
  `mod_estado` varchar(1) NOT NULL,
  `mod_fecha_creacion` timestamp NOT NULL DEFAULT CURRENT_TIMESTAMP,
  `mod_fecha_modificacion` timestamp NULL DEFAULT NULL,
  `mod_estado_logico` varchar(1) NOT NULL,
  PRIMARY KEY (`mod_id`)
) ENGINE=InnoDB AUTO_INCREMENT=5 DEFAULT CHARSET=utf8;
/*!40101 SET character_set_client = @saved_cs_client */;

--
-- Dumping data for table `modalidad`
--

LOCK TABLES `modalidad` WRITE;
/*!40000 ALTER TABLE `modalidad` DISABLE KEYS */;
INSERT INTO `modalidad` VALUES (1,'Online','Online',1,NULL,'1','2018-10-18 00:12:39',NULL,'1'),(2,'Presencial','Presencial',1,NULL,'1','2018-10-18 00:12:39',NULL,'1'),(3,'Semipresencial','Semipresencial',1,NULL,'1','2018-10-18 00:12:39',NULL,'1'),(4,'Distancia','Distancia',1,NULL,'1','2018-10-18 00:12:39',NULL,'1');
/*!40000 ALTER TABLE `modalidad` ENABLE KEYS */;
UNLOCK TABLES;

--
-- Table structure for table `modalidad_estudio_unidad`
--

DROP TABLE IF EXISTS `modalidad_estudio_unidad`;
/*!40101 SET @saved_cs_client     = @@character_set_client */;
/*!40101 SET character_set_client = utf8 */;
CREATE TABLE `modalidad_estudio_unidad` (
  `meun_id` bigint(20) NOT NULL AUTO_INCREMENT,
  `uaca_id` bigint(20) NOT NULL,
  `mod_id` bigint(20) NOT NULL,
  `eaca_id` bigint(20) NOT NULL,
  `emp_id` bigint(20) NOT NULL,
  `meun_usuario_ingreso` bigint(20) NOT NULL,
  `meun_usuario_modifica` bigint(20) DEFAULT NULL,
  `meun_estado` varchar(1) NOT NULL,
  `meun_fecha_creacion` timestamp NOT NULL DEFAULT CURRENT_TIMESTAMP,
  `meun_fecha_modificacion` timestamp NULL DEFAULT NULL,
  `meun_estado_logico` varchar(1) NOT NULL,
  PRIMARY KEY (`meun_id`),
  KEY `uaca_id` (`uaca_id`),
  KEY `mod_id` (`mod_id`),
  KEY `eaca_id` (`eaca_id`),
  CONSTRAINT `modalidad_estudio_unidad_ibfk_1` FOREIGN KEY (`uaca_id`) REFERENCES `unidad_academica` (`uaca_id`),
  CONSTRAINT `modalidad_estudio_unidad_ibfk_2` FOREIGN KEY (`mod_id`) REFERENCES `modalidad` (`mod_id`),
  CONSTRAINT `modalidad_estudio_unidad_ibfk_3` FOREIGN KEY (`eaca_id`) REFERENCES `estudio_academico` (`eaca_id`)
) ENGINE=InnoDB AUTO_INCREMENT=37 DEFAULT CHARSET=utf8;
/*!40101 SET character_set_client = @saved_cs_client */;

--
-- Dumping data for table `modalidad_estudio_unidad`
--

LOCK TABLES `modalidad_estudio_unidad` WRITE;
/*!40000 ALTER TABLE `modalidad_estudio_unidad` DISABLE KEYS */;
INSERT INTO `modalidad_estudio_unidad` VALUES (1,1,1,1,1,1,NULL,'1','2017-02-01 23:10:00',NULL,'1'),(2,1,1,2,1,1,NULL,'1','2017-02-01 23:10:00',NULL,'1'),(3,1,1,3,1,1,NULL,'1','2017-02-01 23:10:00',NULL,'1'),(4,1,1,4,1,1,NULL,'1','2017-02-01 23:10:00',NULL,'1'),(5,1,1,5,1,1,NULL,'1','2017-02-01 23:10:00',NULL,'1'),(6,1,1,6,1,1,NULL,'1','2017-02-01 23:10:00',NULL,'1'),(7,1,2,11,1,1,NULL,'1','2017-02-01 23:10:00',NULL,'1'),(8,1,2,8,1,1,NULL,'1','2017-02-01 23:10:00',NULL,'1'),(9,1,2,7,1,1,NULL,'1','2017-02-01 23:10:00',NULL,'1'),(10,1,2,10,1,1,NULL,'1','2017-02-01 23:10:00',NULL,'1'),(11,1,2,1,1,1,NULL,'1','2017-02-01 23:10:00',NULL,'1'),(12,1,2,5,1,1,NULL,'1','2017-02-01 23:10:00',NULL,'1'),(13,1,2,3,1,1,NULL,'1','2017-02-01 23:10:00',NULL,'1'),(14,1,2,9,1,1,NULL,'1','2017-02-01 23:10:00',NULL,'1'),(15,1,2,13,1,1,NULL,'1','2017-02-01 23:10:00',NULL,'1'),(16,1,2,6,1,1,NULL,'1','2017-02-01 23:10:00',NULL,'1'),(17,1,2,4,1,1,NULL,'1','2017-02-01 23:10:00',NULL,'1'),(18,1,2,14,1,1,NULL,'1','2017-02-01 23:10:00',NULL,'1'),(19,1,2,2,1,1,NULL,'1','2017-02-01 23:10:00',NULL,'1'),(20,1,3,12,1,1,NULL,'1','2017-02-01 23:10:00',NULL,'1'),(21,1,4,1,1,1,NULL,'1','2017-02-01 23:10:00',NULL,'1'),(22,1,4,3,1,1,NULL,'1','2017-02-01 23:10:00',NULL,'1'),(23,1,4,9,1,1,NULL,'1','2017-02-01 23:10:00',NULL,'1'),(24,1,4,13,1,1,NULL,'1','2017-02-01 23:10:00',NULL,'1'),(25,1,4,6,1,1,NULL,'1','2017-02-01 23:10:00',NULL,'1'),(26,1,4,4,1,1,NULL,'1','2017-02-01 23:10:00',NULL,'1'),(27,2,3,15,1,1,NULL,'1','2017-02-01 23:10:00',NULL,'1'),(28,2,3,16,1,1,NULL,'1','2017-02-01 23:10:00',NULL,'1'),(29,2,3,17,1,1,NULL,'1','2017-02-01 23:10:00',NULL,'1'),(30,2,3,18,1,1,NULL,'1','2017-02-01 23:10:00',NULL,'1'),(31,2,3,19,1,1,NULL,'1','2017-02-01 23:10:00',NULL,'1'),(32,2,3,20,1,1,NULL,'1','2017-02-01 23:10:00',NULL,'1'),(33,2,3,21,1,1,NULL,'1','2017-02-01 23:10:00',NULL,'1'),(34,2,2,22,1,1,NULL,'1','2017-02-01 23:10:00',NULL,'1'),(35,2,2,23,1,1,NULL,'1','2019-02-11 23:00:00',NULL,'1'),(36,2,1,24,1,1,NULL,'1','2019-05-11 23:00:00',NULL,'1');
/*!40000 ALTER TABLE `modalidad_estudio_unidad` ENABLE KEYS */;
UNLOCK TABLES;

--
-- Table structure for table `modalidad_unidad_academico`
--

DROP TABLE IF EXISTS `modalidad_unidad_academico`;
/*!40101 SET @saved_cs_client     = @@character_set_client */;
/*!40101 SET character_set_client = utf8 */;
CREATE TABLE `modalidad_unidad_academico` (
  `muac_id` bigint(20) NOT NULL AUTO_INCREMENT,
  `uaca_id` bigint(20) NOT NULL,
  `mod_id` bigint(20) NOT NULL,
  `emp_id` bigint(20) NOT NULL,
  `muac_usuario_ingreso` bigint(20) NOT NULL,
  `muac_usuario_modifica` bigint(20) DEFAULT NULL,
  `muac_estado` varchar(1) NOT NULL,
  `muac_fecha_creacion` timestamp NOT NULL DEFAULT CURRENT_TIMESTAMP,
  `muac_fecha_modificacion` timestamp NULL DEFAULT NULL,
  `muac_estado_logico` varchar(1) NOT NULL,
  PRIMARY KEY (`muac_id`),
  KEY `uaca_id` (`uaca_id`),
  KEY `mod_id` (`mod_id`),
  CONSTRAINT `modalidad_unidad_academico_ibfk_1` FOREIGN KEY (`uaca_id`) REFERENCES `unidad_academica` (`uaca_id`),
  CONSTRAINT `modalidad_unidad_academico_ibfk_2` FOREIGN KEY (`mod_id`) REFERENCES `modalidad` (`mod_id`)
) ENGINE=InnoDB AUTO_INCREMENT=19 DEFAULT CHARSET=utf8;
/*!40101 SET character_set_client = @saved_cs_client */;

--
-- Dumping data for table `modalidad_unidad_academico`
--

LOCK TABLES `modalidad_unidad_academico` WRITE;
/*!40000 ALTER TABLE `modalidad_unidad_academico` DISABLE KEYS */;
INSERT INTO `modalidad_unidad_academico` VALUES (1,1,1,1,1,NULL,'1','2018-09-17 18:35:00',NULL,'1'),(2,1,2,1,1,NULL,'1','2018-09-17 18:35:00',NULL,'1'),(3,1,3,1,1,NULL,'1','2018-09-17 18:35:00',NULL,'1'),(4,1,4,1,1,NULL,'1','2018-09-17 18:35:00',NULL,'1'),(5,2,3,1,1,NULL,'1','2018-09-17 18:35:00',NULL,'1'),(6,3,1,1,1,NULL,'0','2017-02-01 19:35:00',NULL,'0'),(7,3,2,1,1,NULL,'0','2017-02-01 19:35:00',NULL,'0'),(8,3,1,3,1,NULL,'0','2018-09-29 18:35:00',NULL,'0'),(9,3,2,3,1,NULL,'1','2018-09-29 18:35:00',NULL,'1'),(10,3,1,2,1,NULL,'0','2017-02-01 19:35:00',NULL,'1'),(11,5,1,2,1,NULL,'0','2017-02-01 19:35:00',NULL,'1'),(12,1,1,2,1,NULL,'0','2017-02-01 19:35:00',NULL,'1'),(13,2,1,2,1,NULL,'0','2018-10-01 18:35:00',NULL,'1'),(14,2,2,1,1,NULL,'1','2018-10-19 20:30:00',NULL,'1'),(15,7,1,2,1,NULL,'1','2018-12-10 15:55:00',NULL,'1'),(16,8,2,2,1,NULL,'1','2018-12-10 15:55:00',NULL,'1'),(17,9,1,2,1,NULL,'1','2018-12-10 15:55:00',NULL,'1'),(18,2,1,1,1,NULL,'1','2019-05-31 22:43:00',NULL,'1');
/*!40000 ALTER TABLE `modalidad_unidad_academico` ENABLE KEYS */;
UNLOCK TABLES;

--
-- Table structure for table `modulo_estudio`
--

DROP TABLE IF EXISTS `modulo_estudio`;
/*!40101 SET @saved_cs_client     = @@character_set_client */;
/*!40101 SET character_set_client = utf8 */;
CREATE TABLE `modulo_estudio` (
  `mest_id` bigint(20) NOT NULL AUTO_INCREMENT,
  `uaca_id` bigint(20) NOT NULL,
  `mod_id` bigint(20) NOT NULL,
  `mest_codigo` varchar(20) NOT NULL,
  `mest_nombre` varchar(300) NOT NULL,
  `mest_descripcion` varchar(300) NOT NULL,
  `mest_alias` varchar(300) NOT NULL,
  `mest_usuario_ingreso` bigint(20) NOT NULL,
  `mest_usuario_modifica` bigint(20) DEFAULT NULL,
  `mest_estado` varchar(1) NOT NULL,
  `mest_fecha_creacion` timestamp NOT NULL DEFAULT CURRENT_TIMESTAMP,
  `mest_fecha_modificacion` timestamp NULL DEFAULT NULL,
  `mest_estado_logico` varchar(1) NOT NULL,
  PRIMARY KEY (`mest_id`),
  KEY `uaca_id` (`uaca_id`),
  KEY `mod_id` (`mod_id`),
  CONSTRAINT `modulo_estudio_ibfk_1` FOREIGN KEY (`uaca_id`) REFERENCES `unidad_academica` (`uaca_id`),
  CONSTRAINT `modulo_estudio_ibfk_2` FOREIGN KEY (`mod_id`) REFERENCES `modalidad` (`mod_id`)
) ENGINE=InnoDB AUTO_INCREMENT=147 DEFAULT CHARSET=utf8;
/*!40101 SET character_set_client = @saved_cs_client */;

--
-- Dumping data for table `modulo_estudio`
--

LOCK TABLES `modulo_estudio` WRITE;
/*!40000 ALTER TABLE `modulo_estudio` DISABLE KEYS */;
INSERT INTO `modulo_estudio` VALUES (1,3,2,'SM1-EMVE01','Emprendimiento y Ventas reales','Emprendimiento y Ventas reales','emprendimiento_y_ventas',1,NULL,'1','2017-02-01 08:43:48',NULL,'1'),(2,3,2,'SM2-EXAV01','Excel Avanzado','Excel Avanzado','excel_Avanzado',1,NULL,'1','2017-02-01 08:43:48',NULL,'1'),(3,3,2,'SM3-FOTO01','Fotografía','Fotografía','fotografia',1,NULL,'1','2017-02-01 08:43:48',NULL,'1'),(4,3,2,'SM4-EVPL01','Event Planner','Event Planner','event_planner',1,NULL,'1','2017-02-01 08:43:48',NULL,'1'),(5,3,2,'SM5-PGET01','Programa Gerencia Estratégica del TH (4 módulos)','Programa Gerencia Estratégica del TH (4 módulos)','programa_gerencia_estratégica_del_th_(4_módulos)',1,NULL,'0','2017-02-01 08:43:48',NULL,'1'),(6,3,2,'SM6-PEDA01','Pedagogía','Pedagogía','pedagogia',1,NULL,'0','2017-02-01 08:43:48',NULL,'1'),(7,3,2,'SM7-RECI01','Programa para docentes:  Redacción Científica','Programa para docentes:  Redacción Científica','programa_para_docentes:_redacción_científica',1,NULL,'0','2017-02-01 08:43:48',NULL,'1'),(8,3,2,'SM8-DHCR01','Desarrollo Habilidades Comerciales para Retail','Desarrollo Habilidades Comerciales para Retail','desarrollo_habilidades_comerciales_para_retail',1,NULL,'0','2017-02-01 08:43:48',NULL,'1'),(9,3,1,'SM9-CUON01','Cursos Online','Cursos Online','cursos_online',1,NULL,'0','2017-02-01 08:43:48',NULL,'1'),(10,4,2,'SM10-IDIF01','Idioma Inglés, Francés','Idioma Inglés, Francés','idioma_inglés,_francés',1,NULL,'0','2017-02-01 08:43:48',NULL,'1'),(11,3,2,'SM11-PTHA01','Programa de Talento Humano: Actualidad Laboral','Programa de Talento Humano: Actualidad Laboral','programa_de_talento_humano:_actualidad_laboral',1,NULL,'0','2017-02-01 20:15:00',NULL,'1'),(12,3,2,'SM12-ESDI01','Programa de habilidades Gerenciales: Estrategias directivas','Programa de habilidades Gerenciales: Estrategias directivas','programa_de_habilidades_gerenciales:_estrategias_directivas',1,NULL,'0','2017-02-01 20:15:00',NULL,'1'),(13,3,2,'SM13-IFIN01','Illustrator y fotoshop: intermedio','Illustrator y fotoshop: intermedio','illustrator_y_fotoshop:_intermedio',1,NULL,'1','2017-02-01 20:15:00',NULL,'1'),(14,3,2,'SM14-TNCV01','Técnicas de negociación y cierre de ventas','Técnicas de negociación y cierre de ventas','técnicas_de_negociación_y_cierre_de_ventas',1,NULL,'0','2017-02-01 20:15:00',NULL,'1'),(15,3,2,'SM15-NEMA01','Neuromarketing','Neuromarketing','neuromarketing',1,NULL,'0','2017-02-01 20:15:00',NULL,'1'),(16,3,2,'SM16-DCYC01','Programa de Talento Humano: Descripción de cargos y selección por competencias (módulo 2)','Programa de Talento Humano: Descripción de cargos y selección por competencias (módulo 2)','programa_de_talento_humano:_descripción_de_cargos_y_selección_por_competencias_(módulo_2)',1,NULL,'0','2017-02-01 20:15:00',NULL,'1'),(17,3,2,'SM17-MCDI01','Técnicas de ventas:  Manejo de clientes difíciles','Técnicas de ventas: Manejo de clientes difíciles','técnicas_de_ventas:_manejo_de_clientes_difíciles',1,NULL,'0','2017-02-01 20:15:00',NULL,'1'),(18,3,2,'SM18-NEEF01','Programa de habilidades Gerenciales: Negociación efectiva','Programa de habilidades Gerenciales: Negociación efectiva','programa_de_habilidades_gerenciales:_negociación_efectiva',1,NULL,'0','2017-02-01 20:15:00',NULL,'1'),(19,3,2,'SM19-PYDI01','Dirección en Finanzas: Presupuesto y diferenciación de ingresos','Dirección en Finanzas: Presupuesto y diferenciación de ingresos','dirección_en_finanzas:_presupuesto_y_diferenciación_de_ingresos',1,NULL,'0','2017-02-01 20:15:00',NULL,'1'),(20,3,2,'SM20-VAEM01','Valoración aduanera para empresarios','Valoración aduanera para empresarios','valoración_aduanera_para_empresarios',1,NULL,'0','2017-02-01 20:15:00',NULL,'1'),(21,3,2,'SM21-CUSE01','Curso de seguros','Curso de seguros','curso_de_seguros',1,NULL,'0','2017-02-01 20:15:00',NULL,'1'),(22,3,2,'SM22-PETH01','Programa de Talento Humano:  Plan estratégico del Talento Humano (módulo 3)','Programa de Talento Humano: Plan estratégico del Talento Humano (módulo 3)','programa_de_talento_humano:_plan_estratégico_del_talento_humano_(módulo_3)',1,NULL,'0','2017-02-01 20:15:00',NULL,'1'),(23,3,2,'SM23-TLMC01','Taller de liderazgo y manejo de conflictos','Taller de liderazgo y manejo de conflictos','taller_de_liderazgo_y_manejo_de_conflictos',1,NULL,'0','2017-02-01 20:15:00',NULL,'1'),(24,3,2,'SM24-HAPE01','Programa para docentes: Habilidades pedagógicas','Programa para docentes: Habilidades pedagógicas','programa_para_docentes:_habilidades _pedagógicas',1,NULL,'0','2017-02-01 20:15:00',NULL,'1'),(25,3,2,'SM25-PPTH01','Promoción programa talento humano','Promoción programa talento humano','promoción_programa_talento_humano',1,NULL,'0','2017-02-01 20:15:00',NULL,'1'),(26,3,2,'SM26-PPPD01','Promoción programa para docentes','Promoción programa para docentes','oromoción_programa para_docentes',1,NULL,'0','2017-02-01 20:15:00',NULL,'1'),(27,7,1,'UL58-AGCG01','Alta Gerencia y control de gestión','Alta Gerencia y control de gestión','alta_gerencia_y_control_de_gestion',1,NULL,'1','2018-12-10 17:15:48',NULL,'1'),(28,7,1,'UL59-CMNN01','Culture Management: nuevas formas de hacer negocios','Culture Management: nuevas formas de hacer negocios.','culture_management_nuevas_formas_de_hacer_negocios',1,NULL,'1','2018-12-10 17:15:48',NULL,'1'),(29,7,1,'UL60-TICI01','Turismo inteligente y competitividad internacional','Turismo inteligente y competitividad internacional','turismo_inteligente_y_competitividad_internacional',1,NULL,'1','2018-12-10 17:15:48',NULL,'1'),(30,7,1,'UL61-GTBCI01','Gestión del talento humano basado en competencias','Gestión del talento humano basado en competencias','gestion_del_talento_humano_basado_en_competencias',1,NULL,'1','2018-12-10 17:15:48',NULL,'1'),(31,8,2,'UL62-EINP01','Entorno internacional de los negocios (taller práctico)','Entorno internacional de los negocios (taller práctico)','entorno_internacional_de_los_negocios_(taller_practico)',1,NULL,'1','2018-12-10 17:15:48',NULL,'1'),(32,8,2,'UL63-CMNN01','Planificación de cursos en línea','Planificación de cursos en línea','planificacion_de_cursos_en_linea',1,NULL,'1','2018-12-10 17:15:48',NULL,'1'),(33,8,2,'UL64-WSIE01','Workshop sobre Inteligencia Emocional en el trabajo','Workshop sobre Inteligencia Emocional en el trabajo','workshop_sobre_inteligencia_emocional_en_el_trabajo',1,NULL,'1','2018-12-10 17:15:48',NULL,'1'),(34,8,2,'UL65-APCC01','Análisis de peligros y puntos críticos de control (HACCP)','Análisis de peligros y puntos críticos de control (HACCP)','analisis_de_peligros_y_puntos_criticos_de_control_(HACCP)',1,NULL,'1','2018-12-10 17:15:48',NULL,'1'),(35,9,1,'UL66-PEPP01','Planificación estratégica para PYMES','Planificación estratégica para PYMES','planificacion_estrategica_para_pymes',1,NULL,'1','2018-12-10 17:15:48',NULL,'1'),(36,9,1,'UL67-MPEP01','Marketing para emprendedores','Marketing para emprendedores','marketing_para_emprendedores',1,NULL,'1','2018-12-10 17:15:48',NULL,'1'),(37,9,1,'UL68-WEBU01','Web building','Web building','web_building',1,NULL,'1','2018-12-10 17:15:48',NULL,'1'),(38,9,1,'UL69-COMA01','Community Manager','Community Manager','community_manager',1,NULL,'1','2018-12-10 17:15:48',NULL,'1'),(39,9,1,'UL70-MEIL01','Método Estrella de Inserción laboral de personas con discapacidad','Método Estrella de Inserción laboral de personas con discapacidad','metodo_estrella_de_insercion_laboral_de_personas_con_discapacidad',1,NULL,'1','2018-12-10 17:15:48',NULL,'1'),(40,9,1,'UL71-EPNE01','Economía para no economistas','Economía para no economistas','economia_para_no_economistas',1,NULL,'1','2018-12-10 17:15:48',NULL,'1'),(41,9,1,'UL72-AGCP01','Aplicación de la gestión de calidad en PYMES','Aplicación de la gestión de calidad en PYMES','aplicacion_de_la_gestion_de_calidad_en_pymes',1,NULL,'1','2018-12-10 17:15:48',NULL,'1'),(42,9,1,'UL73-01','Correcta aplicación de las herramientas de control','Correcta aplicación de las herramientas de control','correcta_aplicacion_de_las_herramientas_de_control',1,NULL,'1','2018-12-10 17:15:48',NULL,'1'),(43,9,1,'UL74-CGVE01','Como generar valor a la empresa a través de la responsabilidad social corporativa','Como generar valor a la empresa a través de la responsabilidad social corporativa','Como generar valor a la empresa a través de la responsabilidad social corporativa',1,NULL,'1','2018-12-10 17:15:48',NULL,'1'),(44,9,1,'UL75-GPTM01','Guía práctica para las técnicas de muestreo en la investigación comercial','Guía práctica para las técnicas de muestreo en la investigación comercial','guia_practica_para_las_tecnicas_de_muestreo_en_la_investigación_comercial',1,NULL,'1','2018-12-10 17:15:48',NULL,'1'),(45,9,1,'UL76-DHPC01','Desarrollo de habilidades del pensamiento cognitivo','Desarrollo de habilidades del pensamiento cognitivo','desarrollo_de_habilidades_del_pensamiento_cognitivo',1,NULL,'1','2018-12-10 17:15:48',NULL,'1'),(46,9,1,'UL77-NAIR01','Normas APA para la investigación y redacción de artículos','Normas APA para la investigación y redacción de artículos','normas_apa_para_la_investigacion_y_redaccion_de_articulos',1,NULL,'1','2018-12-10 17:15:48',NULL,'1'),(47,9,1,'UL78-CSPD01','Construcción de saberes pedagógicos en la formación de docentes','Construcción de saberes pedagógicos en la formación de docentes','construccion_de_saberes_pedagogicos en la formación de docentes',1,NULL,'1','2018-12-10 17:15:48',NULL,'1'),(48,9,1,'UL79-01','¿Cómo citar con normas APA?','¿Cómo citar con normas APA?','como_citar_con_normas_apa?',1,NULL,'1','2018-12-10 17:15:48',NULL,'1'),(49,9,1,'UL80-MASE01','Marketing de servicios','Marketing de servicios','marketing_de_servicios',1,NULL,'1','2018-12-10 17:15:48',NULL,'1'),(50,9,1,'UL81-CIAM01','Comunicaciones integradas al marketing','Comunicaciones integradas al marketing','comunicaciones_integradas_al_marketing',1,NULL,'1','2018-12-10 17:15:48',NULL,'1'),(51,9,1,'UL82-MAWA01','Marketing Way','Marketing Way','marketing_way ',1,NULL,'1','2018-12-10 17:15:48',NULL,'1'),(52,9,1,'UL83-COMA01','Community Manager - Aprenda desde cero a experto','Community Manager - Aprenda desde cero a experto','community_manager_aprenda_desde_cero_a_experto',1,NULL,'1','2018-12-10 17:15:48',NULL,'1'),(53,9,1,'UL84-GAPE01','Google ads para emprendedores','Google ads para emprendedores','google_ads_para_emprendedores',1,NULL,'1','2018-12-10 17:15:48',NULL,'1'),(54,9,1,'UL85-FPME01','Fotografia para marcas emprendedoras','Fotografia para marcas emprendedoras','fotografia_para_marcas_emprendedoras',1,NULL,'1','2018-12-10 17:15:48',NULL,'1'),(55,9,1,'UL86-ELPN01','Elaboración de un plan de negocios','Elaboración de un plan de negocios','elaboracion_de_un_plan_de_negocios',1,NULL,'1','2018-12-10 17:15:48',NULL,'1'),(56,9,1,'UL87-GMPI01','Guía práctica para la redacción del marco teórico de un proyecto de investigación',' .','guia_practica_para_la_redaccion_del_marco_teorico_de_un_proyecto_de_investigacion',1,NULL,'1','2018-12-10 17:15:48',NULL,'1'),(57,9,1,'UL88-AERP01','Aprende a establecer y redactar el esquema de un proyecto','Aprende a establecer y redactar el esquema de un proyecto','aprende_a_establecer_y_redactar_el_esquema_de_un_proyecto',1,NULL,'1','2018-12-10 17:15:48',NULL,'1'),(58,9,1,'UL89-CEPN01','¿Como evaluar un proyecto de inversión y crear un negocio?','¿Como evaluar un proyecto de inversión y crear un negocio?','como_evaluar_un_proyecto_de_inversión_y_crear_un_negocio',1,NULL,'1','2018-12-10 17:15:48',NULL,'1'),(59,9,1,'UL90-GPPB01','Gestión de proyectos usando MS Project básico','Gestión de proyectos usando MS Project básico','gestión_de_proyectos_usando_ms_project_básico',1,NULL,'1','2018-12-10 17:15:48',NULL,'1'),(60,9,1,'UL91-CFAC01','Curso de Formación de Assessment Center','Curso de Formación de Assessment Center','curso_de_formación_de_assessment_center',1,NULL,'1','2018-12-10 17:15:48',NULL,'1'),(61,9,1,'UL92-FRPS01','Factores de riesgo psicosociales','Factores de riesgo psicosociales','factores_de_riesgo_psicosociales',1,NULL,'1','2018-12-10 17:15:48',NULL,'1'),(62,9,1,'UL93-DCRR01','Diseño y desarrollo de base de datos en SQL server','Diseño y desarrollo de base de datos en SQL server','diseño_y_desarrollo_de_base_de_datos_en_sql_server',1,NULL,'1','2018-12-10 17:15:48',NULL,'1'),(63,9,1,'UL100-CUEC01','Cómo utilizar efectivamente la información contable en la toma de decisiones','Cómo utilizar efectivamente la información contable en la toma de decisiones','como_utilizar_efectivamente_la_información_contable_en_la_toma_de_decisiones',1,NULL,'1','2018-12-10 17:15:48',NULL,'1'),(64,9,1,'UL101-CICD01','La correcta interpretación de los costos para tomar decisiones gerenciales','La correcta interpretación de los costos para tomar decisiones gerenciales','la_correcta_interpretación_de_los_costos_para_tomar_decisiones_gerenciales',1,NULL,'1','2018-12-10 17:15:48',NULL,'1'),(65,9,1,'UL102-IMCU01','Importancia del Modelo Costo - Volumen - Utilidad en el diseño de estrategias','Importancia del Modelo Costo - Volumen - Utilidad en el diseño de estrategias','importancia_del_modelo_osto_volumen_utilidad en_el_diseño_de_estrategias',1,NULL,'1','2018-12-10 17:15:48',NULL,'1'),(66,9,1,'UL103-EPIC01','El Presupuesto y su importancia para el control de gestión','El Presupuesto y su importancia para el control de gestión','el_presupuesto_y_su_importancia_para_el_control_de_gestión',1,NULL,'1','2018-12-10 17:15:48',NULL,'1'),(67,9,1,'UL104-CCGC01','Cómo contribuye el Gobierno Corporativo a consolidar organizaciones saludables','Cómo contribuye el Gobierno Corporativo a consolidar organizaciones saludables','como_contribuye_el_gobierno_corporativo_a_consolidar_organizaciones_saludables',1,NULL,'1','2018-12-10 17:15:48',NULL,'1'),(68,9,1,'UL105-IETO01','La importancia de la Ética en la transparecia de las organizaciones','La importancia de la Ética en la transparecia de las organizaciones','la_importancia_de_la_etica_en_la_transparecia_de_las_organizaciones',1,NULL,'1','2018-12-10 17:15:48',NULL,'1'),(69,9,1,'UL106-RSEC01','Responsabilidad Social Empresarial y Conciencia Ecológica, herramientas para la imagen empresarial','Responsabilidad Social Empresarial y Conciencia Ecológica, herramientas para la imagen empresarial','responsabilidad_social_empresarial_y_conciencia_ecológica_herramientas_para_la_imagen_empresarial',1,NULL,'1','2018-12-10 17:15:48',NULL,'1'),(70,9,1,'UL107-CPOR01','Controles y políticas en la organización, claves para el éxito empresarial','Controles y políticas en la organización, claves para el éxito empresarial','controles_y_políticas_en_la_organización_claves_para_el_éxito_empresarial',1,NULL,'1','2018-12-10 17:15:48',NULL,'1'),(71,9,1,'UL108-AIER01','Análisis e interpretación de estados y ratios financieros','Análisis e interpretación de estados y ratios financieros','análisis_e_interpretación_de_estados_y_ratios_financieros',1,NULL,'1','2018-12-10 17:15:48',NULL,'1'),(72,9,1,'UL109-CARI01','Cálculo y análisis de la rentabilidad sobre la inversión','Cálculo y análisis de la rentabilidad sobre la inversión','cálculo_y_análisis_de_la_rentabilidad_sobre_la_inversión',1,NULL,'1','2018-12-10 17:15:48',NULL,'1'),(73,9,1,'UL110-01ACSC','Administración de costos y sistemas de costeo','Administración de costos y sistemas de costeo','administración_de_costos_y_sistemas_de_costeo',1,NULL,'1','2018-12-10 17:15:48',NULL,'1'),(74,9,1,'UL111-SCIE01','Sistemas de control e indicadores para el éxito de la empresa','Sistemas de control e indicadores para el éxito de la empresa','sistemas_de_control_e_indicadores_para_el_éxito_de_la_empresa',1,NULL,'1','2018-12-10 17:15:48',NULL,'1'),(75,9,1,'UL112-QVEM01','¿Qué es la valoración de empresas? ¿Para qué sirve? ¿Cómo se hace?','¿Qué es la valoración de empresas? ¿Para qué sirve? ¿Cómo se hace?','qué_es_la_valoración_de_empresas_para_qué_sirve_cómo_se_hace?',1,NULL,'1','2018-12-10 17:15:48',NULL,'1'),(76,9,1,'UL113-PEFV01','Proyección de Estados Financieros y Valoración por Metodologías de Flujos de Caja Descontados','Proyección de Estados Financieros y Valoración por Metodologías de Flujos de Caja Descontados','proyección_de_estados_financieros_y_valoración_por_metodologías_de_flujos_de_caja_descontados',1,NULL,'1','2018-12-10 17:15:48',NULL,'1'),(77,9,1,'UL114-MVAF01','Metodologías de Valoración Alternativas a la de flujo de caja descontados','Metodologías de Valoración Alternativas a la de flujo de caja descontados','metodologías_de_valoración_alternativas_a_la_de_flujo_de_caja_descontados',1,NULL,'1','2018-12-10 17:15:48',NULL,'1'),(78,9,1,'UL115-ASTD01','Análisis de Sensibilización y toma de decisiones financieras','Análisis de Sensibilización y toma de decisiones financieras','análisis_de_sensibilización_y_toma_de_decisiones_financieras',1,NULL,'1','2018-12-10 17:15:48',NULL,'1'),(79,9,1,'UL116-IMGH01','Inteligencia de mercados globales y herramientas básicas para recolectar información','Inteligencia de mercados globales y herramientas básicas para recolectar información','inteligencia_de_mercados_globales_y_herramientas_básicas_para_recolectar_información',1,NULL,'1','2018-12-10 17:15:48',NULL,'1'),(80,9,1,'UL117-ICEM01','Inteligencia Competitiva y estrategias de mercado','Inteligencia Competitiva y estrategias de mercado','inteligencia_competitiva_y_estrategias_de_mercado',1,NULL,'1','2018-12-10 17:15:48',NULL,'1'),(81,9,1,'UL118-BIBA01','Business Intelligence (BI) básico','Business Intelligence (BI) básico','business_intelligence_(bi)_básico',1,NULL,'1','2018-12-10 17:15:48',NULL,'1'),(82,9,1,'UL119-CRIM01','Cómo realizar una Investigación de Mercado','Cómo realizar una Investigación de Mercado','cómo_realizar_una_investigación_de_mercado',1,NULL,'1','2018-12-10 17:15:48',NULL,'1'),(83,9,1,'UL120-DAPE01','Desarrollando las Actitudes para Emprender','Desarrollando las Actitudes para Emprender','desarrollando_las_actitudes_para_emprender',1,NULL,'1','2018-12-10 17:15:48',NULL,'1'),(84,9,1,'UL121-COCI01','Capturar las Oportunidades para Crear e Innovar','Capturar las Oportunidades para Crear e Innovar','capturar_las_oportunidades_para_crear_e_innovar',1,NULL,'1','2018-12-10 17:15:48',NULL,'1'),(85,9,1,'UL122-CDSD01','Como desarrollar la Sinergia del Desarrollo Socioeconómico mediante el trabajo en redes','Como desarrollar la Sinergia del Desarrollo Socioeconómico mediante el trabajo en redes','como_desarrollar_la_sinergia_del_desarrollo_socioeconómico_mediante_el_trabajo_en_redes',1,NULL,'1','2018-12-10 17:15:48',NULL,'1'),(86,9,1,'UL123-PCTE01','Planificando la Creación de tu Empresa','Planificando la Creación de tu Empresa','planificando_la_creación_de_tu_empresa',1,NULL,'1','2018-12-10 17:15:48',NULL,'1'),(87,9,1,'UL124-ICDT01','Importancia y clasificación del turismo','Importancia y clasificación del turismo','importancia_y_clasificación_del_turismo',1,NULL,'1','2018-12-10 17:15:48',NULL,'1'),(88,9,1,'UL125-CTST01','Calidad en el turismo: Servucción Turística','Calidad en el turismo: Servucción Turística','calidad_en_el_turismo_servucción_turística',1,NULL,'1','2018-12-10 17:15:48',NULL,'1'),(89,9,1,'UL126-TICB01','Turismo Inteligente: conceptos básicos','Turismo Inteligente: conceptos básicos','turismo_inteligente_conceptos_básicos',1,NULL,'1','2018-12-10 17:15:48',NULL,'1'),(90,9,1,'UL127-TSGA01','Turismo Sostenible y gestión ambiental','Turismo Sostenible y gestión ambiental','turismo_sostenible_y_gestión_ambiental',1,NULL,'1','2018-12-10 17:15:48',NULL,'1'),(91,9,1,'UL128-CAVT01','Como aprovechar la vocación turística de un territorio','Como aprovechar la vocación turística de un territorio','como_aprovechar_la_vocación_turística_de_un_territorio',1,NULL,'1','2018-12-10 17:15:48',NULL,'1'),(92,9,1,'UL129-PTDI01','Planificación turística de destinos inteligentes','Planificación turística de destinos inteligentes','planificación_turística_de_destinos_inteligentes',1,NULL,'1','2018-12-10 17:15:48',NULL,'1'),(93,9,1,'UL130-EPDT01','Elaboración de un plan de desarrollo turístico en base a las potencialidades del destino','Elaboración de un plan de desarrollo turístico en base a las potencialidades del destino','elaboración_de_un_plan_de_desarrollo_turístico_en_base_a_las_potencialidades_del_destino',1,NULL,'1','2018-12-10 17:15:48',NULL,'1'),(94,9,1,'UL131-GPDT01','La Gobernanza y Planificación de Destinos Turísticos Inteligentes','La Gobernanza y Planificación de Destinos Turísticos Inteligentes','la_gobernanza_y_planificación_de_destinos_turísticos_inteligentes',1,NULL,'1','2018-12-10 17:15:48',NULL,'1'),(95,9,1,'UL132-PCCT01','Planificación y control de la calidad en turismo','Planificación y control de la calidad en turismo','planificación_y_control_de_la_calidad_en_turismo',1,NULL,'1','2018-12-10 17:15:48',NULL,'1'),(96,9,1,'UL133-CSVA01','Calidad, sostenibilidad y valor agregado en empresas turísticas','Calidad, sostenibilidad y valor agregado en empresas turísticas','calidad_sostenibilidad_y_valor_agregado_en_empresas_turísticas',1,NULL,'1','2018-12-10 17:15:48',NULL,'1'),(97,9,1,'UL134-HDMC01','Herramientas para el diagnóstico y la mejora de la calidad de empresas de turismo','Herramientas para el diagnóstico y la mejora de la calidad de empresas de turismo','herramientas_para_el_diagnóstico_y_la_mejora_de_la_calidad_de_empresas_de_turismo',1,NULL,'1','2018-12-10 17:15:48',NULL,'1'),(98,9,1,'UL135-ICST01','Introducción a la calidad en el sector turístico','Introducción a la calidad en el sector turístico','introducción_a_la_calidad_en_el_sector_turístico',1,NULL,'1','2018-12-10 17:15:48',NULL,'1'),(99,9,1,'UL136-MCIT01','Marketing  comunicacional inteligente para turismo sostenible','Marketing  comunicacional inteligente para turismo sostenible','marketing_comunicacional_inteligente_para_turismo_sostenible',1,NULL,'1','2018-12-10 17:15:48',NULL,'1'),(100,9,1,'UL137-EPDP01','Estrategias para promover destinos y productos turísticos con principios sostenibles','Estrategias para promover destinos y productos turísticos con principios sostenibles','estrategias_para_promover_destinos_y_productos_turísticos_con_principios_sostenibles',1,NULL,'1','2018-12-10 17:15:48',NULL,'1'),(101,9,1,'UL138-01IMDT','El inbound marketing de los destinos turísticos','El inbound marketing de los destinos turísticos','el_inbound_marketing_de_los_destinos_turísticos',1,NULL,'1','2018-12-10 17:15:48',NULL,'1'),(102,9,1,'UL139-01GSCM','Gestión sostenible, control y monitorización de un destino','Gestión sostenible, control y monitorización de un destino','gestión_sostenible_control_y_monitorización_de_un_destino',1,NULL,'1','2018-12-10 17:15:48',NULL,'1'),(103,9,1,'UL140-01IDMC','Introducción al Data Mining –conceptos básicos','Introducción al Data Mining –conceptos básicos','introducción_al_data_mining_conceptos_básicos',1,NULL,'1','2018-12-10 17:15:48',NULL,'1'),(104,9,1,'UL141-01MHDM','Métodos y herramientas del Data Mining','Métodos y herramientas del Data Mining','métodos_y_herramientas_del_data_mining',1,NULL,'1','2018-12-10 17:15:48',NULL,'1'),(105,9,1,'UL142-01ADMC','Aplicación del  Data Mining en el campo turístico','Aplicación del  Data Mining en el campo turístico','aplicación_del_data_mining_en_el_campo_turístico',1,NULL,'1','2018-12-10 17:15:48',NULL,'1'),(106,9,1,'UL143-01TISM','Turismo inteligente 4.0 y data mining','Turismo inteligente 4.0 y data mining','turismo_inteligente_4.0_y_data_mining',1,NULL,'1','2018-12-10 17:15:48',NULL,'1'),(107,9,1,'UL144-01TTCI','Términos y teorías del comercio internacional','Términos y teorías del comercio internacional','términos_y_teorías_del_comercio_internacional',1,NULL,'1','2018-12-10 17:15:48',NULL,'1'),(108,9,1,'UL145-01ROIE','Rol de los organismos internacionales en la economía de los países','Rol de los organismos internacionales en la economía de los países','rol_de_los_organismos_internacionales_en_la_economía_de_los_países',1,NULL,'1','2018-12-10 17:15:48',NULL,'1'),(109,9,1,'UL146-01PASE','Políticas y acciones de sectores empresariales para el logro de una mayor productividad y competitividad','Políticas y acciones de sectores empresariales para el logro de una mayor productividad y competitividad','políticas_y_acciones_de_sectores_empresariales_para_el_logro_de_una_mayor_productividad_y_competitividad',1,NULL,'1','2018-12-10 17:15:48',NULL,'1'),(110,9,1,'UL147-01CDCP','Conozca los desafíos culturales en los procesos de integración comercial','Conozca los desafíos culturales en los procesos de integración comercial','conozca_los_desafíos_culturales_en_los_procesos_de_integración_comercial',1,NULL,'1','2018-12-10 17:15:48',NULL,'1'),(111,9,1,'UL148-01CSMO','Como seleccionar un mercado objetivo y establecer un marketing mix acorde al mismo','Como seleccionar un mercado objetivo y establecer un marketing mix acorde al mismo','como_seleccionar_un_mercado_objetivo_y_establecer_un_marketing_mix_acorde_al_mismo',1,NULL,'1','2018-12-10 17:15:48',NULL,'1'),(112,9,1,'UL149-01SMIE','Selección de mercados para internacionalización  de la empresa','Selección de mercados para internacionalización  de la empresa','selección_de_mercados_para_internacionalización_de_la_empresa',1,NULL,'1','2018-12-10 17:15:48',NULL,'1'),(113,9,1,'UL150-01EMMG','Estrategias de marca para crear marcas globales','Estrategias de marca para crear marcas globales','estrategias_de_marca_para_crear_marcas_globales',1,NULL,'1','2018-12-10 17:15:48',NULL,'1'),(114,9,1,'UL151-01TDMC','Tomar decisiones de marketing en un contexto global','Tomar decisiones de marketing en un contexto global','tomar_decisiones_de_marketing_en_un_contexto_global',1,NULL,'1','2018-12-10 17:15:48',NULL,'1'),(115,9,1,'UL152-01HGEX','Herramientas para la gestión de exportación','Herramientas para la gestión de exportación','herramientas_para_la_gestión_de_exportación',1,NULL,'1','2018-12-10 17:15:48',NULL,'1'),(116,9,1,'UL153-01ESEX','Estrategias de exportación','Estrategias de exportación','estrategias_de_exportación',1,NULL,'1','2018-12-10 17:15:48',NULL,'1'),(117,9,1,'UL154-01CEME','Cómo escoger los mercados para exportación','Cómo escoger los mercados para exportación','cómo_escoger_los_mercados_para_exportación',1,NULL,'1','2018-12-10 17:15:48',NULL,'1'),(118,9,1,'UL155-01CIPE','Como internacionalizar un producto exportable','Como internacionalizar un producto exportable','como_internacionalizar_un_producto_exportable',1,NULL,'1','2018-12-10 17:15:48',NULL,'1'),(119,9,1,'UL156-01GCIE','La gestión por competencias y su importancia en la eficiencia','La gestión por competencias y su importancia en la eficiencia','la_gestión_por_competencias_y_su_importancia_en_la_eficiencia',1,NULL,'1','2018-12-10 17:15:48',NULL,'1'),(120,9,1,'UL157-01EMGC','Como escoger el modelo de gestión de competencias acorde a su empresa','Como escoger el modelo de gestión de competencias acorde a su empresa','como_escoger_el_modelo_de_gestión_de_competencias_acorde_a_su_empresa',1,NULL,'1','2018-12-10 17:15:48',NULL,'1'),(121,9,1,'UL158-01TDCE','Técnicas para determinar competencias en su empresa','Técnicas para determinar competencias en su empresa','técnicas_para_determinar_competencias_en_su_empresa',1,NULL,'1','2018-12-10 17:15:48',NULL,'1'),(122,9,1,'UL159-01ISCO','Cómo implementar un sistema por competencias','Cómo implementar un sistema por competencias','cómo_implementar_un_sistema_por_competencias',1,NULL,'1','2018-12-10 17:15:48',NULL,'1'),(123,9,1,'UL160-01RHTI','Recursos humanos y las tics, nuevos ambientes de trabajo','Recursos humanos y las tics, nuevos ambientes de trabajo','recursos_humanos_y_las_tics_nuevos_ambientes_de_trabajo',1,NULL,'1','2018-12-10 17:15:48',NULL,'1'),(124,9,1,'UL161-01FPIO','Los factores psicosociales 2.0 y su influencia en la organización','Los factores psicosociales 2.0 y su influencia en la organización','los_factores_psicosociales_2.0_y_su_influencia_en_la_organización',1,NULL,'1','2018-12-10 17:15:48',NULL,'1'),(125,9,1,'UL162-01COAW','El Comportamiento organizacional aplicado a la web 2.0','El Comportamiento organizacional aplicado a la web 2.0','el_comportamiento_organizacional_aplicado_a_la_web_2.0',1,NULL,'1','2018-12-10 17:15:48',NULL,'1'),(126,9,1,'UL163-01COEM','La Comunicación 2.0 en la empresa','La Comunicación 2.0 en la empresa','la_comunicación_2.0_en_la_empresa',1,NULL,'1','2018-12-10 17:15:48',NULL,'1'),(127,9,1,'UL164-01ERSC','Estrategias de Reclutamiento y Selección por competencias','Estrategias de Reclutamiento y Selección por competencias','estrategias_de_reclutamiento_y_selección_por_competencias',1,NULL,'1','2018-12-10 17:15:48',NULL,'1'),(128,9,1,'UL165-01VPCR','Valoración de perfiles de candidatos y su reclutamiento','Valoración de perfiles de candidatos y su reclutamiento','valoración_de_perfiles_de_candidatos_y_su_reclutamiento',1,NULL,'1','2018-12-10 17:15:48',NULL,'1'),(129,9,1,'UL166-01MTEP','Métodos y técnicas para la elección del personal','Métodos y técnicas para la elección del personal','métodos_y_técnicas_para_la_elección_del_personal',1,NULL,'1','2018-12-10 17:15:48',NULL,'1'),(130,9,1,'UL167-01ADSP','Análisis de datos de la selección del personal para gestionar el talento humano','Análisis de datos de la selección del personal para gestionar el talento humano','análisis_de_datos_de_la_selección_del_personal_para_gestionar_el_talento_humano',1,NULL,'1','2018-12-10 17:15:48',NULL,'1'),(131,9,1,'UL168-01HBDL','Habilidades blandas para el desarrollo de liderazgo ejecutivo','Habilidades blandas para el desarrollo de liderazgo ejecutivo','habilidades_blandas_para_el_desarrollo_de_liderazgo_ejecutivo',1,NULL,'1','2018-12-10 17:15:48',NULL,'1'),(132,9,1,'UL169-01CCEG','Clasificación de competencias y los estilos de gestión','Clasificación de competencias y los estilos de gestión','clasificación_de_competencias_y_los_estilos_de_gestión',1,NULL,'1','2018-12-10 17:15:48',NULL,'1'),(133,9,1,'UL170-01DCAP','Desarrollo de Competencias de Autogestión personal','Desarrollo de Competencias de Autogestión personal','desarrollo_de_competencias_de_autogestión_personal',1,NULL,'1','2018-12-10 17:15:48',NULL,'1'),(134,9,1,'UL171-DCIN01','Desarrollo de Competencias interpersonales','Desarrollo de Competencias interpersonales','desarrollo_de_competencias_interpersonales',1,NULL,'1','2018-12-10 17:15:48',NULL,'1'),(135,9,1,'UL172-MACO01','Métodos para el análisis del comportamiento organizacional','Métodos para el análisis del comportamiento organizacional','métodos_para_el_análisis_del_comportamiento_organizacional',1,NULL,'1','2018-12-10 17:15:48',NULL,'1'),(136,9,1,'UL173LLEG-01','Legislación laboral Ecuatoriana y gobierno corporativo','Legislación laboral Ecuatoriana y gobierno corporativo','legislación_laboral_ecuatoriana_y_gobierno_corporativo',1,NULL,'1','2018-12-10 17:15:48',NULL,'1'),(137,9,1,'UL174IFPE-01','El impacto de la filosofía y política empresarial en la organización','El impacto de la filosofía y política empresarial en la organización','el_impacto_de_la_filosofía_y_política_empresarial_en_la_organización',1,NULL,'1','2018-12-10 17:15:48',NULL,'1'),(138,9,1,'UL175DPPG-01','Diseño de políticas de personal en la gestión estratégica del talento humano basado en competencias','Diseño de políticas de personal en la gestión estratégica del talento humano basado en competencias','diseño_de_políticas_de_personal_en_la_gestión_estratégica_del_talento_humano_basado_en_competencias',1,NULL,'1','2018-12-10 17:15:48',NULL,'1'),(139,9,1,'UL176DCRR-01','Diseño y configuración de redes en router','Diseño y configuración de redes en router','diseño_y_configuración_de_redes_en_router',1,NULL,'1','2018-12-10 17:15:48',NULL,'1'),(140,9,1,'UL177UAMA-01','Uso y aplicaciones de mathcad','Uso y aplicaciones de mathcad','uso_y_aplicaciones_de_mathcad',1,NULL,'1','2018-12-10 17:15:48',NULL,'1'),(141,9,1,'UL178CSAL-01','Configuración e implementación de un servidor apache basado en distribuciones Linux','Configuración e implementación de un servidor apache basado en distribuciones Linux','configuración_e_implementación_de_un_servidor_apache_basado_en_distribuciones_linux',1,NULL,'1','2018-12-10 17:15:48',NULL,'1'),(142,9,1,'UL179DAWP-01','Desarrollo de Aplicaciones Web con Python','Desarrollo de Aplicaciones Web con Python','desarrollo_de_aplicaciones_web_con_python',1,NULL,'1','2018-12-10 17:15:48',NULL,'1'),(143,9,1,'UL180DPCB-01','Desarrollo de procesos con BIZAGI','Desarrollo de procesos con BIZAGI','desarrollo_de_procesos_con_bizagi',1,NULL,'1','2018-12-10 17:15:48',NULL,'1'),(144,9,1,'UL181BPPR-01','Bootstrap para principiantes','Bootstrap para principiantes','bootstrap_para_principiantes',1,NULL,'1','2018-12-10 17:15:48',NULL,'1'),(145,3,2,'SM145-ANLA01','Actualización Normativa Laboral','Actualización Normativa Laboral','actualización_normativa_laboral',1,NULL,'1','2019-03-26 16:15:48',NULL,'1'),(146,3,2,'SM146-SSOC01','Seguridad y Salud Ocupacional','Seguridad y Salud Ocupacional','seguridad_salud',1,NULL,'1','2019-03-26 16:15:48',NULL,'1');
/*!40000 ALTER TABLE `modulo_estudio` ENABLE KEYS */;
UNLOCK TABLES;

--
-- Table structure for table `modulo_estudio_empresa`
--

DROP TABLE IF EXISTS `modulo_estudio_empresa`;
/*!40101 SET @saved_cs_client     = @@character_set_client */;
/*!40101 SET character_set_client = utf8 */;
CREATE TABLE `modulo_estudio_empresa` (
  `meem_id` bigint(20) NOT NULL AUTO_INCREMENT,
  `mest_id` bigint(20) DEFAULT NULL,
  `emp_id` bigint(20) DEFAULT NULL,
  `meem_fecha_inicio` timestamp NULL DEFAULT NULL,
  `meem_fecha_fin` timestamp NULL DEFAULT NULL,
  `meem_usuario_ingreso` bigint(20) NOT NULL,
  `meem_usuario_modifica` bigint(20) DEFAULT NULL,
  `meem_estado_gestion` varchar(1) NOT NULL,
  `meem_estado` varchar(1) NOT NULL,
  `meem_fecha_creacion` timestamp NOT NULL DEFAULT CURRENT_TIMESTAMP,
  `meem_fecha_modificacion` timestamp NULL DEFAULT NULL,
  `meem_estado_logico` varchar(1) NOT NULL,
  PRIMARY KEY (`meem_id`),
  KEY `mest_id` (`mest_id`),
  CONSTRAINT `modulo_estudio_empresa_ibfk_1` FOREIGN KEY (`mest_id`) REFERENCES `modulo_estudio` (`mest_id`)
) ENGINE=InnoDB AUTO_INCREMENT=147 DEFAULT CHARSET=utf8;
/*!40101 SET character_set_client = @saved_cs_client */;

--
-- Dumping data for table `modulo_estudio_empresa`
--

LOCK TABLES `modulo_estudio_empresa` WRITE;
/*!40000 ALTER TABLE `modulo_estudio_empresa` DISABLE KEYS */;
INSERT INTO `modulo_estudio_empresa` VALUES (1,1,3,'2018-09-01 09:00:00','2018-12-31 10:00:00',1,NULL,'1','1','2018-09-02 03:30:00',NULL,'1'),(2,2,3,'2018-09-01 09:00:00','2018-12-31 10:00:00',1,NULL,'1','1','2018-09-02 03:30:00',NULL,'1'),(3,3,3,'2018-09-01 09:00:00','2018-12-31 10:00:00',1,NULL,'1','1','2018-09-02 03:30:00',NULL,'1'),(4,4,3,'2018-09-01 09:00:00','2018-12-31 10:00:00',1,NULL,'1','1','2018-09-02 03:30:00',NULL,'1'),(5,5,3,'2018-09-01 09:00:00','2018-12-31 10:00:00',1,NULL,'1','1','2018-09-02 03:30:00',NULL,'1'),(6,6,3,'2018-09-01 09:00:00','2018-12-31 10:00:00',1,NULL,'1','1','2018-09-02 03:30:00',NULL,'1'),(7,7,3,'2018-09-01 09:00:00','2018-12-31 10:00:00',1,NULL,'1','1','2018-09-02 03:30:00',NULL,'1'),(8,8,3,'2018-09-01 09:00:00','2018-12-31 10:00:00',1,NULL,'1','1','2018-09-02 03:30:00',NULL,'1'),(9,9,3,'2018-09-01 09:00:00','2018-12-31 10:00:00',1,NULL,'1','1','2018-09-02 03:30:00',NULL,'1'),(10,10,3,'2018-09-01 09:00:00','2018-12-31 10:00:00',1,NULL,'1','1','2018-09-02 03:30:00',NULL,'1'),(11,11,3,'2018-09-01 09:00:00','2018-12-31 10:00:00',1,NULL,'1','1','2018-09-02 03:30:00',NULL,'1'),(12,12,3,'2018-09-01 09:00:00','2018-12-31 10:00:00',1,NULL,'1','1','2018-09-02 03:30:00',NULL,'1'),(13,13,3,'2018-09-01 09:00:00','2018-12-31 10:00:00',1,NULL,'1','1','2018-09-02 03:30:00',NULL,'1'),(14,14,3,'2018-09-01 09:00:00','2018-12-31 10:00:00',1,NULL,'1','1','2018-09-02 03:30:00',NULL,'1'),(15,15,3,'2018-09-01 09:00:00','2018-12-31 10:00:00',1,NULL,'1','1','2018-09-02 03:30:00',NULL,'1'),(16,16,3,'2018-09-01 09:00:00','2018-12-31 10:00:00',1,NULL,'1','1','2018-09-02 03:30:00',NULL,'1'),(17,17,3,'2018-09-01 09:00:00','2018-12-31 10:00:00',1,NULL,'1','1','2018-09-02 03:30:00',NULL,'1'),(18,18,3,'2018-09-01 09:00:00','2018-12-31 10:00:00',1,NULL,'1','1','2018-09-02 03:30:00',NULL,'1'),(19,19,3,'2018-09-01 09:00:00','2018-12-31 10:00:00',1,NULL,'1','1','2018-09-02 03:30:00',NULL,'1'),(20,20,3,'2018-09-01 09:00:00','2018-12-31 10:00:00',1,NULL,'1','1','2018-09-02 03:30:00',NULL,'1'),(21,21,3,'2018-09-01 09:00:00','2018-12-31 10:00:00',1,NULL,'1','1','2018-09-02 03:30:00',NULL,'1'),(22,22,3,'2018-09-01 09:00:00','2018-12-31 10:00:00',1,NULL,'1','1','2018-09-02 03:30:00',NULL,'1'),(23,23,3,'2018-09-01 09:00:00','2018-12-31 10:00:00',1,NULL,'1','1','2018-09-02 03:30:00',NULL,'1'),(24,24,3,'2018-09-01 09:00:00','2018-12-31 10:00:00',1,NULL,'1','1','2018-09-02 03:30:00',NULL,'1'),(25,25,3,'2018-09-01 09:00:00','2018-12-31 10:00:00',1,NULL,'1','1','2018-09-02 03:30:00',NULL,'1'),(26,26,3,'2018-09-01 09:00:00','2018-12-31 10:00:00',1,NULL,'1','1','2018-09-02 03:30:00',NULL,'1'),(27,27,2,'2018-09-01 09:00:00','2018-12-31 10:00:00',1,NULL,'1','1','2018-12-10 18:30:00',NULL,'1'),(28,28,2,'2018-09-01 09:00:00','2018-12-31 10:00:00',1,NULL,'1','1','2018-12-10 18:30:00',NULL,'1'),(29,29,2,'2018-09-01 09:00:00','2018-12-31 10:00:00',1,NULL,'1','1','2018-12-10 18:30:00',NULL,'1'),(30,30,2,'2018-09-01 09:00:00','2018-12-31 10:00:00',1,NULL,'1','1','2018-12-10 18:30:00',NULL,'1'),(31,31,2,'2018-09-01 09:00:00','2018-12-31 10:00:00',1,NULL,'1','1','2018-12-10 18:30:00',NULL,'1'),(32,32,2,'2018-09-01 09:00:00','2018-12-31 10:00:00',1,NULL,'1','1','2018-12-10 18:30:00',NULL,'1'),(33,33,2,'2018-09-01 09:00:00','2018-12-31 10:00:00',1,NULL,'1','1','2018-12-10 18:30:00',NULL,'1'),(34,34,2,'2018-09-01 09:00:00','2018-12-31 10:00:00',1,NULL,'1','1','2018-12-10 18:30:00',NULL,'1'),(35,35,2,'2018-09-01 09:00:00','2018-12-31 10:00:00',1,NULL,'1','1','2018-12-10 18:30:00',NULL,'1'),(36,36,2,'2018-09-01 09:00:00','2018-12-31 10:00:00',1,NULL,'1','1','2018-12-10 18:30:00',NULL,'1'),(37,37,2,'2018-09-01 09:00:00','2018-12-31 10:00:00',1,NULL,'1','1','2018-12-10 18:30:00',NULL,'1'),(38,38,2,'2018-09-01 09:00:00','2018-12-31 10:00:00',1,NULL,'1','1','2018-12-10 18:30:00',NULL,'1'),(39,39,2,'2018-09-01 09:00:00','2018-12-31 10:00:00',1,NULL,'1','1','2018-12-10 18:30:00',NULL,'1'),(40,40,2,'2018-09-01 09:00:00','2018-12-31 10:00:00',1,NULL,'1','1','2018-12-10 18:30:00',NULL,'1'),(41,41,2,'2018-09-01 09:00:00','2018-12-31 10:00:00',1,NULL,'1','1','2018-12-10 18:30:00',NULL,'1'),(42,42,2,'2018-09-01 09:00:00','2018-12-31 10:00:00',1,NULL,'1','1','2018-12-10 18:30:00',NULL,'1'),(43,43,2,'2018-09-01 09:00:00','2018-12-31 10:00:00',1,NULL,'1','1','2018-12-10 18:30:00',NULL,'1'),(44,44,2,'2018-09-01 09:00:00','2018-12-31 10:00:00',1,NULL,'1','1','2018-12-10 18:30:00',NULL,'1'),(45,45,2,'2018-09-01 09:00:00','2018-12-31 10:00:00',1,NULL,'1','1','2018-12-10 18:30:00',NULL,'1'),(46,46,2,'2018-09-01 09:00:00','2018-12-31 10:00:00',1,NULL,'1','1','2018-12-10 18:30:00',NULL,'1'),(47,47,2,'2018-09-01 09:00:00','2018-12-31 10:00:00',1,NULL,'1','1','2018-12-10 18:30:00',NULL,'1'),(48,48,2,'2018-09-01 09:00:00','2018-12-31 10:00:00',1,NULL,'1','1','2018-12-10 18:30:00',NULL,'1'),(49,49,2,'2018-09-01 09:00:00','2018-12-31 10:00:00',1,NULL,'1','1','2018-12-10 18:30:00',NULL,'1'),(50,50,2,'2018-09-01 09:00:00','2018-12-31 10:00:00',1,NULL,'1','1','2018-12-10 18:30:00',NULL,'1'),(51,51,2,'2018-09-01 09:00:00','2018-12-31 10:00:00',1,NULL,'1','1','2018-12-10 18:30:00',NULL,'1'),(52,52,2,'2018-09-01 09:00:00','2018-12-31 10:00:00',1,NULL,'1','1','2018-12-10 18:30:00',NULL,'1'),(53,53,2,'2018-09-01 09:00:00','2018-12-31 10:00:00',1,NULL,'1','1','2018-12-10 18:30:00',NULL,'1'),(54,54,2,'2018-09-01 09:00:00','2018-12-31 10:00:00',1,NULL,'1','1','2018-12-10 18:30:00',NULL,'1'),(55,55,2,'2018-09-01 09:00:00','2018-12-31 10:00:00',1,NULL,'1','1','2018-12-10 18:30:00',NULL,'1'),(56,56,2,'2018-09-01 09:00:00','2018-12-31 10:00:00',1,NULL,'1','1','2018-12-10 18:30:00',NULL,'1'),(57,57,2,'2018-09-01 09:00:00','2018-12-31 10:00:00',1,NULL,'1','1','2018-12-10 18:30:00',NULL,'1'),(58,58,2,'2018-09-01 09:00:00','2018-12-31 10:00:00',1,NULL,'1','1','2018-12-10 18:30:00',NULL,'1'),(59,59,2,'2018-09-01 09:00:00','2018-12-31 10:00:00',1,NULL,'1','1','2018-12-10 18:30:00',NULL,'1'),(60,60,2,'2018-09-01 09:00:00','2018-12-31 10:00:00',1,NULL,'1','1','2018-12-10 18:30:00',NULL,'1'),(61,61,2,'2018-09-01 09:00:00','2018-12-31 10:00:00',1,NULL,'1','1','2018-12-10 18:30:00',NULL,'1'),(62,62,2,'2018-09-01 09:00:00','2018-12-31 10:00:00',1,NULL,'1','1','2018-12-10 18:30:00',NULL,'1'),(63,63,2,'2018-09-01 09:00:00','2018-12-31 10:00:00',1,NULL,'1','1','2018-12-10 18:30:00',NULL,'1'),(64,64,2,'2018-09-01 09:00:00','2018-12-31 10:00:00',1,NULL,'1','1','2018-12-10 18:30:00',NULL,'1'),(65,65,2,'2018-09-01 09:00:00','2018-12-31 10:00:00',1,NULL,'1','1','2018-12-10 18:30:00',NULL,'1'),(66,66,2,'2018-09-01 09:00:00','2018-12-31 10:00:00',1,NULL,'1','1','2018-12-10 18:30:00',NULL,'1'),(67,67,2,'2018-09-01 09:00:00','2018-12-31 10:00:00',1,NULL,'1','1','2018-12-10 18:30:00',NULL,'1'),(68,68,2,'2018-09-01 09:00:00','2018-12-31 10:00:00',1,NULL,'1','1','2018-12-10 18:30:00',NULL,'1'),(69,69,2,'2018-09-01 09:00:00','2018-12-31 10:00:00',1,NULL,'1','1','2018-12-10 18:30:00',NULL,'1'),(70,70,2,'2018-09-01 09:00:00','2018-12-31 10:00:00',1,NULL,'1','1','2018-12-10 18:30:00',NULL,'1'),(71,71,2,'2018-09-01 09:00:00','2018-12-31 10:00:00',1,NULL,'1','1','2018-12-10 18:30:00',NULL,'1'),(72,72,2,'2018-09-01 09:00:00','2018-12-31 10:00:00',1,NULL,'1','1','2018-12-10 18:30:00',NULL,'1'),(73,73,2,'2018-09-01 09:00:00','2018-12-31 10:00:00',1,NULL,'1','1','2018-12-10 18:30:00',NULL,'1'),(74,74,2,'2018-09-01 09:00:00','2018-12-31 10:00:00',1,NULL,'1','1','2018-12-10 18:30:00',NULL,'1'),(75,75,2,'2018-09-01 09:00:00','2018-12-31 10:00:00',1,NULL,'1','1','2018-12-10 18:30:00',NULL,'1'),(76,76,2,'2018-09-01 09:00:00','2018-12-31 10:00:00',1,NULL,'1','1','2018-12-10 18:30:00',NULL,'1'),(77,77,2,'2018-09-01 09:00:00','2018-12-31 10:00:00',1,NULL,'1','1','2018-12-10 18:30:00',NULL,'1'),(78,78,2,'2018-09-01 09:00:00','2018-12-31 10:00:00',1,NULL,'1','1','2018-12-10 18:30:00',NULL,'1'),(79,79,2,'2018-09-01 09:00:00','2018-12-31 10:00:00',1,NULL,'1','1','2018-12-10 18:30:00',NULL,'1'),(80,80,2,'2018-09-01 09:00:00','2018-12-31 10:00:00',1,NULL,'1','1','2018-12-10 18:30:00',NULL,'1'),(81,81,2,'2018-09-01 09:00:00','2018-12-31 10:00:00',1,NULL,'1','1','2018-12-10 18:30:00',NULL,'1'),(82,82,2,'2018-09-01 09:00:00','2018-12-31 10:00:00',1,NULL,'1','1','2018-12-10 18:30:00',NULL,'1'),(83,83,2,'2018-09-01 09:00:00','2018-12-31 10:00:00',1,NULL,'1','1','2018-12-10 18:30:00',NULL,'1'),(84,84,2,'2018-09-01 09:00:00','2018-12-31 10:00:00',1,NULL,'1','1','2018-12-10 18:30:00',NULL,'1'),(85,85,2,'2018-09-01 09:00:00','2018-12-31 10:00:00',1,NULL,'1','1','2018-12-10 18:30:00',NULL,'1'),(86,86,2,'2018-09-01 09:00:00','2018-12-31 10:00:00',1,NULL,'1','1','2018-12-10 18:30:00',NULL,'1'),(87,87,2,'2018-09-01 09:00:00','2018-12-31 10:00:00',1,NULL,'1','1','2018-12-10 18:30:00',NULL,'1'),(88,88,2,'2018-09-01 09:00:00','2018-12-31 10:00:00',1,NULL,'1','1','2018-12-10 18:30:00',NULL,'1'),(89,89,2,'2018-09-01 09:00:00','2018-12-31 10:00:00',1,NULL,'1','1','2018-12-10 18:30:00',NULL,'1'),(90,90,2,'2018-09-01 09:00:00','2018-12-31 10:00:00',1,NULL,'1','1','2018-12-10 18:30:00',NULL,'1'),(91,91,2,'2018-09-01 09:00:00','2018-12-31 10:00:00',1,NULL,'1','1','2018-12-10 18:30:00',NULL,'1'),(92,92,2,'2018-09-01 09:00:00','2018-12-31 10:00:00',1,NULL,'1','1','2018-12-10 18:30:00',NULL,'1'),(93,93,2,'2018-09-01 09:00:00','2018-12-31 10:00:00',1,NULL,'1','1','2018-12-10 18:30:00',NULL,'1'),(94,94,2,'2018-09-01 09:00:00','2018-12-31 10:00:00',1,NULL,'1','1','2018-12-10 18:30:00',NULL,'1'),(95,95,2,'2018-09-01 09:00:00','2018-12-31 10:00:00',1,NULL,'1','1','2018-12-10 18:30:00',NULL,'1'),(96,96,2,'2018-09-01 09:00:00','2018-12-31 10:00:00',1,NULL,'1','1','2018-12-10 18:30:00',NULL,'1'),(97,97,2,'2018-09-01 09:00:00','2018-12-31 10:00:00',1,NULL,'1','1','2018-12-10 18:30:00',NULL,'1'),(98,98,2,'2018-09-01 09:00:00','2018-12-31 10:00:00',1,NULL,'1','1','2018-12-10 18:30:00',NULL,'1'),(99,99,2,'2018-09-01 09:00:00','2018-12-31 10:00:00',1,NULL,'1','1','2018-12-10 18:30:00',NULL,'1'),(100,100,2,'2018-09-01 09:00:00','2018-12-31 10:00:00',1,NULL,'1','1','2018-12-10 18:30:00',NULL,'1'),(101,101,2,'2018-09-01 09:00:00','2018-12-31 10:00:00',1,NULL,'1','1','2018-12-10 18:30:00',NULL,'1'),(102,102,2,'2018-09-01 09:00:00','2018-12-31 10:00:00',1,NULL,'1','1','2018-12-10 18:30:00',NULL,'1'),(103,103,2,'2018-09-01 09:00:00','2018-12-31 10:00:00',1,NULL,'1','1','2018-12-10 18:30:00',NULL,'1'),(104,104,2,'2018-09-01 09:00:00','2018-12-31 10:00:00',1,NULL,'1','1','2018-12-10 18:30:00',NULL,'1'),(105,105,2,'2018-09-01 09:00:00','2018-12-31 10:00:00',1,NULL,'1','1','2018-12-10 18:30:00',NULL,'1'),(106,106,2,'2018-09-01 09:00:00','2018-12-31 10:00:00',1,NULL,'1','1','2018-12-10 18:30:00',NULL,'1'),(107,107,2,'2018-09-01 09:00:00','2018-12-31 10:00:00',1,NULL,'1','1','2018-12-10 18:30:00',NULL,'1'),(108,108,2,'2018-09-01 09:00:00','2018-12-31 10:00:00',1,NULL,'1','1','2018-12-10 18:30:00',NULL,'1'),(109,109,2,'2018-09-01 09:00:00','2018-12-31 10:00:00',1,NULL,'1','1','2018-12-10 18:30:00',NULL,'1'),(110,110,2,'2018-09-01 09:00:00','2018-12-31 10:00:00',1,NULL,'1','1','2018-12-10 18:30:00',NULL,'1'),(111,111,2,'2018-09-01 09:00:00','2018-12-31 10:00:00',1,NULL,'1','1','2018-12-10 18:30:00',NULL,'1'),(112,112,2,'2018-09-01 09:00:00','2018-12-31 10:00:00',1,NULL,'1','1','2018-12-10 18:30:00',NULL,'1'),(113,113,2,'2018-09-01 09:00:00','2018-12-31 10:00:00',1,NULL,'1','1','2018-12-10 18:30:00',NULL,'1'),(114,114,2,'2018-09-01 09:00:00','2018-12-31 10:00:00',1,NULL,'1','1','2018-12-10 18:30:00',NULL,'1'),(115,115,2,'2018-09-01 09:00:00','2018-12-31 10:00:00',1,NULL,'1','1','2018-12-10 18:30:00',NULL,'1'),(116,116,2,'2018-09-01 09:00:00','2018-12-31 10:00:00',1,NULL,'1','1','2018-12-10 18:30:00',NULL,'1'),(117,117,2,'2018-09-01 09:00:00','2018-12-31 10:00:00',1,NULL,'1','1','2018-12-10 18:30:00',NULL,'1'),(118,118,2,'2018-09-01 09:00:00','2018-12-31 10:00:00',1,NULL,'1','1','2018-12-10 18:30:00',NULL,'1'),(119,119,2,'2018-09-01 09:00:00','2018-12-31 10:00:00',1,NULL,'1','1','2018-12-10 18:30:00',NULL,'1'),(120,120,2,'2018-09-01 09:00:00','2018-12-31 10:00:00',1,NULL,'1','1','2018-12-10 18:30:00',NULL,'1'),(121,121,2,'2018-09-01 09:00:00','2018-12-31 10:00:00',1,NULL,'1','1','2018-12-10 18:30:00',NULL,'1'),(122,122,2,'2018-09-01 09:00:00','2018-12-31 10:00:00',1,NULL,'1','1','2018-12-10 18:30:00',NULL,'1'),(123,123,2,'2018-09-01 09:00:00','2018-12-31 10:00:00',1,NULL,'1','1','2018-12-10 18:30:00',NULL,'1'),(124,124,2,'2018-09-01 09:00:00','2018-12-31 10:00:00',1,NULL,'1','1','2018-12-10 18:30:00',NULL,'1'),(125,125,2,'2018-09-01 09:00:00','2018-12-31 10:00:00',1,NULL,'1','1','2018-12-10 18:30:00',NULL,'1'),(126,126,2,'2018-09-01 09:00:00','2018-12-31 10:00:00',1,NULL,'1','1','2018-12-10 18:30:00',NULL,'1'),(127,127,2,'2018-09-01 09:00:00','2018-12-31 10:00:00',1,NULL,'1','1','2018-12-10 18:30:00',NULL,'1'),(128,128,2,'2018-09-01 09:00:00','2018-12-31 10:00:00',1,NULL,'1','1','2018-12-10 18:30:00',NULL,'1'),(129,129,2,'2018-09-01 09:00:00','2018-12-31 10:00:00',1,NULL,'1','1','2018-12-10 18:30:00',NULL,'1'),(130,130,2,'2018-09-01 09:00:00','2018-12-31 10:00:00',1,NULL,'1','1','2018-12-10 18:30:00',NULL,'1'),(131,131,2,'2018-09-01 09:00:00','2018-12-31 10:00:00',1,NULL,'1','1','2018-12-10 18:30:00',NULL,'1'),(132,132,2,'2018-09-01 09:00:00','2018-12-31 10:00:00',1,NULL,'1','1','2018-12-10 18:30:00',NULL,'1'),(133,133,2,'2018-09-01 09:00:00','2018-12-31 10:00:00',1,NULL,'1','1','2018-12-10 18:30:00',NULL,'1'),(134,134,2,'2018-09-01 09:00:00','2018-12-31 10:00:00',1,NULL,'1','1','2018-12-10 18:30:00',NULL,'1'),(135,135,2,'2018-09-01 09:00:00','2018-12-31 10:00:00',1,NULL,'1','1','2018-12-10 18:30:00',NULL,'1'),(136,136,2,'2018-09-01 09:00:00','2018-12-31 10:00:00',1,NULL,'1','1','2018-12-10 18:30:00',NULL,'1'),(137,137,2,'2018-09-01 09:00:00','2018-12-31 10:00:00',1,NULL,'1','1','2018-12-10 18:30:00',NULL,'1'),(138,138,2,'2018-09-01 09:00:00','2018-12-31 10:00:00',1,NULL,'1','1','2018-12-10 18:30:00',NULL,'1'),(139,139,2,'2018-09-01 09:00:00','2018-12-31 10:00:00',1,NULL,'1','1','2018-12-10 18:30:00',NULL,'1'),(140,140,2,'2018-09-01 09:00:00','2018-12-31 10:00:00',1,NULL,'1','1','2018-12-10 18:30:00',NULL,'1'),(141,141,2,'2018-09-01 09:00:00','2018-12-31 10:00:00',1,NULL,'1','1','2018-12-10 18:30:00',NULL,'1'),(142,142,2,'2018-09-01 09:00:00','2018-12-31 10:00:00',1,NULL,'1','1','2018-12-10 18:30:00',NULL,'1'),(143,143,2,'2018-09-01 09:00:00','2018-12-31 10:00:00',1,NULL,'1','1','2018-12-10 18:30:00',NULL,'1'),(144,144,2,'2018-09-01 09:00:00','2018-12-31 10:00:00',1,NULL,'1','1','2018-12-10 18:30:00',NULL,'1'),(145,145,3,'2019-03-26 19:30:00','2020-01-01 04:59:59',1,NULL,'1','1','2019-03-26 19:30:00',NULL,'1'),(146,146,3,'2019-03-26 19:30:00','2020-01-01 04:59:59',1,NULL,'1','1','2019-03-26 19:30:00',NULL,'1');
/*!40000 ALTER TABLE `modulo_estudio_empresa` ENABLE KEYS */;
UNLOCK TABLES;

--
-- Table structure for table `nivel_estudio`
--

DROP TABLE IF EXISTS `nivel_estudio`;
/*!40101 SET @saved_cs_client     = @@character_set_client */;
/*!40101 SET character_set_client = utf8 */;
CREATE TABLE `nivel_estudio` (
  `nest_id` bigint(20) NOT NULL AUTO_INCREMENT,
  `nest_nombre` varchar(150) DEFAULT NULL,
  `nest_descripcion` varchar(500) DEFAULT NULL,
  `nest_usuario_ingreso` bigint(20) NOT NULL,
  `nest_usuario_modifica` bigint(20) DEFAULT NULL,
  `nest_estado` varchar(1) NOT NULL,
  `nest_fecha_creacion` timestamp NOT NULL DEFAULT CURRENT_TIMESTAMP,
  `nest_fecha_modificacion` timestamp NULL DEFAULT NULL,
  `nest_estado_logico` varchar(1) NOT NULL,
  PRIMARY KEY (`nest_id`)
) ENGINE=InnoDB AUTO_INCREMENT=11 DEFAULT CHARSET=utf8;
/*!40101 SET character_set_client = @saved_cs_client */;

--
-- Dumping data for table `nivel_estudio`
--

LOCK TABLES `nivel_estudio` WRITE;
/*!40000 ALTER TABLE `nivel_estudio` DISABLE KEYS */;
INSERT INTO `nivel_estudio` VALUES (1,'Nivel 0','Nivel 0 PreAcadémico',1,NULL,'1','2018-10-18 00:12:38',NULL,'1'),(2,'1','Nivel 1',1,NULL,'1','2018-10-18 00:12:38',NULL,'1'),(3,'2','Nivel 2',1,NULL,'1','2018-10-18 00:12:38',NULL,'1'),(4,'3','Nivel 3',1,NULL,'1','2018-10-18 00:12:38',NULL,'1'),(5,'4','Nivel 4',1,NULL,'1','2018-10-18 00:12:38',NULL,'1'),(6,'5','Nivel 5',1,NULL,'1','2018-10-18 00:12:38',NULL,'1'),(7,'6','Nivel 6',1,NULL,'1','2018-10-18 00:12:38',NULL,'1'),(8,'7','Nivel 7',1,NULL,'1','2018-10-18 00:12:38',NULL,'1'),(9,'8','Nivel 8',1,NULL,'1','2018-10-18 00:12:38',NULL,'1'),(10,'9','Nivel 9',1,NULL,'1','2018-10-18 00:12:38',NULL,'1');
/*!40000 ALTER TABLE `nivel_estudio` ENABLE KEYS */;
UNLOCK TABLES;

--
-- Table structure for table `nivel_instruccion`
--

DROP TABLE IF EXISTS `nivel_instruccion`;
/*!40101 SET @saved_cs_client     = @@character_set_client */;
/*!40101 SET character_set_client = utf8 */;
CREATE TABLE `nivel_instruccion` (
  `nins_id` bigint(20) NOT NULL AUTO_INCREMENT,
  `nins_nombre` varchar(250) DEFAULT NULL,
  `nins_descripcion` varchar(500) DEFAULT NULL,
  `nins_estado` varchar(1) NOT NULL,
  `nins_fecha_creacion` timestamp NOT NULL DEFAULT CURRENT_TIMESTAMP,
  `nins_fecha_modificacion` timestamp NULL DEFAULT NULL,
  `nins_estado_logico` varchar(1) NOT NULL,
  PRIMARY KEY (`nins_id`)
) ENGINE=InnoDB AUTO_INCREMENT=6 DEFAULT CHARSET=utf8;
/*!40101 SET character_set_client = @saved_cs_client */;

--
-- Dumping data for table `nivel_instruccion`
--

LOCK TABLES `nivel_instruccion` WRITE;
/*!40000 ALTER TABLE `nivel_instruccion` DISABLE KEYS */;
INSERT INTO `nivel_instruccion` VALUES (1,'Sin estudios ','Sin estudios ','1','2018-10-18 00:12:38',NULL,'1'),(2,'Primarios','Primarios','1','2018-10-18 00:12:38',NULL,'1'),(3,'Secundarios','Secundarios','1','2018-10-18 00:12:38',NULL,'1'),(4,'Tercer Nivel','Tercer Nivel','1','2018-10-18 00:12:38',NULL,'1'),(5,'Cuarto Nivel','Cuarto Nivel','1','2018-10-18 00:12:38',NULL,'1');
/*!40000 ALTER TABLE `nivel_instruccion` ENABLE KEYS */;
UNLOCK TABLES;

--
-- Table structure for table `otro_estudio_academico`
--

DROP TABLE IF EXISTS `otro_estudio_academico`;
/*!40101 SET @saved_cs_client     = @@character_set_client */;
/*!40101 SET character_set_client = utf8 */;
CREATE TABLE `otro_estudio_academico` (
  `oeac_id` bigint(20) NOT NULL AUTO_INCREMENT,
  `oeac_nombre` varchar(300) NOT NULL,
  `oeac_descripcion` varchar(500) NOT NULL,
  `uaca_id` bigint(20) NOT NULL,
  `mod_id` bigint(20) NOT NULL,
  `oeac_estado` varchar(1) NOT NULL,
  `oeac_fecha_creacion` timestamp NOT NULL DEFAULT CURRENT_TIMESTAMP,
  `oeac_fecha_modificacion` timestamp NULL DEFAULT NULL,
  `oeac_estado_logico` varchar(1) NOT NULL,
  PRIMARY KEY (`oeac_id`),
  KEY `uaca_id` (`uaca_id`),
  KEY `mod_id` (`mod_id`),
  CONSTRAINT `otro_estudio_academico_ibfk_1` FOREIGN KEY (`uaca_id`) REFERENCES `unidad_academica` (`uaca_id`),
  CONSTRAINT `otro_estudio_academico_ibfk_2` FOREIGN KEY (`mod_id`) REFERENCES `modalidad` (`mod_id`)
) ENGINE=InnoDB AUTO_INCREMENT=25 DEFAULT CHARSET=latin1;
/*!40101 SET character_set_client = @saved_cs_client */;

--
-- Dumping data for table `otro_estudio_academico`
--

LOCK TABLES `otro_estudio_academico` WRITE;
/*!40000 ALTER TABLE `otro_estudio_academico` DISABLE KEYS */;
INSERT INTO `otro_estudio_academico` VALUES (1,'Comunicación Social','Comunicación Social',1,2,'1','2019-06-05 19:43:11',NULL,'1'),(2,'Derecho','Derecho',1,2,'1','2019-06-05 19:43:11',NULL,'1'),(3,'Párvulos','Párvulos',1,2,'1','2019-06-05 19:43:11',NULL,'1'),(4,'Psicología Clínica','Psicología Clínica',1,2,'1','2019-06-05 19:43:11',NULL,'1'),(5,'Ingeniería Civil','Ingeniería Civil',1,2,'1','2019-06-05 19:43:11',NULL,'1'),(6,'Trabajo Social','Trabajo Social',1,2,'1','2019-06-05 19:43:11',NULL,'1'),(7,'Ingeniería Automotriz','Ingeniería Automotriz',1,2,'1','2019-06-05 19:43:11',NULL,'1'),(8,'Párvulos','Párvulos',1,4,'1','2019-06-05 19:43:11',NULL,'1'),(9,'Puertos y Aduanas','Puertos y Aduanas',1,4,'1','2019-06-05 19:43:11',NULL,'1'),(10,'Logística y Transporte','Logística y Transporte',1,4,'1','2019-06-05 19:43:11',NULL,'1'),(11,'Software','Software',1,4,'1','2019-06-05 19:43:11',NULL,'1'),(12,'Telecomunicaciones','Telecomunicaciones',1,4,'1','2019-06-05 19:43:11',NULL,'1'),(13,'Gestión del Talento Humano','Gestión del Talento Humano',1,1,'1','2019-06-05 19:43:11',NULL,'1'),(14,'Logística y Transporte','Logística y Transporte',1,1,'1','2019-06-05 19:43:11',NULL,'1'),(15,'Software','Software',1,1,'1','2019-06-05 19:43:11',NULL,'1'),(16,'Telecomunicaciones','Telecomunicaciones',1,1,'1','2019-06-05 19:43:11',NULL,'1'),(17,'Maestría en Educación','Maestría en Educación',2,1,'1','2019-06-05 19:43:11',NULL,'1'),(18,'Maestría en Abogacía','Maestría en Abogacía',2,1,'1','2019-06-05 19:43:11',NULL,'1'),(19,'Maestría en Psicopedagogía','Maestría en Psicopedagogía',2,1,'1','2019-06-05 19:43:11',NULL,'1'),(20,'Maestría en Dirección de Operaciones y Calidad','Maestría en Dirección de Operaciones y Calidad',2,1,'1','2019-06-05 19:43:11',NULL,'1'),(21,'Maestría Psicología Clínica','Maestría Psicología Clínica',2,1,'1','2019-06-05 19:43:11',NULL,'1'),(22,'Maestría en Dirección de Proyectos','Maestría en Dirección de Proyectos',2,1,'1','2019-06-05 19:43:11',NULL,'1'),(23,'Maestría en Lenguas Extranjeras','Maestría en Lenguas Extranjeras',2,1,'1','2019-06-05 19:43:11',NULL,'1'),(24,'Maestría de Medicina General','Maestría de Medicina General',2,1,'1','2019-06-05 19:43:11',NULL,'1');
/*!40000 ALTER TABLE `otro_estudio_academico` ENABLE KEYS */;
UNLOCK TABLES;

--
-- Table structure for table `paralelo`
--

DROP TABLE IF EXISTS `paralelo`;
/*!40101 SET @saved_cs_client     = @@character_set_client */;
/*!40101 SET character_set_client = utf8 */;
CREATE TABLE `paralelo` (
  `par_id` bigint(20) NOT NULL AUTO_INCREMENT,
  `paca_id` bigint(20) DEFAULT NULL,
  `pami_id` bigint(20) DEFAULT NULL,
  `par_nombre` varchar(300) NOT NULL,
  `par_descripcion` varchar(500) NOT NULL,
  `par_num_cupo` int(11) DEFAULT NULL,
  `par_usuario_ingreso` bigint(20) NOT NULL,
  `par_usuario_modifica` bigint(20) DEFAULT NULL,
  `par_estado` varchar(1) NOT NULL,
  `par_fecha_creacion` timestamp NOT NULL DEFAULT CURRENT_TIMESTAMP,
  `par_fecha_modificacion` timestamp NULL DEFAULT NULL,
  `par_estado_logico` varchar(1) NOT NULL,
  PRIMARY KEY (`par_id`),
  KEY `paca_id` (`paca_id`),
  KEY `pami_id` (`pami_id`),
  CONSTRAINT `paralelo_ibfk_1` FOREIGN KEY (`paca_id`) REFERENCES `periodo_academico` (`paca_id`),
  CONSTRAINT `paralelo_ibfk_2` FOREIGN KEY (`pami_id`) REFERENCES `periodo_academico_met_ingreso` (`pami_id`)
) ENGINE=InnoDB AUTO_INCREMENT=27 DEFAULT CHARSET=utf8;
/*!40101 SET character_set_client = @saved_cs_client */;

--
-- Dumping data for table `paralelo`
--

LOCK TABLES `paralelo` WRITE;
/*!40000 ALTER TABLE `paralelo` DISABLE KEYS */;
INSERT INTO `paralelo` VALUES (1,NULL,1,'Paralelo 1','Paralelo 1',25,1,NULL,'1','2018-01-23 04:59:53',NULL,'1'),(2,NULL,2,'Paralelo 1','Paralelo 1',25,1,NULL,'1','2018-01-23 04:59:53',NULL,'1'),(3,NULL,3,'Paralelo 1','Paralelo 1',25,1,NULL,'1','2018-01-23 04:59:53',NULL,'1'),(4,NULL,4,'Paralelo 1','Paralelo 1',20,27,NULL,'1','2018-01-23 20:31:56',NULL,'1'),(5,NULL,5,'Paralelo 1','Paralelo 1',20,27,NULL,'1','2018-01-31 02:53:42',NULL,'1'),(6,NULL,6,'Paralelo 1','Paralelo 1',5,27,NULL,'1','2018-02-27 02:53:05',NULL,'1'),(7,NULL,6,'Paralelo 2','Paralelo 2',5,27,NULL,'1','2018-02-27 03:06:08',NULL,'1'),(8,NULL,7,'Paralelo 1','Paralelo 1',10,27,NULL,'1','2018-02-28 19:02:46',NULL,'1'),(9,NULL,7,'Paralelo 2','Paralelo 2',10,27,NULL,'1','2018-03-15 01:10:12',NULL,'1'),(10,NULL,8,'Paralelo 1','Paralelo 1',10,27,NULL,'1','2018-04-07 02:36:25',NULL,'1'),(11,NULL,9,'Paralelo 1','Paralelo 1',20,27,NULL,'1','2018-04-10 00:10:47',NULL,'1'),(12,NULL,10,'Paralelo 1','Paralelo 1',50,27,NULL,'1','2018-05-10 20:35:56',NULL,'1'),(13,NULL,11,'Paralelo 1','Paralelo 1',30,27,NULL,'1','2018-05-31 02:19:37',NULL,'1'),(14,NULL,12,'Paralelo 1','Paralelo 1',40,27,NULL,'1','2018-06-27 21:00:02',NULL,'1'),(15,NULL,13,'Paralelo 1','Paralelo 1',10,27,NULL,'1','2018-07-17 19:36:10',NULL,'1'),(16,NULL,14,'Paralelo 1','Paralelo 1',30,27,NULL,'1','2018-07-30 20:12:54',NULL,'1'),(17,NULL,15,'Paralelo 1','Paralelo 1',10,27,NULL,'1','2018-07-31 22:27:30',NULL,'1'),(18,NULL,16,'Paralelo 1','Paralelo 1',50,27,NULL,'1','2018-08-29 18:43:14',NULL,'1'),(19,NULL,17,'Paralelo 1','Paralelo 1',40,27,NULL,'1','2018-09-13 21:19:45',NULL,'1'),(20,NULL,18,'Paralelo 1','Paralelo 1',30,27,NULL,'1','2018-10-02 00:02:23',NULL,'1'),(21,NULL,18,'002','002',30,27,NULL,'1','2018-11-19 21:20:39',NULL,'1'),(22,NULL,19,'001','001',20,27,NULL,'1','2018-11-19 21:33:38',NULL,'1'),(23,NULL,20,'001','001',30,27,NULL,'1','2018-11-22 16:02:34',NULL,'1'),(24,NULL,21,'001','001',30,27,NULL,'1','2018-11-22 16:05:33',NULL,'1'),(25,NULL,23,'001','001',30,27,NULL,'1','2018-12-27 21:00:16',NULL,'1'),(26,NULL,22,'001','001',30,27,NULL,'1','2019-02-11 15:59:39',NULL,'1');
/*!40000 ALTER TABLE `paralelo` ENABLE KEYS */;
UNLOCK TABLES;

--
-- Table structure for table `periodo_academico`
--

DROP TABLE IF EXISTS `periodo_academico`;
/*!40101 SET @saved_cs_client     = @@character_set_client */;
/*!40101 SET character_set_client = utf8 */;
CREATE TABLE `periodo_academico` (
  `paca_id` bigint(20) NOT NULL AUTO_INCREMENT,
  `saca_id` bigint(20) NOT NULL,
  `baca_id` bigint(20) NOT NULL,
  `paca_anio_academico` varchar(10) NOT NULL,
  `paca_activo` varchar(1) DEFAULT NULL,
  `paca_fecha_inicio` timestamp NULL DEFAULT NULL,
  `paca_fecha_fin` timestamp NULL DEFAULT NULL,
  `paca_usuario_ingreso` bigint(20) NOT NULL,
  `paca_usuario_modifica` bigint(20) DEFAULT NULL,
  `paca_estado` varchar(1) NOT NULL,
  `paca_fecha_creacion` timestamp NOT NULL DEFAULT CURRENT_TIMESTAMP,
  `paca_fecha_modificacion` timestamp NULL DEFAULT NULL,
  `paca_estado_logico` varchar(1) NOT NULL,
  PRIMARY KEY (`paca_id`),
  KEY `saca_id` (`saca_id`),
  KEY `baca_id` (`baca_id`),
  CONSTRAINT `periodo_academico_ibfk_1` FOREIGN KEY (`saca_id`) REFERENCES `semestre_academico` (`saca_id`),
  CONSTRAINT `periodo_academico_ibfk_2` FOREIGN KEY (`baca_id`) REFERENCES `bloque_academico` (`baca_id`)
) ENGINE=InnoDB AUTO_INCREMENT=2 DEFAULT CHARSET=utf8;
/*!40101 SET character_set_client = @saved_cs_client */;

--
-- Dumping data for table `periodo_academico`
--

LOCK TABLES `periodo_academico` WRITE;
/*!40000 ALTER TABLE `periodo_academico` DISABLE KEYS */;
INSERT INTO `periodo_academico` VALUES (1,1,1,'2019','A','2019-04-13 04:00:00','2019-06-30 03:59:59',1,NULL,'1','2019-04-11 20:03:41',NULL,'1');
/*!40000 ALTER TABLE `periodo_academico` ENABLE KEYS */;
UNLOCK TABLES;

--
-- Table structure for table `periodo_academico_met_ingreso`
--

DROP TABLE IF EXISTS `periodo_academico_met_ingreso`;
/*!40101 SET @saved_cs_client     = @@character_set_client */;
/*!40101 SET character_set_client = utf8 */;
CREATE TABLE `periodo_academico_met_ingreso` (
  `pami_id` bigint(20) NOT NULL AUTO_INCREMENT,
  `pami_anio` bigint(20) DEFAULT NULL,
  `pami_mes` bigint(20) DEFAULT NULL,
  `uaca_id` bigint(20) DEFAULT NULL,
  `mod_id` bigint(20) DEFAULT NULL,
  `ming_id` bigint(20) DEFAULT NULL,
  `pami_fecha_inicio` timestamp NULL DEFAULT NULL,
  `pami_fecha_fin` timestamp NULL DEFAULT NULL,
  `pami_codigo` varchar(10) NOT NULL,
  `pami_usuario_ingreso` bigint(20) NOT NULL,
  `pami_usuario_modifica` bigint(20) DEFAULT NULL,
  `pami_estado` varchar(1) NOT NULL,
  `pami_fecha_creacion` timestamp NOT NULL DEFAULT CURRENT_TIMESTAMP,
  `pami_fecha_modificacion` timestamp NULL DEFAULT NULL,
  `pami_estado_logico` varchar(1) NOT NULL,
  PRIMARY KEY (`pami_id`)
) ENGINE=InnoDB AUTO_INCREMENT=24 DEFAULT CHARSET=utf8;
/*!40101 SET character_set_client = @saved_cs_client */;

--
-- Dumping data for table `periodo_academico_met_ingreso`
--

LOCK TABLES `periodo_academico_met_ingreso` WRITE;
/*!40000 ALTER TABLE `periodo_academico_met_ingreso` DISABLE KEYS */;
INSERT INTO `periodo_academico_met_ingreso` VALUES (1,2017,10,1,1,1,'2017-10-17 09:00:00','2017-12-08 10:00:00','CANONL1017',1,NULL,'1','2018-01-23 04:59:53',NULL,'1'),(2,2017,11,1,1,1,'2017-12-13 10:00:00','2018-01-05 10:00:00','CANONL1117',1,NULL,'1','2018-01-23 04:59:53',NULL,'1'),(3,2018,1,1,1,1,'2018-01-15 10:00:00','2018-03-09 10:00:00','CANONL0118',1,NULL,'1','2018-01-23 04:59:53',NULL,'1'),(4,2018,2,1,1,2,'2018-02-19 10:00:00','2018-02-19 10:00:00','EXAONL0218',1,NULL,'1','2018-01-23 20:31:56',NULL,'1'),(5,2018,2,1,1,1,'2018-02-19 10:00:00','2018-04-15 09:00:00','CANONL0218',27,NULL,'1','2018-01-31 02:53:42',NULL,'1'),(6,2018,1,1,1,2,'2018-01-31 10:00:00','2018-01-01 10:00:00','EXAONL0118',27,NULL,'1','2018-02-27 02:53:05',NULL,'1'),(7,2018,3,1,1,1,'2018-03-05 10:00:00','2018-04-01 09:00:00','CANONL0318',27,NULL,'1','2018-02-27 03:06:08',NULL,'1'),(8,2018,4,1,1,2,'2018-04-06 09:00:00','2018-04-30 09:00:00','EXAONL0418',27,NULL,'1','2018-02-28 19:02:46',NULL,'1'),(9,2018,4,1,1,1,'2018-04-01 09:00:00','2018-04-30 09:00:00','CANONL0418',27,NULL,'1','2018-03-15 01:10:12',NULL,'1'),(10,2018,5,1,1,1,'2018-05-01 09:00:00','2018-05-31 09:00:00','CANONL0518',27,NULL,'1','2018-04-07 02:36:25',NULL,'1'),(11,2018,6,1,1,1,'2018-05-01 09:00:00','2018-06-03 09:00:00','CANONL0618',27,NULL,'1','2018-04-10 00:10:47',NULL,'1'),(12,2018,7,1,1,1,'2018-06-18 09:00:00','2018-07-23 09:00:00','CANONL0718',27,NULL,'1','2018-05-10 20:35:56',NULL,'1'),(13,2018,8,1,1,2,'2018-08-06 09:00:00','2018-08-06 09:00:00','EXAONL0818',27,NULL,'1','2018-05-31 02:19:37',NULL,'1'),(14,2018,8,1,1,1,'2018-07-28 09:00:00','2018-08-13 09:00:00','CANONL0818',27,NULL,'1','2018-06-27 21:00:02',NULL,'1'),(15,2018,7,1,1,2,'2018-07-01 09:00:00','2018-07-31 09:00:00','EXAONL0718',27,NULL,'1','2018-07-17 19:36:10',NULL,'1'),(16,2018,9,1,1,1,'2018-08-25 09:00:00','2018-09-22 09:00:00','CANONL0918',27,NULL,'1','2018-07-30 20:12:54',NULL,'1'),(17,2018,9,1,1,2,'2018-09-01 09:00:00','2018-09-30 09:00:00','EXAONL0918',27,NULL,'1','2018-07-31 22:27:30',NULL,'1'),(18,2018,10,1,1,1,'2018-10-01 09:00:00','2018-10-31 09:00:00','CANONL1018',27,NULL,'1','2018-08-29 18:43:14',NULL,'1'),(19,2018,10,1,1,2,'2018-10-01 04:00:00','2018-10-30 04:00:00','EXAONL1018',27,NULL,'1','2018-11-19 21:33:26',NULL,'1'),(20,2018,11,1,1,1,'2018-11-01 04:00:00','2018-11-30 05:00:00','CANONL1118',27,NULL,'1','2018-11-22 16:02:21',NULL,'1'),(21,2018,11,1,1,2,'2018-11-01 04:00:00','2018-11-30 05:00:00','EXAONL1118',27,NULL,'1','2018-11-22 16:05:21',NULL,'1'),(22,2019,1,1,1,1,'2019-01-01 05:00:00','2019-01-31 05:00:00','CANONL0119',27,NULL,'1','2018-12-27 17:30:54',NULL,'1'),(23,2019,1,1,1,2,'2019-01-01 05:00:00','2019-01-31 05:00:00','EXAONL0119',27,NULL,'1','2018-12-27 20:59:59',NULL,'1');
/*!40000 ALTER TABLE `periodo_academico_met_ingreso` ENABLE KEYS */;
UNLOCK TABLES;

--
-- Table structure for table `planificacion_estudio_academico`
--

DROP TABLE IF EXISTS `planificacion_estudio_academico`;
/*!40101 SET @saved_cs_client     = @@character_set_client */;
/*!40101 SET character_set_client = utf8 */;
CREATE TABLE `planificacion_estudio_academico` (
  `peac_id` bigint(20) NOT NULL AUTO_INCREMENT,
  `uaca_id` bigint(20) NOT NULL,
  `mod_id` bigint(20) NOT NULL,
  `paca_id` bigint(20) DEFAULT NULL,
  `pami_id` bigint(20) DEFAULT NULL,
  `maca_id` bigint(20) NOT NULL,
  `peac_usuario_ingreso` bigint(20) NOT NULL,
  `peac_usuario_modifica` bigint(20) DEFAULT NULL,
  `peac_estado` varchar(1) NOT NULL,
  `peac_fecha_creacion` timestamp NOT NULL DEFAULT CURRENT_TIMESTAMP,
  `peac_fecha_modificacion` timestamp NULL DEFAULT NULL,
  `peac_estado_logico` varchar(1) NOT NULL,
  PRIMARY KEY (`peac_id`),
  KEY `uaca_id` (`uaca_id`),
  KEY `mod_id` (`mod_id`),
  KEY `paca_id` (`paca_id`),
  KEY `maca_id` (`maca_id`),
  KEY `pami_id` (`pami_id`),
  CONSTRAINT `planificacion_estudio_academico_ibfk_1` FOREIGN KEY (`uaca_id`) REFERENCES `unidad_academica` (`uaca_id`),
  CONSTRAINT `planificacion_estudio_academico_ibfk_2` FOREIGN KEY (`mod_id`) REFERENCES `modalidad` (`mod_id`),
  CONSTRAINT `planificacion_estudio_academico_ibfk_3` FOREIGN KEY (`paca_id`) REFERENCES `periodo_academico` (`paca_id`),
  CONSTRAINT `planificacion_estudio_academico_ibfk_4` FOREIGN KEY (`maca_id`) REFERENCES `malla_academica` (`maca_id`),
  CONSTRAINT `planificacion_estudio_academico_ibfk_5` FOREIGN KEY (`pami_id`) REFERENCES `periodo_academico_met_ingreso` (`pami_id`)
) ENGINE=InnoDB AUTO_INCREMENT=139 DEFAULT CHARSET=utf8;
/*!40101 SET character_set_client = @saved_cs_client */;

--
-- Dumping data for table `planificacion_estudio_academico`
--

LOCK TABLES `planificacion_estudio_academico` WRITE;
/*!40000 ALTER TABLE `planificacion_estudio_academico` DISABLE KEYS */;
INSERT INTO `planificacion_estudio_academico` VALUES (1,1,1,NULL,1,1,1,NULL,'1','2018-10-04 23:33:26',NULL,'1'),(2,1,1,NULL,1,2,1,NULL,'1','2018-10-04 23:33:26',NULL,'1'),(3,1,1,NULL,1,3,1,NULL,'1','2018-10-04 23:33:26',NULL,'1'),(4,1,1,NULL,1,4,1,NULL,'1','2018-10-04 23:33:26',NULL,'1'),(5,1,1,NULL,1,5,1,NULL,'1','2018-10-04 23:33:26',NULL,'1'),(6,1,1,NULL,1,6,1,NULL,'1','2018-10-04 23:33:26',NULL,'1'),(7,1,1,NULL,2,1,1,NULL,'1','2018-10-04 23:33:26',NULL,'1'),(8,1,1,NULL,2,2,1,NULL,'1','2018-10-04 23:33:26',NULL,'1'),(9,1,1,NULL,2,3,1,NULL,'1','2018-10-04 23:33:26',NULL,'1'),(10,1,1,NULL,2,4,1,NULL,'1','2018-10-04 23:33:26',NULL,'1'),(11,1,1,NULL,2,5,1,NULL,'1','2018-10-04 23:33:26',NULL,'1'),(12,1,1,NULL,2,6,1,NULL,'1','2018-10-04 23:33:26',NULL,'1'),(13,1,1,NULL,3,1,1,NULL,'1','2018-10-04 23:33:26',NULL,'1'),(14,1,1,NULL,3,2,1,NULL,'1','2018-10-04 23:33:26',NULL,'1'),(15,1,1,NULL,3,3,1,NULL,'1','2018-10-04 23:33:26',NULL,'1'),(16,1,1,NULL,3,4,1,NULL,'1','2018-10-04 23:33:26',NULL,'1'),(17,1,1,NULL,3,5,1,NULL,'1','2018-10-04 23:33:26',NULL,'1'),(18,1,1,NULL,3,6,1,NULL,'1','2018-10-04 23:33:26',NULL,'1'),(19,1,1,NULL,4,1,1,NULL,'1','2018-10-04 23:33:26',NULL,'1'),(20,1,1,NULL,4,2,1,NULL,'1','2018-10-04 23:33:26',NULL,'1'),(21,1,1,NULL,4,3,1,NULL,'1','2018-10-04 23:33:26',NULL,'1'),(22,1,1,NULL,4,4,1,NULL,'1','2018-10-04 23:33:26',NULL,'1'),(23,1,1,NULL,4,5,1,NULL,'1','2018-10-04 23:33:26',NULL,'1'),(24,1,1,NULL,4,6,1,NULL,'1','2018-10-04 23:33:26',NULL,'1'),(25,1,1,NULL,5,1,1,NULL,'1','2018-10-04 23:33:26',NULL,'1'),(26,1,1,NULL,5,2,1,NULL,'1','2018-10-04 23:33:26',NULL,'1'),(27,1,1,NULL,5,3,1,NULL,'1','2018-10-04 23:33:26',NULL,'1'),(28,1,1,NULL,5,4,1,NULL,'1','2018-10-04 23:33:26',NULL,'1'),(29,1,1,NULL,5,5,1,NULL,'1','2018-10-04 23:33:26',NULL,'1'),(30,1,1,NULL,5,6,1,NULL,'1','2018-10-04 23:33:26',NULL,'1'),(31,1,1,NULL,6,1,1,NULL,'1','2018-10-04 23:33:26',NULL,'1'),(32,1,1,NULL,6,2,1,NULL,'1','2018-10-04 23:33:26',NULL,'1'),(33,1,1,NULL,6,3,1,NULL,'1','2018-10-04 23:33:26',NULL,'1'),(34,1,1,NULL,6,4,1,NULL,'1','2018-10-04 23:33:26',NULL,'1'),(35,1,1,NULL,6,5,1,NULL,'1','2018-10-04 23:33:26',NULL,'1'),(36,1,1,NULL,6,6,1,NULL,'1','2018-10-04 23:33:26',NULL,'1'),(37,1,1,NULL,7,1,1,NULL,'1','2018-10-04 23:33:26',NULL,'1'),(38,1,1,NULL,7,2,1,NULL,'1','2018-10-04 23:33:26',NULL,'1'),(39,1,1,NULL,7,3,1,NULL,'1','2018-10-04 23:33:26',NULL,'1'),(40,1,1,NULL,7,4,1,NULL,'1','2018-10-04 23:33:26',NULL,'1'),(41,1,1,NULL,7,5,1,NULL,'1','2018-10-04 23:33:26',NULL,'1'),(42,1,1,NULL,7,6,1,NULL,'1','2018-10-04 23:33:26',NULL,'1'),(43,1,1,NULL,8,1,1,NULL,'1','2018-10-04 23:33:26',NULL,'1'),(44,1,1,NULL,8,2,1,NULL,'1','2018-10-04 23:33:26',NULL,'1'),(45,1,1,NULL,8,3,1,NULL,'1','2018-10-04 23:33:26',NULL,'1'),(46,1,1,NULL,8,4,1,NULL,'1','2018-10-04 23:33:26',NULL,'1'),(47,1,1,NULL,8,5,1,NULL,'1','2018-10-04 23:33:26',NULL,'1'),(48,1,1,NULL,8,6,1,NULL,'1','2018-10-04 23:33:26',NULL,'1'),(49,1,1,NULL,9,1,1,NULL,'1','2018-10-04 23:33:26',NULL,'1'),(50,1,1,NULL,9,2,1,NULL,'1','2018-10-04 23:33:26',NULL,'1'),(51,1,1,NULL,9,3,1,NULL,'1','2018-10-04 23:33:26',NULL,'1'),(52,1,1,NULL,9,4,1,NULL,'1','2018-10-04 23:33:26',NULL,'1'),(53,1,1,NULL,9,5,1,NULL,'1','2018-10-04 23:33:26',NULL,'1'),(54,1,1,NULL,9,6,1,NULL,'1','2018-10-04 23:33:26',NULL,'1'),(55,1,1,NULL,10,1,1,NULL,'1','2018-10-04 23:33:26',NULL,'1'),(56,1,1,NULL,10,2,1,NULL,'1','2018-10-04 23:33:26',NULL,'1'),(57,1,1,NULL,10,3,1,NULL,'1','2018-10-04 23:33:26',NULL,'1'),(58,1,1,NULL,10,4,1,NULL,'1','2018-10-04 23:33:26',NULL,'1'),(59,1,1,NULL,10,5,1,NULL,'1','2018-10-04 23:33:26',NULL,'1'),(60,1,1,NULL,10,6,1,NULL,'1','2018-10-04 23:33:26',NULL,'1'),(61,1,1,NULL,11,1,1,NULL,'1','2018-10-04 23:33:26',NULL,'1'),(62,1,1,NULL,11,2,1,NULL,'1','2018-10-04 23:33:26',NULL,'1'),(63,1,1,NULL,11,3,1,NULL,'1','2018-10-04 23:33:26',NULL,'1'),(64,1,1,NULL,11,4,1,NULL,'1','2018-10-04 23:33:26',NULL,'1'),(65,1,1,NULL,11,5,1,NULL,'1','2018-10-04 23:33:26',NULL,'1'),(66,1,1,NULL,11,6,1,NULL,'1','2018-10-04 23:33:26',NULL,'1'),(67,1,1,NULL,12,1,1,NULL,'1','2018-10-04 23:33:26',NULL,'1'),(68,1,1,NULL,12,2,1,NULL,'1','2018-10-04 23:33:26',NULL,'1'),(69,1,1,NULL,12,3,1,NULL,'1','2018-10-04 23:33:26',NULL,'1'),(70,1,1,NULL,12,4,1,NULL,'1','2018-10-04 23:33:26',NULL,'1'),(71,1,1,NULL,12,5,1,NULL,'1','2018-10-04 23:33:26',NULL,'1'),(72,1,1,NULL,12,6,1,NULL,'1','2018-10-04 23:33:26',NULL,'1'),(73,1,1,NULL,13,1,1,NULL,'1','2018-10-04 23:33:26',NULL,'1'),(74,1,1,NULL,13,2,1,NULL,'1','2018-10-04 23:33:26',NULL,'1'),(75,1,1,NULL,13,3,1,NULL,'1','2018-10-04 23:33:26',NULL,'1'),(76,1,1,NULL,13,4,1,NULL,'1','2018-10-04 23:33:26',NULL,'1'),(77,1,1,NULL,13,5,1,NULL,'1','2018-10-04 23:33:26',NULL,'1'),(78,1,1,NULL,13,6,1,NULL,'1','2018-10-04 23:33:26',NULL,'1'),(79,1,1,NULL,14,1,1,NULL,'1','2018-10-04 23:33:26',NULL,'1'),(80,1,1,NULL,14,2,1,NULL,'1','2018-10-04 23:33:26',NULL,'1'),(81,1,1,NULL,14,3,1,NULL,'1','2018-10-04 23:33:26',NULL,'1'),(82,1,1,NULL,14,4,1,NULL,'1','2018-10-04 23:33:26',NULL,'1'),(83,1,1,NULL,14,5,1,NULL,'1','2018-10-04 23:33:26',NULL,'1'),(84,1,1,NULL,14,6,1,NULL,'1','2018-10-04 23:33:26',NULL,'1'),(85,1,1,NULL,15,1,1,NULL,'1','2018-10-04 23:33:26',NULL,'1'),(86,1,1,NULL,15,2,1,NULL,'1','2018-10-04 23:33:26',NULL,'1'),(87,1,1,NULL,15,3,1,NULL,'1','2018-10-04 23:33:26',NULL,'1'),(88,1,1,NULL,15,4,1,NULL,'1','2018-10-04 23:33:26',NULL,'1'),(89,1,1,NULL,15,5,1,NULL,'1','2018-10-04 23:33:26',NULL,'1'),(90,1,1,NULL,15,6,1,NULL,'1','2018-10-04 23:33:26',NULL,'1'),(91,1,1,NULL,16,1,1,NULL,'1','2018-10-04 23:33:26',NULL,'1'),(92,1,1,NULL,16,2,1,NULL,'1','2018-10-04 23:33:26',NULL,'1'),(93,1,1,NULL,16,3,1,NULL,'1','2018-10-04 23:33:26',NULL,'1'),(94,1,1,NULL,16,4,1,NULL,'1','2018-10-04 23:33:26',NULL,'1'),(95,1,1,NULL,16,5,1,NULL,'1','2018-10-04 23:33:26',NULL,'1'),(96,1,1,NULL,16,6,1,NULL,'1','2018-10-04 23:33:26',NULL,'1'),(97,1,1,NULL,17,1,1,NULL,'1','2018-10-04 23:33:26',NULL,'1'),(98,1,1,NULL,17,2,1,NULL,'1','2018-10-04 23:33:26',NULL,'1'),(99,1,1,NULL,17,3,1,NULL,'1','2018-10-04 23:33:26',NULL,'1'),(100,1,1,NULL,17,4,1,NULL,'1','2018-10-04 23:33:26',NULL,'1'),(101,1,1,NULL,17,5,1,NULL,'1','2018-10-04 23:33:26',NULL,'1'),(102,1,1,NULL,17,6,1,NULL,'1','2018-10-04 23:33:26',NULL,'1'),(103,1,1,NULL,18,1,1,NULL,'1','2018-10-04 23:33:26',NULL,'1'),(104,1,1,NULL,18,2,1,NULL,'1','2018-10-04 23:33:26',NULL,'1'),(105,1,1,NULL,18,3,1,NULL,'1','2018-10-04 23:33:26',NULL,'1'),(106,1,1,NULL,18,4,1,NULL,'1','2018-10-04 23:33:26',NULL,'1'),(107,1,1,NULL,18,5,1,NULL,'1','2018-10-04 23:33:26',NULL,'1'),(108,1,1,NULL,18,6,1,NULL,'1','2018-10-04 23:33:26',NULL,'1'),(109,1,1,NULL,19,1,27,NULL,'1','2018-11-19 21:33:26',NULL,'1'),(110,1,1,NULL,19,2,27,NULL,'1','2018-11-19 21:33:26',NULL,'1'),(111,1,1,NULL,19,3,27,NULL,'1','2018-11-19 21:33:26',NULL,'1'),(112,1,1,NULL,19,4,27,NULL,'1','2018-11-19 21:33:26',NULL,'1'),(113,1,1,NULL,19,5,27,NULL,'1','2018-11-19 21:33:26',NULL,'1'),(114,1,1,NULL,19,6,27,NULL,'1','2018-11-19 21:33:26',NULL,'1'),(115,1,1,NULL,20,1,27,NULL,'1','2018-11-22 16:02:21',NULL,'1'),(116,1,1,NULL,20,2,27,NULL,'1','2018-11-22 16:02:21',NULL,'1'),(117,1,1,NULL,20,3,27,NULL,'1','2018-11-22 16:02:21',NULL,'1'),(118,1,1,NULL,20,4,27,NULL,'1','2018-11-22 16:02:21',NULL,'1'),(119,1,1,NULL,20,5,27,NULL,'1','2018-11-22 16:02:21',NULL,'1'),(120,1,1,NULL,20,6,27,NULL,'1','2018-11-22 16:02:21',NULL,'1'),(121,1,1,NULL,21,1,27,NULL,'1','2018-11-22 16:05:21',NULL,'1'),(122,1,1,NULL,21,2,27,NULL,'1','2018-11-22 16:05:21',NULL,'1'),(123,1,1,NULL,21,3,27,NULL,'1','2018-11-22 16:05:21',NULL,'1'),(124,1,1,NULL,21,4,27,NULL,'1','2018-11-22 16:05:21',NULL,'1'),(125,1,1,NULL,21,5,27,NULL,'1','2018-11-22 16:05:21',NULL,'1'),(126,1,1,NULL,21,6,27,NULL,'1','2018-11-22 16:05:21',NULL,'1'),(127,1,1,NULL,22,1,27,NULL,'1','2018-12-27 17:30:54',NULL,'1'),(128,1,1,NULL,22,2,27,NULL,'1','2018-12-27 17:30:54',NULL,'1'),(129,1,1,NULL,22,3,27,NULL,'1','2018-12-27 17:30:54',NULL,'1'),(130,1,1,NULL,22,4,27,NULL,'1','2018-12-27 17:30:54',NULL,'1'),(131,1,1,NULL,22,5,27,NULL,'1','2018-12-27 17:30:54',NULL,'1'),(132,1,1,NULL,22,6,27,NULL,'1','2018-12-27 17:30:54',NULL,'1'),(133,1,1,NULL,23,1,27,NULL,'1','2018-12-27 20:59:59',NULL,'1'),(134,1,1,NULL,23,2,27,NULL,'1','2018-12-27 20:59:59',NULL,'1'),(135,1,1,NULL,23,3,27,NULL,'1','2018-12-27 20:59:59',NULL,'1'),(136,1,1,NULL,23,4,27,NULL,'1','2018-12-27 20:59:59',NULL,'1'),(137,1,1,NULL,23,5,27,NULL,'1','2018-12-27 20:59:59',NULL,'1'),(138,1,1,NULL,23,6,27,NULL,'1','2018-12-27 20:59:59',NULL,'1');
/*!40000 ALTER TABLE `planificacion_estudio_academico` ENABLE KEYS */;
UNLOCK TABLES;

--
-- Table structure for table `profesor`
--

DROP TABLE IF EXISTS `profesor`;
/*!40101 SET @saved_cs_client     = @@character_set_client */;
/*!40101 SET character_set_client = utf8 */;
CREATE TABLE `profesor` (
  `pro_id` bigint(20) NOT NULL AUTO_INCREMENT,
  `per_id` bigint(20) NOT NULL,
  `pro_usuario_ingreso` bigint(20) NOT NULL,
  `pro_usuario_modifica` bigint(20) DEFAULT NULL,
  `pro_estado` varchar(1) NOT NULL,
  `pro_fecha_creacion` timestamp NOT NULL DEFAULT CURRENT_TIMESTAMP,
  `pro_fecha_modificacion` timestamp NULL DEFAULT NULL,
  `pro_estado_logico` varchar(1) NOT NULL,
  PRIMARY KEY (`pro_id`)
) ENGINE=InnoDB AUTO_INCREMENT=81 DEFAULT CHARSET=utf8;
/*!40101 SET character_set_client = @saved_cs_client */;

--
-- Dumping data for table `profesor`
--

LOCK TABLES `profesor` WRITE;
/*!40000 ALTER TABLE `profesor` DISABLE KEYS */;
INSERT INTO `profesor` VALUES (1,30,1,NULL,'1','2019-04-11 19:51:06',NULL,'1'),(2,53,1,NULL,'1','2019-04-11 19:51:06',NULL,'1'),(3,48,1,NULL,'1','2019-04-11 19:51:06',NULL,'1'),(4,36,1,NULL,'1','2019-04-11 19:51:06',NULL,'1'),(5,51,1,NULL,'1','2019-04-11 19:51:06',NULL,'1'),(6,3,1,NULL,'1','2019-04-11 19:51:06',NULL,'1'),(7,50,1,NULL,'1','2019-04-11 19:51:06',NULL,'1'),(8,52,1,NULL,'1','2019-04-11 19:51:06',NULL,'1'),(9,33,1,NULL,'1','2019-04-11 19:51:06',NULL,'1'),(10,47,1,NULL,'1','2019-04-11 19:51:06',NULL,'1'),(11,49,1,NULL,'1','2019-04-11 19:51:06',NULL,'1'),(12,37,1,NULL,'1','2019-04-11 19:51:06',NULL,'1'),(13,54,1,NULL,'1','2019-04-12 22:15:55',NULL,'1'),(14,55,1,NULL,'1','2019-04-12 22:15:55',NULL,'1'),(15,56,1,NULL,'1','2019-04-12 22:15:55',NULL,'1'),(16,57,1,NULL,'1','2019-04-12 22:15:55',NULL,'1'),(17,58,1,NULL,'1','2019-04-12 22:15:55',NULL,'1'),(18,59,1,NULL,'1','2019-04-12 22:15:55',NULL,'1'),(19,60,1,NULL,'1','2019-04-12 22:15:55',NULL,'1'),(20,61,1,NULL,'1','2019-04-12 22:15:55',NULL,'1'),(21,62,1,NULL,'1','2019-04-12 22:15:55',NULL,'1'),(22,63,1,NULL,'1','2019-04-12 22:15:55',NULL,'1'),(23,64,1,NULL,'1','2019-04-12 22:15:55',NULL,'1'),(24,65,1,NULL,'1','2019-04-12 22:15:55',NULL,'1'),(25,66,1,NULL,'1','2019-04-12 22:15:55',NULL,'1'),(26,67,1,NULL,'1','2019-04-12 22:15:55',NULL,'1'),(27,68,1,NULL,'1','2019-04-12 22:15:55',NULL,'1'),(28,69,1,NULL,'1','2019-04-12 22:15:55',NULL,'1'),(29,70,1,NULL,'1','2019-04-12 22:15:55',NULL,'1'),(30,71,1,NULL,'1','2019-04-12 22:15:55',NULL,'1'),(31,72,1,NULL,'1','2019-04-12 22:15:55',NULL,'1'),(32,73,1,NULL,'1','2019-04-12 22:15:55',NULL,'1'),(33,74,1,NULL,'1','2019-04-12 22:15:55',NULL,'1'),(34,75,1,NULL,'1','2019-04-12 22:15:55',NULL,'1'),(35,76,1,NULL,'1','2019-04-12 22:15:55',NULL,'1'),(36,77,1,NULL,'1','2019-04-12 22:15:55',NULL,'1'),(37,78,1,NULL,'1','2019-04-12 22:15:55',NULL,'1'),(38,79,1,NULL,'1','2019-04-12 22:15:55',NULL,'1'),(39,80,1,NULL,'1','2019-04-12 22:15:55',NULL,'1'),(40,81,1,NULL,'1','2019-04-12 22:15:55',NULL,'1'),(41,82,1,NULL,'1','2019-04-12 22:15:55',NULL,'1'),(42,83,1,NULL,'1','2019-04-12 22:15:55',NULL,'1'),(43,84,1,NULL,'1','2019-04-12 22:15:55',NULL,'1'),(44,85,1,NULL,'1','2019-04-12 22:15:55',NULL,'1'),(45,86,1,NULL,'1','2019-04-12 22:15:55',NULL,'1'),(46,87,1,NULL,'1','2019-04-12 22:15:55',NULL,'1'),(47,2,1,NULL,'1','2019-04-12 22:15:55',NULL,'1'),(48,24,1,NULL,'1','2019-04-12 22:15:55',NULL,'1'),(49,26,1,NULL,'1','2019-04-12 22:15:55',NULL,'1'),(50,88,1,NULL,'1','2019-04-12 22:15:56',NULL,'1'),(51,28,1,NULL,'1','2019-04-12 22:15:56',NULL,'1'),(52,34,1,NULL,'1','2019-04-12 22:15:56',NULL,'1'),(53,89,1,NULL,'1','2019-04-13 03:10:16',NULL,'1'),(54,90,1,NULL,'1','2019-04-13 03:10:16',NULL,'1'),(55,91,1,NULL,'1','2019-04-13 03:10:16',NULL,'1'),(56,92,1,NULL,'1','2019-04-13 03:10:16',NULL,'1'),(57,93,1,NULL,'1','2019-04-13 03:10:16',NULL,'1'),(58,94,1,NULL,'1','2019-04-13 03:10:16',NULL,'1'),(59,95,1,NULL,'1','2019-04-13 03:10:16',NULL,'1'),(60,96,1,NULL,'1','2019-04-13 03:10:16',NULL,'1'),(61,97,1,NULL,'1','2019-04-13 03:10:16',NULL,'1'),(62,98,1,NULL,'1','2019-04-13 03:10:16',NULL,'1'),(63,99,1,NULL,'1','2019-04-13 03:10:16',NULL,'1'),(64,100,1,NULL,'1','2019-04-13 03:10:16',NULL,'1'),(65,101,1,NULL,'1','2019-04-17 20:15:00',NULL,'1'),(66,102,1,NULL,'1','2019-04-22 19:05:10',NULL,'1'),(67,103,1,NULL,'1','2019-04-22 19:05:10',NULL,'1'),(68,104,1,NULL,'1','2019-04-22 19:05:10',NULL,'1'),(69,5,1,NULL,'1','2019-04-22 19:05:10',NULL,'1'),(70,41,1,NULL,'1','2019-04-22 19:05:10',NULL,'1'),(71,105,1,NULL,'1','2019-04-26 22:05:24',NULL,'1'),(72,106,1,NULL,'1','2019-04-26 22:05:24',NULL,'1'),(73,107,1,NULL,'1','2019-04-26 22:05:24',NULL,'1'),(74,108,1,NULL,'1','2019-04-26 22:05:24',NULL,'1'),(75,109,1,NULL,'1','2019-04-26 22:05:24',NULL,'1'),(76,110,1,NULL,'1','2019-04-26 22:05:24',NULL,'1'),(77,111,1,NULL,'1','2019-05-02 19:08:11',NULL,'1'),(78,112,1,NULL,'1','2019-05-09 21:55:59',NULL,'1'),(79,113,1,NULL,'1','2019-05-13 20:04:31',NULL,'1'),(80,114,1,NULL,'1','2019-05-21 20:26:35',NULL,'1');
/*!40000 ALTER TABLE `profesor` ENABLE KEYS */;
UNLOCK TABLES;

--
-- Table structure for table `registro_marcacion`
--

DROP TABLE IF EXISTS `registro_marcacion`;
/*!40101 SET @saved_cs_client     = @@character_set_client */;
/*!40101 SET character_set_client = utf8 */;
CREATE TABLE `registro_marcacion` (
  `rmar_id` bigint(20) NOT NULL AUTO_INCREMENT,
  `rmar_tipo` varchar(1) NOT NULL,
  `pro_id` bigint(20) NOT NULL,
  `hape_id` bigint(20) NOT NULL,
  `rmar_fecha_hora_entrada` timestamp NULL DEFAULT NULL,
  `rmar_fecha_hora_salida` timestamp NULL DEFAULT NULL,
  `rmar_direccion_ip` varchar(20) NOT NULL,
  `usu_id` bigint(20) NOT NULL,
  `rmar_idingreso` bigint(20) DEFAULT NULL,
  `rmar_estado` varchar(1) NOT NULL,
  `rmar_fecha_creacion` timestamp NOT NULL DEFAULT CURRENT_TIMESTAMP,
  `rmar_fecha_modificacion` timestamp NULL DEFAULT NULL,
  `rmar_estado_logico` varchar(1) NOT NULL,
  PRIMARY KEY (`rmar_id`),
  KEY `pro_id` (`pro_id`),
  KEY `hape_id` (`hape_id`),
  CONSTRAINT `registro_marcacion_ibfk_1` FOREIGN KEY (`pro_id`) REFERENCES `profesor` (`pro_id`),
  CONSTRAINT `registro_marcacion_ibfk_2` FOREIGN KEY (`hape_id`) REFERENCES `horario_asignatura_periodo` (`hape_id`)
) ENGINE=InnoDB AUTO_INCREMENT=1376 DEFAULT CHARSET=utf8;
/*!40101 SET character_set_client = @saved_cs_client */;

--
-- Dumping data for table `registro_marcacion`
--

LOCK TABLES `registro_marcacion` WRITE;
/*!40000 ALTER TABLE `registro_marcacion` DISABLE KEYS */;
INSERT INTO `registro_marcacion` VALUES (2,'E',54,257,'2019-04-13 12:03:59',NULL,'MTg2LjY4LjE0My4xMDY=',90,NULL,'1','2019-04-13 12:03:59',NULL,'1'),(3,'E',58,259,'2019-04-13 12:06:34',NULL,'MTg2LjY4LjE0My4xMDY=',94,NULL,'1','2019-04-13 12:06:34',NULL,'1'),(4,'E',7,2,'2019-04-13 12:09:25',NULL,'MTg2LjY4LjE0My4xMDY=',50,NULL,'1','2019-04-13 12:09:25',NULL,'1'),(5,'E',52,260,'2019-04-13 12:10:03',NULL,'MTg2LjY4LjE0My4xMDY=',34,NULL,'1','2019-04-13 12:10:03',NULL,'1'),(6,'E',11,1,'2019-04-13 12:10:06',NULL,'MTg2LjY4LjE0My4xMDY=',49,NULL,'1','2019-04-13 12:10:06',NULL,'1'),(7,'E',63,265,'2019-04-13 12:13:11',NULL,'MTg2LjY4LjE0My4xMDY=',99,NULL,'1','2019-04-13 12:13:11',NULL,'1'),(8,'E',59,258,'2019-04-13 12:18:30',NULL,'MTg2LjY4LjE0My4xMDY=',95,NULL,'1','2019-04-13 12:18:30',NULL,'1'),(9,'E',37,264,'2019-04-13 12:21:39',NULL,'MTg2LjY4LjE0My4xMDY=',78,NULL,'1','2019-04-13 12:21:39',NULL,'1'),(10,'E',20,262,'2019-04-13 12:30:29',NULL,'MTg2LjY4LjE0My4xMDY=',61,NULL,'1','2019-04-13 12:30:29',NULL,'1'),(11,'E',2,3,'2019-04-13 12:46:04',NULL,'MTg2LjUuNzYuMTM5',53,NULL,'1','2019-04-13 12:46:04',NULL,'1'),(12,'E',55,261,'2019-04-13 12:51:25',NULL,'MTg2LjY4LjE0My4xMDY=',91,NULL,'1','2019-04-13 12:51:25',NULL,'1'),(13,'E',62,263,'2019-04-13 12:54:49',NULL,'MTg2LjY4LjE0My4xMDY=',98,NULL,'1','2019-04-13 12:54:49',NULL,'1'),(14,'E',19,267,'2019-04-13 15:06:08',NULL,'MTg2LjY4LjE0My4xMDY=',60,NULL,'1','2019-04-13 15:06:08',NULL,'1'),(15,'S',2,3,NULL,'2019-04-13 15:15:47','MTg2LjUuNzYuMTM5',53,11,'1','2019-04-13 15:15:47',NULL,'1'),(16,'S',59,258,NULL,'2019-04-13 15:16:17','MTg2LjUuNzYuMTM5',95,8,'1','2019-04-13 15:16:17',NULL,'1'),(17,'S',58,259,NULL,'2019-04-13 15:16:42','MTg2LjY4LjE0My4xMDY=',94,3,'1','2019-04-13 15:16:42',NULL,'1'),(18,'S',37,264,NULL,'2019-04-13 15:16:54','MTg2LjUuNzYuMTM5',78,9,'1','2019-04-13 15:16:54',NULL,'1'),(19,'E',37,268,'2019-04-13 15:17:02',NULL,'MTg2LjUuNzYuMTM5',78,NULL,'1','2019-04-13 15:17:02',NULL,'1'),(20,'S',11,1,NULL,'2019-04-13 15:17:48','MTgxLjE5OC4xMC4xNzI=',49,6,'1','2019-04-13 15:17:48',NULL,'1'),(21,'E',11,7,'2019-04-13 15:17:55',NULL,'MTgxLjE5OC4xMC4xNzI=',49,NULL,'1','2019-04-13 15:17:55',NULL,'1'),(22,'S',62,263,NULL,'2019-04-13 15:18:25','MTgxLjE5OC4xMC4xNjE=',98,13,'1','2019-04-13 15:18:25',NULL,'1'),(23,'E',5,8,'2019-04-13 15:18:48',NULL,'MTgxLjE5OC4xMC4xNzI=',51,NULL,'1','2019-04-13 15:18:48',NULL,'1'),(24,'S',54,257,NULL,'2019-04-13 15:18:48','MTgxLjE5OC4xMC4xNjI=',90,2,'1','2019-04-13 15:18:48',NULL,'1'),(25,'E',41,269,'2019-04-13 15:19:03',NULL,'MTg2LjY4LjE0My4xMDY=',82,NULL,'1','2019-04-13 15:19:03',NULL,'1'),(26,'S',7,2,NULL,'2019-04-13 15:19:41','MTgxLjE5OC4xMC4xNzI=',50,4,'1','2019-04-13 15:19:41',NULL,'1'),(27,'S',52,260,NULL,'2019-04-13 15:24:42','MTgxLjE5OC4xMC4xNzQ=',0,5,'1','2019-04-13 15:24:42',NULL,'1'),(28,'E',9,4,'2019-04-13 15:25:21',NULL,'MTgxLjE5OC4xMC4xNjc=',33,NULL,'1','2019-04-13 15:25:21',NULL,'1'),(29,'E',57,266,'2019-04-13 15:33:07',NULL,'MTg2LjY4LjE0My4xMDY=',93,NULL,'1','2019-04-13 15:33:07',NULL,'1'),(30,'E',2,5,'2019-04-13 15:45:40',NULL,'MTg2LjUuNzYuMTM5',53,NULL,'1','2019-04-13 15:45:40',NULL,'1'),(31,'S',57,266,NULL,'2019-04-13 18:30:02','MTg2LjY4LjE0My4xMDY=',93,29,'1','2019-04-13 18:30:02',NULL,'1'),(32,'S',5,8,NULL,'2019-04-13 18:30:13','MTgxLjE5OC4xMC4xNzI=',51,23,'1','2019-04-13 18:30:13',NULL,'1'),(33,'S',37,268,NULL,'2019-04-13 18:30:30','MTgxLjE5OC4xMC4xNjc=',78,19,'1','2019-04-13 18:30:30',NULL,'1'),(34,'S',2,5,NULL,'2019-04-13 18:35:24','MTg2LjUuNzYuMTM5',53,30,'1','2019-04-13 18:35:24',NULL,'1'),(35,'E',60,276,'2019-04-13 19:03:39',NULL,'MTg2LjY4LjE0My4xMDY=',96,NULL,'1','2019-04-13 19:03:39',NULL,'1'),(36,'E',6,9,'2019-04-13 19:05:59',NULL,'MTg2LjY4LjE0My4xMDY=',3,NULL,'1','2019-04-13 19:05:59',NULL,'1'),(37,'E',56,279,'2019-04-13 19:28:22',NULL,'MTg2LjY4LjE0My4xMDY=',92,NULL,'1','2019-04-13 19:28:22',NULL,'1'),(38,'E',61,271,'2019-04-13 19:31:53',NULL,'MTgxLjE5OC4xMC4xNzQ=',97,NULL,'1','2019-04-13 19:31:53',NULL,'1'),(39,'S',61,271,NULL,'2019-04-13 22:31:07','MTgxLjE5OC4xMC4xNzQ=',97,38,'1','2019-04-13 22:31:07',NULL,'1'),(40,'S',6,9,NULL,'2019-04-13 22:37:14','MTg2LjUuNzYuMTM5',3,36,'1','2019-04-13 22:37:14',NULL,'1'),(41,'E',7,60,'2019-04-15 13:50:04',NULL,'MTg2LjY4LjE0My4xMDY=',50,NULL,'1','2019-04-15 13:50:04',NULL,'1'),(42,'E',41,68,'2019-04-15 13:51:54',NULL,'MTg2LjY4LjE0My4xMDY=',82,NULL,'1','2019-04-15 13:51:54',NULL,'1'),(43,'E',39,38,'2019-04-15 13:59:34',NULL,'MTg2LjUuNzYuMTM5',80,NULL,'1','2019-04-15 13:59:34',NULL,'1'),(44,'E',30,53,'2019-04-15 13:59:47',NULL,'MTg2LjY4LjE0My4xMDY=',71,NULL,'1','2019-04-15 13:59:47',NULL,'1'),(45,'E',6,35,'2019-04-15 14:58:30',NULL,'MTg2LjUuNzYuMTM5',3,NULL,'1','2019-04-15 14:58:30',NULL,'1'),(46,'E',40,50,'2019-04-15 15:30:12',NULL,'MTg2LjY4LjE0My4xMDY=',81,NULL,'1','2019-04-15 15:30:12',NULL,'1'),(47,'E',3,47,'2019-04-15 15:53:49',NULL,'MTg2LjY4LjE0My4xMDY=',48,NULL,'1','2019-04-15 15:53:49',NULL,'1'),(48,'E',10,41,'2019-04-15 15:59:19',NULL,'MTg2LjY4LjE0My4xMDY=',47,NULL,'1','2019-04-15 15:59:19',NULL,'1'),(49,'E',48,25,'2019-04-15 16:00:01',NULL,'MTgxLjE5OC4xMC4xNjY=',24,NULL,'1','2019-04-15 16:00:01',NULL,'1'),(50,'S',39,38,NULL,'2019-04-15 16:00:10','MTg2LjUuNzYuMTM5',80,43,'1','2019-04-15 16:00:10',NULL,'1'),(51,'S',30,53,NULL,'2019-04-15 16:00:31','MTg2LjUuNzYuMTM5',71,44,'1','2019-04-15 16:00:31',NULL,'1'),(52,'S',7,60,NULL,'2019-04-15 16:01:11','MTg2LjY4LjE0My4xMDY=',50,41,'1','2019-04-15 16:01:11',NULL,'1'),(53,'S',6,35,NULL,'2019-04-15 16:01:41','MTg2LjUuNzYuMTM5',3,45,'1','2019-04-15 16:01:41',NULL,'1'),(54,'E',1,44,'2019-04-15 16:02:02',NULL,'MTg2LjY4LjE0My4xMDY=',30,NULL,'1','2019-04-15 16:02:02',NULL,'1'),(55,'S',41,68,NULL,'2019-04-15 16:04:06','MTg2LjY4LjE0My4xMDY=',82,42,'1','2019-04-15 16:04:06',NULL,'1'),(56,'E',47,19,'2019-04-15 16:07:35',NULL,'MTg2LjY4LjE0My4xMDY=',2,NULL,'1','2019-04-15 16:07:35',NULL,'1'),(57,'E',22,56,'2019-04-15 16:10:35',NULL,'MTg2LjUuNzYuMTM5',63,NULL,'1','2019-04-15 16:10:35',NULL,'1'),(58,'S',22,56,NULL,'2019-04-15 18:00:03','MTg2LjUuNzYuMTM5',63,57,'1','2019-04-15 18:00:03',NULL,'1'),(59,'S',3,47,NULL,'2019-04-15 18:00:32','MTg2LjY4LjE0My4xMDY=',48,47,'1','2019-04-15 18:00:32',NULL,'1'),(60,'S',48,25,NULL,'2019-04-15 18:01:25','MTgxLjE5OC4xMC4xNjY=',24,49,'1','2019-04-15 18:01:25',NULL,'1'),(61,'S',40,50,NULL,'2019-04-15 18:05:19','MTg2LjY4LjE0My4xMDY=',81,46,'1','2019-04-15 18:05:19',NULL,'1'),(62,'S',47,19,NULL,'2019-04-15 18:05:57','MTgxLjE5OC4xMC4xNjQ=',2,56,'1','2019-04-15 18:05:57',NULL,'1'),(63,'S',1,44,NULL,'2019-04-15 18:07:08','MTg2LjY4LjE0My4xMDY=',30,54,'1','2019-04-15 18:07:08',NULL,'1'),(64,'E',26,65,'2019-04-15 20:28:29',NULL,'MTg2LjY4LjE0My4xMDY=',67,NULL,'1','2019-04-15 20:28:29',NULL,'1'),(65,'S',26,65,NULL,'2019-04-15 20:30:01','MTg2LjY4LjE0My4xMDY=',67,64,'1','2019-04-15 20:30:01',NULL,'1'),(66,'E',19,100,'2019-04-15 23:08:52',NULL,'MTg2LjUuNzYuMTM5',60,NULL,'1','2019-04-15 23:08:52',NULL,'1'),(67,'E',44,123,'2019-04-15 23:11:52',NULL,'MTg2LjY4LjE0My4xMDY=',85,NULL,'1','2019-04-15 23:11:52',NULL,'1'),(68,'E',30,144,'2019-04-15 23:15:02',NULL,'MTg2LjY4LjE0My4xMDY=',71,NULL,'1','2019-04-15 23:15:02',NULL,'1'),(69,'E',5,160,'2019-04-15 23:17:23',NULL,'MTg2LjY4LjE0My4xMDY=',51,NULL,'1','2019-04-15 23:17:23',NULL,'1'),(70,'E',52,157,'2019-04-15 23:20:30',NULL,'MTg2LjY4LjE0My4xMDY=',34,NULL,'1','2019-04-15 23:20:30',NULL,'1'),(71,'E',26,86,'2019-04-15 23:24:07',NULL,'MTg2LjUuNzYuMTM5',67,NULL,'1','2019-04-15 23:24:07',NULL,'1'),(72,'E',34,138,'2019-04-16 01:05:33',NULL,'MTg2LjY4LjE0My4xMDY=',75,NULL,'1','2019-04-16 01:05:33',NULL,'1'),(73,'E',23,94,'2019-04-16 01:08:10',NULL,'MTg2LjY4LjE0My4xMDY=',64,NULL,'1','2019-04-16 01:08:10',NULL,'1'),(74,'E',13,163,'2019-04-16 01:19:41',NULL,'MTgxLjE5OC4xMC4xNjc=',54,NULL,'1','2019-04-16 01:19:41',NULL,'1'),(75,'S',26,86,NULL,'2019-04-16 01:20:04','MTg2LjUuNzYuMTM5',67,71,'1','2019-04-16 01:20:04',NULL,'1'),(76,'S',30,144,NULL,'2019-04-16 01:20:38','MTgxLjE5OC4xMC4xNjc=',71,68,'1','2019-04-16 01:20:38',NULL,'1'),(77,'S',52,157,NULL,'2019-04-16 01:26:33','MTg2LjY4LjE0My4xMDY=',34,70,'1','2019-04-16 01:26:33',NULL,'1'),(78,'E',2,126,'2019-04-16 01:33:42',NULL,'MTg2LjUuNzYuMTM5',53,NULL,'1','2019-04-16 01:33:42',NULL,'1'),(79,'E',37,129,'2019-04-16 01:34:30',NULL,'MTgxLjE5OC4xMC4xNjc=',78,NULL,'1','2019-04-16 01:34:30',NULL,'1'),(80,'S',44,123,NULL,'2019-04-16 01:36:18','MTg2LjY4LjE0My4xMDY=',85,67,'1','2019-04-16 01:36:18',NULL,'1'),(81,'S',34,138,NULL,'2019-04-16 03:20:05','MTg2LjY4LjE0My4xMDY=',75,72,'1','2019-04-16 03:20:05',NULL,'1'),(82,'S',2,126,NULL,'2019-04-16 03:20:09','MTg2LjUuNzYuMTM5',53,78,'1','2019-04-16 03:20:09',NULL,'1'),(83,'S',13,163,NULL,'2019-04-16 03:22:43','MTgxLjE5OC4xMC4xNjc=',54,74,'1','2019-04-16 03:22:43',NULL,'1'),(84,'E',39,39,'2019-04-16 13:54:08',NULL,'MTkwLjExMS44Mi4yNDA=',80,NULL,'1','2019-04-16 13:54:08',NULL,'1'),(85,'E',41,69,'2019-04-16 13:55:54',NULL,'MTg2LjY4LjE0My4xMDY=',82,NULL,'1','2019-04-16 13:55:54',NULL,'1'),(86,'E',30,54,'2019-04-16 13:58:24',NULL,'MTg2LjY4LjE0My4xMDY=',71,NULL,'1','2019-04-16 13:58:24',NULL,'1'),(87,'E',7,61,'2019-04-16 13:59:15',NULL,'MTg2LjY4LjE0My4xMDY=',50,NULL,'1','2019-04-16 13:59:15',NULL,'1'),(88,'E',6,36,'2019-04-16 14:03:20',NULL,'MTg2LjY4LjE0My4xMDY=',3,NULL,'1','2019-04-16 14:03:20',NULL,'1'),(89,'E',40,51,'2019-04-16 15:31:42',NULL,'MTg2LjY4LjE0My4xMDY=',81,NULL,'1','2019-04-16 15:31:42',NULL,'1'),(90,'E',1,45,'2019-04-16 15:51:44',NULL,'MTkwLjIxNi4xMDguMjY=',30,NULL,'1','2019-04-16 15:51:44',NULL,'1'),(91,'E',3,48,'2019-04-16 15:54:27',NULL,'MTg2LjY4LjE0My4xMDY=',48,NULL,'1','2019-04-16 15:54:27',NULL,'1'),(92,'E',48,26,'2019-04-16 15:57:44',NULL,'MTgxLjE5OC4xMC4xNjY=',24,NULL,'1','2019-04-16 15:57:44',NULL,'1'),(93,'E',47,20,'2019-04-16 16:00:00',NULL,'MTg2LjY4LjE0My4xMDY=',2,NULL,'1','2019-04-16 16:00:00',NULL,'1'),(94,'S',7,61,NULL,'2019-04-16 16:00:08','MTg2LjY4LjE0My4xMDY=',50,87,'1','2019-04-16 16:00:08',NULL,'1'),(95,'S',30,54,NULL,'2019-04-16 16:00:27','MTg2LjUuNzYuMTM5',71,86,'1','2019-04-16 16:00:27',NULL,'1'),(96,'S',39,39,NULL,'2019-04-16 16:01:07','MTg2LjUuNzYuMTM5',80,84,'1','2019-04-16 16:01:07',NULL,'1'),(97,'S',41,69,NULL,'2019-04-16 16:02:04','MTg2LjUuNzYuMTM5',82,85,'1','2019-04-16 16:02:04',NULL,'1'),(98,'S',6,36,NULL,'2019-04-16 16:05:40','MTg2LjUuNzYuMTM5',3,88,'1','2019-04-16 16:05:40',NULL,'1'),(99,'E',22,58,'2019-04-16 16:07:11',NULL,'MTg2LjUuNzYuMTM5',63,NULL,'1','2019-04-16 16:07:11',NULL,'1'),(100,'S',48,26,NULL,'2019-04-16 18:00:45','MTgxLjE5OC4xMC4xNjY=',24,92,'1','2019-04-16 18:00:45',NULL,'1'),(101,'S',22,58,NULL,'2019-04-16 18:01:30','MTg2LjUuNzYuMTM5',63,99,'1','2019-04-16 18:01:30',NULL,'1'),(102,'S',3,48,NULL,'2019-04-16 18:05:53','MTg2LjY4LjE0My4xMDY=',48,91,'1','2019-04-16 18:05:53',NULL,'1'),(103,'S',40,51,NULL,'2019-04-16 18:11:10','MTg2LjY4LjE0My4xMDY=',81,89,'1','2019-04-16 18:11:10',NULL,'1'),(104,'S',1,45,NULL,'2019-04-16 18:16:29','MTg2LjY4LjE0My4xMDY=',30,90,'1','2019-04-16 18:16:29',NULL,'1'),(105,'E',26,66,'2019-04-16 18:31:48',NULL,'MTg2LjUuNzYuMTM5',67,NULL,'1','2019-04-16 18:31:48',NULL,'1'),(106,'E',14,63,'2019-04-16 18:40:55',NULL,'MTg2LjUuNzYuMTM5',55,NULL,'1','2019-04-16 18:40:55',NULL,'1'),(107,'S',47,20,NULL,'2019-04-16 18:29:45','MTg2LjY4LjE0My4xMDY=',2,93,'1','2019-04-16 18:29:45',NULL,'1'),(108,'S',26,66,NULL,'2019-04-16 20:30:07','MTg2LjUuNzYuMTM5',67,105,'1','2019-04-16 20:30:07',NULL,'1'),(109,'S',14,63,NULL,'2019-04-16 21:30:35','MTgxLjE5OC4xMC4xNjU=',55,106,'1','2019-04-16 21:30:35',NULL,'1'),(110,'E',44,124,'2019-04-16 22:57:08',NULL,'MTg2LjY4LjE0My4xMDY=',85,NULL,'1','2019-04-16 22:57:08',NULL,'1'),(111,'E',29,84,'2019-04-16 22:58:46',NULL,'MTg2LjY4LjE0My4xMDY=',70,NULL,'1','2019-04-16 22:58:46',NULL,'1'),(112,'E',5,161,'2019-04-16 23:02:57',NULL,'MTg2LjY4LjE0My4xMDY=',51,NULL,'1','2019-04-16 23:02:57',NULL,'1'),(113,'E',19,101,'2019-04-16 23:10:20',NULL,'MTg2LjUuNzYuMTM5',60,NULL,'1','2019-04-16 23:10:20',NULL,'1'),(114,'E',30,145,'2019-04-16 23:11:20',NULL,'MTg2LjY4LjE0My4xMDY=',71,NULL,'1','2019-04-16 23:11:20',NULL,'1'),(115,'E',26,87,'2019-04-16 23:17:34',NULL,'MTg2LjUuNzYuMTM5',67,NULL,'1','2019-04-16 23:17:34',NULL,'1'),(116,'E',52,158,'2019-04-16 23:40:07',NULL,'MTg2LjY4LjE0My4xMDY=',34,NULL,'1','2019-04-16 23:40:07',NULL,'1'),(117,'E',23,95,'2019-04-17 01:03:46',NULL,'MTg2LjY4LjE0My4xMDY=',64,NULL,'1','2019-04-17 01:03:46',NULL,'1'),(118,'S',29,84,NULL,'2019-04-17 01:13:36','MTg2LjY4LjE0My4xMDY=',70,111,'1','2019-04-17 01:13:36',NULL,'1'),(119,'E',13,164,'2019-04-17 01:17:41',NULL,'MTgxLjE5OC4xMC4xNzQ=',54,NULL,'1','2019-04-17 01:17:41',NULL,'1'),(120,'S',30,145,NULL,'2019-04-17 01:20:04','MTgxLjE5OC4xMC4xNzA=',71,114,'1','2019-04-17 01:20:04',NULL,'1'),(121,'E',2,127,'2019-04-17 01:20:05',NULL,'MTg2LjUuNzYuMTM5',53,NULL,'1','2019-04-17 01:20:05',NULL,'1'),(122,'S',26,87,NULL,'2019-04-17 01:20:16','MTg2LjUuNzYuMTM5',67,115,'1','2019-04-17 01:20:16',NULL,'1'),(123,'S',5,161,NULL,'2019-04-17 01:20:45','MTg2LjY4LjE0My4xMDY=',51,112,'1','2019-04-17 01:20:45',NULL,'1'),(124,'S',52,158,NULL,'2019-04-17 01:21:40','MTg2LjY4LjE0My4xMDY=',34,116,'1','2019-04-17 01:21:40',NULL,'1'),(125,'S',44,124,NULL,'2019-04-17 01:23:04','MTg2LjY4LjE0My4xMDY=',85,110,'1','2019-04-17 01:23:04',NULL,'1'),(126,'E',37,130,'2019-04-17 01:24:03',NULL,'MTgxLjE5OC4xMC4xNzA=',78,NULL,'1','2019-04-17 01:24:03',NULL,'1'),(127,'E',18,167,'2019-04-17 01:27:57',NULL,'MTg2LjUuNzYuMTM5',59,NULL,'1','2019-04-17 01:27:57',NULL,'1'),(128,'S',2,127,NULL,'2019-04-17 03:12:18','MTg2LjY4LjE0My4xMDY=',53,121,'1','2019-04-17 03:12:18',NULL,'1'),(129,'S',18,167,NULL,'2019-04-17 03:12:49','MTg2LjUuNzYuMTM5',59,127,'1','2019-04-17 03:12:49',NULL,'1'),(130,'S',13,164,NULL,'2019-04-17 03:18:05','MTgxLjE5OC4xMC4xNzQ=',54,119,'1','2019-04-17 03:18:05',NULL,'1'),(131,'E',38,28,'2019-04-17 14:19:43',NULL,'MTg2LjUuNzYuMTM5',79,NULL,'1','2019-04-17 14:19:43',NULL,'1'),(132,'S',38,28,NULL,'2019-04-17 17:00:30','MTg2LjUuNzYuMTM5',79,131,'1','2019-04-17 17:00:30',NULL,'1'),(133,'E',51,116,'2019-04-17 23:16:29',NULL,'MTg2LjY4LjE0My4xMDY=',28,NULL,'1','2019-04-17 23:16:29',NULL,'1'),(134,'E',6,155,'2019-04-17 23:21:57',NULL,'MTg2LjY4LjE0My4xMDY=',3,NULL,'1','2019-04-17 23:21:57',NULL,'1'),(135,'E',20,78,'2019-04-17 23:22:31',NULL,'MTkwLjYzLjE1MC4xNTk=',61,NULL,'1','2019-04-17 23:22:31',NULL,'1'),(136,'E',42,71,'2019-04-17 23:24:53',NULL,'MTgxLjE5OC4xMC4xNzA=',83,NULL,'1','2019-04-17 23:24:53',NULL,'1'),(137,'E',35,171,'2019-04-17 23:27:43',NULL,'MTg2LjY4LjE0My4xMDY=',76,NULL,'1','2019-04-17 23:27:43',NULL,'1'),(138,'S',35,171,NULL,'2019-04-18 02:20:48','MTg2LjY4LjE0My4xMDY=',76,137,'1','2019-04-18 02:20:48',NULL,'1'),(139,'S',51,116,NULL,'2019-04-18 02:22:19','MTg2LjY4LjE0My4xMDY=',28,133,'1','2019-04-18 02:22:19',NULL,'1'),(140,'S',6,155,NULL,'2019-04-18 02:24:37','MTg2LjUuNzYuMTM5',3,134,'1','2019-04-18 02:24:37',NULL,'1'),(141,'S',42,71,NULL,'2019-04-18 02:26:26','MTg2LjY4LjE0My4xMDY=',83,136,'1','2019-04-18 02:26:26',NULL,'1'),(142,'S',20,78,NULL,'2019-04-18 02:32:27','MTkwLjYzLjExNy4xOTc=',61,135,'1','2019-04-18 02:32:27',NULL,'1'),(143,'E',39,40,'2019-04-18 13:53:29',NULL,'MTkwLjYzLjExOS4xMTk=',80,NULL,'1','2019-04-18 13:53:29',NULL,'1'),(144,'E',41,70,'2019-04-18 13:53:39',NULL,'MTg2LjY4LjE0My4xMDY=',82,NULL,'1','2019-04-18 13:53:39',NULL,'1'),(145,'E',30,55,'2019-04-18 13:54:24',NULL,'MTg2LjY4LjE0My4xMDY=',71,NULL,'1','2019-04-18 13:54:24',NULL,'1'),(146,'E',7,62,'2019-04-18 13:54:30',NULL,'MTg2LjY4LjE0My4xMDY=',50,NULL,'1','2019-04-18 13:54:30',NULL,'1'),(147,'E',6,37,'2019-04-18 14:00:13',NULL,'MTgxLjE5OC4xMC4xNjU=',3,NULL,'1','2019-04-18 14:00:13',NULL,'1'),(148,'E',40,52,'2019-04-18 15:34:45',NULL,'MTg2LjY4LjE0My4xMDY=',81,NULL,'1','2019-04-18 15:34:45',NULL,'1'),(149,'E',47,21,'2019-04-18 15:58:54',NULL,'MTg2LjY4LjE0My4xMDY=',2,NULL,'1','2019-04-18 15:58:54',NULL,'1'),(150,'S',6,37,NULL,'2019-04-18 15:59:43','MTgxLjE5OC4xMC4xNjU=',3,147,'1','2019-04-18 15:59:43',NULL,'1'),(151,'S',39,40,NULL,'2019-04-18 16:00:05','MTkwLjYzLjExNi4xNTQ=',80,143,'1','2019-04-18 16:00:05',NULL,'1'),(152,'S',30,55,NULL,'2019-04-18 16:00:06','MTg2LjY4LjE0My4xMDY=',71,145,'1','2019-04-18 16:00:06',NULL,'1'),(153,'E',3,49,'2019-04-18 16:00:23',NULL,'MTg2LjY4LjE0My4xMDY=',48,NULL,'1','2019-04-18 16:00:23',NULL,'1'),(154,'S',41,70,NULL,'2019-04-18 16:02:30','MTg2LjY4LjE0My4xMDY=',82,144,'1','2019-04-18 16:02:30',NULL,'1'),(155,'E',22,59,'2019-04-18 16:04:11',NULL,'MTg2LjUuNzYuMTM5',63,NULL,'1','2019-04-18 16:04:11',NULL,'1'),(156,'S',7,62,NULL,'2019-04-18 16:04:46','MTg2LjY4LjE0My4xMDY=',50,146,'1','2019-04-18 16:04:46',NULL,'1'),(157,'E',1,46,'2019-04-18 16:04:53',NULL,'MTg2LjY4LjE0My4xMDY=',30,NULL,'1','2019-04-18 16:04:53',NULL,'1'),(158,'E',48,27,'2019-04-18 17:54:35',NULL,'MTgxLjE5OC4xMC4xNjU=',24,NULL,'1','2019-04-18 17:54:35',NULL,'1'),(159,'S',48,27,NULL,'2019-04-18 17:54:40','MTgxLjE5OC4xMC4xNjU=',24,158,'1','2019-04-18 17:54:40',NULL,'1'),(160,'S',22,59,NULL,'2019-04-18 18:01:03','MTg2LjUuNzYuMTM5',63,155,'1','2019-04-18 18:01:03',NULL,'1'),(161,'S',1,46,NULL,'2019-04-18 18:03:27','MTg2LjY4LjE0My4xMDY=',30,157,'1','2019-04-18 18:03:27',NULL,'1'),(162,'S',40,52,NULL,'2019-04-18 18:06:05','MTg2LjY4LjE0My4xMDY=',81,148,'1','2019-04-18 18:06:05',NULL,'1'),(163,'E',26,67,'2019-04-18 18:17:19',NULL,'MTg2LjUuNzYuMTM5',67,NULL,'1','2019-04-18 18:17:19',NULL,'1'),(164,'E',51,34,'2019-04-18 18:26:50',NULL,'MTg2LjY4LjE0My4xMDY=',28,NULL,'1','2019-04-18 18:26:50',NULL,'1'),(165,'S',47,21,NULL,'2019-04-18 18:28:31','MTg2LjY4LjE0My4xMDY=',2,149,'1','2019-04-18 18:28:31',NULL,'1'),(166,'S',26,67,NULL,'2019-04-18 20:31:19','MTg2LjUuNzYuMTM5',0,163,'1','2019-04-18 20:31:19',NULL,'1'),(167,'S',51,34,NULL,'2019-04-18 20:34:12','MTg2LjY4LjE0My4xMDY=',28,164,'1','2019-04-18 20:34:12',NULL,'1'),(168,'E',65,283,'2019-04-18 23:02:01',NULL,'MTg2LjY4LjE0My4xMDY=',101,NULL,'1','2019-04-18 23:02:01',NULL,'1'),(169,'E',44,125,'2019-04-18 23:15:12',NULL,'MTg2LjY4LjE0My4xMDY=',85,NULL,'1','2019-04-18 23:15:12',NULL,'1'),(170,'E',29,85,'2019-04-18 23:17:13',NULL,'MTg2LjY4LjE0My4xMDY=',70,NULL,'1','2019-04-18 23:17:13',NULL,'1'),(171,'E',30,146,'2019-04-18 23:17:49',NULL,'MTg2LjY4LjE0My4xMDY=',71,NULL,'1','2019-04-18 23:17:49',NULL,'1'),(172,'E',5,162,'2019-04-18 23:18:52',NULL,'MTgxLjM5Ljk5LjE5OA==',51,NULL,'1','2019-04-18 23:18:52',NULL,'1'),(173,'E',25,177,'2019-04-18 23:22:10',NULL,'MTg2LjY4LjE0My4xMDY=',66,NULL,'1','2019-04-18 23:22:10',NULL,'1'),(174,'E',52,159,'2019-04-18 23:30:43',NULL,'MTg2LjY4LjE0My4xMDY=',34,NULL,'1','2019-04-18 23:30:43',NULL,'1'),(175,'E',19,102,'2019-04-18 23:40:02',NULL,'MTg2LjUuNzYuMTM5',60,NULL,'1','2019-04-18 23:40:02',NULL,'1'),(176,'S',29,85,NULL,'2019-04-19 01:12:57','MTg2LjY4LjE0My4xMDY=',70,170,'1','2019-04-19 01:12:57',NULL,'1'),(177,'S',30,146,NULL,'2019-04-19 01:20:06','MTg2LjY4LjE0My4xMDY=',71,171,'1','2019-04-19 01:20:06',NULL,'1'),(178,'S',5,162,NULL,'2019-04-19 01:20:46','MTg2LjY4LjE0My4xMDY=',51,172,'1','2019-04-19 01:20:46',NULL,'1'),(179,'S',65,283,NULL,'2019-04-19 01:21:22','MTg2LjY4LjE0My4xMDY=',101,168,'1','2019-04-19 01:21:22',NULL,'1'),(180,'E',2,128,'2019-04-19 01:21:25',NULL,'MTg2LjUuNzYuMTM5',53,NULL,'1','2019-04-19 01:21:25',NULL,'1'),(181,'S',52,159,NULL,'2019-04-19 01:21:49','MTg2LjY4LjE0My4xMDY=',34,174,'1','2019-04-19 01:21:49',NULL,'1'),(182,'E',12,77,'2019-04-19 01:23:02',NULL,'MTg2LjY4LjE0My4xMDY=',37,NULL,'1','2019-04-19 01:23:02',NULL,'1'),(183,'S',25,177,NULL,'2019-04-19 01:24:12','MTgxLjE5OC4xMC4xNjE=',66,173,'1','2019-04-19 01:24:12',NULL,'1'),(184,'E',23,96,'2019-04-19 01:25:21',NULL,'MTgxLjE5OC4xMC4xNjE=',64,NULL,'1','2019-04-19 01:25:21',NULL,'1'),(185,'E',18,168,'2019-04-19 01:26:15',NULL,'MTgxLjE5OC4xMC4xNjU=',59,NULL,'1','2019-04-19 01:26:15',NULL,'1'),(186,'S',44,125,NULL,'2019-04-19 01:31:04','MTg2LjY4LjE0My4xMDY=',85,169,'1','2019-04-19 01:31:04',NULL,'1'),(187,'S',2,128,NULL,'2019-04-19 03:10:03','MTg2LjY4LjE0My4xMDY=',53,180,'1','2019-04-19 03:10:03',NULL,'1'),(188,'S',18,168,NULL,'2019-04-19 03:16:09','MTg2LjUuNzYuMTM5',59,185,'1','2019-04-19 03:16:09',NULL,'1'),(189,'E',30,53,'2019-04-22 13:52:42',NULL,'MTg2LjUuNzYuMTM5',71,NULL,'1','2019-04-22 13:52:42',NULL,'1'),(190,'E',7,60,'2019-04-22 13:53:18',NULL,'MTg2LjUuNzYuMTM5',50,NULL,'1','2019-04-22 13:53:18',NULL,'1'),(191,'E',39,38,'2019-04-22 14:01:38',NULL,'MTkwLjYzLjExNS41NA==',80,NULL,'1','2019-04-22 14:01:38',NULL,'1'),(192,'E',6,35,'2019-04-22 14:02:58',NULL,'MTgxLjE5OC4xMC4xNjU=',3,NULL,'1','2019-04-22 14:02:58',NULL,'1'),(193,'E',41,68,'2019-04-22 14:06:46',NULL,'MTg2LjY4LjE0My4xMDY=',82,NULL,'1','2019-04-22 14:06:46',NULL,'1'),(194,'E',40,50,'2019-04-22 15:30:20',NULL,'MTg2LjY4LjE0My4xMDY=',81,NULL,'1','2019-04-22 15:30:20',NULL,'1'),(195,'E',3,47,'2019-04-22 15:56:06',NULL,'MTg2LjY4LjE0My4xMDY=',48,NULL,'1','2019-04-22 15:56:06',NULL,'1'),(196,'S',30,53,NULL,'2019-04-22 16:00:07','MTg2LjY4LjE0My4xMDY=',71,189,'1','2019-04-22 16:00:07',NULL,'1'),(197,'S',39,38,NULL,'2019-04-22 16:00:44','MTkwLjYzLjExNS41NA==',80,191,'1','2019-04-22 16:00:44',NULL,'1'),(198,'E',47,19,'2019-04-22 16:01:07',NULL,'MTg2LjY4LjE0My4xMDY=',2,NULL,'1','2019-04-22 16:01:07',NULL,'1'),(199,'S',41,68,NULL,'2019-04-22 16:03:01','MTg2LjY4LjE0My4xMDY=',82,193,'1','2019-04-22 16:03:01',NULL,'1'),(200,'E',1,44,'2019-04-22 16:03:04',NULL,'MTkwLjIxNi4xMDguMjY=',30,NULL,'1','2019-04-22 16:03:04',NULL,'1'),(201,'E',48,25,'2019-04-22 16:05:09',NULL,'MTgxLjE4OC4yMDAuMTk1',24,NULL,'1','2019-04-22 16:05:09',NULL,'1'),(202,'S',7,60,NULL,'2019-04-22 16:06:40','MTg2LjY4LjE0My4xMDY=',50,190,'1','2019-04-22 16:06:40',NULL,'1'),(203,'E',22,56,'2019-04-22 16:06:58',NULL,'MTg2LjUuNzYuMTM5',63,NULL,'1','2019-04-22 16:06:58',NULL,'1'),(204,'S',6,35,NULL,'2019-04-22 16:07:02','MTgxLjE5OC4xMC4xNjU=',3,192,'1','2019-04-22 16:07:02',NULL,'1'),(205,'S',40,50,NULL,'2019-04-22 18:02:01','MTg2LjY4LjE0My4xMDY=',81,194,'1','2019-04-22 18:02:01',NULL,'1'),(206,'S',22,56,NULL,'2019-04-22 18:02:13','MTg2LjUuNzYuMTM5',63,203,'1','2019-04-22 18:02:13',NULL,'1'),(207,'S',3,47,NULL,'2019-04-22 18:05:43','MTg2LjY4LjE0My4xMDY=',48,195,'1','2019-04-22 18:05:43',NULL,'1'),(208,'S',48,25,NULL,'2019-04-22 18:06:29','MTgxLjE5OC4xMC4xNjQ=',0,201,'1','2019-04-22 18:06:29',NULL,'1'),(209,'S',1,44,NULL,'2019-04-22 18:12:37','MTg2LjY4LjE0My4xMDY=',30,200,'1','2019-04-22 18:12:37',NULL,'1'),(210,'E',26,65,'2019-04-22 18:25:29',NULL,'MTg2LjUuNzYuMTM5',67,NULL,'1','2019-04-22 18:25:29',NULL,'1'),(211,'E',51,32,'2019-04-22 18:27:42',NULL,'MTg2LjY4LjE0My4xMDY=',28,NULL,'1','2019-04-22 18:27:42',NULL,'1'),(212,'S',26,65,NULL,'2019-04-22 20:30:54','MTg2LjUuNzYuMTM5',0,210,'1','2019-04-22 20:30:54',NULL,'1'),(213,'S',51,32,NULL,'2019-04-22 20:31:15','MTg2LjY4LjE0My4xMDY=',28,211,'1','2019-04-22 20:31:15',NULL,'1'),(214,'S',47,19,NULL,'2019-04-22 18:28:45','MTg2LjY4LjE0My4xMDY=',2,198,'1','2019-04-22 18:28:45','0000-00-00 00:00:00','1'),(215,'E',5,160,'2019-04-22 22:52:21',NULL,'MTgxLjM5Ljk5LjE5OA==',51,NULL,'1','2019-04-22 22:52:21',NULL,'1'),(216,'E',65,281,'2019-04-22 23:00:23',NULL,'MTg2LjY4LjE0My4xMDY=',101,NULL,'1','2019-04-22 23:00:23',NULL,'1'),(217,'E',29,83,'2019-04-22 23:05:23',NULL,'MTg2LjY4LjE0My4xMDY=',70,NULL,'1','2019-04-22 23:05:23',NULL,'1'),(218,'E',44,123,'2019-04-22 23:06:28',NULL,'MTg2LjY4LjE0My4xMDY=',85,NULL,'1','2019-04-22 23:06:28',NULL,'1'),(219,'E',26,86,'2019-04-22 23:14:30',NULL,'MTg2LjY4LjE0My4xMDY=',67,NULL,'1','2019-04-22 23:14:30',NULL,'1'),(220,'E',30,144,'2019-04-22 23:15:03',NULL,'MTg2LjY4LjE0My4xMDY=',71,NULL,'1','2019-04-22 23:15:03',NULL,'1'),(221,'E',25,175,'2019-04-22 23:21:05',NULL,'MTg2LjY4LjE0My4xMDY=',66,NULL,'1','2019-04-22 23:21:05',NULL,'1'),(222,'E',52,157,'2019-04-22 23:22:15',NULL,'MTg2LjY4LjE0My4xMDY=',34,NULL,'1','2019-04-22 23:22:15',NULL,'1'),(223,'E',23,94,'2019-04-23 01:13:00',NULL,'MTgxLjE5OC4xMC4xNjE=',64,NULL,'1','2019-04-23 01:13:00',NULL,'1'),(224,'S',5,160,NULL,'2019-04-23 01:16:57','MTg2LjY4LjE0My4xMDY=',51,215,'1','2019-04-23 01:16:57',NULL,'1'),(225,'S',25,175,NULL,'2019-04-23 01:18:21','MTg2LjY4LjE0My4xMDY=',66,221,'1','2019-04-23 01:18:21',NULL,'1'),(226,'S',30,144,NULL,'2019-04-23 01:20:06','MTg2LjY4LjE0My4xMDY=',71,220,'1','2019-04-23 01:20:06',NULL,'1'),(227,'E',18,166,'2019-04-23 01:20:10',NULL,'MTgxLjE4OC4yMDAuMjY=',59,NULL,'1','2019-04-23 01:20:10',NULL,'1'),(228,'E',37,129,'2019-04-23 01:20:59',NULL,'MTgxLjE5OC4xMC4xNzA=',78,NULL,'1','2019-04-23 01:20:59',NULL,'1'),(229,'S',52,157,NULL,'2019-04-23 01:21:17','MTg2LjY4LjE0My4xMDY=',34,222,'1','2019-04-23 01:21:17',NULL,'1'),(230,'S',44,123,NULL,'2019-04-23 01:22:03','MTg2LjY4LjE0My4xMDY=',85,218,'1','2019-04-23 01:22:03',NULL,'1'),(231,'S',26,86,NULL,'2019-04-23 01:22:43','MTg2LjY4LjE0My4xMDY=',67,219,'1','2019-04-23 01:22:43',NULL,'1'),(232,'S',65,281,NULL,'2019-04-23 01:23:10','MTg2LjY4LjE0My4xMDY=',101,216,'1','2019-04-23 01:23:10',NULL,'1'),(233,'E',2,126,'2019-04-23 01:28:20',NULL,'MTg2LjY4LjE0My4xMDY=',53,NULL,'1','2019-04-23 01:28:20',NULL,'1'),(234,'S',2,126,NULL,'2019-04-23 03:15:53','MTg2LjUuNzYuMTM5',53,233,'1','2019-04-23 03:15:53',NULL,'1'),(235,'S',18,166,NULL,'2019-04-23 03:18:39','MTg2LjUuNzYuMTM5',59,227,'1','2019-04-23 03:18:39',NULL,'1'),(236,'E',7,61,'2019-04-23 13:54:02',NULL,'MTkwLjExMS44Mi4yMjU=',50,NULL,'1','2019-04-23 13:54:02',NULL,'1'),(237,'E',41,69,'2019-04-23 13:55:13',NULL,'MTg2LjY4LjE0My4xMDY=',82,NULL,'1','2019-04-23 13:55:13',NULL,'1'),(238,'E',30,54,'2019-04-23 13:57:09',NULL,'MTg2LjY4LjE0My4xMDY=',71,NULL,'1','2019-04-23 13:57:09',NULL,'1'),(239,'E',39,39,'2019-04-23 14:01:01',NULL,'MTg2LjUuNzYuMTM5',80,NULL,'1','2019-04-23 14:01:01',NULL,'1'),(240,'E',6,36,'2019-04-23 14:10:11',NULL,'MTg2LjY4LjE0My4xMDY=',3,NULL,'1','2019-04-23 14:10:11',NULL,'1'),(241,'E',3,48,'2019-04-23 15:51:43',NULL,'MTg2LjY4LjE0My4xMDY=',48,NULL,'1','2019-04-23 15:51:43',NULL,'1'),(242,'E',22,58,'2019-04-23 15:59:45',NULL,'MTg2LjUuNzYuMTM5',63,NULL,'1','2019-04-23 15:59:45',NULL,'1'),(243,'S',39,39,NULL,'2019-04-23 16:00:06','MTg2LjUuNzYuMTM5',80,239,'1','2019-04-23 16:00:06',NULL,'1'),(244,'S',7,61,NULL,'2019-04-23 16:02:08','MTg2LjUuNzYuMTM5',50,236,'1','2019-04-23 16:02:08',NULL,'1'),(245,'E',47,20,'2019-04-23 16:02:28',NULL,'MTg2LjY4LjE0My4xMDY=',2,NULL,'1','2019-04-23 16:02:28',NULL,'1'),(246,'S',6,36,NULL,'2019-04-23 16:03:51','MTgxLjE5OC4xMC4xNjU=',3,240,'1','2019-04-23 16:03:51',NULL,'1'),(247,'S',41,69,NULL,'2019-04-23 16:04:07','MTg2LjY4LjE0My4xMDY=',82,237,'1','2019-04-23 16:04:07',NULL,'1'),(248,'S',30,54,NULL,'2019-04-23 16:07:48','MTg2LjY4LjE0My4xMDY=',71,238,'1','2019-04-23 16:07:48',NULL,'1'),(249,'E',40,51,'2019-04-23 16:08:15',NULL,'MTg2LjY4LjE0My4xMDY=',81,NULL,'1','2019-04-23 16:08:15',NULL,'1'),(250,'S',3,48,NULL,'2019-04-23 18:01:26','MTg2LjY4LjE0My4xMDY=',48,241,'1','2019-04-23 18:01:26',NULL,'1'),(251,'S',22,58,NULL,'2019-04-23 18:02:19','MTg2LjUuNzYuMTM5',63,242,'1','2019-04-23 18:02:19',NULL,'1'),(252,'E',26,66,'2019-04-23 18:14:24',NULL,'MTg2LjUuNzYuMTM5',67,NULL,'1','2019-04-23 18:14:24',NULL,'1'),(253,'S',40,51,NULL,'2019-04-23 18:20:15','MTg2LjY4LjE0My4xMDY=',81,249,'1','2019-04-23 18:20:15',NULL,'1'),(254,'E',51,33,'2019-04-23 18:21:42',NULL,'MTg2LjY4LjE0My4xMDY=',28,NULL,'1','2019-04-23 18:21:42',NULL,'1'),(255,'S',47,20,NULL,'2019-04-23 18:22:40','MTgxLjE5OC4xMC4xNjI=',2,245,'1','2019-04-23 18:22:40',NULL,'1'),(256,'S',26,66,NULL,'2019-04-23 20:30:26','MTg2LjUuNzYuMTM5',67,252,'1','2019-04-23 20:30:26',NULL,'1'),(257,'S',51,33,NULL,'2019-04-23 20:32:13','MTg2LjY4LjE0My4xMDY=',28,254,'1','2019-04-23 20:32:13',NULL,'1'),(258,'E',51,116,'2019-04-24 23:14:54',NULL,'MTg2LjY4LjE0My4xMDY=',28,NULL,'1','2019-04-24 23:14:54',NULL,'1'),(259,'E',42,71,'2019-04-24 23:15:28',NULL,'MTg2LjY4LjE0My4xMDY=',83,NULL,'1','2019-04-24 23:15:28',NULL,'1'),(260,'E',35,171,'2019-04-24 23:18:49',NULL,'MTg2LjY4LjE0My4xMDY=',76,NULL,'1','2019-04-24 23:18:49',NULL,'1'),(261,'E',6,155,'2019-04-24 23:27:05',NULL,'MTg2LjY4LjE0My4xMDY=',3,NULL,'1','2019-04-24 23:27:05',NULL,'1'),(262,'E',20,78,'2019-04-25 00:11:41',NULL,'MTg2LjUuNzYuMTM5',61,NULL,'1','2019-04-25 00:11:41',NULL,'1'),(263,'S',6,155,NULL,'2019-04-25 02:20:01','MTg2LjUuNzYuMTM5',3,261,'1','2019-04-25 02:20:01',NULL,'1'),(264,'S',35,171,NULL,'2019-04-25 02:20:11','MTgxLjE5OC4xMC4xNzA=',76,260,'1','2019-04-25 02:20:11',NULL,'1'),(265,'S',42,71,NULL,'2019-04-25 02:23:46','MTg2LjY4LjE0My4xMDY=',83,259,'1','2019-04-25 02:23:46',NULL,'1'),(266,'S',20,78,NULL,'2019-04-25 02:43:45','MTkwLjYzLjEyNy4yNQ==',61,262,'1','2019-04-25 02:43:45',NULL,'1'),(267,'E',7,62,'2019-04-25 13:45:20',NULL,'MTg2LjY4LjE0My4xMDY=',50,NULL,'1','2019-04-25 13:45:20',NULL,'1'),(268,'E',30,55,'2019-04-25 13:48:53',NULL,'MTg2LjY4LjE0My4xMDY=',71,NULL,'1','2019-04-25 13:48:53',NULL,'1'),(269,'E',41,70,'2019-04-25 14:01:57',NULL,'MTg2LjY4LjE0My4xMDY=',82,NULL,'1','2019-04-25 14:01:57',NULL,'1'),(270,'E',6,37,'2019-04-25 14:01:59',NULL,'MTgxLjE5OC4xMC4xNjU=',3,NULL,'1','2019-04-25 14:01:59',NULL,'1'),(271,'E',40,52,'2019-04-25 15:30:10',NULL,'MTg2LjY4LjE0My4xMDY=',81,NULL,'1','2019-04-25 15:30:10',NULL,'1'),(272,'S',30,55,NULL,'2019-04-25 16:00:07','MTg2LjY4LjE0My4xMDY=',71,268,'1','2019-04-25 16:00:07',NULL,'1'),(273,'E',47,21,'2019-04-25 16:01:21',NULL,'MTg2LjY4LjE0My4xMDY=',2,NULL,'1','2019-04-25 16:01:21',NULL,'1'),(274,'S',41,70,NULL,'2019-04-25 16:02:15','MTg2LjY4LjE0My4xMDY=',82,269,'1','2019-04-25 16:02:15',NULL,'1'),(275,'S',6,37,NULL,'2019-04-25 16:04:09','MTg2LjUuNzYuMTM5',3,270,'1','2019-04-25 16:04:09',NULL,'1'),(276,'E',1,46,'2019-04-25 16:04:49',NULL,'MTkwLjIxNi4xMDguMjY=',30,NULL,'1','2019-04-25 16:04:49',NULL,'1'),(277,'S',7,62,NULL,'2019-04-25 16:17:12','MTg2LjY4LjE0My4xMDY=',50,267,'1','2019-04-25 16:17:12',NULL,'1'),(278,'E',22,59,'2019-04-25 16:27:22',NULL,'MTg2LjUuNzYuMTM5',63,NULL,'1','2019-04-25 16:27:22',NULL,'1'),(279,'E',48,27,'2019-04-25 17:52:29',NULL,'MTgxLjE5OC4xMC4xNzE=',24,NULL,'1','2019-04-25 17:52:29',NULL,'1'),(280,'S',48,27,NULL,'2019-04-25 17:52:35','MTgxLjE5OC4xMC4xNzE=',24,279,'1','2019-04-25 17:52:35',NULL,'1'),(281,'S',1,46,NULL,'2019-04-25 18:09:10','MTg2LjY4LjE0My4xMDY=',30,276,'1','2019-04-25 18:09:10',NULL,'1'),(282,'S',40,52,NULL,'2019-04-25 18:10:05','MTg2LjY4LjE0My4xMDY=',81,271,'1','2019-04-25 18:10:05',NULL,'1'),(283,'E',26,67,'2019-04-25 18:25:30',NULL,'MTg2LjUuNzYuMTM5',67,NULL,'1','2019-04-25 18:25:30',NULL,'1'),(284,'E',51,34,'2019-04-25 18:26:40',NULL,'MTkwLjIxNi4xMDguMjY=',28,NULL,'1','2019-04-25 18:26:40',NULL,'1'),(285,'S',26,67,NULL,'2019-04-25 20:30:11','MTg2LjUuNzYuMTM5',67,283,'1','2019-04-25 20:30:11',NULL,'1'),(286,'S',51,34,NULL,'2019-04-25 20:30:43','MTkwLjIxNi4xMDguMjY=',28,284,'1','2019-04-25 20:30:43',NULL,'1'),(287,'E',25,177,'2019-04-25 22:57:24',NULL,'MTg2LjY4LjE0My4xMDY=',66,NULL,'1','2019-04-25 22:57:24',NULL,'1'),(288,'E',44,125,'2019-04-25 22:57:55',NULL,'MTg2LjY4LjE0My4xMDY=',85,NULL,'1','2019-04-25 22:57:55',NULL,'1'),(289,'E',30,146,'2019-04-25 23:13:12',NULL,'MTg2LjY4LjE0My4xMDY=',71,NULL,'1','2019-04-25 23:13:12',NULL,'1'),(290,'E',26,88,'2019-04-25 23:15:11',NULL,'MTg2LjUuNzYuMTM5',67,NULL,'1','2019-04-25 23:15:11',NULL,'1'),(291,'E',52,159,'2019-04-25 23:21:40',NULL,'MTg2LjY4LjE0My4xMDY=',34,NULL,'1','2019-04-25 23:21:40',NULL,'1'),(292,'E',19,102,'2019-04-25 23:31:30',NULL,'MTg2LjUuNzYuMTM5',60,NULL,'1','2019-04-25 23:31:30',NULL,'1'),(293,'E',23,96,'2019-04-26 01:14:06',NULL,'MTgxLjE5OC4xMC4xNzA=',64,NULL,'1','2019-04-26 01:14:06',NULL,'1'),(294,'S',30,146,NULL,'2019-04-26 01:17:21','MTg2LjY4LjE0My4xMDY=',71,289,'1','2019-04-26 01:17:21',NULL,'1'),(295,'E',37,131,'2019-04-26 01:19:07',NULL,'MTgxLjE5OC4xMC4xNzA=',78,NULL,'1','2019-04-26 01:19:07',NULL,'1'),(296,'E',12,77,'2019-04-26 01:19:48',NULL,'MTg2LjY4LjE0My4xMDY=',37,NULL,'1','2019-04-26 01:19:48',NULL,'1'),(297,'S',26,88,NULL,'2019-04-26 01:21:00','MTg2LjUuNzYuMTM5',67,290,'1','2019-04-26 01:21:00',NULL,'1'),(298,'S',44,125,NULL,'2019-04-26 01:21:18','MTg2LjY4LjE0My4xMDY=',85,288,'1','2019-04-26 01:21:18',NULL,'1'),(299,'S',52,159,NULL,'2019-04-26 01:22:51','MTgxLjE5OC4xMC4xNzM=',34,291,'1','2019-04-26 01:22:51',NULL,'1'),(300,'E',18,168,'2019-04-26 01:22:53',NULL,'MTg2LjUuNzYuMTM5',59,NULL,'1','2019-04-26 01:22:53',NULL,'1'),(301,'S',25,177,NULL,'2019-04-26 01:29:03','MTg2LjY4LjE0My4xMDY=',66,287,'1','2019-04-26 01:29:03',NULL,'1'),(302,'E',2,128,'2019-04-26 01:38:04',NULL,'MTg2LjY4LjE0My4xMDY=',53,NULL,'1','2019-04-26 01:38:04',NULL,'1'),(303,'S',18,168,NULL,'2019-04-26 03:10:03','MTg2LjUuNzYuMTM5',59,300,'1','2019-04-26 03:10:03',NULL,'1'),(304,'S',2,128,NULL,'2019-04-26 03:10:04','MTg2LjY4LjE0My4xMDY=',53,302,'1','2019-04-26 03:10:04',NULL,'1'),(305,'S',12,77,NULL,'2019-04-26 03:20:37','MTg2LjY4LjE0My4xMDY=',37,296,'1','2019-04-26 03:20:37',NULL,'1'),(306,'S',47,21,NULL,'2019-04-25 18:03:44','MTg2LjY4LjE0My4xMDY=',2,273,'1','2019-04-25 18:03:44',NULL,'1'),(308,'E',48,25,'2019-04-29 15:55:23',NULL,'MTg2LjUuNzYuMTM5',24,NULL,'1','2019-04-29 15:55:23',NULL,'1'),(309,'S',48,25,NULL,'2019-04-29 18:01:45','MTg2LjY4LjE0My4xMDY=',24,308,'1','2019-04-29 18:01:45',NULL,'1'),(310,'E',25,175,'2019-04-29 22:52:00',NULL,'MTg2LjY4LjE0My4xMDY=',66,NULL,'1','2019-04-29 22:52:00',NULL,'1'),(311,'E',65,281,'2019-04-29 22:56:35',NULL,'MTg2LjY4LjE0My4xMDY=',101,NULL,'1','2019-04-29 22:56:35',NULL,'1'),(312,'E',52,157,'2019-04-29 23:08:06',NULL,'MTg2LjY4LjE0My4xMDY=',34,NULL,'1','2019-04-29 23:08:06',NULL,'1'),(313,'E',69,393,'2019-04-29 23:12:37',NULL,'MTkwLjIxNi4xMDguMjY=',5,NULL,'1','2019-04-29 23:12:37',NULL,'1'),(314,'E',30,144,'2019-04-29 23:13:48',NULL,'MTg2LjY4LjE0My4xMDY=',71,NULL,'1','2019-04-29 23:13:48',NULL,'1'),(315,'E',44,123,'2019-04-29 23:14:23',NULL,'MTg2LjY4LjE0My4xMDY=',85,NULL,'1','2019-04-29 23:14:23',NULL,'1'),(316,'E',26,86,'2019-04-29 23:14:40',NULL,'MTg2LjUuNzYuMTM5',67,NULL,'1','2019-04-29 23:14:40',NULL,'1'),(317,'S',65,281,NULL,'2019-04-30 01:20:42','MTg2LjY4LjE0My4xMDY=',101,311,'1','2019-04-30 01:20:42',NULL,'1'),(318,'S',44,123,NULL,'2019-04-30 01:22:20','MTg2LjY4LjE0My4xMDY=',85,315,'1','2019-04-30 01:22:20',NULL,'1'),(319,'S',52,157,NULL,'2019-04-30 01:24:31','MTg2LjY4LjE0My4xMDY=',34,312,'1','2019-04-30 01:24:31',NULL,'1'),(320,'S',25,175,NULL,'2019-04-30 01:27:52','MTg2LjY4LjE0My4xMDY=',66,310,'1','2019-04-30 01:27:52',NULL,'1'),(321,'E',18,166,'2019-04-30 01:33:27',NULL,'MTg2LjUuNzYuMTM5',59,NULL,'1','2019-04-30 01:33:27',NULL,'1'),(322,'S',18,166,NULL,'2019-04-30 03:18:23','MTgxLjE5OC4xMC4xNjk=',59,321,'1','2019-04-30 03:18:23',NULL,'1'),(323,'E',7,61,'2019-04-30 13:43:51',NULL,'MTg2LjY4LjE0My4xMDY=',50,NULL,'1','2019-04-30 13:43:51',NULL,'1'),(324,'E',39,39,'2019-04-30 13:50:27',NULL,'MTkwLjYzLjE1MC4yNTA=',80,NULL,'1','2019-04-30 13:50:27',NULL,'1'),(325,'E',30,54,'2019-04-30 13:56:00',NULL,'MTg2LjY4LjE0My4xMDY=',71,NULL,'1','2019-04-30 13:56:00',NULL,'1'),(326,'E',41,69,'2019-04-30 13:56:35',NULL,'MTg2LjY4LjE0My4xMDY=',82,NULL,'1','2019-04-30 13:56:35',NULL,'1'),(327,'E',40,51,'2019-04-30 15:43:57',NULL,'MTg2LjY4LjE0My4xMDY=',81,NULL,'1','2019-04-30 15:43:57',NULL,'1'),(328,'S',30,54,NULL,'2019-04-30 15:54:13','MTg2LjY4LjE0My4xMDY=',71,325,'1','2019-04-30 15:54:13',NULL,'1'),(329,'S',41,69,NULL,'2019-04-30 16:04:32','MTg2LjY4LjE0My4xMDY=',82,326,'1','2019-04-30 16:04:32',NULL,'1'),(330,'S',39,39,NULL,'2019-04-30 16:08:18','MTkwLjYzLjE1MC4yNTA=',80,324,'1','2019-04-30 16:08:18',NULL,'1'),(331,'E',22,58,'2019-04-30 16:09:36',NULL,'MTg2LjUuNzYuMTM5',63,NULL,'1','2019-04-30 16:09:36',NULL,'1'),(332,'S',7,61,NULL,'2019-04-30 16:15:53','MTg2LjY4LjE0My4xMDY=',50,323,'1','2019-04-30 16:15:53',NULL,'1'),(333,'E',48,26,'2019-04-30 16:20:47',NULL,'MTgxLjE4OC4yMDEuMTYz',24,NULL,'1','2019-04-30 16:20:47',NULL,'1'),(334,'S',40,51,NULL,'2019-04-30 18:04:43','MTg2LjY4LjE0My4xMDY=',81,327,'1','2019-04-30 18:04:43',NULL,'1'),(335,'E',26,66,'2019-04-30 18:07:02',NULL,'MTg2LjUuNzYuMTM5',67,NULL,'1','2019-04-30 18:07:02',NULL,'1'),(336,'E',47,20,'2019-04-30 16:00:51',NULL,'MTg2LjY4LjE0My4xMDY=',2,NULL,'1','2019-04-30 16:00:51',NULL,'1'),(337,'S',47,20,NULL,'2019-04-30 18:20:00','MTg2LjY4LjE0My4xMDY=',2,336,'1','2019-04-30 18:20:00',NULL,'1'),(338,'E',51,33,'2019-04-30 18:26:02',NULL,'MTg2LjY4LjE0My4xMDY=',28,NULL,'1','2019-04-30 18:26:02',NULL,'1'),(339,'S',26,66,NULL,'2019-04-30 20:30:36','MTg2LjUuNzYuMTM5',67,335,'1','2019-04-30 20:30:36',NULL,'1'),(340,'E',42,72,'2019-04-26 23:18:15',NULL,'MTg2LjY4LjE0My4xMDY=',83,NULL,'1','2019-04-26 23:18:15',NULL,'1'),(341,'E',35,172,'2019-04-26 23:19:31',NULL,'MTg2LjY4LjE0My4xMDY=',76,NULL,'1','2019-04-26 23:19:31',NULL,'1'),(342,'E',51,117,'2019-04-26 23:23:00',NULL,'MTg2LjY4LjE0My4xMDY=',28,NULL,'1','2019-04-26 23:23:00',NULL,'1'),(343,'E',73,567,'2019-04-26 23:29:17',NULL,'MTg2LjUuNzYuMTM5',107,NULL,'1','2019-04-26 23:29:17',NULL,'1'),(344,'E',46,174,'2019-04-26 23:29:31',NULL,'MTg2LjY4LjE0My4xMDY=',87,NULL,'1','2019-04-26 23:29:31',NULL,'1'),(345,'E',6,156,'2019-04-26 23:30:11',NULL,'MTg2LjY4LjE0My4xMDY=',3,NULL,'1','2019-04-26 23:30:11',NULL,'1'),(346,'E',72,564,'2019-04-26 23:38:15',NULL,'MTgxLjE5OC4xMC4xNjI=',106,NULL,'1','2019-04-26 23:38:15',NULL,'1'),(347,'E',38,107,'2019-04-26 23:39:13',NULL,'MTg2LjUuNzYuMTM5',79,NULL,'1','2019-04-26 23:39:13',NULL,'1'),(348,'E',20,79,'2019-04-26 23:48:17',NULL,'MTkwLjYzLjExNi4yMzA=',61,NULL,'1','2019-04-26 23:48:17',NULL,'1'),(349,'E',71,561,'2019-04-26 23:49:35',NULL,'MTgxLjE5OC4xMC4xNjk=',105,NULL,'1','2019-04-26 23:49:35',NULL,'1'),(350,'S',73,567,NULL,'2019-04-27 02:10:08','MTgxLjE5OC4xMC4xNjk=',107,343,'1','2019-04-27 02:10:08',NULL,'1'),(351,'S',35,172,NULL,'2019-04-27 02:12:48','MTg2LjY4LjE0My4xMDY=',76,341,'1','2019-04-27 02:12:48',NULL,'1'),(352,'S',6,156,NULL,'2019-04-27 02:14:13','MTg2LjUuNzYuMTM5',3,345,'1','2019-04-27 02:14:13',NULL,'1'),(353,'S',72,564,NULL,'2019-04-27 02:20:03','MTgxLjE5OC4xMC4xNjI=',106,346,'1','2019-04-27 02:20:03',NULL,'1'),(354,'S',51,117,NULL,'2019-04-27 02:21:24','MTg2LjY4LjE0My4xMDY=',28,342,'1','2019-04-27 02:21:24',NULL,'1'),(355,'S',20,79,NULL,'2019-04-27 02:29:59','MTkwLjYzLjExNi4yMzA=',61,348,'1','2019-04-27 02:29:59',NULL,'1'),(356,'S',71,561,NULL,'2019-04-27 02:39:19','MTg2LjY4LjE0My4xMDY=',105,349,'1','2019-04-27 02:39:19',NULL,'1'),(357,'E',54,257,'2019-04-27 12:08:21',NULL,'MTg2LjY4LjE0My4xMDY=',90,NULL,'1','2019-04-27 12:08:21',NULL,'1'),(358,'E',11,1,'2019-04-27 12:09:31',NULL,'MTg2LjY4LjE0My4xMDY=',49,NULL,'1','2019-04-27 12:09:31',NULL,'1'),(359,'E',7,2,'2019-04-27 12:10:28',NULL,'MTg2LjY4LjE0My4xMDY=',50,NULL,'1','2019-04-27 12:10:28',NULL,'1'),(360,'E',59,258,'2019-04-27 12:17:44',NULL,'MTg2LjY4LjE0My4xMDY=',95,NULL,'1','2019-04-27 12:17:44',NULL,'1'),(361,'E',58,259,'2019-04-27 12:21:54',NULL,'MTg2LjY4LjE0My4xMDY=',94,NULL,'1','2019-04-27 12:21:54',NULL,'1'),(362,'E',63,265,'2019-04-27 12:26:14',NULL,'MTg2LjY4LjE0My4xMDY=',99,NULL,'1','2019-04-27 12:26:14',NULL,'1'),(363,'E',37,264,'2019-04-27 12:28:56',NULL,'MTg2LjUuNzYuMTM5',78,NULL,'1','2019-04-27 12:28:56',NULL,'1'),(364,'E',52,260,'2019-04-27 12:34:41',NULL,'MTg2LjY4LjE0My4xMDY=',34,NULL,'1','2019-04-27 12:34:41',NULL,'1'),(365,'E',20,262,'2019-04-27 12:34:43',NULL,'MTkwLjExMS44Mi4yMzU=',61,NULL,'1','2019-04-27 12:34:43',NULL,'1'),(366,'E',2,3,'2019-04-27 12:38:17',NULL,'MTg2LjUuNzYuMTM5',53,NULL,'1','2019-04-27 12:38:17',NULL,'1'),(367,'E',62,263,'2019-04-27 13:02:50',NULL,'MTg2LjUuNzYuMTM5',98,NULL,'1','2019-04-27 13:02:50',NULL,'1'),(368,'E',41,269,'2019-04-27 15:05:36',NULL,'MTg2LjY4LjE0My4xMDY=',82,NULL,'1','2019-04-27 15:05:36',NULL,'1'),(369,'E',9,4,'2019-04-27 15:14:40',NULL,'MTkwLjExMS44Mi4yMzU=',33,NULL,'1','2019-04-27 15:14:40',NULL,'1'),(370,'S',2,3,NULL,'2019-04-27 15:15:10','MTg2LjUuNzYuMTM5',53,366,'1','2019-04-27 15:15:10',NULL,'1'),(371,'S',62,263,NULL,'2019-04-27 15:16:45','MTg2LjUuNzYuMTM5',98,367,'1','2019-04-27 15:16:45',NULL,'1'),(372,'S',59,258,NULL,'2019-04-27 15:17:24','MTg2LjUuNzYuMTM5',95,360,'1','2019-04-27 15:17:24',NULL,'1'),(373,'S',58,259,NULL,'2019-04-27 15:19:43','MTg2LjY4LjE0My4xMDY=',94,361,'1','2019-04-27 15:19:43',NULL,'1'),(374,'S',54,257,NULL,'2019-04-27 15:21:23','MTgxLjE5OC4xMC4xNjI=',90,357,'1','2019-04-27 15:21:23',NULL,'1'),(375,'E',72,565,'2019-04-27 15:21:49',NULL,'MTg2LjUuNzYuMTM5',106,NULL,'1','2019-04-27 15:21:49',NULL,'1'),(376,'S',11,1,NULL,'2019-04-27 15:23:44','MTg2LjY4LjE0My4xMDY=',49,358,'1','2019-04-27 15:23:44',NULL,'1'),(377,'E',11,7,'2019-04-27 15:23:47',NULL,'MTg2LjY4LjE0My4xMDY=',49,NULL,'1','2019-04-27 15:23:47',NULL,'1'),(378,'E',74,568,'2019-04-27 15:23:49',NULL,'MTkwLjYzLjExNy4xMTI=',108,NULL,'1','2019-04-27 15:23:49',NULL,'1'),(379,'S',20,262,NULL,'2019-04-27 15:28:49','MTg2LjY4LjE0My4xMDY=',61,365,'1','2019-04-27 15:28:49',NULL,'1'),(380,'S',7,2,NULL,'2019-04-27 15:29:02','MTg2LjUuNzYuMTM5',50,359,'1','2019-04-27 15:29:02',NULL,'1'),(381,'E',57,266,'2019-04-27 15:32:32',NULL,'MTg2LjY4LjE0My4xMDY=',93,NULL,'1','2019-04-27 15:32:32',NULL,'1'),(382,'E',75,569,'2019-04-27 15:37:57',NULL,'MTg2LjY4LjE0My4xMDY=',109,NULL,'1','2019-04-27 15:37:57',NULL,'1'),(383,'E',71,562,'2019-04-27 15:39:59',NULL,'MTg2LjY4LjE0My4xMDY=',105,NULL,'1','2019-04-27 15:39:59',NULL,'1'),(384,'S',37,264,NULL,'2019-04-27 15:44:15','MTgxLjE5OC4xMC4xNjI=',78,363,'1','2019-04-27 15:44:15',NULL,'1'),(385,'E',37,268,'2019-04-27 15:44:22',NULL,'MTgxLjE5OC4xMC4xNjI=',78,NULL,'1','2019-04-27 15:44:22',NULL,'1'),(386,'S',37,268,NULL,'2019-04-27 18:23:04','MTgxLjE5OC4xMC4xNjI=',78,385,'1','2019-04-27 18:23:04',NULL,'1'),(387,'S',72,565,NULL,'2019-04-27 18:30:19','MTg2LjUuNzYuMTM5',106,375,'1','2019-04-27 18:30:19',NULL,'1'),(388,'S',57,266,NULL,'2019-04-27 18:30:40','MTg2LjY4LjE0My4xMDY=',93,381,'1','2019-04-27 18:30:40',NULL,'1'),(389,'S',71,562,NULL,'2019-04-27 18:31:20','MTkwLjExMS44Mi4yMzU=',105,383,'1','2019-04-27 18:31:20',NULL,'1'),(390,'S',41,269,NULL,'2019-04-27 18:31:59','MTg2LjY4LjE0My4xMDY=',82,209,'1','2019-04-27 18:31:59',NULL,'1'),(391,'S',75,569,NULL,'2019-04-27 18:33:34','MTg2LjUuNzYuMTM5',109,382,'1','2019-04-27 18:33:34',NULL,'1'),(392,'S',9,4,NULL,'2019-04-27 18:38:19','MTg2LjUuNzYuMTM5',33,369,'1','2019-04-27 18:38:19',NULL,'1'),(393,'E',60,276,'2019-04-27 19:10:52',NULL,'MTg2LjY4LjE0My4xMDY=',96,NULL,'1','2019-04-27 19:10:52',NULL,'1'),(394,'E',61,271,'2019-04-27 19:31:16',NULL,'MTg2LjY4LjE0My4xMDY=',97,NULL,'1','2019-04-27 19:31:16',NULL,'1'),(395,'E',6,9,'2019-04-27 19:40:42',NULL,'MTg2LjY4LjE0My4xMDY=',3,NULL,'1','2019-04-27 19:40:42',NULL,'1'),(396,'S',61,271,NULL,'2019-04-27 22:31:25','MTg2LjY4LjE0My4xMDY=',97,394,'1','2019-04-27 22:31:25',NULL,'1'),(397,'S',6,9,NULL,'2019-04-27 22:33:56','MTgxLjE5OC4xMC4xNjU=',3,395,'1','2019-04-27 22:33:56',NULL,'1'),(398,'S',60,276,NULL,'2019-04-27 22:34:58','MTg2LjY4LjE0My4xMDY=',96,393,'1','2019-04-27 22:34:58',NULL,'1'),(399,'E',30,53,'2019-04-29 13:51:14',NULL,'MTg2LjY4LjE0My4xMDY=',71,NULL,'1','2019-04-29 13:51:14',NULL,'1'),(400,'E',41,68,'2019-04-29 13:51:49',NULL,'MTg2LjY4LjE0My4xMDY=',82,NULL,'1','2019-04-29 13:51:49',NULL,'1'),(401,'E',6,35,'2019-04-29 14:06:43',NULL,'MTg2LjY4LjE0My4xMDY=',3,NULL,'1','2019-04-29 14:06:43',NULL,'1'),(402,'E',7,60,'2019-04-29 14:08:19',NULL,'MTg2LjY4LjE0My4xMDY=',50,NULL,'1','2019-04-29 14:08:19',NULL,'1'),(403,'E',40,50,'2019-04-29 15:33:07',NULL,'MTg2LjY4LjE0My4xMDY=',81,NULL,'1','2019-04-29 15:33:07',NULL,'1'),(404,'S',30,53,NULL,'2019-04-29 15:54:14','MTg2LjY4LjE0My4xMDY=',71,399,'1','2019-04-29 15:54:14',NULL,'1'),(405,'E',3,47,'2019-04-29 15:55:01',NULL,'MTg2LjY4LjE0My4xMDY=',48,NULL,'1','2019-04-29 15:55:01',NULL,'1'),(406,'S',7,60,NULL,'2019-04-29 16:00:03','MTg2LjY4LjE0My4xMDY=',50,243,'1','2019-04-29 16:00:03',NULL,'1'),(407,'E',47,19,'2019-04-29 16:01:38',NULL,'MTg2LjY4LjE0My4xMDY=',2,NULL,'1','2019-04-29 16:01:38',NULL,'1'),(408,'S',6,35,NULL,'2019-04-29 16:02:42','MTg2LjUuNzYuMTM5',3,242,'1','2019-04-29 16:02:42',NULL,'1'),(409,'E',1,44,'2019-04-29 16:04:23',NULL,'MTkwLjIxNi4xMDguMjY=',30,NULL,'1','2019-04-29 16:04:23',NULL,'1'),(410,'S',41,68,NULL,'2019-04-29 16:04:55','MTg2LjY4LjE0My4xMDY=',82,241,'1','2019-04-29 16:04:55',NULL,'1'),(411,'E',22,56,'2019-04-29 16:10:00',NULL,'MTg2LjUuNzYuMTM5',63,NULL,'1','2019-04-29 16:10:00',NULL,'1'),(412,'S',1,44,NULL,'2019-04-29 18:01:33','MTg2LjUuNzYuMTM5',30,409,'1','2019-04-29 18:01:33',NULL,'1'),(413,'E',26,65,'2019-04-29 18:03:54',NULL,'MTg2LjUuNzYuMTM5',67,NULL,'1','2019-04-29 18:03:54',NULL,'1'),(414,'S',40,50,NULL,'2019-04-29 18:11:51','MTg2LjY4LjE0My4xMDY=',81,244,'1','2019-04-29 18:11:51',NULL,'1'),(415,'S',3,47,NULL,'2019-04-29 18:21:17','MTg2LjY4LjE0My4xMDY=',48,405,'1','2019-04-29 18:21:17',NULL,'1'),(416,'E',51,32,'2019-04-29 18:26:46',NULL,'MTg2LjY4LjE0My4xMDY=',28,NULL,'1','2019-04-29 18:26:46',NULL,'1'),(417,'S',51,32,NULL,'2019-04-29 20:31:00','MTg2LjY4LjE0My4xMDY=',28,416,'1','2019-04-29 20:31:00',NULL,'1'),(418,'S',26,65,NULL,'2019-04-29 20:33:51','MTg2LjUuNzYuMTM5',67,413,'1','2019-04-29 20:33:51',NULL,'1'),(419,'E',12,75,'2019-04-30 01:18:45',NULL,'MTg2LjY4LjE0My4xMDY=',37,NULL,'1','2019-04-30 01:18:45',NULL,'1'),(420,'E',37,129,'2019-04-30 01:19:46',NULL,'MTkwLjExMS44Mi4yMzU=',78,NULL,'1','2019-04-30 01:19:46',NULL,'1'),(421,'E',1,45,'2019-04-30 15:54:22',NULL,'MTkwLjIxNi4xMDguMjY=',30,NULL,'1','2019-04-30 15:54:22',NULL,'1'),(422,'E',47,348,'2019-04-30 21:50:45',NULL,'MTg2LjY4LjE0My4xMDY=',2,NULL,'1','2019-04-30 21:50:45',NULL,'1'),(423,'S',69,393,NULL,'2019-04-30 01:01:45','MTkwLjIxNi4xMDguMjY=',5,313,'1','2019-04-30 01:01:45',NULL,'1'),(424,'E',69,394,'2019-04-30 01:02:00',NULL,'MTkwLjIxNi4xMDguMjY=',5,NULL,'1','2019-04-30 01:02:00',NULL,'1'),(425,'S',69,394,NULL,'2019-04-30 02:02:00','MTkwLjIxNi4xMDguMjY=',5,424,'1','2019-04-30 02:02:00',NULL,'1'),(426,'E',25,176,'2019-04-30 22:53:19',NULL,'MTg2LjY4LjE0My4xMDY=',66,NULL,'1','2019-04-30 22:53:19',NULL,'1'),(427,'E',65,282,'2019-04-30 22:57:43',NULL,'MTg2LjY4LjE0My4xMDY=',101,NULL,'1','2019-04-30 22:57:43',NULL,'1'),(428,'E',44,124,'2019-04-30 23:11:50',NULL,'MTg2LjY4LjE0My4xMDY=',85,NULL,'1','2019-04-30 23:11:50',NULL,'1'),(429,'E',30,145,'2019-04-30 23:12:25',NULL,'MTg2LjY4LjE0My4xMDY=',71,NULL,'1','2019-04-30 23:12:25',NULL,'1'),(430,'E',26,87,'2019-04-30 23:15:30',NULL,'MTg2LjUuNzYuMTM5',67,NULL,'1','2019-04-30 23:15:30',NULL,'1'),(431,'E',52,158,'2019-04-30 23:27:01',NULL,'MTg2LjY4LjE0My4xMDY=',34,NULL,'1','2019-04-30 23:27:01',NULL,'1'),(432,'S',30,145,NULL,'2019-05-01 01:16:26','MTg2LjY4LjE0My4xMDY=',71,429,'1','2019-05-01 01:16:26',NULL,'1'),(433,'S',26,87,NULL,'2019-05-01 01:20:09','MTg2LjUuNzYuMTM5',67,430,'1','2019-05-01 01:20:09',NULL,'1'),(434,'S',65,282,NULL,'2019-05-01 01:20:39','MTg2LjY4LjE0My4xMDY=',101,427,'1','2019-05-01 01:20:39',NULL,'1'),(435,'S',52,158,NULL,'2019-05-01 01:21:34','MTg2LjY4LjE0My4xMDY=',34,431,'1','2019-05-01 01:21:34',NULL,'1'),(436,'S',25,176,NULL,'2019-05-01 01:22:42','MTg2LjY4LjE0My4xMDY=',66,426,'1','2019-05-01 01:22:42',NULL,'1'),(437,'E',2,127,'2019-05-01 01:28:20',NULL,'MTg2LjUuNzYuMTM5',53,NULL,'1','2019-05-01 01:28:20',NULL,'1'),(438,'S',44,124,NULL,'2019-05-01 01:29:36','MTg2LjY4LjE0My4xMDY=',85,428,'1','2019-05-01 01:29:36',NULL,'1'),(439,'E',12,76,'2019-05-01 01:34:18',NULL,'MTg2LjY4LjE0My4xMDY=',37,NULL,'1','2019-05-01 01:34:18',NULL,'1'),(440,'S',2,127,NULL,'2019-05-01 03:15:40','MTg2LjUuNzYuMTM5',53,437,'1','2019-05-01 03:15:40',NULL,'1'),(441,'S',12,76,NULL,'2019-05-01 03:28:16','MTg2LjY4LjE0My4xMDY=',37,439,'1','2019-05-01 03:28:16',NULL,'1'),(442,'E',41,70,'2019-05-02 13:52:12',NULL,'MTg2LjY4LjE0My4xMDY=',82,NULL,'1','2019-05-02 13:52:12',NULL,'1'),(443,'E',7,62,'2019-05-02 13:53:30',NULL,'MTg2LjY4LjE0My4xMDY=',50,NULL,'1','2019-05-02 13:53:30',NULL,'1'),(444,'E',39,40,'2019-05-02 13:57:41',NULL,'MTkwLjYzLjExNi4xNDA=',80,NULL,'1','2019-05-02 13:57:41',NULL,'1'),(445,'E',30,55,'2019-05-02 14:02:22',NULL,'MTg2LjUuNzYuMTM5',71,NULL,'1','2019-05-02 14:02:22',NULL,'1'),(446,'E',6,37,'2019-05-02 14:08:58',NULL,'MTg2LjY4LjE0My4xMDY=',3,NULL,'1','2019-05-02 14:08:58',NULL,'1'),(447,'E',40,52,'2019-05-02 15:33:00',NULL,'MTg2LjY4LjE0My4xMDY=',81,NULL,'1','2019-05-02 15:33:00',NULL,'1'),(448,'S',30,55,NULL,'2019-05-02 15:53:15','MTg2LjY4LjE0My4xMDY=',71,445,'1','2019-05-02 15:53:15',NULL,'1'),(449,'E',48,27,'2019-05-02 15:58:46',NULL,'MTgxLjE4OC4yMDAuNDQ=',24,NULL,'1','2019-05-02 15:58:46',NULL,'1'),(450,'E',1,46,'2019-05-02 15:59:49',NULL,'MTg2LjY4LjE0My4xMDY=',30,NULL,'1','2019-05-02 15:59:49',NULL,'1'),(451,'E',47,21,'2019-05-02 16:01:20',NULL,'MTgxLjE5OC4xMC4xNjM=',2,NULL,'1','2019-05-02 16:01:20',NULL,'1'),(452,'E',3,49,'2019-05-02 16:01:35',NULL,'MTg2LjY4LjE0My4xMDY=',48,NULL,'1','2019-05-02 16:01:35',NULL,'1'),(453,'S',41,70,NULL,'2019-05-02 16:01:53','MTg2LjY4LjE0My4xMDY=',82,442,'1','2019-05-02 16:01:53',NULL,'1'),(454,'S',39,40,NULL,'2019-05-02 16:02:17','MTkwLjYzLjExNi4xNDA=',0,444,'1','2019-05-02 16:02:17',NULL,'1'),(455,'S',6,37,NULL,'2019-05-02 16:03:59','MTg2LjUuNzYuMTM5',3,446,'1','2019-05-02 16:03:59',NULL,'1'),(456,'S',7,62,NULL,'2019-05-02 16:06:03','MTg2LjY4LjE0My4xMDY=',50,443,'1','2019-05-02 16:06:03',NULL,'1'),(457,'E',22,59,'2019-05-02 16:13:32',NULL,'MTg2LjUuNzYuMTM5',63,NULL,'1','2019-05-02 16:13:32',NULL,'1'),(458,'S',48,27,NULL,'2019-05-02 17:51:30','MTg2LjUuNzYuMTM5',24,449,'1','2019-05-02 17:51:30',NULL,'1'),(459,'E',26,67,'2019-05-02 18:12:42',NULL,'MTg2LjUuNzYuMTM5',67,NULL,'1','2019-05-02 18:12:42',NULL,'1'),(460,'S',40,52,NULL,'2019-05-02 18:13:28','MTg2LjY4LjE0My4xMDY=',81,447,'1','2019-05-02 18:13:28',NULL,'1'),(461,'E',51,34,'2019-05-02 18:28:30',NULL,'MTg2LjY4LjE0My4xMDY=',28,NULL,'1','2019-05-02 18:28:30',NULL,'1'),(462,'S',26,67,NULL,'2019-05-02 20:32:38','MTg2LjUuNzYuMTM5',67,459,'1','2019-05-02 20:32:38',NULL,'1'),(463,'S',51,34,NULL,'2019-05-02 20:32:56','MTg2LjY4LjE0My4xMDY=',28,461,'1','2019-05-02 20:32:56',NULL,'1'),(464,'S',47,21,NULL,'2019-05-02 18:05:33','MTg2LjY4LjE0My4xMDY=',2,451,'1','2019-05-02 18:05:33',NULL,'1'),(465,'E',25,177,'2019-05-02 22:53:04',NULL,'MTg2LjY4LjE0My4xMDY=',66,NULL,'1','2019-05-02 22:53:04',NULL,'1'),(466,'E',29,85,'2019-05-02 22:53:52',NULL,'MTg2LjY4LjE0My4xMDY=',70,NULL,'1','2019-05-02 22:53:52',NULL,'1'),(467,'E',44,125,'2019-05-02 23:10:41',NULL,'MTg2LjY4LjE0My4xMDY=',85,NULL,'1','2019-05-02 23:10:41',NULL,'1'),(468,'E',65,283,'2019-05-02 23:11:54',NULL,'MTg2LjY4LjE0My4xMDY=',101,NULL,'1','2019-05-02 23:11:54',NULL,'1'),(469,'E',30,146,'2019-05-02 23:15:00',NULL,'MTg2LjY4LjE0My4xMDY=',71,NULL,'1','2019-05-02 23:15:00',NULL,'1'),(470,'E',26,88,'2019-05-02 23:23:49',NULL,'MTg2LjUuNzYuMTM5',67,NULL,'1','2019-05-02 23:23:49',NULL,'1'),(471,'E',52,159,'2019-05-02 23:42:19',NULL,'MTg2LjY4LjE0My4xMDY=',34,NULL,'1','2019-05-02 23:42:19',NULL,'1'),(472,'S',29,85,NULL,'2019-05-03 01:10:29','MTg2LjY4LjE0My4xMDY=',70,466,'1','2019-05-03 01:10:29',NULL,'1'),(473,'S',30,146,NULL,'2019-05-03 01:13:41','MTg2LjY4LjE0My4xMDY=',71,469,'1','2019-05-03 01:13:41',NULL,'1'),(474,'S',52,159,NULL,'2019-05-03 01:18:37','MTg2LjY4LjE0My4xMDY=',34,471,'1','2019-05-03 01:18:37',NULL,'1'),(475,'S',25,177,NULL,'2019-05-03 01:19:36','MTg2LjY4LjE0My4xMDY=',66,465,'1','2019-05-03 01:19:36',NULL,'1'),(476,'E',54,99,'2019-05-03 01:20:01',NULL,'MTg2LjY4LjE0My4xMDY=',90,NULL,'1','2019-05-03 01:20:01',NULL,'1'),(477,'S',26,88,NULL,'2019-05-03 01:20:07','MTg2LjUuNzYuMTM5',67,470,'1','2019-05-03 01:20:07',NULL,'1'),(478,'S',44,125,NULL,'2019-05-03 01:20:29','MTg2LjY4LjE0My4xMDY=',85,467,'1','2019-05-03 01:20:29',NULL,'1'),(479,'S',65,283,NULL,'2019-05-03 01:21:23','MTg2LjY4LjE0My4xMDY=',101,468,'1','2019-05-03 01:21:23',NULL,'1'),(480,'E',2,128,'2019-05-03 02:53:24',NULL,'MTg2LjUuNzYuMTM5',53,NULL,'1','2019-05-03 02:53:24',NULL,'1'),(481,'S',2,128,NULL,'2019-05-03 03:10:09','MTg2LjUuNzYuMTM5',53,480,'1','2019-05-03 03:10:09',NULL,'1'),(482,'S',54,99,NULL,'2019-05-03 03:20:30','MTgxLjE5OC4xMC4xNjI=',90,476,'1','2019-05-03 03:20:30',NULL,'1'),(483,'E',69,395,'2019-05-06 23:03:49',NULL,'MTg2LjY4LjE0My4xMDY=',5,NULL,'1','2019-05-06 23:03:49',NULL,'1'),(484,'E',26,86,'2019-05-06 23:19:05',NULL,'MTg2LjUuNzYuMTM5',67,NULL,'1','2019-05-06 23:19:05',NULL,'1'),(485,'E',54,97,'2019-05-07 00:54:07',NULL,'MTg2LjUuNzYuMTM5',90,NULL,'1','2019-05-07 00:54:07',NULL,'1'),(486,'E',26,416,'2019-05-07 00:58:35',NULL,'MTg2LjY4LjE0My4xMDY=',67,NULL,'1','2019-05-07 00:58:35',NULL,'1'),(487,'S',26,86,NULL,'2019-05-07 01:24:01','MTg2LjY4LjE0My4xMDY=',67,484,'1','2019-05-07 01:24:01',NULL,'1'),(488,'E',37,129,'2019-05-07 01:24:13',NULL,'MTgxLjE5OC4xMC4xNzA=',78,NULL,'1','2019-05-07 01:24:13',NULL,'1'),(489,'S',26,416,NULL,'2019-05-07 02:00:10','MTg2LjY4LjE0My4xMDY=',67,486,'1','2019-05-07 02:00:10',NULL,'1'),(490,'E',7,61,'2019-05-07 13:44:07',NULL,'MTg2LjUuNzYuMTM5',50,NULL,'1','2019-05-07 13:44:07',NULL,'1'),(491,'E',41,69,'2019-05-07 13:53:07',NULL,'MTg2LjUuNzYuMTM5',82,NULL,'1','2019-05-07 13:53:07',NULL,'1'),(492,'E',30,54,'2019-05-07 13:56:43',NULL,'MTg2LjUuNzYuMTM5',71,NULL,'1','2019-05-07 13:56:43',NULL,'1'),(493,'E',39,39,'2019-05-07 13:57:37',NULL,'MTkwLjExMS44Mi42NQ==',80,NULL,'1','2019-05-07 13:57:37',NULL,'1'),(494,'E',6,36,'2019-05-07 14:23:08',NULL,'MTg2LjUuNzYuMTM5',3,NULL,'1','2019-05-07 14:23:08',NULL,'1'),(495,'E',40,51,'2019-05-07 15:49:05',NULL,'MTgxLjE5OC4xMC4xNzA=',81,NULL,'1','2019-05-07 15:49:05',NULL,'1'),(496,'S',30,54,NULL,'2019-05-07 15:55:07','MTg2LjUuNzYuMTM5',71,492,'1','2019-05-07 15:55:07',NULL,'1'),(497,'E',1,45,'2019-05-07 15:59:07',NULL,'MTkwLjIxNi4xMDguMjY=',30,NULL,'1','2019-05-07 15:59:07',NULL,'1'),(498,'E',47,20,'2019-05-07 16:01:02',NULL,'MTg2LjY4LjE0My4xMDY=',2,NULL,'1','2019-05-07 16:01:02',NULL,'1'),(499,'S',7,61,NULL,'2019-05-07 16:02:09','MTg2LjUuNzYuMTM5',50,490,'1','2019-05-07 16:02:09',NULL,'1'),(500,'S',41,69,NULL,'2019-05-07 16:03:15','MTg2LjUuNzYuMTM5',82,491,'1','2019-05-07 16:03:15',NULL,'1'),(501,'S',6,36,NULL,'2019-05-07 16:07:50','MTg2LjUuNzYuMTM5',3,494,'1','2019-05-07 16:07:50',NULL,'1'),(502,'E',48,26,'2019-05-07 17:46:56',NULL,'MTgxLjE5OC4xMC4xNjc=',24,NULL,'1','2019-05-07 17:46:56',NULL,'1'),(503,'S',48,26,NULL,'2019-05-07 17:50:09','MTgxLjE5OC4xMC4xNjc=',24,502,'1','2019-05-07 17:50:09',NULL,'1'),(504,'S',40,51,NULL,'2019-05-07 18:10:19','MTgxLjE5OC4xMC4xNjU=',81,495,'1','2019-05-07 18:10:19',NULL,'1'),(505,'S',1,45,NULL,'2019-05-07 18:25:05','MTg2LjY4LjE0My4xMDY=',30,497,'1','2019-05-07 18:25:05',NULL,'1'),(506,'E',51,33,'2019-05-07 18:30:06',NULL,'MTg2LjUuNzYuMTM5',28,NULL,'1','2019-05-07 18:30:06',NULL,'1'),(507,'E',14,63,'2019-05-07 18:31:03',NULL,'MTg2LjUuNzYuMTM5',55,NULL,'1','2019-05-07 18:31:03',NULL,'1'),(508,'S',47,20,NULL,'2019-05-07 18:10:40','MTg2LjY4LjE0My4xMDY=',2,498,'1','2019-05-07 18:10:40',NULL,'1'),(509,'S',47,348,NULL,'2019-05-01 00:00:05','MTg2LjY4LjE0My4xMDY=',2,422,'1','2019-05-01 00:00:05',NULL,'1'),(510,'E',47,349,'2019-05-01 00:00:10','0000-00-00 00:00:00','MTkwLjIxNi4xMDguMjY=',2,NULL,'1','2019-05-01 00:00:10',NULL,'1'),(511,'S',47,349,NULL,'2019-05-01 01:02:00','MTkwLjIxNi4xMDguMjY=',2,510,'1','2019-05-01 01:02:00',NULL,'1'),(512,'S',69,395,NULL,'2019-05-07 01:03:05','MTg2LjY4LjE0My4xMDY=',5,483,'1','2019-05-07 01:03:05',NULL,'1'),(513,'E',47,350,'2019-05-07 22:09:46',NULL,'MTg2LjY4LjE0My4xMDY=',2,NULL,'1','2019-05-07 22:09:46',NULL,'1'),(514,'E',26,87,'2019-05-07 23:12:15',NULL,'MTg2LjUuNzYuMTM5',67,NULL,'1','2019-05-07 23:12:15',NULL,'1'),(515,'E',47,351,'2019-05-08 00:56:37',NULL,'MTg2LjY4LjE0My4xMDY=',2,NULL,'1','2019-05-08 00:56:37',NULL,'1'),(516,'S',47,351,NULL,'2019-05-08 00:56:40','MTg2LjY4LjE0My4xMDY=',2,515,'1','2019-05-08 00:56:40',NULL,'1'),(517,'S',26,87,NULL,'2019-05-08 01:20:03','MTg2LjUuNzYuMTM5',67,514,'1','2019-05-08 01:20:03',NULL,'1'),(518,'E',18,167,'2019-05-08 01:23:25',NULL,'MTgxLjE4OC4yMDEuMTE=',59,NULL,'1','2019-05-08 01:23:25',NULL,'1'),(519,'S',18,167,NULL,'2019-05-08 03:14:09','MTgxLjE4OC4yMDEuMTE=',59,518,'1','2019-05-08 03:14:09',NULL,'1'),(520,'E',77,576,'2019-05-09 01:05:12',NULL,'MTg2LjY4LjE0My4xMDY=',111,NULL,'1','2019-05-09 01:05:12',NULL,'1'),(521,'E',6,37,'2019-05-09 14:03:57',NULL,'MTg2LjY4LjE0My4xMDY=',3,NULL,'1','2019-05-09 14:03:57',NULL,'1'),(522,'E',41,70,'2019-05-09 14:04:46',NULL,'MTg2LjY4LjE0My4xMDY=',82,NULL,'1','2019-05-09 14:04:46',NULL,'1'),(523,'E',30,55,'2019-05-09 13:56:13',NULL,'MTg2LjY4LjE0My4xMDY=',71,NULL,'1','2019-05-09 13:56:13',NULL,'1'),(524,'E',7,62,'2019-05-09 13:53:14',NULL,'MTg2LjY4LjE0My4xMDY=',50,NULL,'1','2019-05-09 13:53:14',NULL,'1'),(525,'E',39,40,'2019-05-09 13:46:59',NULL,'MTg2LjUuNzYuMTM5',80,NULL,'1','2019-05-09 13:46:59',NULL,'1'),(526,'E',40,52,'2019-05-09 15:30:03',NULL,'MTg2LjY4LjE0My4xMDY=',81,NULL,'1','2019-05-09 15:30:03',NULL,'1'),(527,'S',30,55,NULL,'2019-05-09 15:53:21','MTg2LjY4LjE0My4xMDY=',71,523,'1','2019-05-09 15:53:21',NULL,'1'),(528,'S',6,37,NULL,'2019-05-09 16:00:25','MTg2LjUuNzYuMTM5',3,521,'1','2019-05-09 16:00:25',NULL,'1'),(529,'E',47,21,'2019-05-09 16:00:44',NULL,'MTg2LjY4LjE0My4xMDY=',2,NULL,'1','2019-05-09 16:00:44',NULL,'1'),(530,'S',41,70,NULL,'2019-05-09 16:02:09','MTg2LjY4LjE0My4xMDY=',82,522,'1','2019-05-09 16:02:09',NULL,'1'),(531,'E',3,49,'2019-05-09 16:05:21',NULL,'MTg2LjY4LjE0My4xMDY=',48,NULL,'1','2019-05-09 16:05:21',NULL,'1'),(532,'E',1,46,'2019-05-09 16:07:50',NULL,'MTkwLjIxNi4xMDguMjY=',30,NULL,'1','2019-05-09 16:07:50',NULL,'1'),(533,'S',7,62,NULL,'2019-05-09 16:22:43','MTg2LjY4LjE0My4xMDY=',50,524,'1','2019-05-09 16:22:43',NULL,'1'),(534,'E',48,27,'2019-05-09 17:28:20',NULL,'MTg2LjUuNzYuMTM5',24,NULL,'1','2019-05-09 17:28:20',NULL,'1'),(535,'S',48,27,NULL,'2019-05-09 18:00:47','MTg2LjUuNzYuMTM5',24,534,'1','2019-05-09 18:00:47',NULL,'1'),(536,'S',47,21,NULL,'2019-05-09 18:05:04','MTgxLjE5OC4xMC4xNjc=',2,529,'1','2019-05-09 18:05:04',NULL,'1'),(537,'E',26,67,'2019-05-09 18:07:25',NULL,'MTg2LjUuNzYuMTM5',67,NULL,'1','2019-05-09 18:07:25',NULL,'1'),(538,'S',40,52,NULL,'2019-05-09 18:15:03','MTg2LjY4LjE0My4xMDY=',81,526,'1','2019-05-09 18:15:03',NULL,'1'),(539,'E',51,34,'2019-05-09 18:30:47',NULL,'MTg2LjY4LjE0My4xMDY=',28,NULL,'1','2019-05-09 18:30:47',NULL,'1'),(540,'S',51,34,NULL,'2019-05-09 20:30:10','MTg2LjY4LjE0My4xMDY=',28,539,'1','2019-05-09 20:30:10',NULL,'1'),(541,'E',3,317,'2019-05-09 21:25:37',NULL,'MTg2LjY4LjE0My4xMDY=',48,NULL,'1','2019-05-09 21:25:37',NULL,'1'),(542,'E',29,85,'2019-05-09 22:52:38',NULL,'MTg2LjY4LjE0My4xMDY=',70,NULL,'1','2019-05-09 22:52:38',NULL,'1'),(543,'E',65,283,'2019-05-09 22:56:10',NULL,'MTg2LjY4LjE0My4xMDY=',101,NULL,'1','2019-05-09 22:56:10',NULL,'1'),(544,'E',52,159,'2019-05-09 23:09:20',NULL,'MTg2LjY4LjE0My4xMDY=',34,NULL,'1','2019-05-09 23:09:20',NULL,'1'),(545,'E',44,125,'2019-05-09 23:15:32',NULL,'MTg2LjY4LjE0My4xMDY=',85,NULL,'1','2019-05-09 23:15:32',NULL,'1'),(546,'E',30,146,'2019-05-09 23:19:41',NULL,'MTg2LjY4LjE0My4xMDY=',71,NULL,'1','2019-05-09 23:19:41',NULL,'1'),(547,'E',3,318,'2019-05-09 23:37:26',NULL,'MTg2LjY4LjE0My4xMDY=',48,NULL,'1','2019-05-09 23:37:26',NULL,'1'),(548,'E',54,99,'2019-05-10 01:06:58',NULL,'MTg2LjY4LjE0My4xMDY=',90,NULL,'1','2019-05-10 01:06:58',NULL,'1'),(549,'E',15,143,'2019-05-10 01:08:29',NULL,'MTg2LjY4LjE0My4xMDY=',56,NULL,'1','2019-05-10 01:08:29',NULL,'1'),(550,'S',30,146,NULL,'2019-05-10 01:12:05','MTg2LjY4LjE0My4xMDY=',71,546,'1','2019-05-10 01:12:05',NULL,'1'),(551,'S',29,85,NULL,'2019-05-10 01:16:03','MTg2LjY4LjE0My4xMDY=',70,542,'1','2019-05-10 01:16:03',NULL,'1'),(552,'S',44,125,NULL,'2019-05-10 01:18:28','MTg2LjY4LjE0My4xMDY=',85,545,'1','2019-05-10 01:18:28',NULL,'1'),(553,'E',37,131,'2019-05-10 01:22:25',NULL,'MTgxLjE5OC4xMC4xNzA=',78,NULL,'1','2019-05-10 01:22:25',NULL,'1'),(554,'S',65,283,NULL,'2019-05-10 01:28:37','MTg2LjY4LjE0My4xMDY=',101,543,'1','2019-05-10 01:28:37',NULL,'1'),(555,'E',2,128,'2019-05-10 01:41:54',NULL,'MTg2LjUuNzYuMTM5',53,NULL,'1','2019-05-10 01:41:54',NULL,'1'),(556,'E',18,168,'2019-05-10 01:54:59',NULL,'MTg2LjUuNzYuMTM5',59,NULL,'1','2019-05-10 01:54:59',NULL,'1'),(557,'S',54,99,NULL,'2019-05-10 03:11:38','MTg2LjY4LjE0My4xMDY=',90,548,'1','2019-05-10 03:11:38',NULL,'1'),(558,'S',15,143,NULL,'2019-05-10 03:19:14','MTg2LjY4LjE0My4xMDY=',56,549,'1','2019-05-10 03:19:14',NULL,'1'),(559,'E',14,64,'2019-05-10 18:24:46',NULL,'MTg2LjY4LjE0My4xMDY=',55,NULL,'1','2019-05-10 18:24:46',NULL,'1'),(560,'S',18,168,NULL,'2019-05-10 03:25:59','MTg2LjUuNzYuMTM5',59,556,'1','2019-05-10 03:25:59',NULL,'1'),(561,'E',54,257,'2019-05-11 12:03:44',NULL,'MTg2LjY4LjE0My4xMDY=',90,NULL,'1','2019-05-11 12:03:44',NULL,'1'),(562,'E',59,258,'2019-05-11 12:12:25',NULL,'MTg2LjY4LjE0My4xMDY=',95,NULL,'1','2019-05-11 12:12:25',NULL,'1'),(563,'E',58,259,'2019-05-11 12:13:24',NULL,'MTg2LjY4LjE0My4xMDY=',94,NULL,'1','2019-05-11 12:13:24',NULL,'1'),(564,'E',7,2,'2019-05-11 12:15:10',NULL,'MTg2LjY4LjE0My4xMDY=',50,NULL,'1','2019-05-11 12:15:10',NULL,'1'),(565,'E',11,1,'2019-05-11 12:15:44',NULL,'MTg2LjY4LjE0My4xMDY=',49,NULL,'1','2019-05-11 12:15:44',NULL,'1'),(566,'E',62,263,'2019-05-11 12:16:17',NULL,'MTg2LjUuNzYuMTM5',98,NULL,'1','2019-05-11 12:16:17',NULL,'1'),(567,'E',2,3,'2019-05-11 12:32:03',NULL,'MTg2LjY4LjE0My4xMDY=',53,NULL,'1','2019-05-11 12:32:03',NULL,'1'),(568,'E',63,265,'2019-05-11 12:32:35',NULL,'MTg2LjY4LjE0My4xMDY=',99,NULL,'1','2019-05-11 12:32:35',NULL,'1'),(569,'E',52,260,'2019-05-11 12:47:14',NULL,'MTg2LjY4LjE0My4xMDY=',34,NULL,'1','2019-05-11 12:47:14',NULL,'1'),(570,'E',57,237,'2019-05-11 13:18:50',NULL,'MTg2LjY4LjE0My4xMDY=',93,NULL,'1','2019-05-11 13:18:50',NULL,'1'),(571,'E',1,182,'2019-05-11 13:19:15',NULL,'MTg2LjY4LjE0My4xMDY=',30,NULL,'1','2019-05-11 13:19:15',NULL,'1'),(572,'E',9,194,'2019-05-11 13:25:21',NULL,'MTgxLjE5OC4xMC4xNzA=',33,NULL,'1','2019-05-11 13:25:21',NULL,'1'),(573,'S',59,258,NULL,'2019-05-11 15:14:10','MTg2LjUuNzYuMTM5',95,562,'1','2019-05-11 15:14:10',NULL,'1'),(574,'S',62,263,NULL,'2019-05-11 15:15:42','MTg2LjUuNzYuMTM5',98,566,'1','2019-05-11 15:15:42',NULL,'1'),(575,'S',9,194,NULL,'2019-05-11 15:15:45','MTgxLjE5OC4xMC4xNzA=',33,572,'1','2019-05-11 15:15:45',NULL,'1'),(576,'E',9,4,'2019-05-11 15:15:46',NULL,'MTgxLjE5OC4xMC4xNzA=',33,NULL,'1','2019-05-11 15:15:46',NULL,'1'),(577,'S',58,259,NULL,'2019-05-11 15:17:31','MTg2LjY4LjE0My4xMDY=',94,563,'1','2019-05-11 15:17:31',NULL,'1'),(578,'S',11,1,NULL,'2019-05-11 15:18:24','MTg2LjY4LjE0My4xMDY=',49,565,'1','2019-05-11 15:18:24',NULL,'1'),(579,'E',11,7,'2019-05-11 15:18:28',NULL,'MTg2LjY4LjE0My4xMDY=',49,NULL,'1','2019-05-11 15:18:28',NULL,'1'),(580,'S',7,2,NULL,'2019-05-11 15:19:05','MTg2LjY4LjE0My4xMDY=',50,564,'1','2019-05-11 15:19:05',NULL,'1'),(581,'E',7,206,'2019-05-11 15:19:08',NULL,'MTg2LjY4LjE0My4xMDY=',50,NULL,'1','2019-05-11 15:19:08',NULL,'1'),(582,'E',74,568,'2019-05-11 15:20:54',NULL,'MTg2LjY4LjE0My4xMDY=',108,NULL,'1','2019-05-11 15:20:54',NULL,'1'),(583,'S',57,237,NULL,'2019-05-11 15:23:35','MTg2LjY4LjE0My4xMDY=',93,570,'1','2019-05-11 15:23:35',NULL,'1'),(584,'E',57,266,'2019-05-11 15:23:45',NULL,'MTg2LjY4LjE0My4xMDY=',93,NULL,'1','2019-05-11 15:23:45',NULL,'1'),(585,'E',39,244,'2019-05-11 15:30:29',NULL,'MTkwLjExMS44Mi4xMDk=',80,NULL,'1','2019-05-11 15:30:29',NULL,'1'),(586,'S',52,260,NULL,'2019-05-11 15:34:37','MTg2LjY4LjE0My4xMDY=',34,569,'1','2019-05-11 15:34:37',NULL,'1'),(587,'E',10,200,'2019-05-11 15:38:03',NULL,'MTg2LjY4LjE0My4xMDY=',47,NULL,'1','2019-05-11 15:38:03',NULL,'1'),(588,'E',72,565,'2019-05-11 15:41:09',NULL,'MTg2LjY4LjE0My4xMDY=',106,NULL,'1','2019-05-11 15:41:09',NULL,'1'),(589,'E',2,5,'2019-05-11 16:02:21',NULL,'MTg2LjUuNzYuMTM5',53,NULL,'1','2019-05-11 16:02:21',NULL,'1'),(590,'S',39,244,NULL,'2019-05-11 17:30:56','MTkwLjExMS44Mi4xMDk=',80,585,'1','2019-05-11 17:30:56',NULL,'1'),(591,'S',7,206,NULL,'2019-05-11 17:33:27','MTg2LjY4LjE0My4xMDY=',50,581,'1','2019-05-11 17:33:27',NULL,'1'),(592,'S',72,565,NULL,'2019-05-11 18:35:09','MTg2LjY4LjE0My4xMDY=',106,588,'1','2019-05-11 18:35:09',NULL,'1'),(593,'S',9,4,NULL,'2019-05-11 18:40:03','MTg2LjY4LjE0My4xMDY=',33,576,'1','2019-05-11 18:40:03',NULL,'1'),(594,'S',74,568,NULL,'2019-05-11 18:41:27','MTg2LjY4LjE0My4xMDY=',108,582,'1','2019-05-11 18:41:27',NULL,'1'),(595,'S',57,266,NULL,'2019-05-11 18:44:21','MTg2LjY4LjE0My4xMDY=',93,584,'1','2019-05-11 18:44:21',NULL,'1'),(596,'E',61,271,'2019-05-11 19:13:42',NULL,'MTg2LjY4LjE0My4xMDY=',97,NULL,'1','2019-05-11 19:13:42',NULL,'1'),(597,'E',60,276,'2019-05-11 19:14:37',NULL,'MTg2LjY4LjE0My4xMDY=',96,NULL,'1','2019-05-11 19:14:37',NULL,'1'),(598,'E',6,9,'2019-05-11 19:30:28',NULL,'MTg2LjY4LjE0My4xMDY=',3,NULL,'1','2019-05-11 19:30:28',NULL,'1'),(599,'S',61,271,NULL,'2019-05-11 22:30:07','MTg2LjY4LjE0My4xMDY=',97,596,'1','2019-05-11 22:30:07',NULL,'1'),(600,'S',60,276,NULL,'2019-05-11 22:39:00','MTg2LjY4LjE0My4xMDY=',96,597,'1','2019-05-11 22:39:00',NULL,'1'),(601,'S',6,9,NULL,'2019-05-11 22:49:53','MTg2LjY4LjE0My4xMDY=',3,598,'1','2019-05-11 22:49:53',NULL,'1'),(602,'E',7,60,'2019-05-13 13:31:33',NULL,'MTg2LjY4LjE0My4xMDY=',50,NULL,'1','2019-05-13 13:31:33',NULL,'1'),(603,'E',41,68,'2019-05-13 13:56:03',NULL,'MTg2LjY4LjE0My4xMDY=',82,NULL,'1','2019-05-13 13:56:03',NULL,'1'),(604,'E',30,53,'2019-05-13 14:03:11',NULL,'MTg2LjY4LjE0My4xMDY=',71,NULL,'1','2019-05-13 14:03:11',NULL,'1'),(605,'E',39,38,'2019-05-13 14:03:34',NULL,'MTkwLjExMS44Mi4xNjY=',80,NULL,'1','2019-05-13 14:03:34',NULL,'1'),(606,'E',6,35,'2019-05-13 14:05:02',NULL,'MTg2LjY4LjE0My4xMDY=',3,NULL,'1','2019-05-13 14:05:02',NULL,'1'),(607,'E',40,50,'2019-05-13 15:32:27',NULL,'MTg2LjY4LjE0My4xMDY=',81,NULL,'1','2019-05-13 15:32:27',NULL,'1'),(608,'S',30,53,NULL,'2019-05-13 15:55:02','MTg2LjY4LjE0My4xMDY=',71,604,'1','2019-05-13 15:55:02',NULL,'1'),(609,'E',1,44,'2019-05-13 15:57:58',NULL,'MTkwLjIxNi4xMDguMjY=',30,NULL,'1','2019-05-13 15:57:58',NULL,'1'),(610,'E',3,47,'2019-05-13 15:59:27',NULL,'MTg2LjY4LjE0My4xMDY=',48,NULL,'1','2019-05-13 15:59:27',NULL,'1'),(611,'S',41,68,NULL,'2019-05-13 16:02:09','MTg2LjY4LjE0My4xMDY=',82,603,'1','2019-05-13 16:02:09',NULL,'1'),(612,'S',7,60,NULL,'2019-05-13 16:02:10','MTg2LjY4LjE0My4xMDY=',50,602,'1','2019-05-13 16:02:10',NULL,'1'),(613,'S',6,35,NULL,'2019-05-13 16:02:11','MTgxLjE5OC4xMC4xNjU=',3,606,'1','2019-05-13 16:02:11',NULL,'1'),(614,'E',47,19,'2019-05-13 16:02:47',NULL,'MTg2LjY4LjE0My4xMDY=',2,NULL,'1','2019-05-13 16:02:47',NULL,'1'),(615,'E',22,56,'2019-05-13 16:06:19',NULL,'MTg2LjUuNzYuMTM5',63,NULL,'1','2019-05-13 16:06:19',NULL,'1'),(616,'E',48,25,'2019-05-13 16:22:59',NULL,'MTgxLjE5OC4xMC4xNjU=',24,NULL,'1','2019-05-13 16:22:59',NULL,'1'),(617,'S',48,25,NULL,'2019-05-13 17:52:12','MTgxLjE5OC4xMC4xNjU=',24,616,'1','2019-05-13 17:52:12',NULL,'1'),(618,'S',47,19,NULL,'2019-05-13 18:11:54','MTgxLjE5OC4xMC4xNjc=',2,614,'1','2019-05-13 18:11:54',NULL,'1'),(619,'S',1,44,NULL,'2019-05-13 18:13:45','MTg2LjY4LjE0My4xMDY=',30,609,'1','2019-05-13 18:13:45',NULL,'1'),(620,'E',51,32,'2019-05-13 18:19:20',NULL,'MTg2LjY4LjE0My4xMDY=',28,NULL,'1','2019-05-13 18:19:20',NULL,'1'),(621,'S',40,50,NULL,'2019-05-13 18:25:08','MTg2LjY4LjE0My4xMDY=',81,607,'1','2019-05-13 18:25:08',NULL,'1'),(622,'S',51,32,NULL,'2019-05-13 20:31:38','MTg2LjY4LjE0My4xMDY=',28,620,'1','2019-05-13 20:31:38',NULL,'1'),(623,'E',25,175,'2019-05-13 22:55:55',NULL,'MTg2LjY4LjE0My4xMDY=',66,NULL,'1','2019-05-13 22:55:55',NULL,'1'),(624,'E',65,281,'2019-05-13 23:10:18',NULL,'MTg2LjY4LjE0My4xMDY=',101,NULL,'1','2019-05-13 23:10:18',NULL,'1'),(625,'E',30,144,'2019-05-13 23:15:18',NULL,'MTg2LjY4LjE0My4xMDY=',71,NULL,'1','2019-05-13 23:15:18',NULL,'1'),(626,'E',26,86,'2019-05-13 23:16:43',NULL,'MTg2LjY4LjE0My4xMDY=',67,NULL,'1','2019-05-13 23:16:43',NULL,'1'),(627,'E',44,123,'2019-05-13 23:20:00',NULL,'MTg2LjY4LjE0My4xMDY=',85,NULL,'1','2019-05-13 23:20:00',NULL,'1'),(628,'E',52,157,'2019-05-13 23:41:49',NULL,'MTg2LjY4LjE0My4xMDY=',34,NULL,'1','2019-05-13 23:41:49',NULL,'1'),(629,'E',15,141,'2019-05-14 01:06:40',NULL,'MTg2LjY4LjE0My4xMDY=',56,NULL,'1','2019-05-14 01:06:40',NULL,'1'),(630,'E',54,97,'2019-05-14 01:09:19',NULL,'MTg2LjY4LjE0My4xMDY=',90,NULL,'1','2019-05-14 01:09:19',NULL,'1'),(631,'E',12,75,'2019-05-14 01:12:55',NULL,'MTg2LjY4LjE0My4xMDY=',37,NULL,'1','2019-05-14 01:12:55',NULL,'1'),(632,'S',30,144,NULL,'2019-05-14 01:14:06','MTg2LjY4LjE0My4xMDY=',71,625,'1','2019-05-14 01:14:06',NULL,'1'),(633,'S',26,86,NULL,'2019-05-14 01:14:37','MTg2LjY4LjE0My4xMDY=',67,626,'1','2019-05-14 01:14:37',NULL,'1'),(634,'S',44,123,NULL,'2019-05-14 01:20:02','MTg2LjY4LjE0My4xMDY=',85,627,'1','2019-05-14 01:20:02',NULL,'1'),(635,'S',65,281,NULL,'2019-05-14 01:20:33','MTg2LjY4LjE0My4xMDY=',101,624,'1','2019-05-14 01:20:33',NULL,'1'),(636,'S',52,157,NULL,'2019-05-14 01:25:13','MTg2LjY4LjE0My4xMDY=',34,628,'1','2019-05-14 01:25:13',NULL,'1'),(637,'E',18,166,'2019-05-14 01:39:21',NULL,'MTg2LjUuNzYuMTM5',59,NULL,'1','2019-05-14 01:39:21',NULL,'1'),(638,'E',2,126,'2019-05-14 02:26:17',NULL,'MTg2LjUuNzYuMTM5',53,NULL,'1','2019-05-14 02:26:17',NULL,'1'),(639,'S',2,126,NULL,'2019-05-14 03:10:44','MTg2LjY4LjE0My4xMDY=',53,638,'1','2019-05-14 03:10:44',NULL,'1'),(640,'S',18,166,NULL,'2019-05-14 03:11:24','MTg2LjUuNzYuMTM5',59,637,'1','2019-05-14 03:11:24',NULL,'1'),(641,'S',15,141,NULL,'2019-05-14 03:20:02','MTg2LjY4LjE0My4xMDY=',56,629,'1','2019-05-14 03:20:02',NULL,'1'),(642,'S',54,97,NULL,'2019-05-14 03:20:34','MTg2LjY4LjE0My4xMDY=',90,630,'1','2019-05-14 03:20:34',NULL,'1'),(643,'S',12,75,NULL,'2019-05-14 03:21:18','MTg2LjY4LjE0My4xMDY=',37,631,'1','2019-05-14 03:21:18',NULL,'1'),(644,'E',41,69,'2019-05-14 13:55:34',NULL,'MTg2LjY4LjE0My4xMDY=',82,NULL,'1','2019-05-14 13:55:34',NULL,'1'),(645,'E',7,61,'2019-05-14 13:58:09',NULL,'MTg2LjY4LjE0My4xMDY=',50,NULL,'1','2019-05-14 13:58:09',NULL,'1'),(646,'E',39,39,'2019-05-14 14:01:21',NULL,'MTkwLjExMS44Mi4xNjY=',80,NULL,'1','2019-05-14 14:01:21',NULL,'1'),(647,'E',6,36,'2019-05-14 14:14:19',NULL,'MTg2LjY4LjE0My4xMDY=',3,NULL,'1','2019-05-14 14:14:19',NULL,'1'),(648,'E',40,51,'2019-05-14 15:56:25',NULL,'MTg2LjY4LjE0My4xMDY=',81,NULL,'1','2019-05-14 15:56:25',NULL,'1'),(649,'E',47,20,'2019-05-14 15:58:13',NULL,'MTg2LjY4LjE0My4xMDY=',2,NULL,'1','2019-05-14 15:58:13',NULL,'1'),(650,'E',3,48,'2019-05-14 15:58:53',NULL,'MTg2LjY4LjE0My4xMDY=',48,NULL,'1','2019-05-14 15:58:53',NULL,'1'),(651,'S',39,39,NULL,'2019-05-14 16:00:29','MTkwLjExMS44Mi4xNjY=',80,646,'1','2019-05-14 16:00:29',NULL,'1'),(652,'S',41,69,NULL,'2019-05-14 16:02:30','MTg2LjY4LjE0My4xMDY=',82,644,'1','2019-05-14 16:02:30',NULL,'1'),(653,'S',7,61,NULL,'2019-05-14 16:03:30','MTg2LjY4LjE0My4xMDY=',50,645,'1','2019-05-14 16:03:30',NULL,'1'),(654,'S',6,36,NULL,'2019-05-14 16:03:56','MTg2LjUuNzYuMTM5',3,647,'1','2019-05-14 16:03:56',NULL,'1'),(655,'E',22,58,'2019-05-14 16:05:47',NULL,'MTg2LjUuNzYuMTM5',63,NULL,'1','2019-05-14 16:05:47',NULL,'1'),(656,'E',48,26,'2019-05-14 16:40:09',NULL,'MTg2LjUuNzYuMTM5',24,NULL,'1','2019-05-14 16:40:09',NULL,'1'),(657,'S',48,26,NULL,'2019-05-14 17:54:09','MTgxLjE5OC4xMC4xNjU=',24,656,'1','2019-05-14 17:54:09',NULL,'1'),(658,'S',47,20,NULL,'2019-05-14 18:20:33','MTgxLjE5OC4xMC4xNjg=',2,649,'1','2019-05-14 18:20:33',NULL,'1'),(659,'E',51,33,'2019-05-14 18:28:00',NULL,'MTg2LjY4LjE0My4xMDY=',28,NULL,'1','2019-05-14 18:28:00',NULL,'1'),(660,'S',40,51,NULL,'2019-05-14 18:28:19','MTg2LjY4LjE0My4xMDY=',81,648,'1','2019-05-14 18:28:19',NULL,'1'),(661,'S',51,33,NULL,'2019-05-14 20:31:27','MTg2LjY4LjE0My4xMDY=',28,659,'1','2019-05-14 20:31:27',NULL,'1'),(662,'E',47,352,'2019-05-14 22:46:15',NULL,'MTgxLjE5OC4xMC4xNjg=',2,NULL,'1','2019-05-14 22:46:15',NULL,'1'),(663,'E',25,176,'2019-05-14 22:58:22',NULL,'MTg2LjY4LjE0My4xMDY=',66,NULL,'1','2019-05-14 22:58:22',NULL,'1'),(664,'E',44,124,'2019-05-14 23:06:05',NULL,'MTg2LjY4LjE0My4xMDY=',85,NULL,'1','2019-05-14 23:06:05',NULL,'1'),(665,'E',65,282,'2019-05-14 23:09:53',NULL,'MTg2LjY4LjE0My4xMDY=',101,NULL,'1','2019-05-14 23:09:53',NULL,'1'),(666,'E',29,84,'2019-05-14 23:12:40',NULL,'MTg2LjY4LjE0My4xMDY=',70,NULL,'1','2019-05-14 23:12:40',NULL,'1'),(667,'E',26,87,'2019-05-14 23:15:58',NULL,'MTg2LjY4LjE0My4xMDY=',67,NULL,'1','2019-05-14 23:15:58',NULL,'1'),(668,'E',30,145,'2019-05-14 23:19:20',NULL,'MTg2LjY4LjE0My4xMDY=',71,NULL,'1','2019-05-14 23:19:20',NULL,'1'),(669,'E',52,158,'2019-05-14 23:19:53',NULL,'MTg2LjY4LjE0My4xMDY=',34,NULL,'1','2019-05-14 23:19:53',NULL,'1'),(670,'E',54,98,'2019-05-15 01:06:43',NULL,'MTg2LjY4LjE0My4xMDY=',90,NULL,'1','2019-05-15 01:06:43',NULL,'1'),(671,'S',29,84,NULL,'2019-05-15 01:11:56','MTg2LjY4LjE0My4xMDY=',70,666,'1','2019-05-15 01:11:56',NULL,'1'),(672,'S',30,145,NULL,'2019-05-15 01:14:43','MTg2LjY4LjE0My4xMDY=',71,668,'1','2019-05-15 01:14:43',NULL,'1'),(673,'E',12,76,'2019-05-15 01:15:11',NULL,'MTg2LjY4LjE0My4xMDY=',37,NULL,'1','2019-05-15 01:15:11',NULL,'1'),(674,'S',26,87,NULL,'2019-05-15 01:15:50','MTg2LjY4LjE0My4xMDY=',67,667,'1','2019-05-15 01:15:50',NULL,'1'),(675,'E',15,142,'2019-05-15 01:16:36',NULL,'MTg2LjY4LjE0My4xMDY=',56,NULL,'1','2019-05-15 01:16:36',NULL,'1'),(676,'S',44,124,NULL,'2019-05-15 01:17:05','MTg2LjY4LjE0My4xMDY=',85,664,'1','2019-05-15 01:17:05',NULL,'1'),(677,'S',65,282,NULL,'2019-05-15 01:20:41','MTg2LjY4LjE0My4xMDY=',101,665,'1','2019-05-15 01:20:41',NULL,'1'),(678,'S',52,158,NULL,'2019-05-15 01:25:15','MTg2LjY4LjE0My4xMDY=',34,669,'1','2019-05-15 01:25:15',NULL,'1'),(679,'E',18,167,'2019-05-15 01:26:24',NULL,'MTgxLjE4OC4yMDAuODk=',59,NULL,'1','2019-05-15 01:26:24',NULL,'1'),(680,'E',73,609,'2019-05-15 02:08:54',NULL,'MTkwLjIxNi4xMDguMjY=',107,NULL,'1','2019-05-15 02:08:54',NULL,'1'),(681,'E',2,127,'2019-05-15 03:05:36',NULL,'MTg2LjUuNzYuMTM5',53,NULL,'1','2019-05-15 03:05:36',NULL,'1'),(682,'S',54,98,NULL,'2019-05-15 03:11:28','MTg2LjY4LjE0My4xMDY=',90,670,'1','2019-05-15 03:11:28',NULL,'1'),(683,'S',2,127,NULL,'2019-05-15 03:15:16','MTg2LjUuNzYuMTM5',53,681,'1','2019-05-15 03:15:16',NULL,'1'),(684,'S',15,142,NULL,'2019-05-15 03:19:42','MTg2LjY4LjE0My4xMDY=',56,675,'1','2019-05-15 03:19:42',NULL,'1'),(685,'S',73,609,NULL,'2019-05-15 03:20:40','MTkwLjIxNi4xMDguMjY=',107,680,'1','2019-05-15 03:20:40',NULL,'1'),(686,'S',12,76,NULL,'2019-05-15 03:23:40','MTg2LjY4LjE0My4xMDY=',37,673,'1','2019-05-15 03:23:40',NULL,'1'),(687,'E',7,382,'2019-05-15 14:03:14',NULL,'MTg2LjY4LjE0My4xMDY=',50,NULL,'1','2019-05-15 14:03:14',NULL,'1'),(688,'E',42,71,'2019-05-15 23:09:42',NULL,'MTg2LjY4LjE0My4xMDY=',83,NULL,'1','2019-05-15 23:09:42',NULL,'1'),(689,'E',35,171,'2019-05-15 23:18:08',NULL,'MTg2LjY4LjE0My4xMDY=',76,NULL,'1','2019-05-15 23:18:08',NULL,'1'),(690,'E',6,155,'2019-05-15 23:25:18',NULL,'MTg2LjY4LjE0My4xMDY=',3,NULL,'1','2019-05-15 23:25:18',NULL,'1'),(691,'E',51,116,'2019-05-15 23:26:13',NULL,'MTg2LjY4LjE0My4xMDY=',28,NULL,'1','2019-05-15 23:26:13',NULL,'1'),(692,'E',72,563,'2019-05-15 23:37:42',NULL,'MTg2LjY4LjE0My4xMDY=',106,NULL,'1','2019-05-15 23:37:42',NULL,'1'),(693,'E',73,566,'2019-05-16 00:07:58',NULL,'MTg2LjUuNzYuMTM5',107,NULL,'1','2019-05-16 00:07:58',NULL,'1'),(694,'S',73,566,NULL,'2019-05-16 02:10:55','MTg2LjUuNzYuMTM5',107,693,'1','2019-05-16 02:10:55',NULL,'1'),(695,'S',35,171,NULL,'2019-05-16 02:16:50','MTg2LjY4LjE0My4xMDY=',76,689,'1','2019-05-16 02:16:50',NULL,'1'),(696,'S',72,563,NULL,'2019-05-16 02:17:20','MTg2LjY4LjE0My4xMDY=',106,692,'1','2019-05-16 02:17:20',NULL,'1'),(697,'S',6,155,NULL,'2019-05-16 02:17:56','MTg2LjY4LjE0My4xMDY=',3,690,'1','2019-05-16 02:17:56',NULL,'1'),(698,'S',51,116,NULL,'2019-05-16 02:20:15','MTg2LjY4LjE0My4xMDY=',28,691,'1','2019-05-16 02:20:15',NULL,'1'),(699,'S',42,71,NULL,'2019-05-16 02:21:27','MTg2LjY4LjE0My4xMDY=',83,688,'1','2019-05-16 02:21:27',NULL,'1'),(700,'E',7,62,'2019-05-16 13:49:19',NULL,'MTg2LjY4LjE0My4xMDY=',50,NULL,'1','2019-05-16 13:49:19',NULL,'1'),(701,'E',41,70,'2019-05-16 13:49:48',NULL,'MTg2LjY4LjE0My4xMDY=',82,NULL,'1','2019-05-16 13:49:48',NULL,'1'),(702,'E',30,55,'2019-05-16 13:50:24',NULL,'MTg2LjY4LjE0My4xMDY=',71,NULL,'1','2019-05-16 13:50:24',NULL,'1'),(703,'E',39,40,'2019-05-16 14:14:11',NULL,'MTkwLjExMS44Mi4xNjY=',80,NULL,'1','2019-05-16 14:14:11',NULL,'1'),(704,'E',6,37,'2019-05-16 14:20:56',NULL,'MTg2LjY4LjE0My4xMDY=',3,NULL,'1','2019-05-16 14:20:56',NULL,'1'),(705,'E',40,52,'2019-05-16 15:34:10',NULL,'MTg2LjY4LjE0My4xMDY=',81,NULL,'1','2019-05-16 15:34:10',NULL,'1'),(706,'S',30,55,NULL,'2019-05-16 15:52:47','MTg2LjY4LjE0My4xMDY=',71,702,'1','2019-05-16 15:52:47',NULL,'1'),(707,'E',1,46,'2019-05-16 15:53:03',NULL,'MTkwLjIxNi4xMDguMjY=',30,NULL,'1','2019-05-16 15:53:03',NULL,'1'),(708,'E',47,21,'2019-05-16 15:55:12',NULL,'MTgxLjE5OC4xMC4xNjg=',2,NULL,'1','2019-05-16 15:55:12',NULL,'1'),(709,'S',41,70,NULL,'2019-05-16 16:01:04','MTg2LjY4LjE0My4xMDY=',82,701,'1','2019-05-16 16:01:04',NULL,'1'),(710,'E',22,59,'2019-05-16 16:01:25',NULL,'MTg2LjUuNzYuMTM5',63,NULL,'1','2019-05-16 16:01:25',NULL,'1'),(711,'S',7,62,NULL,'2019-05-16 16:03:12','MTg2LjY4LjE0My4xMDY=',50,700,'1','2019-05-16 16:03:12',NULL,'1'),(712,'S',39,40,NULL,'2019-05-16 16:05:46','MTkwLjExMS44Mi4xNjY=',80,703,'1','2019-05-16 16:05:46',NULL,'1'),(713,'S',6,37,NULL,'2019-05-16 16:13:32','MTg2LjUuNzYuMTM5',3,704,'1','2019-05-16 16:13:32',NULL,'1'),(714,'S',40,52,NULL,'2019-05-16 18:08:55','MTgxLjE5OC4xMC4xNjc=',81,705,'1','2019-05-16 18:08:55',NULL,'1'),(715,'E',26,67,'2019-05-16 18:14:12',NULL,'MTg2LjY4LjE0My4xMDY=',67,NULL,'1','2019-05-16 18:14:12',NULL,'1'),(716,'S',1,46,NULL,'2019-05-16 18:20:20','MTg2LjY4LjE0My4xMDY=',30,707,'1','2019-05-16 18:20:20',NULL,'1'),(717,'E',51,34,'2019-05-16 18:25:23',NULL,'MTg2LjY4LjE0My4xMDY=',28,NULL,'1','2019-05-16 18:25:23',NULL,'1'),(718,'S',26,67,NULL,'2019-05-16 20:27:32','MTg2LjY4LjE0My4xMDY=',67,715,'1','2019-05-16 20:27:32',NULL,'1'),(719,'E',65,283,'2019-05-16 23:02:56',NULL,'MTg2LjY4LjE0My4xMDY=',101,NULL,'1','2019-05-16 23:02:56',NULL,'1'),(720,'E',30,146,'2019-05-16 23:13:38',NULL,'MTg2LjY4LjE0My4xMDY=',71,NULL,'1','2019-05-16 23:13:38',NULL,'1'),(721,'E',26,88,'2019-05-16 23:14:05',NULL,'MTg2LjY4LjE0My4xMDY=',67,NULL,'1','2019-05-16 23:14:05',NULL,'1'),(722,'E',52,159,'2019-05-16 23:24:01',NULL,'MTg2LjY4LjE0My4xMDY=',34,NULL,'1','2019-05-16 23:24:01',NULL,'1'),(723,'E',29,85,'2019-05-16 23:40:41',NULL,'MTg2LjY4LjE0My4xMDY=',70,NULL,'1','2019-05-16 23:40:41',NULL,'1'),(724,'S',30,146,NULL,'2019-05-17 01:12:05','MTg2LjY4LjE0My4xMDY=',71,720,'1','2019-05-17 01:12:05',NULL,'1'),(725,'E',15,143,'2019-05-17 01:13:52',NULL,'MTg2LjY4LjE0My4xMDY=',56,NULL,'1','2019-05-17 01:13:52',NULL,'1'),(726,'S',52,159,NULL,'2019-05-17 01:14:19','MTg2LjY4LjE0My4xMDY=',34,722,'1','2019-05-17 01:14:19',NULL,'1'),(727,'S',26,88,NULL,'2019-05-17 01:21:10','MTg2LjY4LjE0My4xMDY=',67,721,'1','2019-05-17 01:21:10',NULL,'1'),(728,'S',65,283,NULL,'2019-05-17 01:21:42','MTg2LjY4LjE0My4xMDY=',101,719,'1','2019-05-17 01:21:42',NULL,'1'),(729,'S',29,85,NULL,'2019-05-17 01:24:35','MTg2LjY4LjE0My4xMDY=',70,723,'1','2019-05-17 01:24:35',NULL,'1'),(730,'E',73,620,'2019-05-17 01:31:22',NULL,'MTkwLjIxNi4xMDguMjY=',107,NULL,'1','2019-05-17 01:31:22',NULL,'1'),(731,'E',18,168,'2019-05-17 01:44:03',NULL,'MTgxLjE5OC4xMC4xNjg=',59,NULL,'1','2019-05-17 01:44:03',NULL,'1'),(732,'E',2,128,'2019-05-17 01:55:23',NULL,'MTg2LjUuNzYuMTM5',53,NULL,'1','2019-05-17 01:55:23',NULL,'1'),(733,'E',54,99,'2019-05-17 02:51:46',NULL,'MTg2LjY4LjE0My4xMDY=',90,NULL,'1','2019-05-17 02:51:46',NULL,'1'),(734,'S',54,99,NULL,'2019-05-17 03:10:06','MTg2LjY4LjE0My4xMDY=',90,733,'1','2019-05-17 03:10:06',NULL,'1'),(735,'S',2,128,NULL,'2019-05-17 03:19:11','MTg2LjUuNzYuMTM5',0,732,'1','2019-05-17 03:19:11',NULL,'1'),(736,'S',73,620,NULL,'2019-05-17 03:20:03','MTkwLjIxNi4xMDguMjY=',107,730,'1','2019-05-17 03:20:03',NULL,'1'),(737,'S',18,168,NULL,'2019-05-17 03:31:42','MTgxLjE4OC4yMDEuOTQ=',59,731,'1','2019-05-17 03:31:42',NULL,'1'),(738,'E',35,172,'2019-05-17 23:14:29',NULL,'MTg2LjY4LjE0My4xMDY=',76,NULL,'1','2019-05-17 23:14:29',NULL,'1'),(739,'E',73,567,'2019-05-17 23:17:45',NULL,'MTkwLjYzLjE1MC4xOTY=',107,NULL,'1','2019-05-17 23:17:45',NULL,'1'),(740,'E',51,117,'2019-05-17 23:20:01',NULL,'MTg2LjY4LjE0My4xMDY=',28,NULL,'1','2019-05-17 23:20:01',NULL,'1'),(741,'E',42,72,'2019-05-17 23:26:37',NULL,'MTg2LjY4LjE0My4xMDY=',83,NULL,'1','2019-05-17 23:26:37',NULL,'1'),(742,'E',6,156,'2019-05-17 23:28:32',NULL,'MTg2LjY4LjE0My4xMDY=',3,NULL,'1','2019-05-17 23:28:32',NULL,'1'),(743,'E',72,564,'2019-05-17 23:30:38',NULL,'MTg2LjY4LjE0My4xMDY=',106,NULL,'1','2019-05-17 23:30:38',NULL,'1'),(744,'E',20,79,'2019-05-17 23:47:09',NULL,'MTkwLjYzLjEuMjA2',61,NULL,'1','2019-05-17 23:47:09',NULL,'1'),(745,'S',35,172,NULL,'2019-05-18 02:13:03','MTg2LjY4LjE0My4xMDY=',76,738,'1','2019-05-18 02:13:03',NULL,'1'),(746,'S',73,567,NULL,'2019-05-18 02:19:55','MTg2LjUuNzYuMTM5',107,739,'1','2019-05-18 02:19:55',NULL,'1'),(747,'S',6,156,NULL,'2019-05-18 02:21:24','MTg2LjUuNzYuMTM5',3,742,'1','2019-05-18 02:21:24',NULL,'1'),(748,'S',42,72,NULL,'2019-05-18 02:21:32','MTg2LjY4LjE0My4xMDY=',83,741,'1','2019-05-18 02:21:32',NULL,'1'),(749,'S',20,79,NULL,'2019-05-18 02:47:06','MTgxLjE3NS45Ni40Nw==',61,744,'1','2019-05-18 02:47:06',NULL,'1'),(750,'E',7,2,'2019-05-18 12:02:39',NULL,'MTg2LjY4LjE0My4xMDY=',50,NULL,'1','2019-05-18 12:02:39',NULL,'1'),(751,'E',54,257,'2019-05-18 12:04:24',NULL,'MTg2LjY4LjE0My4xMDY=',90,NULL,'1','2019-05-18 12:04:24',NULL,'1'),(752,'E',20,262,'2019-05-18 12:04:32',NULL,'MTkwLjYzLjEuMTY4',61,NULL,'1','2019-05-18 12:04:32',NULL,'1'),(753,'E',58,259,'2019-05-18 12:11:30',NULL,'MTg2LjY4LjE0My4xMDY=',94,NULL,'1','2019-05-18 12:11:30',NULL,'1'),(754,'E',59,258,'2019-05-18 12:12:00',NULL,'MTg2LjUuNzYuMTM5',95,NULL,'1','2019-05-18 12:12:00',NULL,'1'),(755,'E',52,260,'2019-05-18 12:20:17',NULL,'MTg2LjY4LjE0My4xMDY=',34,NULL,'1','2019-05-18 12:20:17',NULL,'1'),(756,'E',11,1,'2019-05-18 12:22:53',NULL,'MTg2LjY4LjE0My4xMDY=',49,NULL,'1','2019-05-18 12:22:53',NULL,'1'),(757,'E',62,263,'2019-05-18 13:03:13',NULL,'MTg2LjUuNzYuMTM5',98,NULL,'1','2019-05-18 13:03:13',NULL,'1'),(758,'E',41,269,'2019-05-18 15:07:45',NULL,'MTg2LjY4LjE0My4xMDY=',82,NULL,'1','2019-05-18 15:07:45',NULL,'1'),(759,'E',9,4,'2019-05-18 15:08:54',NULL,'MTg2LjY4LjE0My4xMDY=',33,NULL,'1','2019-05-18 15:08:54',NULL,'1'),(760,'E',74,568,'2019-05-18 15:09:38',NULL,'MTg2LjY4LjE0My4xMDY=',108,NULL,'1','2019-05-18 15:09:38',NULL,'1'),(761,'S',20,262,NULL,'2019-05-18 15:10:16','MTg2LjY4LjE0My4xMDY=',61,752,'1','2019-05-18 15:10:16',NULL,'1'),(762,'S',62,263,NULL,'2019-05-18 15:13:00','MTg2LjUuNzYuMTM5',0,757,'1','2019-05-18 15:13:00',NULL,'1'),(763,'E',78,569,'2019-05-18 15:16:51',NULL,'MTg2LjY4LjE0My4xMDY=',112,NULL,'1','2019-05-18 15:16:51',NULL,'1'),(764,'S',7,2,NULL,'2019-05-18 15:18:28','MTg2LjY4LjE0My4xMDY=',50,750,'1','2019-05-18 15:18:28',NULL,'1'),(765,'S',54,257,NULL,'2019-05-18 15:22:35','MTg2LjY4LjE0My4xMDY=',90,751,'1','2019-05-18 15:22:35',NULL,'1'),(766,'S',59,258,NULL,'2019-05-18 15:23:50','MTg2LjY4LjE0My4xMDY=',95,754,'1','2019-05-18 15:23:50',NULL,'1'),(767,'E',57,266,'2019-05-18 15:25:12',NULL,'MTg2LjY4LjE0My4xMDY=',93,NULL,'1','2019-05-18 15:25:12',NULL,'1'),(768,'S',58,259,NULL,'2019-05-18 15:25:50','MTg2LjY4LjE0My4xMDY=',94,753,'1','2019-05-18 15:25:50',NULL,'1'),(769,'S',52,260,NULL,'2019-05-18 15:27:02','MTg2LjY4LjE0My4xMDY=',34,755,'1','2019-05-18 15:27:02',NULL,'1'),(770,'E',72,565,'2019-05-18 15:39:08',NULL,'MTg2LjY4LjE0My4xMDY=',106,NULL,'1','2019-05-18 15:39:08',NULL,'1'),(771,'S',72,565,NULL,'2019-05-18 18:30:04','MTg2LjY4LjE0My4xMDY=',106,770,'1','2019-05-18 18:30:04',NULL,'1'),(772,'S',9,4,NULL,'2019-05-18 18:31:26','MTg2LjUuNzYuMTM5',33,759,'1','2019-05-18 18:31:26',NULL,'1'),(773,'S',78,569,NULL,'2019-05-18 18:31:52','MTg2LjY4LjE0My4xMDY=',112,763,'1','2019-05-18 18:31:52',NULL,'1'),(774,'S',57,266,NULL,'2019-05-18 18:39:00','MTg2LjY4LjE0My4xMDY=',93,767,'1','2019-05-18 18:39:00',NULL,'1'),(775,'S',41,269,NULL,'2019-05-18 18:54:12','MTg2LjY4LjE0My4xMDY=',82,758,'1','2019-05-18 18:54:12',NULL,'1'),(776,'E',60,276,'2019-05-18 19:08:29',NULL,'MTg2LjY4LjE0My4xMDY=',96,NULL,'1','2019-05-18 19:08:29',NULL,'1'),(777,'E',6,9,'2019-05-18 19:32:08',NULL,'MTg2LjY4LjE0My4xMDY=',3,NULL,'1','2019-05-18 19:32:08',NULL,'1'),(778,'S',60,276,NULL,'2019-05-18 22:36:14','MTg2LjY4LjE0My4xMDY=',96,776,'1','2019-05-18 22:36:14',NULL,'1'),(779,'S',6,9,NULL,'2019-05-18 22:40:38','MTg2LjY4LjE0My4xMDY=',3,777,'1','2019-05-18 22:40:38',NULL,'1'),(780,'E',41,68,'2019-05-20 13:57:17',NULL,'MTg2LjUuNzYuMTM5',82,NULL,'1','2019-05-20 13:57:17',NULL,'1'),(781,'E',30,53,'2019-05-20 14:00:23',NULL,'MTg2LjUuNzYuMTM5',71,NULL,'1','2019-05-20 14:00:23',NULL,'1'),(782,'E',6,35,'2019-05-20 14:12:51',NULL,'MTgxLjE5OC4xMC4xNjM=',3,NULL,'1','2019-05-20 14:12:51',NULL,'1'),(783,'E',1,44,'2019-05-20 15:58:23',NULL,'MTg2LjY4LjE0My4xMDY=',30,NULL,'1','2019-05-20 15:58:23',NULL,'1'),(784,'S',41,68,NULL,'2019-05-20 16:02:54','MTg2LjUuNzYuMTM5',82,780,'1','2019-05-20 16:02:54',NULL,'1'),(785,'E',22,56,'2019-05-20 16:05:29',NULL,'MTg2LjUuNzYuMTM5',63,NULL,'1','2019-05-20 16:05:29',NULL,'1'),(786,'E',47,19,'2019-05-20 16:07:24',NULL,'MTg2LjY4LjE0My4xMDY=',2,NULL,'1','2019-05-20 16:07:24',NULL,'1'),(787,'S',30,53,NULL,'2019-05-20 16:08:35','MTg2LjUuNzYuMTM5',71,781,'1','2019-05-20 16:08:35',NULL,'1'),(788,'S',6,35,NULL,'2019-05-20 16:16:06','MTg2LjY4LjE0My4xMDY=',3,782,'1','2019-05-20 16:16:06',NULL,'1'),(789,'E',48,25,'2019-05-20 16:44:11',NULL,'MTgxLjE5OC4xMC4xNjU=',24,NULL,'1','2019-05-20 16:44:11',NULL,'1'),(790,'S',48,25,NULL,'2019-05-20 18:08:49','MTgxLjE5OC4xMC4xNjU=',24,789,'1','2019-05-20 18:08:49',NULL,'1'),(791,'S',47,19,NULL,'2019-05-20 18:17:27','MTg2LjY4LjE0My4xMDY=',2,786,'1','2019-05-20 18:17:27',NULL,'1'),(792,'S',1,44,NULL,'2019-05-20 18:20:57','MTg2LjY4LjE0My4xMDY=',30,783,'1','2019-05-20 18:20:57',NULL,'1'),(793,'E',51,32,'2019-05-20 18:31:36',NULL,'MTg2LjY4LjE0My4xMDY=',28,NULL,'1','2019-05-20 18:31:36',NULL,'1'),(794,'S',47,350,NULL,'2019-05-08 00:01:02','MTg2LjY4LjE0My4xMDY=',2,513,'1','2019-05-08 00:01:02',NULL,'1'),(795,'S',47,352,NULL,'2019-05-15 00:05:42','MTgxLjE5OC4xMC4xNjg=',2,662,'1','2019-05-15 00:05:42',NULL,'1'),(796,'S',47,21,NULL,'2019-05-16 18:07:21','MTgxLjE5OC4xMC4xNjg=',2,708,'1','2019-05-16 18:07:21',NULL,'1'),(797,'S',51,32,NULL,'2019-05-20 20:33:29','MTg2LjY4LjE0My4xMDY=',28,793,'1','2019-05-20 20:33:29',NULL,'1'),(798,'E',69,398,'2019-05-20 22:47:01',NULL,'MTg2LjY4LjE0My4xMDY=',5,NULL,'1','2019-05-20 22:47:01',NULL,'1'),(799,'E',30,144,'2019-05-20 23:14:26',NULL,'MTg2LjY4LjE0My4xMDY=',71,NULL,'1','2019-05-20 23:14:26',NULL,'1'),(800,'E',26,86,'2019-05-20 23:25:57',NULL,'MTg2LjUuNzYuMTM5',67,NULL,'1','2019-05-20 23:25:57',NULL,'1'),(801,'E',69,399,'2019-05-21 01:03:02',NULL,'MTkwLjIxNi4xMDguMjY=',5,NULL,'1','2019-05-21 01:03:02',NULL,'1'),(802,'S',69,398,NULL,'2019-05-21 01:03:08','MTkwLjIxNi4xMDguMjY=',5,798,'1','2019-05-21 01:03:08',NULL,'1'),(803,'E',26,420,'2019-05-21 01:24:28',NULL,'MTkwLjIxNi4xMDguMjY=',67,NULL,'1','2019-05-21 01:24:28',NULL,'1'),(804,'S',26,86,NULL,'2019-05-21 01:24:45','MTkwLjIxNi4xMDguMjY=',67,800,'1','2019-05-21 01:24:45',NULL,'1'),(805,'E',18,166,'2019-05-21 01:44:17',NULL,'MTg2LjUuNzYuMTM5',59,NULL,'1','2019-05-21 01:44:17',NULL,'1'),(806,'S',26,420,NULL,'2019-05-21 02:00:03','MTkwLjIxNi4xMDguMjY=',67,803,'1','2019-05-21 02:00:03',NULL,'1'),(807,'S',69,399,NULL,'2019-05-21 02:20:38','MTkwLjIxNi4xMDguMjY=',5,801,'1','2019-05-21 02:20:38',NULL,'1'),(808,'S',18,166,NULL,'2019-05-21 03:15:01','MTgxLjE4OC4yMDEuODE=',59,805,'1','2019-05-21 03:15:01',NULL,'1'),(809,'E',41,69,'2019-05-21 13:41:28',NULL,'MTg2LjY4LjE0My4xMDY=',82,NULL,'1','2019-05-21 13:41:28',NULL,'1'),(810,'E',30,54,'2019-05-21 14:02:26',NULL,'MTg2LjY4LjE0My4xMDY=',71,NULL,'1','2019-05-21 14:02:26',NULL,'1'),(811,'E',6,36,'2019-05-21 14:19:25',NULL,'MTg2LjY4LjE0My4xMDY=',3,NULL,'1','2019-05-21 14:19:25',NULL,'1'),(812,'S',30,54,NULL,'2019-05-21 15:54:17','MTg2LjY4LjE0My4xMDY=',71,810,'1','2019-05-21 15:54:17',NULL,'1'),(813,'S',6,36,NULL,'2019-05-21 16:00:14','MTg2LjUuNzYuMTM5',3,811,'1','2019-05-21 16:00:14',NULL,'1'),(814,'S',41,69,NULL,'2019-05-21 16:02:35','MTg2LjY4LjE0My4xMDY=',82,809,'1','2019-05-21 16:02:35',NULL,'1'),(815,'E',1,45,'2019-05-21 16:04:42',NULL,'MTkwLjIxNi4xMDguMjY=',30,NULL,'1','2019-05-21 16:04:42',NULL,'1'),(816,'E',47,20,'2019-05-21 16:05:42',NULL,'MTg2LjY4LjE0My4xMDY=',2,NULL,'1','2019-05-21 16:05:42',NULL,'1'),(817,'E',22,58,'2019-05-21 16:06:38',NULL,'MTg2LjUuNzYuMTM5',63,NULL,'1','2019-05-21 16:06:38',NULL,'1'),(818,'E',48,26,'2019-05-21 17:55:22',NULL,'MTg2LjUuNzYuMTM5',24,NULL,'1','2019-05-21 17:55:22',NULL,'1'),(819,'S',48,26,NULL,'2019-05-21 17:55:27','MTg2LjUuNzYuMTM5',24,818,'1','2019-05-21 17:55:27',NULL,'1'),(820,'S',47,20,NULL,'2019-05-21 18:01:49','MTgxLjE5OC4xMC4xNjg=',2,816,'1','2019-05-21 18:01:49',NULL,'1'),(821,'S',1,45,NULL,'2019-05-21 18:09:00','MTgxLjE5OC4xMC4xNjI=',30,815,'1','2019-05-21 18:09:00',NULL,'1'),(822,'E',26,66,'2019-05-21 18:25:22',NULL,'MTg2LjY4LjE0My4xMDY=',67,NULL,'1','2019-05-21 18:25:22',NULL,'1'),(823,'E',51,33,'2019-05-21 18:29:35',NULL,'MTg2LjY4LjE0My4xMDY=',28,NULL,'1','2019-05-21 18:29:35',NULL,'1'),(824,'E',40,51,'2019-05-21 15:33:35',NULL,'MTg2LjY4LjE0My4xMDY=',81,NULL,'1','2019-05-21 15:33:35',NULL,'1'),(825,'S',40,51,NULL,'2019-05-21 18:03:46','MTg2LjY4LjE0My4xMDY=',81,824,'1','2019-05-21 18:03:46',NULL,'1'),(826,'S',51,33,NULL,'2019-05-21 20:30:52','MTg2LjY4LjE0My4xMDY=',28,823,'1','2019-05-21 20:30:52',NULL,'1'),(827,'S',26,66,NULL,'2019-05-21 20:36:09','MTg2LjY4LjE0My4xMDY=',67,822,'1','2019-05-21 20:36:09',NULL,'1'),(828,'E',47,353,'2019-05-21 22:53:34',NULL,'MTg2LjY4LjE0My4xMDY=',2,NULL,'1','2019-05-21 22:53:34',NULL,'1'),(829,'E',65,282,'2019-05-21 22:59:29',NULL,'MTg2LjY4LjE0My4xMDY=',101,NULL,'1','2019-05-21 22:59:29',NULL,'1'),(830,'E',52,158,'2019-05-21 23:03:58',NULL,'MTg2LjY4LjE0My4xMDY=',34,NULL,'1','2019-05-21 23:03:58',NULL,'1'),(831,'E',30,145,'2019-05-21 23:14:51',NULL,'MTg2LjY4LjE0My4xMDY=',71,NULL,'1','2019-05-21 23:14:51',NULL,'1'),(832,'E',26,87,'2019-05-21 23:15:16',NULL,'MTg2LjY4LjE0My4xMDY=',67,NULL,'1','2019-05-21 23:15:16',NULL,'1'),(833,'E',54,98,'2019-05-22 01:07:24',NULL,'MTg2LjY4LjE0My4xMDY=',90,NULL,'1','2019-05-22 01:07:24',NULL,'1'),(834,'E',15,142,'2019-05-22 01:11:18',NULL,'MTg2LjY4LjE0My4xMDY=',56,NULL,'1','2019-05-22 01:11:18',NULL,'1'),(835,'E',80,632,'2019-05-22 01:12:35',NULL,'MTg2LjY4LjE0My4xMDY=',114,NULL,'1','2019-05-22 01:12:35',NULL,'1'),(836,'S',30,145,NULL,'2019-05-22 01:13:25','MTg2LjY4LjE0My4xMDY=',71,831,'1','2019-05-22 01:13:25',NULL,'1'),(837,'E',18,167,'2019-05-22 01:16:42',NULL,'MTgxLjE5OC4xMC4xNjk=',59,NULL,'1','2019-05-22 01:16:42',NULL,'1'),(838,'S',26,87,NULL,'2019-05-22 01:20:13','MTg2LjY4LjE0My4xMDY=',67,832,'1','2019-05-22 01:20:13',NULL,'1'),(839,'E',12,76,'2019-05-22 01:22:04',NULL,'MTg2LjY4LjE0My4xMDY=',37,NULL,'1','2019-05-22 01:22:04',NULL,'1'),(840,'S',65,282,NULL,'2019-05-22 01:22:38','MTg2LjY4LjE0My4xMDY=',101,829,'1','2019-05-22 01:22:38',NULL,'1'),(841,'E',2,127,'2019-05-22 01:43:11',NULL,'MTg2LjUuNzYuMTM5',53,NULL,'1','2019-05-22 01:43:11',NULL,'1'),(842,'S',15,142,NULL,'2019-05-22 03:10:03','MTg2LjY4LjE0My4xMDY=',56,834,'1','2019-05-22 03:10:03',NULL,'1'),(843,'S',18,167,NULL,'2019-05-22 03:10:11','MTgxLjE4OC4yMDAuMTc=',59,837,'1','2019-05-22 03:10:11',NULL,'1'),(844,'S',80,632,NULL,'2019-05-22 03:10:19','MTg2LjUuNzYuMTM5',114,835,'1','2019-05-22 03:10:19',NULL,'1'),(845,'S',2,127,NULL,'2019-05-22 03:10:29','MTg2LjY4LjE0My4xMDY=',53,841,'1','2019-05-22 03:10:29',NULL,'1'),(846,'S',54,98,NULL,'2019-05-22 03:11:03','MTg2LjY4LjE0My4xMDY=',90,833,'1','2019-05-22 03:11:03',NULL,'1'),(847,'S',12,76,NULL,'2019-05-22 03:23:07','MTg2LjY4LjE0My4xMDY=',37,839,'1','2019-05-22 03:23:07',NULL,'1'),(848,'E',20,79,'2019-05-11 00:21:47',NULL,'MTkwLjYzLjE1MC40OQ==',61,NULL,'1','2019-05-11 00:21:47',NULL,'1'),(849,'E',6,156,'2019-05-11 01:08:19',NULL,'MTg2LjUuNzYuMTM5',3,NULL,'1','2019-05-11 01:08:19',NULL,'1'),(850,'E',73,567,'2019-05-11 02:19:28',NULL,'MTkwLjYzLjEuNDc=',107,NULL,'1','2019-05-11 02:19:28',NULL,'1'),(851,'S',73,567,NULL,'2019-05-11 02:20:02','MTkwLjYzLjEuNDc=',107,850,'1','2019-05-11 02:20:02',NULL,'1'),(852,'E',20,262,'2019-05-11 12:18:35',NULL,'MTkwLjYzLjEuMw==',61,NULL,'1','2019-05-11 12:18:35',NULL,'1'),(853,'E',41,269,'2019-05-11 15:06:39',NULL,'MTg2LjY4LjE0My4xMDY=',82,NULL,'1','2019-05-11 15:06:39',NULL,'1'),(854,'E',26,65,'2019-05-13 18:07:03',NULL,'MTg2LjUuNzYuMTM5',67,NULL,'1','2019-05-13 18:07:03',NULL,'1'),(855,'S',26,65,NULL,'2019-05-13 20:31:47','MTg2LjUuNzYuMTM5',67,854,'1','2019-05-13 20:31:47',NULL,'1'),(856,'S',25,175,NULL,'2019-05-14 01:16:31','MTgxLjE5OC4xMC4xNzA=',66,623,'1','2019-05-14 01:16:31',NULL,'1'),(857,'E',30,54,'2019-05-14 13:57:30',NULL,'MTg2LjUuNzYuMTM5',71,NULL,'1','2019-05-14 13:57:30',NULL,'1'),(858,'S',30,54,NULL,'2019-05-14 15:56:48','MTg2LjUuNzYuMTM5',71,857,'1','2019-05-14 15:56:48',NULL,'1'),(859,'E',26,66,'2019-05-14 18:14:15',NULL,'MTg2LjUuNzYuMTM5',67,NULL,'1','2019-05-14 18:14:15',NULL,'1'),(860,'S',26,66,NULL,'2019-05-14 20:31:16','MTg2LjUuNzYuMTM5',67,859,'1','2019-05-14 20:31:16',NULL,'1'),(861,'E',20,78,'2019-05-15 23:49:42',NULL,'MTkwLjExMS44Mi4xMTM=',61,NULL,'1','2019-05-15 23:49:42',NULL,'1'),(862,'S',20,78,NULL,'2019-05-16 02:26:32','MTkwLjYzLjE1MC4xNjQ=',61,861,'1','2019-05-16 02:26:32',NULL,'1'),(863,'E',77,577,'2019-05-17 23:20:16',NULL,'MTkwLjExMS44Mi4yNg==',111,NULL,'1','2019-05-17 23:20:16',NULL,'1'),(864,'S',72,564,NULL,'2019-05-18 02:22:39','MTgxLjE5OC4xMC4xNjg=',106,743,'1','2019-05-18 02:22:39',NULL,'1'),(865,'E',2,3,'2019-05-18 12:32:11',NULL,'MTg2LjUuNzYuMTM5',53,NULL,'1','2019-05-18 12:32:11',NULL,'1'),(866,'E',40,50,'2019-05-20 15:45:22',NULL,'MTgxLjE5OC4xMC4xNzQ=',81,NULL,'1','2019-05-20 15:45:22',NULL,'1'),(867,'E',54,97,'2019-05-21 01:09:03',NULL,'MTg2LjY4LjE0My4xMDY=',90,NULL,'1','2019-05-21 01:09:03',NULL,'1'),(868,'S',54,97,NULL,'2019-05-21 03:20:17','MTg2LjY4LjE0My4xMDY=',90,867,'1','2019-05-21 03:20:17',NULL,'1'),(869,'E',15,141,'2019-05-21 01:13:41',NULL,'MTg2LjY4LjE0My4xMDY=',56,NULL,'1','2019-05-21 01:13:41',NULL,'1'),(870,'E',52,157,'2019-05-20 23:44:55',NULL,'MTg2LjY4LjE0My4xMDY=',34,NULL,'1','2019-05-20 23:44:55',NULL,'1'),(871,'E',2,5,'2019-04-27 15:31:08',NULL,'MTkwLjIxNi4xMDguMjY=',53,NULL,'1','2019-04-27 15:31:08',NULL,'1'),(872,'S',2,5,NULL,'2019-04-27 18:30:16','MTkwLjIxNi4xMDguMjY=',53,871,'1','2019-04-27 18:30:16',NULL,'1'),(873,'E',2,126,'2019-04-30 01:20:36',NULL,'MTkwLjIxNi4xMDguMjY=',53,NULL,'1','2019-04-30 01:20:36',NULL,'1'),(874,'S',2,126,NULL,'2019-04-30 03:20:17','MTkwLjIxNi4xMDguMjY=',53,873,'1','2019-04-30 03:20:36',NULL,'1'),(875,'E',2,126,'2019-05-07 01:15:18',NULL,'MTkwLjIxNi4xMDguMjY=',53,0,'1','2019-05-07 01:15:18',NULL,'1'),(876,'S',2,126,NULL,'2019-05-07 03:15:06','MTkwLjIxNi4xMDguMjY=',53,875,'1','2019-05-07 03:15:06',NULL,'1'),(877,'E',2,127,'2019-05-08 01:18:45',NULL,'MTkwLjIxNi4xMDguMjY=',53,NULL,'1','2019-05-08 01:18:45',NULL,'1'),(878,'S',2,127,NULL,'2019-05-08 03:18:35','MTkwLjIxNi4xMDguMjY=',53,877,'1','2019-05-08 03:18:35',NULL,'1'),(879,'E',2,5,'2019-05-18 15:29:25',NULL,'MTkwLjIxNi4xMDguMjY=',53,NULL,'1','2019-05-18 15:29:25',NULL,'1'),(880,'S',2,5,NULL,'2019-05-18 18:30:52','MTkwLjIxNi4xMDguMjY=',53,879,'1','2019-05-18 18:30:52',NULL,'1'),(881,'E',2,126,'2019-05-21 01:10:31',NULL,'MTkwLjIxNi4xMDguMjY=',53,NULL,'1','2019-05-21 01:10:31',NULL,'1'),(882,'S',2,126,NULL,'2019-05-21 03:23:24','MTkwLjIxNi4xMDguMjY=',53,881,'1','2019-05-21 03:23:24',NULL,'1'),(883,'S',2,128,NULL,'2019-05-10 03:20:28','MTg2LjUuNzYuMTM5',53,555,'1','2019-05-10 03:20:28',NULL,'1'),(884,'S',2,3,NULL,'2019-05-11 15:15:38','MTg2LjY4LjE0My4xMDY=',53,567,'1','2019-05-11 15:15:38',NULL,'1'),(885,'S',2,5,NULL,'2019-05-11 18:32:56','MTg2LjUuNzYuMTM5',53,589,'1','2019-05-11 18:32:56',NULL,'1'),(886,'S',2,3,NULL,'2019-05-18 15:16:51','MTg2LjUuNzYuMTM5',53,865,'1','2019-05-18 15:16:51',NULL,'1'),(887,'E',42,71,'2019-05-22 22:58:58',NULL,'MTg2LjY4LjE0My4xMDY=',83,NULL,'1','2019-05-22 22:58:58',NULL,'1'),(888,'E',73,566,'2019-05-22 23:16:44',NULL,'MTkwLjYzLjEuMTE5',107,NULL,'1','2019-05-22 23:16:44',NULL,'1'),(889,'E',35,171,'2019-05-22 23:19:32',NULL,'MTg2LjY4LjE0My4xMDY=',76,NULL,'1','2019-05-22 23:19:32',NULL,'1'),(890,'E',72,563,'2019-05-22 23:20:17',NULL,'MTg2LjY4LjE0My4xMDY=',106,NULL,'1','2019-05-22 23:20:17',NULL,'1'),(891,'E',51,116,'2019-05-22 23:20:51',NULL,'MTg2LjY4LjE0My4xMDY=',28,NULL,'1','2019-05-22 23:20:51',NULL,'1'),(892,'E',6,155,'2019-05-22 23:25:04',NULL,'MTgxLjE5OC4xMC4xNzM=',3,NULL,'1','2019-05-22 23:25:04',NULL,'1'),(893,'E',46,173,'2019-05-22 23:28:12',NULL,'MTg2LjUuNzYuMTM5',87,NULL,'1','2019-05-22 23:28:12',NULL,'1'),(894,'E',20,78,'2019-05-22 23:50:54',NULL,'MTkwLjYzLjEuMjE1',61,NULL,'1','2019-05-22 23:50:54',NULL,'1'),(895,'S',72,563,NULL,'2019-05-23 02:16:31','MTg2LjY4LjE0My4xMDY=',106,890,'1','2019-05-23 02:16:31',NULL,'1'),(896,'S',42,71,NULL,'2019-05-23 02:20:14','MTg2LjY4LjE0My4xMDY=',83,887,'1','2019-05-23 02:20:14',NULL,'1'),(897,'S',51,116,NULL,'2019-05-23 02:21:11','MTg2LjY4LjE0My4xMDY=',28,891,'1','2019-05-23 02:21:11',NULL,'1'),(898,'S',73,566,NULL,'2019-05-23 02:23:29','MTg2LjY4LjE0My4xMDY=',107,888,'1','2019-05-23 02:23:29',NULL,'1'),(899,'S',6,155,NULL,'2019-05-23 02:24:54','MTg2LjUuNzYuMTM5',3,892,'1','2019-05-23 02:24:54',NULL,'1'),(900,'E',6,37,'2019-05-23 13:44:50',NULL,'MTg2LjY4LjE0My4xMDY=',3,NULL,'1','2019-05-23 13:44:50',NULL,'1'),(901,'E',30,55,'2019-05-23 13:56:00',NULL,'MTg2LjY4LjE0My4xMDY=',71,NULL,'1','2019-05-23 13:56:00',NULL,'1'),(902,'E',41,70,'2019-05-23 13:56:44',NULL,'MTg2LjY4LjE0My4xMDY=',82,NULL,'1','2019-05-23 13:56:44',NULL,'1'),(903,'E',40,52,'2019-05-23 15:40:55',NULL,'MTg2LjY4LjE0My4xMDY=',81,NULL,'1','2019-05-23 15:40:55',NULL,'1'),(904,'S',30,55,NULL,'2019-05-23 15:56:20','MTg2LjY4LjE0My4xMDY=',71,901,'1','2019-05-23 15:56:20',NULL,'1'),(905,'E',3,49,'2019-05-23 15:56:35',NULL,'MTg2LjY4LjE0My4xMDY=',48,NULL,'1','2019-05-23 15:56:35',NULL,'1'),(906,'S',41,70,NULL,'2019-05-23 16:02:31','MTg2LjY4LjE0My4xMDY=',82,902,'1','2019-05-23 16:02:31',NULL,'1'),(907,'S',6,37,NULL,'2019-05-23 16:03:43','MTgxLjE5OC4xMC4xNjU=',3,900,'1','2019-05-23 16:03:43',NULL,'1'),(908,'E',47,21,'2019-05-23 16:15:25',NULL,'MTg2LjY4LjE0My4xMDY=',2,NULL,'1','2019-05-23 16:15:25',NULL,'1'),(909,'E',22,59,'2019-05-23 16:23:09',NULL,'MTg2LjUuNzYuMTM5',63,NULL,'1','2019-05-23 16:23:09',NULL,'1'),(910,'E',48,27,'2019-05-23 17:55:09',NULL,'MTg2LjUuNzYuMTM5',24,NULL,'1','2019-05-23 17:55:09',NULL,'1'),(911,'S',48,27,NULL,'2019-05-23 17:55:27','MTg2LjUuNzYuMTM5',24,910,'1','2019-05-23 17:55:27',NULL,'1'),(912,'S',47,21,NULL,'2019-05-23 18:10:31','MTgxLjE5OC4xMC4xNjY=',2,908,'1','2019-05-23 18:10:31',NULL,'1'),(913,'S',40,52,NULL,'2019-05-23 18:25:32','MTg2LjY4LjE0My4xMDY=',81,903,'1','2019-05-23 18:25:32',NULL,'1'),(914,'E',51,34,'2019-05-23 18:26:28',NULL,'MTg2LjY4LjE0My4xMDY=',28,NULL,'1','2019-05-23 18:26:28',NULL,'1'),(915,'E',26,67,'2019-05-23 18:39:50',NULL,'MTg2LjY4LjE0My4xMDY=',67,NULL,'1','2019-05-23 18:39:50',NULL,'1'),(916,'S',47,353,NULL,'2019-05-22 00:10:34','MTg2LjY4LjE0My4xMDY=',2,828,'1','2019-05-22 00:10:34',NULL,'1'),(917,'S',47,19,NULL,'2019-04-29 18:03:20','MTg2LjY4LjE0My4xMDY=',2,407,'1','2019-04-29 18:03:20',NULL,'1'),(918,'E',47,345,'2019-04-16 23:05:50',NULL,'MTg2LjY4LjE0My4xMDY=',2,NULL,'1','2019-04-16 23:05:50',NULL,'1'),(919,'S',47,345,NULL,'2019-04-17 00:01:20','MTg2LjY4LjE0My4xMDY=',2,918,'1','2019-04-17 00:01:20',NULL,'1'),(920,'E',47,354,'2019-05-21 23:55:50',NULL,'MTg2LjY4LjE0My4xMDY=',2,NULL,'1','2019-05-21 23:55:50',NULL,'1'),(921,'S',47,354,NULL,'2019-05-22 01:00:35','MTg2LjY4LjE0My4xMDY=',2,920,'1','2019-05-22 01:00:35',NULL,'1'),(922,'S',26,67,NULL,'2019-05-23 20:32:42','MTg2LjY4LjE0My4xMDY=',67,915,'1','2019-05-23 20:32:42',NULL,'1'),(923,'E',29,85,'2019-05-23 22:56:00',NULL,'MTg2LjY4LjE0My4xMDY=',70,NULL,'1','2019-05-23 22:56:00',NULL,'1'),(924,'E',65,283,'2019-05-23 23:06:01',NULL,'MTg2LjY4LjE0My4xMDY=',101,NULL,'1','2019-05-23 23:06:01',NULL,'1'),(925,'E',52,159,'2019-05-23 23:09:25',NULL,'MTg2LjY4LjE0My4xMDY=',34,NULL,'1','2019-05-23 23:09:25',NULL,'1'),(926,'E',30,146,'2019-05-23 23:17:31',NULL,'MTg2LjY4LjE0My4xMDY=',71,NULL,'1','2019-05-23 23:17:31',NULL,'1'),(927,'E',26,88,'2019-05-23 23:30:30',NULL,'MTg2LjY4LjE0My4xMDY=',67,NULL,'1','2019-05-23 23:30:30',NULL,'1'),(928,'E',54,99,'2019-05-24 01:04:08',NULL,'MTg2LjY4LjE0My4xMDY=',90,NULL,'1','2019-05-24 01:04:08',NULL,'1'),(929,'S',30,146,NULL,'2019-05-24 01:15:57','MTg2LjY4LjE0My4xMDY=',71,926,'1','2019-05-24 01:15:57',NULL,'1'),(930,'S',26,88,NULL,'2019-05-24 01:16:34','MTg2LjY4LjE0My4xMDY=',67,927,'1','2019-05-24 01:16:34',NULL,'1'),(931,'E',18,168,'2019-05-24 01:18:10',NULL,'MTgxLjE4OC4yMDAuNzM=',59,NULL,'1','2019-05-24 01:18:10',NULL,'1'),(932,'E',80,633,'2019-05-24 01:19:23',NULL,'MTg2LjY4LjE0My4xMDY=',114,NULL,'1','2019-05-24 01:19:23',NULL,'1'),(933,'S',65,283,NULL,'2019-05-24 01:20:36','MTg2LjY4LjE0My4xMDY=',101,924,'1','2019-05-24 01:20:36',NULL,'1'),(934,'E',2,128,'2019-05-24 01:21:18',NULL,'MTg2LjY4LjE0My4xMDY=',53,NULL,'1','2019-05-24 01:21:18',NULL,'1'),(935,'S',52,159,NULL,'2019-05-24 01:23:08','MTg2LjY4LjE0My4xMDY=',34,925,'1','2019-05-24 01:23:08',NULL,'1'),(936,'S',29,85,NULL,'2019-05-24 01:27:24','MTg2LjY4LjE0My4xMDY=',70,923,'1','2019-05-24 01:27:24',NULL,'1'),(937,'E',12,77,'2019-05-24 01:27:51',NULL,'MTg2LjY4LjE0My4xMDY=',37,NULL,'1','2019-05-24 01:27:51',NULL,'1'),(938,'S',54,99,NULL,'2019-05-24 03:10:07','MTg2LjY4LjE0My4xMDY=',90,928,'1','2019-05-24 03:10:07',NULL,'1'),(939,'S',80,633,NULL,'2019-05-24 03:12:25','MTg2LjY4LjE0My4xMDY=',114,932,'1','2019-05-24 03:12:25',NULL,'1'),(940,'S',18,168,NULL,'2019-05-24 03:32:47','MTgxLjE4OC4yMDAuNzM=',59,931,'1','2019-05-24 03:32:47',NULL,'1'),(941,'E',41,68,'2019-05-27 13:48:42',NULL,'MTg2LjY4LjE0My4xMDY=',82,NULL,'1','2019-05-27 13:48:42',NULL,'1'),(942,'E',30,53,'2019-05-27 13:58:57',NULL,'MTg2LjY4LjE0My4xMDY=',71,NULL,'1','2019-05-27 13:58:57',NULL,'1'),(943,'E',6,35,'2019-05-27 14:04:44',NULL,'MTg2LjY4LjE0My4xMDY=',3,NULL,'1','2019-05-27 14:04:44',NULL,'1'),(944,'E',40,50,'2019-05-27 15:31:18',NULL,'MTg2LjY4LjE0My4xMDY=',81,NULL,'1','2019-05-27 15:31:18',NULL,'1'),(945,'E',1,44,'2019-05-27 15:52:23',NULL,'MTkwLjIxNi4xMDguMjY=',30,NULL,'1','2019-05-27 15:52:23',NULL,'1'),(946,'E',47,19,'2019-05-27 15:54:46',NULL,'MTgxLjE5OC4xMC4xNjI=',2,NULL,'1','2019-05-27 15:54:46',NULL,'1'),(947,'S',30,53,NULL,'2019-05-27 15:59:17','MTg2LjY4LjE0My4xMDY=',71,942,'1','2019-05-27 15:59:17',NULL,'1'),(948,'S',41,68,NULL,'2019-05-27 16:01:33','MTg2LjY4LjE0My4xMDY=',82,941,'1','2019-05-27 16:01:33',NULL,'1'),(949,'S',6,35,NULL,'2019-05-27 16:20:17','MTg2LjY4LjE0My4xMDY=',3,943,'1','2019-05-27 16:20:17',NULL,'1'),(950,'E',48,25,'2019-05-27 17:57:44',NULL,'MTg2LjUuNzYuMTM5',24,NULL,'1','2019-05-27 17:57:44',NULL,'1'),(951,'S',48,25,NULL,'2019-05-27 17:57:50','MTg2LjUuNzYuMTM5',24,950,'1','2019-05-27 17:57:50',NULL,'1'),(952,'S',40,50,NULL,'2019-05-27 18:01:52','MTg2LjY4LjE0My4xMDY=',81,944,'1','2019-05-27 18:01:52',NULL,'1'),(953,'S',1,44,NULL,'2019-05-27 18:04:16','MTg2LjY4LjE0My4xMDY=',30,945,'1','2019-05-27 18:04:16',NULL,'1'),(954,'S',47,19,NULL,'2019-05-27 18:12:32','MTgxLjE5OC4xMC4xNjI=',2,946,'1','2019-05-27 18:12:32',NULL,'1'),(955,'E',51,32,'2019-05-27 18:24:18',NULL,'MTg2LjY4LjE0My4xMDY=',28,NULL,'1','2019-05-27 18:24:18',NULL,'1'),(956,'E',26,65,'2019-05-27 18:38:35',NULL,'MTg2LjY4LjE0My4xMDY=',67,NULL,'1','2019-05-27 18:38:35',NULL,'1'),(957,'S',51,32,NULL,'2019-05-27 20:32:21','MTg2LjY4LjE0My4xMDY=',28,955,'1','2019-05-27 20:32:21',NULL,'1'),(958,'E',25,175,'2019-05-27 22:51:17',NULL,'MTg2LjY4LjE0My4xMDY=',66,NULL,'1','2019-05-27 22:51:17',NULL,'1'),(959,'E',69,400,'2019-05-27 23:04:08',NULL,'MTg2LjY4LjE0My4xMDY=',5,NULL,'1','2019-05-27 23:04:08',NULL,'1'),(960,'E',65,281,'2019-05-27 23:05:41',NULL,'MTg2LjY4LjE0My4xMDY=',101,NULL,'1','2019-05-27 23:05:41',NULL,'1'),(961,'E',44,123,'2019-05-27 23:08:08',NULL,'MTg2LjY4LjE0My4xMDY=',85,NULL,'1','2019-05-27 23:08:08',NULL,'1'),(962,'E',29,83,'2019-05-27 23:08:46',NULL,'MTg2LjY4LjE0My4xMDY=',70,NULL,'1','2019-05-27 23:08:46',NULL,'1'),(963,'E',30,144,'2019-05-27 23:16:28',NULL,'MTg2LjY4LjE0My4xMDY=',71,NULL,'1','2019-05-27 23:16:28',NULL,'1'),(964,'E',26,86,'2019-05-27 23:17:18',NULL,'MTg2LjY4LjE0My4xMDY=',67,NULL,'1','2019-05-27 23:17:18',NULL,'1'),(965,'E',52,157,'2019-05-27 23:18:02',NULL,'MTg2LjY4LjE0My4xMDY=',34,NULL,'1','2019-05-27 23:18:02',NULL,'1'),(966,'E',7,385,'2019-05-27 23:50:41',NULL,'MTgxLjIxMS4yMTcuMjA3',50,NULL,'1','2019-05-27 23:50:41',NULL,'1'),(967,'S',7,385,NULL,'2019-05-28 01:00:11','MTgxLjIxMS4yMTcuMjA3',50,966,'1','2019-05-28 01:00:11',NULL,'1'),(968,'E',26,422,'2019-05-28 01:07:05',NULL,'MTkwLjIxNi4xMDguMjY=',67,NULL,'1','2019-05-28 01:07:05',NULL,'1'),(969,'E',54,97,'2019-05-28 01:08:55',NULL,'MTg2LjY4LjE0My4xMDY=',90,NULL,'1','2019-05-28 01:08:55',NULL,'1'),(970,'E',15,141,'2019-05-28 01:13:53',NULL,'MTg2LjY4LjE0My4xMDY=',56,NULL,'1','2019-05-28 01:13:53',NULL,'1'),(971,'S',30,144,NULL,'2019-05-28 01:15:02','MTg2LjY4LjE0My4xMDY=',71,963,'1','2019-05-28 01:15:02',NULL,'1'),(972,'S',44,123,NULL,'2019-05-28 01:20:01','MTg2LjY4LjE0My4xMDY=',85,961,'1','2019-05-28 01:20:01',NULL,'1'),(973,'S',65,281,NULL,'2019-05-28 01:20:55','MTg2LjY4LjE0My4xMDY=',101,960,'1','2019-05-28 01:20:55',NULL,'1'),(974,'E',80,631,'2019-05-28 01:21:12',NULL,'MTg2LjUuNzYuMTM5',114,NULL,'1','2019-05-28 01:21:12',NULL,'1'),(975,'E',18,166,'2019-05-28 01:21:57',NULL,'MTgxLjE4OC4yMDAuODI=',59,NULL,'1','2019-05-28 01:21:57',NULL,'1'),(976,'E',2,126,'2019-05-28 01:23:34',NULL,'MTg2LjY4LjE0My4xMDY=',53,NULL,'1','2019-05-28 01:23:34',NULL,'1'),(977,'S',26,86,NULL,'2019-05-28 01:49:37','MTkwLjIxNi4xMDguMjY=',67,964,'1','2019-05-28 01:49:37',NULL,'1'),(978,'E',73,610,'2019-05-28 01:51:40',NULL,'MTkwLjYzLjExOS4xMDk=',107,NULL,'1','2019-05-28 01:51:40',NULL,'1'),(979,'S',26,422,NULL,'2019-05-28 02:00:01','MTkwLjIxNi4xMDguMjY=',67,968,'1','2019-05-28 02:00:01',NULL,'1'),(980,'S',2,126,NULL,'2019-05-28 03:10:00','MTg2LjY4LjE0My4xMDY=',53,976,'1','2019-05-28 03:10:00',NULL,'1'),(981,'S',54,97,NULL,'2019-05-28 03:10:31','MTg2LjY4LjE0My4xMDY=',90,969,'1','2019-05-28 03:10:31',NULL,'1'),(982,'S',15,141,NULL,'2019-05-28 03:11:14','MTg2LjY4LjE0My4xMDY=',56,970,'1','2019-05-28 03:11:14',NULL,'1'),(983,'S',80,631,NULL,'2019-05-28 03:15:43','MTg2LjUuNzYuMTM5',114,974,'1','2019-05-28 03:15:43',NULL,'1'),(984,'S',18,166,NULL,'2019-05-28 03:19:29','MTgxLjE4OC4yMDAuODI=',59,975,'1','2019-05-28 03:19:29',NULL,'1'),(985,'S',73,610,NULL,'2019-05-28 03:21:49','MTg2LjY4LjE0My4xMDY=',107,978,'1','2019-05-28 03:21:49',NULL,'1'),(986,'E',41,69,'2019-05-28 13:57:41',NULL,'MTg2LjY4LjE0My4xMDY=',82,NULL,'1','2019-05-28 13:57:41',NULL,'1'),(987,'E',30,54,'2019-05-28 14:01:03',NULL,'MTg2LjY4LjE0My4xMDY=',71,NULL,'1','2019-05-28 14:01:03',NULL,'1'),(988,'E',6,36,'2019-05-28 14:20:42',NULL,'MTg2LjY4LjE0My4xMDY=',3,NULL,'1','2019-05-28 14:20:42',NULL,'1'),(989,'E',40,51,'2019-05-28 15:37:05',NULL,'MTg2LjY4LjE0My4xMDY=',81,NULL,'1','2019-05-28 15:37:05',NULL,'1'),(990,'S',30,54,NULL,'2019-05-28 15:53:11','MTg2LjY4LjE0My4xMDY=',71,987,'1','2019-05-28 15:53:11',NULL,'1'),(991,'E',3,48,'2019-05-28 15:53:34',NULL,'MTg2LjY4LjE0My4xMDY=',48,NULL,'1','2019-05-28 15:53:34',NULL,'1'),(992,'E',47,20,'2019-05-28 15:58:57',NULL,'MTgxLjE5OC4xMC4xNjI=',2,NULL,'1','2019-05-28 15:58:57',NULL,'1'),(993,'E',1,45,'2019-05-28 15:59:11',NULL,'MTkwLjIxNi4xMDguMjY=',30,NULL,'1','2019-05-28 15:59:11',NULL,'1'),(994,'S',41,69,NULL,'2019-05-28 16:01:22','MTg2LjY4LjE0My4xMDY=',82,986,'1','2019-05-28 16:01:22',NULL,'1'),(995,'S',6,36,NULL,'2019-05-28 16:07:10','MTgxLjE5OC4xMC4xNjU=',3,988,'1','2019-05-28 16:07:10',NULL,'1'),(996,'E',22,58,'2019-05-28 16:17:18',NULL,'MTg2LjUuNzYuMTM5',63,NULL,'1','2019-05-28 16:17:18',NULL,'1'),(997,'E',48,26,'2019-05-28 16:26:01',NULL,'MTg2LjUuNzYuMTM5',24,NULL,'1','2019-05-28 16:26:01',NULL,'1'),(998,'S',40,51,NULL,'2019-05-28 18:02:14','MTg2LjY4LjE0My4xMDY=',81,989,'1','2019-05-28 18:02:14',NULL,'1'),(999,'S',48,26,NULL,'2019-05-28 18:06:47','MTg2LjUuNzYuMTM5',24,997,'1','2019-05-28 18:06:47',NULL,'1'),(1000,'E',26,66,'2019-05-28 18:22:26',NULL,'MTg2LjY4LjE0My4xMDY=',67,NULL,'1','2019-05-28 18:22:26',NULL,'1'),(1001,'E',51,33,'2019-05-28 18:25:51',NULL,'MTg2LjY4LjE0My4xMDY=',28,NULL,'1','2019-05-28 18:25:51',NULL,'1'),(1002,'S',1,45,NULL,'2019-05-28 18:27:19','MTg2LjY4LjE0My4xMDY=',30,993,'1','2019-05-28 18:27:19',NULL,'1'),(1003,'S',51,33,NULL,'2019-05-28 20:26:58','MTg2LjY4LjE0My4xMDY=',28,1001,'1','2019-05-28 20:26:58',NULL,'1'),(1004,'S',26,66,NULL,'2019-05-28 20:30:10','MTg2LjY4LjE0My4xMDY=',67,1000,'1','2019-05-28 20:30:10',NULL,'1'),(1005,'E',25,176,'2019-05-28 22:53:20',NULL,'MTg2LjY4LjE0My4xMDY=',66,NULL,'1','2019-05-28 22:53:20',NULL,'1'),(1006,'E',44,124,'2019-05-28 23:06:34',NULL,'MTg2LjY4LjE0My4xMDY=',85,NULL,'1','2019-05-28 23:06:34',NULL,'1'),(1007,'E',65,282,'2019-05-28 23:11:41',NULL,'MTg2LjY4LjE0My4xMDY=',101,NULL,'1','2019-05-28 23:11:41',NULL,'1'),(1008,'E',30,145,'2019-05-28 23:14:33',NULL,'MTg2LjY4LjE0My4xMDY=',71,NULL,'1','2019-05-28 23:14:33',NULL,'1'),(1009,'E',26,87,'2019-05-28 23:15:02',NULL,'MTg2LjY4LjE0My4xMDY=',67,NULL,'1','2019-05-28 23:15:02',NULL,'1'),(1010,'E',52,158,'2019-05-28 23:16:05',NULL,'MTg2LjY4LjE0My4xMDY=',34,NULL,'1','2019-05-28 23:16:05',NULL,'1'),(1011,'E',54,98,'2019-05-29 01:02:30',NULL,'MTg2LjY4LjE0My4xMDY=',90,NULL,'1','2019-05-29 01:02:30',NULL,'1'),(1012,'E',15,142,'2019-05-29 01:11:10',NULL,'MTg2LjY4LjE0My4xMDY=',56,NULL,'1','2019-05-29 01:11:10',NULL,'1'),(1013,'S',26,87,NULL,'2019-05-29 01:12:11','MTg2LjY4LjE0My4xMDY=',67,1009,'1','2019-05-29 01:12:11',NULL,'1'),(1014,'S',30,145,NULL,'2019-05-29 01:13:18','MTg2LjY4LjE0My4xMDY=',71,1008,'1','2019-05-29 01:13:18',NULL,'1'),(1015,'E',80,632,'2019-05-29 01:16:43',NULL,'MTg2LjY4LjE0My4xMDY=',114,NULL,'1','2019-05-29 01:16:43',NULL,'1'),(1016,'S',52,158,NULL,'2019-05-29 01:20:24','MTg2LjY4LjE0My4xMDY=',34,1010,'1','2019-05-29 01:20:24',NULL,'1'),(1017,'S',44,124,NULL,'2019-05-29 01:20:52','MTg2LjY4LjE0My4xMDY=',85,1006,'1','2019-05-29 01:20:52',NULL,'1'),(1018,'S',65,282,NULL,'2019-05-29 01:22:58','MTg2LjY4LjE0My4xMDY=',101,1007,'1','2019-05-29 01:22:58',NULL,'1'),(1019,'S',25,176,NULL,'2019-05-29 01:23:23','MTg2LjY4LjE0My4xMDY=',66,1005,'1','2019-05-29 01:23:23',NULL,'1'),(1020,'E',2,127,'2019-05-29 01:23:46',NULL,'MTg2LjY4LjE0My4xMDY=',53,NULL,'1','2019-05-29 01:23:46',NULL,'1'),(1021,'E',18,167,'2019-05-29 01:27:13',NULL,'MTgxLjE4OC4yMDAuODA=',59,NULL,'1','2019-05-29 01:27:13',NULL,'1'),(1022,'E',73,621,'2019-05-29 01:55:12',NULL,'MTkwLjIxNi4xMDguMjY=',107,NULL,'1','2019-05-29 01:55:12',NULL,'1'),(1023,'S',2,127,NULL,'2019-05-29 03:10:02','MTg2LjUuNzYuMTM5',53,1020,'1','2019-05-29 03:10:02',NULL,'1'),(1024,'S',15,142,NULL,'2019-05-29 03:10:02','MTg2LjY4LjE0My4xMDY=',56,1012,'1','2019-05-29 03:10:02',NULL,'1'),(1025,'S',54,98,NULL,'2019-05-29 03:10:32','MTg2LjY4LjE0My4xMDY=',90,1011,'1','2019-05-29 03:10:32',NULL,'1'),(1026,'S',80,632,NULL,'2019-05-29 03:15:59','MTg2LjUuNzYuMTM5',114,1015,'1','2019-05-29 03:15:59',NULL,'1'),(1027,'S',73,621,NULL,'2019-05-29 03:20:06','MTkwLjIxNi4xMDguMjY=',107,1022,'1','2019-05-29 03:20:06',NULL,'1'),(1028,'S',18,167,NULL,'2019-05-29 03:25:37','MTgxLjE4OC4yMDAuODA=',59,1021,'1','2019-05-29 03:25:37',NULL,'1'),(1029,'E',73,566,'2019-05-29 23:19:50',NULL,'MTg2LjY4LjE0My4xMDY=',107,NULL,'1','2019-05-29 23:19:50',NULL,'1'),(1030,'E',72,563,'2019-05-29 23:20:58',NULL,'MTg2LjY4LjE0My4xMDY=',106,NULL,'1','2019-05-29 23:20:58',NULL,'1'),(1031,'E',51,116,'2019-05-29 23:24:31',NULL,'MTg2LjY4LjE0My4xMDY=',28,NULL,'1','2019-05-29 23:24:31',NULL,'1'),(1032,'E',35,171,'2019-05-29 23:28:40',NULL,'MTg2LjY4LjE0My4xMDY=',76,NULL,'1','2019-05-29 23:28:40',NULL,'1'),(1033,'E',6,155,'2019-05-29 23:31:03',NULL,'MTg2LjY4LjE0My4xMDY=',3,NULL,'1','2019-05-29 23:31:03',NULL,'1'),(1034,'E',46,173,'2019-05-29 23:37:23',NULL,'MTg2LjUuNzYuMTM5',87,NULL,'1','2019-05-29 23:37:23',NULL,'1'),(1035,'E',20,78,'2019-05-29 23:45:59',NULL,'MTkwLjYzLjEuMTg3',61,NULL,'1','2019-05-29 23:45:59',NULL,'1'),(1036,'S',72,563,NULL,'2019-05-30 02:11:52','MTg2LjY4LjE0My4xMDY=',106,1030,'1','2019-05-30 02:11:52',NULL,'1'),(1037,'S',6,155,NULL,'2019-05-30 02:18:08','MTg2LjUuNzYuMTM5',3,1033,'1','2019-05-30 02:18:08',NULL,'1'),(1038,'S',46,173,NULL,'2019-05-30 02:19:37','MTg2LjUuNzYuMTM5',87,1034,'1','2019-05-30 02:19:37',NULL,'1'),(1039,'S',51,116,NULL,'2019-05-30 02:20:16','MTg2LjY4LjE0My4xMDY=',28,1031,'1','2019-05-30 02:20:16',NULL,'1'),(1040,'S',73,566,NULL,'2019-05-30 02:21:21','MTg2LjY4LjE0My4xMDY=',107,1029,'1','2019-05-30 02:21:21',NULL,'1'),(1041,'S',35,171,NULL,'2019-05-30 02:22:58','MTg2LjY4LjE0My4xMDY=',76,1032,'1','2019-05-30 02:22:58',NULL,'1'),(1042,'S',20,78,NULL,'2019-05-30 02:41:03','MTkwLjYzLjEuMTg3',61,1035,'1','2019-05-30 02:41:03',NULL,'1'),(1043,'E',30,55,'2019-05-30 13:55:55',NULL,'MTg2LjY4LjE0My4xMDY=',71,NULL,'1','2019-05-30 13:55:55',NULL,'1'),(1044,'E',41,70,'2019-05-30 13:56:23',NULL,'MTg2LjY4LjE0My4xMDY=',82,NULL,'1','2019-05-30 13:56:23',NULL,'1'),(1045,'E',6,37,'2019-05-30 14:03:57',NULL,'MTg2LjY4LjE0My4xMDY=',3,NULL,'1','2019-05-30 14:03:57',NULL,'1'),(1046,'E',40,52,'2019-05-30 15:33:35',NULL,'MTg2LjY4LjE0My4xMDY=',81,NULL,'1','2019-05-30 15:33:35',NULL,'1'),(1047,'E',1,46,'2019-05-30 15:56:07',NULL,'MTg2LjY4LjE0My4xMDY=',30,NULL,'1','2019-05-30 15:56:07',NULL,'1'),(1048,'E',3,49,'2019-05-30 15:56:37',NULL,'MTg2LjY4LjE0My4xMDY=',48,NULL,'1','2019-05-30 15:56:37',NULL,'1'),(1049,'E',22,59,'2019-05-30 15:57:44',NULL,'MTg2LjUuNzYuMTM5',63,NULL,'1','2019-05-30 15:57:44',NULL,'1'),(1050,'S',30,55,NULL,'2019-05-30 16:00:18','MTg2LjY4LjE0My4xMDY=',71,1043,'1','2019-05-30 16:00:18',NULL,'1'),(1051,'S',6,37,NULL,'2019-05-30 16:01:14','MTg2LjUuNzYuMTM5',3,1045,'1','2019-05-30 16:01:14',NULL,'1'),(1052,'S',41,70,NULL,'2019-05-30 16:01:45','MTg2LjY4LjE0My4xMDY=',82,1044,'1','2019-05-30 16:01:45',NULL,'1'),(1053,'E',47,21,'2019-05-30 16:00:26',NULL,'MTg2LjY4LjE0My4xMDY=',2,NULL,'1','2019-05-30 16:00:26',NULL,'1'),(1054,'S',47,20,NULL,'2019-05-28 18:05:55','MTgxLjE5OC4xMC4xNjI=',2,992,'1','2019-05-28 18:05:55',NULL,'1'),(1055,'S',3,49,NULL,'2019-05-30 17:55:00','MTg2LjY4LjE0My4xMDY=',48,1048,'1','2019-05-30 17:55:00',NULL,'1'),(1056,'S',40,52,NULL,'2019-05-30 18:04:25','MTg2LjY4LjE0My4xMDY=',81,1046,'1','2019-05-30 18:04:25',NULL,'1'),(1057,'E',26,67,'2019-05-30 18:13:13',NULL,'MTg2LjY4LjE0My4xMDY=',67,NULL,'1','2019-05-30 18:13:13',NULL,'1'),(1058,'S',47,21,NULL,'2019-05-30 18:19:38','MTgxLjE5OC4xMC4xNzI=',2,1053,'1','2019-05-30 18:19:38',NULL,'1'),(1059,'E',51,34,'2019-05-30 18:25:23',NULL,'MTg2LjY4LjE0My4xMDY=',28,NULL,'1','2019-05-30 18:25:23',NULL,'1'),(1060,'S',26,67,NULL,'2019-05-30 20:51:04','MTg2LjY4LjE0My4xMDY=',67,1057,'1','2019-05-30 20:51:04',NULL,'1'),(1061,'E',65,283,'2019-05-30 22:58:15',NULL,'MTg2LjY4LjE0My4xMDY=',101,NULL,'1','2019-05-30 22:58:15',NULL,'1'),(1062,'E',26,88,'2019-05-30 23:04:37',NULL,'MTg2LjY4LjE0My4xMDY=',67,NULL,'1','2019-05-30 23:04:37',NULL,'1'),(1063,'E',5,162,'2019-05-30 23:17:20',NULL,'MTg2LjY4LjE0My4xMDY=',51,NULL,'1','2019-05-30 23:17:20',NULL,'1'),(1064,'E',30,146,'2019-05-30 23:17:51',NULL,'MTg2LjY4LjE0My4xMDY=',71,NULL,'1','2019-05-30 23:17:51',NULL,'1'),(1065,'E',52,159,'2019-05-30 23:21:18',NULL,'MTg2LjY4LjE0My4xMDY=',34,NULL,'1','2019-05-30 23:21:18',NULL,'1'),(1066,'E',54,99,'2019-05-31 01:01:40',NULL,'MTg2LjY4LjE0My4xMDY=',90,NULL,'1','2019-05-31 01:01:40',NULL,'1'),(1067,'E',15,143,'2019-05-31 01:12:50',NULL,'MTg2LjY4LjE0My4xMDY=',56,NULL,'1','2019-05-31 01:12:50',NULL,'1'),(1068,'S',30,146,NULL,'2019-05-31 01:13:56','MTg2LjY4LjE0My4xMDY=',71,1064,'1','2019-05-31 01:13:56',NULL,'1'),(1069,'E',18,168,'2019-05-31 01:18:18',NULL,'MTgxLjE4OC4yMDEuMTg4',59,NULL,'1','2019-05-31 01:18:18',NULL,'1'),(1070,'E',80,633,'2019-05-31 01:18:21',NULL,'MTg2LjY4LjE0My4xMDY=',114,NULL,'1','2019-05-31 01:18:21',NULL,'1'),(1071,'S',65,283,NULL,'2019-05-31 01:22:00','MTg2LjY4LjE0My4xMDY=',101,1061,'1','2019-05-31 01:22:00',NULL,'1'),(1072,'S',5,162,NULL,'2019-05-31 01:23:19','MTg2LjY4LjE0My4xMDY=',51,1063,'1','2019-05-31 01:23:19',NULL,'1'),(1073,'S',26,88,NULL,'2019-05-31 01:24:01','MTg2LjY4LjE0My4xMDY=',67,1062,'1','2019-05-31 01:24:01',NULL,'1'),(1074,'E',2,128,'2019-05-31 03:06:47',NULL,'MTg2LjY4LjE0My4xMDY=',53,NULL,'1','2019-05-31 03:06:47',NULL,'1'),(1075,'S',2,128,NULL,'2019-05-31 03:10:09','MTg2LjY4LjE0My4xMDY=',53,1074,'1','2019-05-31 03:10:09',NULL,'1'),(1076,'S',15,143,NULL,'2019-05-31 03:12:23','MTg2LjY4LjE0My4xMDY=',56,1067,'1','2019-05-31 03:12:23',NULL,'1'),(1077,'E',73,579,'2019-05-31 03:14:46',NULL,'MTkwLjIxNi4xMDguMjY=',107,NULL,'1','2019-05-31 03:14:46',NULL,'1'),(1078,'S',54,99,NULL,'2019-05-31 03:19:20','MTg2LjY4LjE0My4xMDY=',90,1066,'1','2019-05-31 03:19:20',NULL,'1'),(1079,'S',73,579,NULL,'2019-05-31 03:20:54','MTg2LjY4LjE0My4xMDY=',107,1077,'1','2019-05-31 03:20:54',NULL,'1'),(1080,'S',80,633,NULL,'2019-05-31 03:21:29','MTg2LjY4LjE0My4xMDY=',114,1070,'1','2019-05-31 03:21:29',NULL,'1'),(1081,'S',18,168,NULL,'2019-05-31 03:29:15','MjAxLjE4My40Ni41NA==',59,1069,'1','2019-05-31 03:29:15',NULL,'1'),(1082,'E',73,567,'2019-05-31 23:03:41',NULL,'MTkwLjYzLjEyNi4yMzA=',107,NULL,'1','2019-05-31 23:03:41',NULL,'1'),(1083,'E',6,156,'2019-05-31 23:20:28',NULL,'MTg2LjY4LjE0My4xMDY=',3,NULL,'1','2019-05-31 23:20:28',NULL,'1'),(1084,'E',51,117,'2019-05-31 23:22:17',NULL,'MTg2LjY4LjE0My4xMDY=',28,NULL,'1','2019-05-31 23:22:17',NULL,'1'),(1085,'E',72,564,'2019-05-31 23:35:59',NULL,'MTg2LjY4LjE0My4xMDY=',106,NULL,'1','2019-05-31 23:35:59',NULL,'1'),(1086,'E',35,172,'2019-05-31 23:36:34',NULL,'MTg2LjY4LjE0My4xMDY=',76,NULL,'1','2019-05-31 23:36:34',NULL,'1'),(1087,'E',20,79,'2019-05-31 23:42:41',NULL,'MTkwLjYzLjEyNi45MA==',61,NULL,'1','2019-05-31 23:42:41',NULL,'1'),(1088,'E',46,174,'2019-05-31 23:47:38',NULL,'MTg2LjUuNzYuMTM5',87,NULL,'1','2019-05-31 23:47:38',NULL,'1'),(1089,'S',46,174,NULL,'2019-06-01 02:10:12','MTg2LjUuNzYuMTM5',87,1088,'1','2019-06-01 02:10:12',NULL,'1'),(1090,'S',72,564,NULL,'2019-06-01 02:10:50','MTg2LjY4LjE0My4xMDY=',106,1085,'1','2019-06-01 02:10:50',NULL,'1'),(1091,'S',73,567,NULL,'2019-06-01 02:21:13','MTg2LjY4LjE0My4xMDY=',107,1082,'1','2019-06-01 02:21:13',NULL,'1'),(1092,'S',20,79,NULL,'2019-06-01 02:41:24','MTkwLjYzLjEyNi42Mw==',61,1087,'1','2019-06-01 02:41:24',NULL,'1'),(1093,'E',58,259,'2019-06-01 12:05:13',NULL,'MTg2LjY4LjE0My4xMDY=',94,NULL,'1','2019-06-01 12:05:13',NULL,'1'),(1094,'E',7,2,'2019-06-01 12:05:59',NULL,'MTgxLjIxMS4yMTcuMjMz',50,NULL,'1','2019-06-01 12:05:59',NULL,'1'),(1095,'E',54,257,'2019-06-01 12:06:13',NULL,'MTg2LjY4LjE0My4xMDY=',90,NULL,'1','2019-06-01 12:06:13',NULL,'1'),(1096,'E',20,262,'2019-06-01 12:17:33',NULL,'MTkwLjYzLjIzOC4xNzM=',61,NULL,'1','2019-06-01 12:17:33',NULL,'1'),(1097,'E',59,258,'2019-06-01 12:17:35',NULL,'MTg2LjY4LjE0My4xMDY=',95,NULL,'1','2019-06-01 12:17:35',NULL,'1'),(1098,'E',52,260,'2019-06-01 12:19:59',NULL,'MTg2LjY4LjE0My4xMDY=',34,NULL,'1','2019-06-01 12:19:59',NULL,'1'),(1099,'E',2,3,'2019-06-01 12:35:51',NULL,'MTg2LjUuNzYuMTM5',53,NULL,'1','2019-06-01 12:35:51',NULL,'1'),(1100,'E',62,263,'2019-06-01 12:55:28',NULL,'MTg2LjUuNzYuMTM5',98,NULL,'1','2019-06-01 12:55:28',NULL,'1'),(1101,'E',9,195,'2019-06-01 13:19:20',NULL,'MTgxLjE5OC4xMC4xNzA=',33,NULL,'1','2019-06-01 13:19:20',NULL,'1'),(1102,'E',57,238,'2019-06-01 13:30:48',NULL,'MTg2LjY4LjE0My4xMDY=',93,NULL,'1','2019-06-01 13:30:48',NULL,'1'),(1103,'E',78,569,'2019-06-01 15:00:43',NULL,'MTg2LjY4LjE0My4xMDY=',112,NULL,'1','2019-06-01 15:00:43',NULL,'1'),(1104,'E',74,568,'2019-06-01 15:01:56',NULL,'MTg2LjY4LjE0My4xMDY=',108,NULL,'1','2019-06-01 15:01:56',NULL,'1'),(1105,'E',72,565,'2019-06-01 15:02:27',NULL,'MTg2LjUuNzYuMTM5',106,NULL,'1','2019-06-01 15:02:27',NULL,'1'),(1106,'E',41,269,'2019-06-01 15:04:04',NULL,'MTg2LjY4LjE0My4xMDY=',82,NULL,'1','2019-06-01 15:04:04',NULL,'1'),(1107,'S',62,263,NULL,'2019-06-01 15:15:14','MTg2LjUuNzYuMTM5',98,1100,'1','2019-06-01 15:15:14',NULL,'1'),(1108,'S',9,195,NULL,'2019-06-01 15:15:26','MTgxLjE5OC4xMC4xNzA=',33,1101,'1','2019-06-01 15:15:26',NULL,'1'),(1109,'S',59,258,NULL,'2019-06-01 15:15:30','MTg2LjUuNzYuMTM5',95,1097,'1','2019-06-01 15:15:30',NULL,'1'),(1110,'S',2,3,NULL,'2019-06-01 15:16:44','MTg2LjUuNzYuMTM5',53,1099,'1','2019-06-01 15:16:44',NULL,'1'),(1111,'S',57,238,NULL,'2019-06-01 15:17:37','MTg2LjY4LjE0My4xMDY=',93,1102,'1','2019-06-01 15:17:37',NULL,'1'),(1112,'E',57,266,'2019-06-01 15:17:42',NULL,'MTg2LjY4LjE0My4xMDY=',93,NULL,'1','2019-06-01 15:17:42',NULL,'1'),(1113,'S',58,259,NULL,'2019-06-01 15:18:29','MTg2LjY4LjE0My4xMDY=',94,1093,'1','2019-06-01 15:18:29',NULL,'1'),(1114,'S',52,260,NULL,'2019-06-01 15:19:01','MTg2LjY4LjE0My4xMDY=',34,1098,'1','2019-06-01 15:19:01',NULL,'1'),(1115,'S',20,262,NULL,'2019-06-01 15:23:29','MTg2LjY4LjE0My4xMDY=',61,1096,'1','2019-06-01 15:23:29',NULL,'1'),(1116,'S',54,257,NULL,'2019-06-01 15:24:09','MTg2LjY4LjE0My4xMDY=',90,1095,'1','2019-06-01 15:24:09',NULL,'1'),(1117,'E',9,4,'2019-06-01 15:27:14',NULL,'MTg2LjUuNzYuMTM5',33,NULL,'1','2019-06-01 15:27:14',NULL,'1'),(1118,'S',7,2,NULL,'2019-06-01 15:29:44','MTgxLjIxMS4yMTcuMjMz',50,1094,'1','2019-06-01 15:29:44',NULL,'1'),(1119,'E',7,207,'2019-06-01 15:29:51',NULL,'MTgxLjIxMS4yMTcuMjMz',50,NULL,'1','2019-06-01 15:29:51',NULL,'1'),(1120,'E',5,8,'2019-06-01 15:34:40',NULL,'MTgxLjE5OC4xMC4xNzI=',51,NULL,'1','2019-06-01 15:34:40',NULL,'1'),(1121,'S',7,207,NULL,'2019-06-01 17:31:55','MTgxLjIxMS4yMTcuMjMz',50,1119,'1','2019-06-01 17:31:55',NULL,'1'),(1122,'E',2,5,'2019-06-01 17:49:45',NULL,'MTg2LjUuNzYuMTM5',53,NULL,'1','2019-06-01 17:49:45',NULL,'1'),(1123,'S',72,565,NULL,'2019-06-01 18:20:11','MTg2LjY4LjE0My4xMDY=',106,1105,'1','2019-06-01 18:20:11',NULL,'1'),(1124,'S',5,8,NULL,'2019-06-01 18:28:19','MTgxLjE5OC4xMC4xNzA=',51,1120,'1','2019-06-01 18:28:19',NULL,'1'),(1125,'E',5,225,'2019-06-01 18:28:27',NULL,'MTgxLjE5OC4xMC4xNzA=',51,NULL,'1','2019-06-01 18:28:27',NULL,'1'),(1126,'S',9,4,NULL,'2019-06-01 18:30:17','MTg2LjUuNzYuMTM5',0,1117,'1','2019-06-01 18:30:17',NULL,'1'),(1127,'S',41,269,NULL,'2019-06-01 18:31:39','MTg2LjY4LjE0My4xMDY=',82,1106,'1','2019-06-01 18:31:39',NULL,'1'),(1128,'S',74,568,NULL,'2019-06-01 18:32:20','MTg2LjY4LjE0My4xMDY=',108,1104,'1','2019-06-01 18:32:20',NULL,'1'),(1129,'S',78,569,NULL,'2019-06-01 18:33:33','MTg2LjY4LjE0My4xMDY=',112,1103,'1','2019-06-01 18:33:33',NULL,'1'),(1130,'S',2,5,NULL,'2019-06-01 18:40:00','MTg2LjUuNzYuMTM5',53,1122,'1','2019-06-01 18:40:00',NULL,'1'),(1131,'E',60,276,'2019-06-01 19:21:04',NULL,'MTg2LjY4LjE0My4xMDY=',96,NULL,'1','2019-06-01 19:21:04',NULL,'1'),(1132,'E',6,9,'2019-06-01 19:30:57',NULL,'MTg2LjY4LjE0My4xMDY=',3,NULL,'1','2019-06-01 19:30:57',NULL,'1'),(1133,'S',5,225,NULL,'2019-06-01 20:25:34','MTgxLjE5OC4xMC4xNzA=',51,1125,'1','2019-06-01 20:25:34',NULL,'1'),(1134,'S',60,276,NULL,'2019-06-01 22:43:34','MTg2LjY4LjE0My4xMDY=',96,1131,'1','2019-06-01 22:43:34',NULL,'1'),(1135,'S',6,9,NULL,'2019-06-01 22:50:09','MTg2LjUuNzYuMTM5',3,1132,'1','2019-06-01 22:50:09',NULL,'1'),(1136,'E',41,68,'2019-06-03 13:47:57',NULL,'MTg2LjY4LjE0My4xMDY=',82,NULL,'1','2019-06-03 13:47:57',NULL,'1'),(1137,'E',30,53,'2019-06-03 14:00:25',NULL,'MTg2LjY4LjE0My4xMDY=',71,NULL,'1','2019-06-03 14:00:25',NULL,'1'),(1138,'E',6,35,'2019-06-03 14:16:43',NULL,'MTg2LjY4LjE0My4xMDY=',3,NULL,'1','2019-06-03 14:16:43',NULL,'1'),(1139,'E',40,50,'2019-06-03 15:31:39',NULL,'MTg2LjY4LjE0My4xMDY=',81,NULL,'1','2019-06-03 15:31:39',NULL,'1'),(1140,'S',30,53,NULL,'2019-06-03 15:53:55','MTg2LjY4LjE0My4xMDY=',71,1137,'1','2019-06-03 15:53:55',NULL,'1'),(1141,'E',3,47,'2019-06-03 15:57:21',NULL,'MTg2LjY4LjE0My4xMDY=',48,NULL,'1','2019-06-03 15:57:21',NULL,'1'),(1142,'E',1,44,'2019-06-03 15:58:57',NULL,'MTkwLjIxNi4xMDguMjY=',30,NULL,'1','2019-06-03 15:58:57',NULL,'1'),(1143,'S',41,68,NULL,'2019-06-03 16:01:01','MTg2LjY4LjE0My4xMDY=',82,1136,'1','2019-06-03 16:01:01',NULL,'1'),(1144,'S',6,35,NULL,'2019-06-03 16:01:11','MTg2LjUuNzYuMTM5',3,1138,'1','2019-06-03 16:01:11',NULL,'1'),(1145,'E',22,56,'2019-06-03 16:02:49',NULL,'MTg2LjUuNzYuMTM5',63,NULL,'1','2019-06-03 16:02:49',NULL,'1'),(1146,'E',47,19,'2019-06-03 16:03:13',NULL,'MTg2LjY4LjE0My4xMDY=',2,NULL,'1','2019-06-03 16:03:13',NULL,'1'),(1147,'E',48,25,'2019-06-03 16:27:22',NULL,'MTg2LjUuNzYuMTM5',24,NULL,'1','2019-06-03 16:27:22',NULL,'1'),(1148,'S',40,50,NULL,'2019-06-03 18:01:49','MTg2LjY4LjE0My4xMDY=',81,1139,'1','2019-06-03 18:01:49',NULL,'1'),(1149,'S',47,19,NULL,'2019-06-03 18:09:47','MTgxLjE5OC4xMC4xNjY=',2,1146,'1','2019-06-03 18:09:47',NULL,'1'),(1150,'E',51,32,'2019-06-03 18:19:04',NULL,'MTg2LjY4LjE0My4xMDY=',28,NULL,'1','2019-06-03 18:19:04',NULL,'1'),(1151,'E',26,65,'2019-06-03 18:21:34',NULL,'MTg2LjY4LjE0My4xMDY=',67,NULL,'1','2019-06-03 18:21:34',NULL,'1'),(1152,'S',51,32,NULL,'2019-06-03 20:26:09','MTg2LjY4LjE0My4xMDY=',28,1150,'1','2019-06-03 20:26:09',NULL,'1'),(1153,'S',26,65,NULL,'2019-06-03 20:42:38','MTg2LjY4LjE0My4xMDY=',67,1151,'1','2019-06-03 20:42:38',NULL,'1'),(1154,'E',65,281,'2019-06-03 22:54:43',NULL,'MTg2LjY4LjE0My4xMDY=',101,NULL,'1','2019-06-03 22:54:43',NULL,'1'),(1155,'E',69,402,'2019-06-03 22:55:31',NULL,'MTg2LjY4LjE0My4xMDY=',5,NULL,'1','2019-06-03 22:55:31',NULL,'1'),(1156,'E',44,123,'2019-06-03 22:58:19',NULL,'MTg2LjY4LjE0My4xMDY=',85,NULL,'1','2019-06-03 22:58:19',NULL,'1'),(1157,'E',25,175,'2019-06-03 23:00:14',NULL,'MTg2LjY4LjE0My4xMDY=',66,NULL,'1','2019-06-03 23:00:14',NULL,'1'),(1158,'E',52,157,'2019-06-03 23:03:20',NULL,'MTg2LjY4LjE0My4xMDY=',34,NULL,'1','2019-06-03 23:03:20',NULL,'1'),(1159,'E',5,160,'2019-06-03 23:20:55',NULL,'MTgxLjE5OC4xMC4xNzM=',51,NULL,'1','2019-06-03 23:20:55',NULL,'1'),(1160,'E',30,144,'2019-06-03 23:21:07',NULL,'MTg2LjY4LjE0My4xMDY=',71,NULL,'1','2019-06-03 23:21:07',NULL,'1'),(1161,'E',26,86,'2019-06-03 23:21:34',NULL,'MTg2LjY4LjE0My4xMDY=',67,NULL,'1','2019-06-03 23:21:34',NULL,'1'),(1162,'E',7,387,'2019-06-03 23:45:06',NULL,'MTgxLjIxMS4yMTcuMTUx',50,NULL,'1','2019-06-03 23:45:06',NULL,'1'),(1163,'E',54,97,'2019-06-04 01:00:12',NULL,'MTg2LjY4LjE0My4xMDY=',90,NULL,'1','2019-06-04 01:00:12',NULL,'1'),(1164,'S',7,387,NULL,'2019-06-04 01:03:05','MTgxLjIxMS4yMTcuMTUx',50,1162,'1','2019-06-04 01:03:05',NULL,'1'),(1165,'E',26,424,'2019-06-04 01:08:31',NULL,'MTkwLjIxNi4xMDguMjY=',67,NULL,'1','2019-06-04 01:08:31',NULL,'1'),(1166,'E',15,141,'2019-06-04 01:12:47',NULL,'MTg2LjY4LjE0My4xMDY=',56,NULL,'1','2019-06-04 01:12:47',NULL,'1'),(1167,'E',80,631,'2019-06-04 01:15:55',NULL,'MTg2LjY4LjE0My4xMDY=',114,NULL,'1','2019-06-04 01:15:55',NULL,'1'),(1168,'S',30,144,NULL,'2019-06-04 01:18:01','MTg2LjY4LjE0My4xMDY=',71,1160,'1','2019-06-04 01:18:01',NULL,'1'),(1169,'S',26,86,NULL,'2019-06-04 01:20:37','MTkwLjIxNi4xMDguMjY=',67,1161,'1','2019-06-04 01:20:37',NULL,'1'),(1170,'S',65,281,NULL,'2019-06-04 01:21:31','MTg2LjY4LjE0My4xMDY=',101,1154,'1','2019-06-04 01:21:31',NULL,'1'),(1171,'E',18,166,'2019-06-04 01:23:57',NULL,'MTg2LjUuNzYuMTM5',59,NULL,'1','2019-06-04 01:23:57',NULL,'1'),(1172,'S',25,175,NULL,'2019-06-04 01:24:05','MTg2LjY4LjE0My4xMDY=',66,1157,'1','2019-06-04 01:24:05',NULL,'1'),(1173,'S',5,160,NULL,'2019-06-04 01:26:08','MTg2LjY4LjE0My4xMDY=',51,1159,'1','2019-06-04 01:26:08',NULL,'1'),(1174,'S',44,123,NULL,'2019-06-04 01:29:29','MTg2LjY4LjE0My4xMDY=',85,1156,'1','2019-06-04 01:29:29',NULL,'1'),(1175,'S',52,157,NULL,'2019-06-04 01:30:09','MTg2LjY4LjE0My4xMDY=',34,1158,'1','2019-06-04 01:30:09',NULL,'1'),(1176,'S',26,424,NULL,'2019-06-04 02:00:22','MTkwLjIxNi4xMDguMjY=',67,1165,'1','2019-06-04 02:00:22',NULL,'1'),(1177,'E',2,126,'2019-06-04 02:13:04',NULL,'MTgxLjE5OS40OC4xOTA=',53,NULL,'1','2019-06-04 02:13:04',NULL,'1'),(1178,'S',15,141,NULL,'2019-06-04 03:10:11','MTg2LjY4LjE0My4xMDY=',56,1166,'1','2019-06-04 03:10:11',NULL,'1'),(1179,'S',80,631,NULL,'2019-06-04 03:21:09','MTg2LjUuNzYuMTM5',114,1167,'1','2019-06-04 03:21:09',NULL,'1'),(1180,'S',54,97,NULL,'2019-06-04 03:24:26','MTg2LjY4LjE0My4xMDY=',90,1163,'1','2019-06-04 03:24:26',NULL,'1'),(1181,'S',18,166,NULL,'2019-06-04 03:32:04','MTgxLjE4OC4yMDAuMTI2',59,1171,'1','2019-06-04 03:32:04',NULL,'1'),(1182,'E',30,54,'2019-06-04 13:56:24',NULL,'MTg2LjY4LjE0My4xMDY=',71,NULL,'1','2019-06-04 13:56:24',NULL,'1'),(1183,'E',41,69,'2019-06-04 14:03:11',NULL,'MTg2LjY4LjE0My4xMDY=',82,NULL,'1','2019-06-04 14:03:11',NULL,'1'),(1184,'E',6,36,'2019-06-04 14:13:02',NULL,'MTg2LjY4LjE0My4xMDY=',3,NULL,'1','2019-06-04 14:13:02',NULL,'1'),(1185,'S',69,402,NULL,'2019-06-04 01:01:14','MTg2LjY4LjE0My4xMDY=',5,1155,'1','2019-06-04 01:01:14',NULL,'1'),(1186,'E',69,403,'2019-06-04 00:58:45',NULL,'MTg2LjY4LjE0My4xMDY=',5,NULL,'1','2019-06-04 00:58:45',NULL,'1'),(1187,'S',69,403,NULL,'2019-06-04 02:35:17','MTg2LjY4LjE0My4xMDY=',5,1186,'1','2019-06-04 02:35:17',NULL,'1'),(1188,'E',40,51,'2019-06-04 15:30:23',NULL,'MTg2LjY4LjE0My4xMDY=',81,NULL,'1','2019-06-04 15:30:23',NULL,'1'),(1189,'S',30,54,NULL,'2019-06-04 15:53:13','MTg2LjY4LjE0My4xMDY=',71,1182,'1','2019-06-04 15:53:13',NULL,'1'),(1190,'E',3,48,'2019-06-04 15:53:16',NULL,'MTg2LjY4LjE0My4xMDY=',48,NULL,'1','2019-06-04 15:53:16',NULL,'1'),(1191,'S',41,69,NULL,'2019-06-04 16:00:37','MTg2LjY4LjE0My4xMDY=',82,1183,'1','2019-06-04 16:00:37',NULL,'1'),(1192,'S',6,36,NULL,'2019-06-04 16:04:19','MTg2LjY4LjE0My4xMDY=',3,1184,'1','2019-06-04 16:04:19',NULL,'1'),(1193,'S',40,51,NULL,'2019-06-04 18:06:47','MTg2LjY4LjE0My4xMDY=',81,1188,'1','2019-06-04 18:06:47',NULL,'1'),(1194,'E',26,66,'2019-06-04 18:16:04',NULL,'MTg2LjY4LjE0My4xMDY=',67,NULL,'1','2019-06-04 18:16:04',NULL,'1'),(1195,'E',51,33,'2019-06-04 18:23:12',NULL,'MTg2LjY4LjE0My4xMDY=',28,NULL,'1','2019-06-04 18:23:12',NULL,'1'),(1196,'S',26,66,NULL,'2019-06-04 20:31:29','MTg2LjY4LjE0My4xMDY=',67,1194,'1','2019-06-04 20:31:29',NULL,'1'),(1197,'E',47,357,'2019-06-04 22:00:22',NULL,'MTgxLjE5OC4xMC4xNjI=',2,NULL,'1','2019-06-04 22:00:22',NULL,'1'),(1198,'E',25,176,'2019-06-04 22:55:13',NULL,'MTg2LjY4LjE0My4xMDY=',66,NULL,'1','2019-06-04 22:55:13',NULL,'1'),(1199,'E',65,282,'2019-06-04 23:08:37',NULL,'MTg2LjY4LjE0My4xMDY=',101,NULL,'1','2019-06-04 23:08:37',NULL,'1'),(1200,'E',52,158,'2019-06-04 23:08:37',NULL,'MTgxLjE5OC4xMC4xNjU=',34,NULL,'1','2019-06-04 23:08:37',NULL,'1'),(1201,'E',30,145,'2019-06-04 23:13:12',NULL,'MTg2LjY4LjE0My4xMDY=',71,NULL,'1','2019-06-04 23:13:12',NULL,'1'),(1202,'E',26,87,'2019-06-04 23:13:40',NULL,'MTg2LjY4LjE0My4xMDY=',67,NULL,'1','2019-06-04 23:13:40',NULL,'1'),(1203,'E',44,124,'2019-06-04 23:25:05',NULL,'MTg2LjY4LjE0My4xMDY=',85,NULL,'1','2019-06-04 23:25:05',NULL,'1'),(1204,'E',29,84,'2019-06-04 23:28:06',NULL,'MTg2LjY4LjE0My4xMDY=',70,NULL,'1','2019-06-04 23:28:06',NULL,'1'),(1205,'E',54,98,'2019-06-05 01:00:15',NULL,'MTg2LjY4LjE0My4xMDY=',90,NULL,'1','2019-06-05 01:00:15',NULL,'1'),(1206,'E',15,142,'2019-06-05 01:11:37',NULL,'MTg2LjY4LjE0My4xMDY=',56,NULL,'1','2019-06-05 01:11:37',NULL,'1'),(1207,'S',26,87,NULL,'2019-06-05 01:15:52','MTg2LjY4LjE0My4xMDY=',67,1202,'1','2019-06-05 01:15:52',NULL,'1'),(1208,'S',52,158,NULL,'2019-06-05 01:16:02','MTgxLjE5OC4xMC4xNjU=',34,1200,'1','2019-06-05 01:16:02',NULL,'1'),(1209,'S',30,145,NULL,'2019-06-05 01:16:24','MTg2LjY4LjE0My4xMDY=',71,1201,'1','2019-06-05 01:16:24',NULL,'1'),(1210,'S',25,176,NULL,'2019-06-05 01:16:52','MTg2LjY4LjE0My4xMDY=',66,1198,'1','2019-06-05 01:16:52',NULL,'1'),(1211,'E',80,632,'2019-06-05 01:17:29',NULL,'MTg2LjY4LjE0My4xMDY=',114,NULL,'1','2019-06-05 01:17:29',NULL,'1'),(1212,'E',18,167,'2019-06-05 01:20:36',NULL,'MTgxLjE4OC4yMDEuMTE4',59,NULL,'1','2019-06-05 01:20:36',NULL,'1'),(1213,'S',65,282,NULL,'2019-06-05 01:24:49','MTg2LjY4LjE0My4xMDY=',101,1199,'1','2019-06-05 01:24:49',NULL,'1'),(1214,'E',2,127,'2019-06-05 01:36:17',NULL,'MTg2LjUuNzYuMTM5',53,NULL,'1','2019-06-05 01:36:17',NULL,'1'),(1215,'S',15,142,NULL,'2019-06-05 03:10:11','MTg2LjY4LjE0My4xMDY=',56,1206,'1','2019-06-05 03:10:11',NULL,'1'),(1216,'S',54,98,NULL,'2019-06-05 03:10:52','MTg2LjY4LjE0My4xMDY=',90,1205,'1','2019-06-05 03:10:52',NULL,'1'),(1217,'S',80,632,NULL,'2019-06-05 03:13:21','MTg2LjY4LjE0My4xMDY=',114,1211,'1','2019-06-05 03:13:21',NULL,'1'),(1218,'S',18,167,NULL,'2019-06-05 03:42:39','MjAxLjE4My40Ni41NA==',59,1212,'1','2019-06-05 03:42:39',NULL,'1'),(1219,'E',42,71,'2019-06-05 23:01:20',NULL,'MTg2LjUuNzYuMTM5',83,NULL,'1','2019-06-05 23:01:20',NULL,'1'),(1220,'E',73,566,'2019-06-05 23:14:20',NULL,'MTkwLjYzLjI1NC4xODY=',107,NULL,'1','2019-06-05 23:14:20',NULL,'1'),(1221,'E',46,173,'2019-06-05 23:15:39',NULL,'MTg2LjUuNzYuMTM5',87,NULL,'1','2019-06-05 23:15:39',NULL,'1'),(1222,'E',51,116,'2019-06-05 23:20:18',NULL,'MTg2LjY4LjE0My4xMDY=',28,NULL,'1','2019-06-05 23:20:18',NULL,'1'),(1223,'E',6,155,'2019-06-05 23:27:21',NULL,'MTg2LjY4LjE0My4xMDY=',3,NULL,'1','2019-06-05 23:27:21',NULL,'1'),(1224,'E',72,563,'2019-06-05 23:38:13',NULL,'MTgxLjE5OC4xMC4xNzM=',106,NULL,'1','2019-06-05 23:38:13',NULL,'1'),(1225,'E',20,78,'2019-06-05 23:55:01',NULL,'MTkwLjYzLjI0MS4xNzA=',61,NULL,'1','2019-06-05 23:55:01',NULL,'1'),(1226,'S',6,155,NULL,'2019-06-06 02:13:59','MTg2LjUuNzYuMTM5',3,1223,'1','2019-06-06 02:13:59',NULL,'1'),(1227,'S',73,566,NULL,'2019-06-06 02:16:36','MTg2LjUuNzYuMTM5',107,1220,'1','2019-06-06 02:16:36',NULL,'1'),(1228,'S',46,173,NULL,'2019-06-06 02:20:26','MTg2LjUuNzYuMTM5',87,1221,'1','2019-06-06 02:20:26',NULL,'1'),(1229,'S',42,71,NULL,'2019-06-06 02:25:11','MTg2LjUuNzYuMTM5',0,1219,'1','2019-06-06 02:25:11',NULL,'1'),(1230,'E',30,55,'2019-06-06 13:51:37',NULL,'MTg2LjY4LjE0My4xMDY=',71,NULL,'1','2019-06-06 13:51:37',NULL,'1'),(1231,'E',41,70,'2019-06-06 13:56:33',NULL,'MTg2LjY4LjE0My4xMDY=',82,NULL,'1','2019-06-06 13:56:33',NULL,'1'),(1232,'E',6,37,'2019-06-06 14:00:14',NULL,'MTg2LjY4LjE0My4xMDY=',3,NULL,'1','2019-06-06 14:00:14',NULL,'1'),(1233,'E',40,52,'2019-06-06 15:30:16',NULL,'MTg2LjY4LjE0My4xMDY=',81,NULL,'1','2019-06-06 15:30:16',NULL,'1'),(1234,'S',30,55,NULL,'2019-06-06 15:58:51','MTg2LjY4LjE0My4xMDY=',71,1230,'1','2019-06-06 15:58:51',NULL,'1'),(1235,'E',3,49,'2019-06-06 16:00:52',NULL,'MTg2LjY4LjE0My4xMDY=',48,NULL,'1','2019-06-06 16:00:52',NULL,'1'),(1236,'S',6,37,NULL,'2019-06-06 16:02:17','MTg2LjUuNzYuMTM5',3,1232,'1','2019-06-06 16:02:17',NULL,'1'),(1237,'S',41,70,NULL,'2019-06-06 16:03:37','MTg2LjY4LjE0My4xMDY=',82,1231,'1','2019-06-06 16:03:37',NULL,'1'),(1238,'E',47,21,'2019-06-06 16:06:20',NULL,'MTg2LjY4LjE0My4xMDY=',2,NULL,'1','2019-06-06 16:06:20',NULL,'1'),(1239,'S',40,52,NULL,'2019-06-06 18:05:30','MTg2LjY4LjE0My4xMDY=',81,1233,'1','2019-06-06 18:05:30',NULL,'1'),(1240,'E',26,67,'2019-06-06 18:23:43',NULL,'MTg2LjY4LjE0My4xMDY=',67,NULL,'1','2019-06-06 18:23:43',NULL,'1'),(1241,'E',51,34,'2019-06-06 18:24:34',NULL,'MTg2LjY4LjE0My4xMDY=',28,NULL,'1','2019-06-06 18:24:34',NULL,'1'),(1242,'S',26,67,NULL,'2019-06-06 20:32:51','MTg2LjY4LjE0My4xMDY=',67,1240,'1','2019-06-06 20:32:51',NULL,'1'),(1243,'S',51,34,NULL,'2019-06-06 20:33:44','MTg2LjY4LjE0My4xMDY=',28,1241,'1','2019-06-06 20:33:44',NULL,'1'),(1244,'E',29,85,'2019-06-06 22:54:08',NULL,'MTg2LjY4LjE0My4xMDY=',70,NULL,'1','2019-06-06 22:54:08',NULL,'1'),(1245,'E',5,162,'2019-06-06 23:13:11',NULL,'MTg2LjY4LjE0My4xMDY=',51,NULL,'1','2019-06-06 23:13:11',NULL,'1'),(1246,'E',30,146,'2019-06-06 23:16:19',NULL,'MTg2LjY4LjE0My4xMDY=',71,NULL,'1','2019-06-06 23:16:19',NULL,'1'),(1247,'E',44,125,'2019-06-06 23:17:15',NULL,'MTg2LjY4LjE0My4xMDY=',85,NULL,'1','2019-06-06 23:17:15',NULL,'1'),(1248,'E',52,159,'2019-06-06 23:22:14',NULL,'MTgxLjE5OC4xMC4xNjU=',34,NULL,'1','2019-06-06 23:22:14',NULL,'1'),(1249,'E',26,88,'2019-06-06 23:35:13',NULL,'MTg2LjY4LjE0My4xMDY=',67,NULL,'1','2019-06-06 23:35:13',NULL,'1'),(1250,'E',54,99,'2019-06-07 01:01:59',NULL,'MTg2LjY4LjE0My4xMDY=',90,NULL,'1','2019-06-07 01:01:59',NULL,'1'),(1251,'S',26,88,NULL,'2019-06-07 01:10:12','MTg2LjY4LjE0My4xMDY=',67,1249,'1','2019-06-07 01:10:12',NULL,'1'),(1252,'S',30,146,NULL,'2019-06-07 01:16:12','MTg2LjY4LjE0My4xMDY=',71,1246,'1','2019-06-07 01:16:12',NULL,'1'),(1253,'E',80,633,'2019-06-07 01:18:32',NULL,'MTg2LjY4LjE0My4xMDY=',114,NULL,'1','2019-06-07 01:18:32',NULL,'1'),(1254,'S',44,125,NULL,'2019-06-07 01:25:46','MTg2LjY4LjE0My4xMDY=',85,1247,'1','2019-06-07 01:25:46',NULL,'1'),(1255,'E',18,168,'2019-06-07 01:29:38',NULL,'MTgxLjE5OC4xMC4xNjk=',59,NULL,'1','2019-06-07 01:29:38',NULL,'1'),(1256,'E',2,128,'2019-06-07 01:31:20',NULL,'MTg2LjUuNzYuMTM5',53,NULL,'1','2019-06-07 01:31:20',NULL,'1'),(1257,'S',2,128,NULL,'2019-06-07 03:10:05','MTg2LjUuNzYuMTM5',53,1256,'1','2019-06-07 03:10:05',NULL,'1'),(1258,'S',80,633,NULL,'2019-06-07 03:10:32','MTg2LjY4LjE0My4xMDY=',114,1253,'1','2019-06-07 03:10:32',NULL,'1'),(1259,'S',54,99,NULL,'2019-06-07 03:15:34','MTgxLjE5OC4xMC4xNjU=',90,1250,'1','2019-06-07 03:15:34',NULL,'1'),(1260,'E',42,72,'2019-06-07 23:06:29',NULL,'MTg2LjUuNzYuMTM5',83,NULL,'1','2019-06-07 23:06:29',NULL,'1'),(1261,'E',51,117,'2019-06-07 23:12:10',NULL,'MTg2LjY4LjE0My4xMDY=',28,NULL,'1','2019-06-07 23:12:10',NULL,'1'),(1262,'E',35,172,'2019-06-07 23:17:10',NULL,'MTg2LjY4LjE0My4xMDY=',76,NULL,'1','2019-06-07 23:17:10',NULL,'1'),(1263,'E',73,567,'2019-06-07 23:18:22',NULL,'MTkwLjYzLjExNS4yMjY=',107,NULL,'1','2019-06-07 23:18:22',NULL,'1'),(1264,'E',72,564,'2019-06-07 23:20:57',NULL,'MTg2LjY4LjE0My4xMDY=',106,NULL,'1','2019-06-07 23:20:57',NULL,'1'),(1265,'E',20,79,'2019-06-07 23:40:55',NULL,'MTkwLjYzLjI1NC4xMzM=',61,NULL,'1','2019-06-07 23:40:55',NULL,'1'),(1266,'E',6,156,'2019-06-07 23:55:11',NULL,'MTg2LjUuNzYuMTM5',3,NULL,'1','2019-06-07 23:55:11',NULL,'1'),(1267,'E',46,174,'2019-06-07 23:56:19',NULL,'MTg2LjUuNzYuMTM5',87,NULL,'1','2019-06-07 23:56:19',NULL,'1'),(1268,'S',51,117,NULL,'2019-06-08 02:13:19','MTg2LjY4LjE0My4xMDY=',28,1261,'1','2019-06-08 02:13:19',NULL,'1'),(1269,'S',46,174,NULL,'2019-06-08 02:21:20','MTg2LjUuNzYuMTM5',87,1267,'1','2019-06-08 02:21:20',NULL,'1'),(1270,'S',42,72,NULL,'2019-06-08 02:21:34','MTgxLjE5OC4xMC4xNzA=',83,1260,'1','2019-06-08 02:21:34',NULL,'1'),(1271,'S',6,156,NULL,'2019-06-08 02:22:41','MTg2LjUuNzYuMTM5',3,1266,'1','2019-06-08 02:22:41',NULL,'1'),(1272,'S',20,79,NULL,'2019-06-08 02:43:53','MTkwLjYzLjIzOS41OQ==',61,1265,'1','2019-06-08 02:43:53',NULL,'1'),(1273,'E',54,257,'2019-06-08 12:03:04',NULL,'MTg2LjY4LjE0My4xMDY=',90,NULL,'1','2019-06-08 12:03:04',NULL,'1'),(1274,'E',20,262,'2019-06-08 12:12:35',NULL,'MTkwLjYzLjI1NS4yMjg=',61,NULL,'1','2019-06-08 12:12:35',NULL,'1'),(1275,'E',7,2,'2019-06-08 12:14:35',NULL,'MTkwLjYzLjI1NS4xMTY=',50,NULL,'1','2019-06-08 12:14:35',NULL,'1'),(1276,'E',58,259,'2019-06-08 12:19:30',NULL,'MTg2LjY4LjE0My4xMDY=',94,NULL,'1','2019-06-08 12:19:30',NULL,'1'),(1277,'E',63,265,'2019-06-08 12:21:36',NULL,'MTg2LjY4LjE0My4xMDY=',99,NULL,'1','2019-06-08 12:21:36',NULL,'1'),(1278,'E',52,260,'2019-06-08 12:24:43',NULL,'MTg2LjY4LjE0My4xMDY=',34,NULL,'1','2019-06-08 12:24:43',NULL,'1'),(1279,'E',59,258,'2019-06-08 12:31:21',NULL,'MTg2LjY4LjE0My4xMDY=',95,NULL,'1','2019-06-08 12:31:21',NULL,'1'),(1280,'S',52,260,NULL,'2019-06-08 15:07:57','MTgxLjE5OC4xMC4xNjI=',34,1278,'1','2019-06-08 15:07:57',NULL,'1'),(1281,'E',41,269,'2019-06-08 15:09:22',NULL,'MTg2LjY4LjE0My4xMDY=',82,NULL,'1','2019-06-08 15:09:22',NULL,'1'),(1282,'E',74,568,'2019-06-08 15:18:30',NULL,'MTg2LjY4LjE0My4xMDY=',108,NULL,'1','2019-06-08 15:18:30',NULL,'1'),(1283,'S',20,262,NULL,'2019-06-08 15:19:10','MTg2LjY4LjE0My4xMDY=',61,1274,'1','2019-06-08 15:19:10',NULL,'1'),(1284,'S',58,259,NULL,'2019-06-08 15:20:01','MTg2LjY4LjE0My4xMDY=',94,1276,'1','2019-06-08 15:20:01',NULL,'1'),(1285,'E',78,569,'2019-06-08 15:20:50',NULL,'MTg2LjY4LjE0My4xMDY=',112,NULL,'1','2019-06-08 15:20:50',NULL,'1'),(1286,'S',59,258,NULL,'2019-06-08 15:21:44','MTg2LjUuNzYuMTM5',95,1279,'1','2019-06-08 15:21:44',NULL,'1'),(1287,'E',9,4,'2019-06-08 15:25:49',NULL,'MTg2LjUuNzYuMTM5',33,NULL,'1','2019-06-08 15:25:49',NULL,'1'),(1288,'S',54,257,NULL,'2019-06-08 15:26:13','MTg2LjY4LjE0My4xMDY=',90,1273,'1','2019-06-08 15:26:13',NULL,'1'),(1289,'E',57,266,'2019-06-08 15:29:04',NULL,'MTg2LjY4LjE0My4xMDY=',93,NULL,'1','2019-06-08 15:29:04',NULL,'1'),(1290,'E',72,565,'2019-06-08 15:29:41',NULL,'MTg2LjY4LjE0My4xMDY=',106,NULL,'1','2019-06-08 15:29:41',NULL,'1'),(1291,'E',5,8,'2019-06-08 15:40:04',NULL,'MTg2LjY4LjE0My4xMDY=',51,NULL,'1','2019-06-08 15:40:04',NULL,'1'),(1292,'S',9,4,NULL,'2019-06-08 18:30:12','MTg2LjUuNzYuMTM5',33,1287,'1','2019-06-08 18:30:12',NULL,'1'),(1293,'S',74,568,NULL,'2019-06-08 18:33:19','MTg2LjY4LjE0My4xMDY=',108,1282,'1','2019-06-08 18:33:19',NULL,'1'),(1294,'S',57,266,NULL,'2019-06-08 18:33:51','MTg2LjY4LjE0My4xMDY=',93,1289,'1','2019-06-08 18:33:51',NULL,'1'),(1295,'S',5,8,NULL,'2019-06-08 18:36:40','MTg2LjY4LjE0My4xMDY=',51,1291,'1','2019-06-08 18:36:40',NULL,'1'),(1296,'S',41,269,NULL,'2019-06-08 18:38:12','MTg2LjY4LjE0My4xMDY=',82,1281,'1','2019-06-08 18:38:12',NULL,'1'),(1297,'S',78,569,NULL,'2019-06-08 18:48:50','MTg2LjY4LjE0My4xMDY=',112,1285,'1','2019-06-08 18:48:50',NULL,'1'),(1298,'E',60,276,'2019-06-08 19:18:01',NULL,'MTg2LjY4LjE0My4xMDY=',96,NULL,'1','2019-06-08 19:18:01',NULL,'1'),(1299,'E',6,9,'2019-06-08 19:32:02',NULL,'MTgxLjE5OC4xMC4xNjQ=',3,NULL,'1','2019-06-08 19:32:02',NULL,'1'),(1300,'S',6,9,NULL,'2019-06-08 22:31:58','MTg2LjY4LjE0My4xMDY=',3,1299,'1','2019-06-08 22:31:58',NULL,'1'),(1301,'S',60,276,NULL,'2019-06-08 22:44:59','MTg2LjY4LjE0My4xMDY=',96,1298,'1','2019-06-08 22:44:59',NULL,'1'),(1302,'E',7,60,'2019-06-10 13:49:06',NULL,'MTg2LjY4LjE0My4xMDY=',50,NULL,'1','2019-06-10 13:49:06',NULL,'1'),(1303,'E',30,53,'2019-06-10 13:54:18',NULL,'MTg2LjY4LjE0My4xMDY=',71,NULL,'1','2019-06-10 13:54:18',NULL,'1'),(1304,'E',41,68,'2019-06-10 13:58:10',NULL,'MTg2LjY4LjE0My4xMDY=',82,NULL,'1','2019-06-10 13:58:10',NULL,'1'),(1305,'E',40,50,'2019-06-10 15:32:11',NULL,'MTg2LjY4LjE0My4xMDY=',81,NULL,'1','2019-06-10 15:32:11',NULL,'1'),(1306,'S',30,53,NULL,'2019-06-10 15:55:17','MTg2LjY4LjE0My4xMDY=',71,1303,'1','2019-06-10 15:55:17',NULL,'1'),(1307,'E',1,44,'2019-06-10 15:58:33',NULL,'MTg2LjY4LjE0My4xMDY=',30,NULL,'1','2019-06-10 15:58:33',NULL,'1'),(1308,'S',41,68,NULL,'2019-06-10 16:02:44','MTg2LjY4LjE0My4xMDY=',82,1304,'1','2019-06-10 16:02:44',NULL,'1'),(1309,'E',47,19,'2019-06-10 16:10:25',NULL,'MTgxLjE5OC4xMC4xNzE=',2,NULL,'1','2019-06-10 16:10:25',NULL,'1'),(1310,'E',51,32,'2019-06-10 18:36:05',NULL,'MTg2LjY4LjE0My4xMDY=',28,NULL,'1','2019-06-10 18:36:05',NULL,'1'),(1311,'E',25,175,'2019-06-10 22:56:47',NULL,'MTg2LjY4LjE0My4xMDY=',66,NULL,'1','2019-06-10 22:56:47',NULL,'1'),(1312,'E',29,83,'2019-06-10 23:02:21',NULL,'MTg2LjY4LjE0My4xMDY=',70,NULL,'1','2019-06-10 23:02:21',NULL,'1'),(1313,'E',65,281,'2019-06-10 23:09:18',NULL,'MTg2LjY4LjE0My4xMDY=',101,NULL,'1','2019-06-10 23:09:18',NULL,'1'),(1314,'E',44,123,'2019-06-10 23:14:29',NULL,'MTg2LjY4LjE0My4xMDY=',85,NULL,'1','2019-06-10 23:14:29',NULL,'1'),(1315,'E',26,86,'2019-06-10 23:20:17',NULL,'MTg2LjY4LjE0My4xMDY=',67,NULL,'1','2019-06-10 23:20:17',NULL,'1'),(1316,'E',30,144,'2019-06-10 23:20:49',NULL,'MTg2LjY4LjE0My4xMDY=',71,NULL,'1','2019-06-10 23:20:49',NULL,'1'),(1317,'E',5,160,'2019-06-10 23:26:09',NULL,'MTg2LjUuNzYuMTM5',51,NULL,'1','2019-06-10 23:26:09',NULL,'1'),(1318,'E',52,157,'2019-06-11 00:05:11',NULL,'MTgxLjE5OC4xMC4xNjU=',34,NULL,'1','2019-06-11 00:05:11',NULL,'1'),(1319,'E',54,97,'2019-06-11 01:01:06',NULL,'MTg2LjY4LjE0My4xMDY=',90,NULL,'1','2019-06-11 01:01:06',NULL,'1'),(1320,'E',15,141,'2019-06-11 01:08:36',NULL,'MTg2LjY4LjE0My4xMDY=',56,NULL,'1','2019-06-11 01:08:36',NULL,'1'),(1321,'S',52,157,NULL,'2019-06-11 01:10:43','MTg2LjY4LjE0My4xMDY=',34,1318,'1','2019-06-11 01:10:43',NULL,'1'),(1322,'S',30,144,NULL,'2019-06-11 01:14:25','MTg2LjY4LjE0My4xMDY=',71,1316,'1','2019-06-11 01:14:25',NULL,'1'),(1323,'E',80,631,'2019-06-11 01:15:04',NULL,'MTg2LjY4LjE0My4xMDY=',114,NULL,'1','2019-06-11 01:15:04',NULL,'1'),(1324,'S',26,86,NULL,'2019-06-11 01:16:05','MTg2LjY4LjE0My4xMDY=',67,1315,'1','2019-06-11 01:16:05',NULL,'1'),(1325,'S',44,123,NULL,'2019-06-11 01:18:06','MTg2LjY4LjE0My4xMDY=',85,1314,'1','2019-06-11 01:18:06',NULL,'1'),(1326,'S',65,281,NULL,'2019-06-11 01:20:41','MTg2LjY4LjE0My4xMDY=',101,1313,'1','2019-06-11 01:20:41',NULL,'1'),(1327,'S',5,160,NULL,'2019-06-11 01:24:49','MTg2LjY4LjE0My4xMDY=',51,1317,'1','2019-06-11 01:24:49',NULL,'1'),(1328,'E',18,166,'2019-06-11 01:24:53',NULL,'MTgxLjE4OC4yMDAuMTIz',59,NULL,'1','2019-06-11 01:24:53',NULL,'1'),(1329,'E',73,622,'2019-06-11 01:56:31',NULL,'MTkwLjIxNi4xMDguMjY=',107,NULL,'1','2019-06-11 01:56:31',NULL,'1'),(1330,'S',15,141,NULL,'2019-06-11 03:10:28','MTg2LjY4LjE0My4xMDY=',56,1320,'1','2019-06-11 03:10:28',NULL,'1'),(1331,'S',54,97,NULL,'2019-06-11 03:10:56','MTg2LjY4LjE0My4xMDY=',90,1319,'1','2019-06-11 03:10:56',NULL,'1'),(1332,'S',80,631,NULL,'2019-06-11 03:11:32','MTg2LjY4LjE0My4xMDY=',114,1323,'1','2019-06-11 03:11:32',NULL,'1'),(1333,'S',18,166,NULL,'2019-06-11 03:18:13','MTgxLjE4OC4yMDAuMTIz',59,1328,'1','2019-06-11 03:18:13',NULL,'1'),(1334,'S',73,622,NULL,'2019-06-11 03:20:24','MTkwLjIxNi4xMDguMjY=',107,1329,'1','2019-06-11 03:20:24',NULL,'1'),(1335,'E',7,61,'2019-06-11 13:39:45',NULL,'MTg2LjY4LjE0My4xMDY=',50,NULL,'1','2019-06-11 13:39:45',NULL,'1'),(1336,'E',41,69,'2019-06-11 13:48:37',NULL,'MTg2LjY4LjE0My4xMDY=',82,NULL,'1','2019-06-11 13:48:37',NULL,'1'),(1337,'E',30,54,'2019-06-11 13:58:44',NULL,'MTg2LjY4LjE0My4xMDY=',71,NULL,'1','2019-06-11 13:58:44',NULL,'1'),(1338,'E',6,36,'2019-06-11 14:21:10',NULL,'MTg2LjY4LjE0My4xMDY=',3,NULL,'1','2019-06-11 14:21:10',NULL,'1'),(1339,'E',40,51,'2019-06-11 15:37:09',NULL,'MTg2LjY4LjE0My4xMDY=',81,NULL,'1','2019-06-11 15:37:09',NULL,'1'),(1340,'E',3,48,'2019-06-11 15:53:36',NULL,'MTg2LjY4LjE0My4xMDY=',48,NULL,'1','2019-06-11 15:53:36',NULL,'1'),(1341,'E',47,20,'2019-06-11 15:54:31',NULL,'MTgxLjE5OC4xMC4xNjg=',2,NULL,'1','2019-06-11 15:54:31',NULL,'1'),(1342,'S',30,54,NULL,'2019-06-11 15:56:39','MTg2LjY4LjE0My4xMDY=',71,1337,'1','2019-06-11 15:56:39',NULL,'1'),(1343,'S',41,69,NULL,'2019-06-11 16:03:01','MTg2LjY4LjE0My4xMDY=',82,1336,'1','2019-06-11 16:03:01',NULL,'1'),(1344,'E',1,45,'2019-06-11 16:05:11',NULL,'MTkwLjIxNi4xMDguMjY=',30,NULL,'1','2019-06-11 16:05:11',NULL,'1'),(1345,'S',6,36,NULL,'2019-06-11 16:06:29','MTg2LjUuNzYuMTM5',3,1338,'1','2019-06-11 16:06:29',NULL,'1'),(1346,'E',22,58,'2019-06-11 16:14:57',NULL,'MTg2LjUuNzYuMTM5',63,NULL,'1','2019-06-11 16:14:57',NULL,'1'),(1347,'S',1,45,NULL,'2019-06-11 18:14:06','MTgxLjE5OC4xMC4xNjY=',30,1344,'1','2019-06-11 18:14:06',NULL,'1'),(1348,'S',47,20,NULL,'2019-06-11 18:16:11','MTgxLjE5OC4xMC4xNjg=',2,1341,'1','2019-06-11 18:16:11',NULL,'1'),(1349,'S',40,51,NULL,'2019-06-11 18:18:42','MTg2LjY4LjE0My4xMDY=',81,1339,'1','2019-06-11 18:18:42',NULL,'1'),(1350,'E',51,33,'2019-06-11 18:21:02',NULL,'MTg2LjY4LjE0My4xMDY=',28,NULL,'1','2019-06-11 18:21:02',NULL,'1'),(1351,'E',26,66,'2019-06-11 18:25:54',NULL,'MTg2LjY4LjE0My4xMDY=',67,NULL,'1','2019-06-11 18:25:54',NULL,'1'),(1352,'S',51,33,NULL,'2019-06-11 20:24:15','MTg2LjY4LjE0My4xMDY=',28,1350,'1','2019-06-11 20:24:15',NULL,'1'),(1353,'S',26,66,NULL,'2019-06-11 20:38:46','MTg2LjY4LjE0My4xMDY=',67,1351,'1','2019-06-11 20:38:46',NULL,'1'),(1354,'E',65,282,'2019-06-11 22:55:09',NULL,'MTg2LjY4LjE0My4xMDY=',101,NULL,'1','2019-06-11 22:55:09',NULL,'1'),(1355,'E',5,161,'2019-06-11 23:12:13',NULL,'MTg2LjY4LjE0My4xMDY=',51,NULL,'1','2019-06-11 23:12:13',NULL,'1'),(1356,'E',30,145,'2019-06-11 23:15:05',NULL,'MTg2LjY4LjE0My4xMDY=',71,NULL,'1','2019-06-11 23:15:05',NULL,'1'),(1357,'E',26,87,'2019-06-11 23:15:36',NULL,'MTg2LjY4LjE0My4xMDY=',67,NULL,'1','2019-06-11 23:15:36',NULL,'1'),(1358,'E',44,124,'2019-06-11 23:26:41',NULL,'MTgxLjE5OC4xMC4xNzM=',85,NULL,'1','2019-06-11 23:26:41',NULL,'1'),(1359,'E',15,142,'2019-06-12 01:03:02',NULL,'MTg2LjY4LjE0My4xMDY=',56,NULL,'1','2019-06-12 01:03:02',NULL,'1'),(1360,'S',30,145,NULL,'2019-06-12 01:14:16','MTg2LjY4LjE0My4xMDY=',71,1356,'1','2019-06-12 01:14:16',NULL,'1'),(1361,'E',80,632,'2019-06-12 01:17:16',NULL,'MTg2LjY4LjE0My4xMDY=',114,NULL,'1','2019-06-12 01:17:16',NULL,'1'),(1362,'E',54,98,'2019-06-12 01:18:09',NULL,'MTg2LjY4LjE0My4xMDY=',90,NULL,'1','2019-06-12 01:18:09',NULL,'1'),(1363,'S',26,87,NULL,'2019-06-12 01:18:45','MTg2LjY4LjE0My4xMDY=',67,1357,'1','2019-06-12 01:18:45',NULL,'1'),(1364,'S',5,161,NULL,'2019-06-12 01:19:31','MTg2LjY4LjE0My4xMDY=',51,1355,'1','2019-06-12 01:19:31',NULL,'1'),(1365,'E',18,167,'2019-06-12 01:21:40',NULL,'MTgxLjE5OC4xMC4xNjc=',59,NULL,'1','2019-06-12 01:21:40',NULL,'1'),(1366,'S',65,282,NULL,'2019-06-12 01:22:57','MTg2LjY4LjE0My4xMDY=',101,1354,'1','2019-06-12 01:22:57',NULL,'1'),(1367,'E',2,127,'2019-06-12 01:23:24',NULL,'MTg2LjY4LjE0My4xMDY=',53,NULL,'1','2019-06-12 01:23:24',NULL,'1'),(1368,'S',44,124,NULL,'2019-06-12 01:23:50','MTg2LjY4LjE0My4xMDY=',85,1358,'1','2019-06-12 01:23:50',NULL,'1'),(1369,'E',73,580,'2019-06-12 02:02:52',NULL,'MTkwLjIxNi4xMDguMjY=',107,NULL,'1','2019-06-12 02:02:52',NULL,'1'),(1370,'S',15,142,NULL,'2019-06-12 03:10:26','MTg2LjY4LjE0My4xMDY=',56,1359,'1','2019-06-12 03:10:26',NULL,'1'),(1371,'S',54,98,NULL,'2019-06-12 03:13:47','MTg2LjY4LjE0My4xMDY=',90,1362,'1','2019-06-12 03:13:47',NULL,'1'),(1372,'S',80,632,NULL,'2019-06-12 03:16:18','MTg2LjY4LjE0My4xMDY=',114,1361,'1','2019-06-12 03:16:18',NULL,'1'),(1373,'S',2,127,NULL,'2019-06-12 03:19:21','MjAwLjg1LjgzLjgy',53,1367,'1','2019-06-12 03:19:21',NULL,'1'),(1374,'S',73,580,NULL,'2019-06-12 03:21:12','MTkwLjIxNi4xMDguMjY=',107,1369,'1','2019-06-12 03:21:12',NULL,'1'),(1375,'S',18,167,NULL,'2019-06-12 03:23:34','MTgxLjE4OC4yMDEuNjQ=',59,1365,'1','2019-06-12 03:23:34',NULL,'1');
/*!40000 ALTER TABLE `registro_marcacion` ENABLE KEYS */;
UNLOCK TABLES;

--
-- Table structure for table `registro_marcacion_generada`
--

DROP TABLE IF EXISTS `registro_marcacion_generada`;
/*!40101 SET @saved_cs_client     = @@character_set_client */;
/*!40101 SET character_set_client = utf8 */;
CREATE TABLE `registro_marcacion_generada` (
  `rmtm_id` bigint(20) NOT NULL AUTO_INCREMENT,
  `hape_id` bigint(20) NOT NULL,
  `paca_id` bigint(20) NOT NULL,
  `uaca_id` bigint(20) NOT NULL,
  `mod_id` bigint(20) NOT NULL,
  `rmtm_fecha_transaccion` timestamp NOT NULL DEFAULT CURRENT_TIMESTAMP ON UPDATE CURRENT_TIMESTAMP,
  PRIMARY KEY (`rmtm_id`)
) ENGINE=InnoDB AUTO_INCREMENT=2662 DEFAULT CHARSET=latin1;
/*!40101 SET character_set_client = @saved_cs_client */;

--
-- Dumping data for table `registro_marcacion_generada`
--

LOCK TABLES `registro_marcacion_generada` WRITE;
/*!40000 ALTER TABLE `registro_marcacion_generada` DISABLE KEYS */;
INSERT INTO `registro_marcacion_generada` VALUES (1,1,1,1,3,'2019-04-13 10:00:00'),(2,1,1,1,3,'2019-04-20 10:00:00'),(3,1,1,1,3,'2019-04-27 10:00:00'),(4,1,1,1,3,'2019-05-04 10:00:00'),(5,1,1,1,3,'2019-05-11 10:00:00'),(6,1,1,1,3,'2019-05-18 10:00:00'),(7,1,1,1,3,'2019-05-25 10:00:00'),(8,1,1,1,3,'2019-06-01 10:00:00'),(9,1,1,1,3,'2019-06-08 10:00:00'),(10,1,1,1,3,'2019-06-15 10:00:00'),(11,1,1,1,3,'2019-06-22 10:00:00'),(12,1,1,1,3,'2019-06-29 10:00:00'),(13,2,1,1,3,'2019-04-13 10:00:00'),(14,2,1,1,3,'2019-04-20 10:00:00'),(15,2,1,1,3,'2019-04-27 10:00:00'),(16,2,1,1,3,'2019-05-04 10:00:00'),(17,2,1,1,3,'2019-05-11 10:00:00'),(18,2,1,1,3,'2019-05-18 10:00:00'),(19,2,1,1,3,'2019-05-25 10:00:00'),(20,2,1,1,3,'2019-06-01 10:00:00'),(21,2,1,1,3,'2019-06-08 10:00:00'),(22,2,1,1,3,'2019-06-15 10:00:00'),(23,2,1,1,3,'2019-06-22 10:00:00'),(24,2,1,1,3,'2019-06-29 10:00:00'),(25,3,1,1,3,'2019-04-13 10:00:00'),(26,3,1,1,3,'2019-04-20 10:00:00'),(27,3,1,1,3,'2019-04-27 10:00:00'),(28,3,1,1,3,'2019-05-04 10:00:00'),(29,3,1,1,3,'2019-05-11 10:00:00'),(30,3,1,1,3,'2019-05-18 10:00:00'),(31,3,1,1,3,'2019-05-25 10:00:00'),(32,3,1,1,3,'2019-06-01 10:00:00'),(33,3,1,1,3,'2019-06-08 10:00:00'),(34,3,1,1,3,'2019-06-15 10:00:00'),(35,3,1,1,3,'2019-06-22 10:00:00'),(36,3,1,1,3,'2019-06-29 10:00:00'),(37,4,1,1,3,'2019-04-13 10:00:00'),(38,4,1,1,3,'2019-04-20 10:00:00'),(39,4,1,1,3,'2019-04-27 10:00:00'),(40,4,1,1,3,'2019-05-04 10:00:00'),(41,4,1,1,3,'2019-05-11 10:00:00'),(42,4,1,1,3,'2019-05-18 10:00:00'),(43,4,1,1,3,'2019-05-25 10:00:00'),(44,4,1,1,3,'2019-06-01 10:00:00'),(45,4,1,1,3,'2019-06-08 10:00:00'),(46,4,1,1,3,'2019-06-15 10:00:00'),(47,4,1,1,3,'2019-06-22 10:00:00'),(48,4,1,1,3,'2019-06-29 10:00:00'),(49,5,1,1,3,'2019-04-13 10:00:00'),(50,5,1,1,3,'2019-04-20 10:00:00'),(51,5,1,1,3,'2019-04-27 10:00:00'),(52,5,1,1,3,'2019-05-04 10:00:00'),(53,5,1,1,3,'2019-05-11 10:00:00'),(54,5,1,1,3,'2019-05-18 10:00:00'),(55,5,1,1,3,'2019-05-25 10:00:00'),(56,5,1,1,3,'2019-06-01 10:00:00'),(57,5,1,1,3,'2019-06-08 10:00:00'),(58,5,1,1,3,'2019-06-15 10:00:00'),(59,5,1,1,3,'2019-06-22 10:00:00'),(60,5,1,1,3,'2019-06-29 10:00:00'),(61,6,1,1,3,'2019-04-13 10:00:00'),(62,6,1,1,3,'2019-04-20 10:00:00'),(63,6,1,1,3,'2019-04-27 10:00:00'),(64,6,1,1,3,'2019-05-04 10:00:00'),(65,6,1,1,3,'2019-05-11 10:00:00'),(66,6,1,1,3,'2019-05-18 10:00:00'),(67,6,1,1,3,'2019-05-25 10:00:00'),(68,6,1,1,3,'2019-06-01 10:00:00'),(69,6,1,1,3,'2019-06-08 10:00:00'),(70,6,1,1,3,'2019-06-15 10:00:00'),(71,6,1,1,3,'2019-06-22 10:00:00'),(72,6,1,1,3,'2019-06-29 10:00:00'),(73,7,1,1,3,'2019-04-13 10:00:00'),(74,7,1,1,3,'2019-04-20 10:00:00'),(75,7,1,1,3,'2019-04-27 10:00:00'),(76,7,1,1,3,'2019-05-04 10:00:00'),(77,7,1,1,3,'2019-05-11 10:00:00'),(78,7,1,1,3,'2019-05-18 10:00:00'),(79,7,1,1,3,'2019-05-25 10:00:00'),(80,7,1,1,3,'2019-06-01 10:00:00'),(81,7,1,1,3,'2019-06-08 10:00:00'),(82,7,1,1,3,'2019-06-15 10:00:00'),(83,7,1,1,3,'2019-06-22 10:00:00'),(84,7,1,1,3,'2019-06-29 10:00:00'),(85,8,1,1,3,'2019-04-13 10:00:00'),(86,8,1,1,3,'2019-04-20 10:00:00'),(87,8,1,1,3,'2019-04-27 10:00:00'),(88,8,1,1,3,'2019-05-04 10:00:00'),(89,8,1,1,3,'2019-05-11 10:00:00'),(90,8,1,1,3,'2019-05-18 10:00:00'),(91,8,1,1,3,'2019-05-25 10:00:00'),(92,8,1,1,3,'2019-06-01 10:00:00'),(93,8,1,1,3,'2019-06-08 10:00:00'),(94,8,1,1,3,'2019-06-15 10:00:00'),(95,8,1,1,3,'2019-06-22 10:00:00'),(96,8,1,1,3,'2019-06-29 10:00:00'),(97,9,1,1,3,'2019-04-13 10:00:00'),(98,9,1,1,3,'2019-04-20 10:00:00'),(99,9,1,1,3,'2019-04-27 10:00:00'),(100,9,1,1,3,'2019-05-04 10:00:00'),(101,9,1,1,3,'2019-05-11 10:00:00'),(102,9,1,1,3,'2019-05-18 10:00:00'),(103,9,1,1,3,'2019-05-25 10:00:00'),(104,9,1,1,3,'2019-06-01 10:00:00'),(105,9,1,1,3,'2019-06-08 10:00:00'),(106,9,1,1,3,'2019-06-15 10:00:00'),(107,9,1,1,3,'2019-06-22 10:00:00'),(108,9,1,1,3,'2019-06-29 10:00:00'),(109,256,1,1,3,'2019-04-13 10:00:00'),(110,256,1,1,3,'2019-04-20 10:00:00'),(111,256,1,1,3,'2019-04-27 10:00:00'),(112,256,1,1,3,'2019-05-04 10:00:00'),(113,256,1,1,3,'2019-05-11 10:00:00'),(114,256,1,1,3,'2019-05-18 10:00:00'),(115,256,1,1,3,'2019-05-25 10:00:00'),(116,256,1,1,3,'2019-06-01 10:00:00'),(117,256,1,1,3,'2019-06-08 10:00:00'),(118,256,1,1,3,'2019-06-15 10:00:00'),(119,256,1,1,3,'2019-06-22 10:00:00'),(120,256,1,1,3,'2019-06-29 10:00:00'),(121,257,1,1,3,'2019-04-13 10:00:00'),(122,257,1,1,3,'2019-04-20 10:00:00'),(123,257,1,1,3,'2019-04-27 10:00:00'),(124,257,1,1,3,'2019-05-04 10:00:00'),(125,257,1,1,3,'2019-05-11 10:00:00'),(126,257,1,1,3,'2019-05-18 10:00:00'),(127,257,1,1,3,'2019-05-25 10:00:00'),(128,257,1,1,3,'2019-06-01 10:00:00'),(129,257,1,1,3,'2019-06-08 10:00:00'),(130,257,1,1,3,'2019-06-15 10:00:00'),(131,257,1,1,3,'2019-06-22 10:00:00'),(132,257,1,1,3,'2019-06-29 10:00:00'),(133,258,1,1,3,'2019-04-13 10:00:00'),(134,258,1,1,3,'2019-04-20 10:00:00'),(135,258,1,1,3,'2019-04-27 10:00:00'),(136,258,1,1,3,'2019-05-04 10:00:00'),(137,258,1,1,3,'2019-05-11 10:00:00'),(138,258,1,1,3,'2019-05-18 10:00:00'),(139,258,1,1,3,'2019-05-25 10:00:00'),(140,258,1,1,3,'2019-06-01 10:00:00'),(141,258,1,1,3,'2019-06-08 10:00:00'),(142,258,1,1,3,'2019-06-15 10:00:00'),(143,258,1,1,3,'2019-06-22 10:00:00'),(144,258,1,1,3,'2019-06-29 10:00:00'),(145,259,1,1,3,'2019-04-13 10:00:00'),(146,259,1,1,3,'2019-04-20 10:00:00'),(147,259,1,1,3,'2019-04-27 10:00:00'),(148,259,1,1,3,'2019-05-04 10:00:00'),(149,259,1,1,3,'2019-05-11 10:00:00'),(150,259,1,1,3,'2019-05-18 10:00:00'),(151,259,1,1,3,'2019-05-25 10:00:00'),(152,259,1,1,3,'2019-06-01 10:00:00'),(153,259,1,1,3,'2019-06-08 10:00:00'),(154,259,1,1,3,'2019-06-15 10:00:00'),(155,259,1,1,3,'2019-06-22 10:00:00'),(156,259,1,1,3,'2019-06-29 10:00:00'),(157,260,1,1,3,'2019-04-13 10:00:00'),(158,260,1,1,3,'2019-04-20 10:00:00'),(159,260,1,1,3,'2019-04-27 10:00:00'),(160,260,1,1,3,'2019-05-04 10:00:00'),(161,260,1,1,3,'2019-05-11 10:00:00'),(162,260,1,1,3,'2019-05-18 10:00:00'),(163,260,1,1,3,'2019-05-25 10:00:00'),(164,260,1,1,3,'2019-06-01 10:00:00'),(165,260,1,1,3,'2019-06-08 10:00:00'),(166,260,1,1,3,'2019-06-15 10:00:00'),(167,260,1,1,3,'2019-06-22 10:00:00'),(168,260,1,1,3,'2019-06-29 10:00:00'),(169,261,1,1,3,'2019-04-13 10:00:00'),(170,261,1,1,3,'2019-04-20 10:00:00'),(171,261,1,1,3,'2019-04-27 10:00:00'),(172,261,1,1,3,'2019-05-04 10:00:00'),(173,261,1,1,3,'2019-05-11 10:00:00'),(174,261,1,1,3,'2019-05-18 10:00:00'),(175,261,1,1,3,'2019-05-25 10:00:00'),(176,261,1,1,3,'2019-06-01 10:00:00'),(177,261,1,1,3,'2019-06-08 10:00:00'),(178,261,1,1,3,'2019-06-15 10:00:00'),(179,261,1,1,3,'2019-06-22 10:00:00'),(180,261,1,1,3,'2019-06-29 10:00:00'),(181,262,1,1,3,'2019-04-13 10:00:00'),(182,262,1,1,3,'2019-04-20 10:00:00'),(183,262,1,1,3,'2019-04-27 10:00:00'),(184,262,1,1,3,'2019-05-04 10:00:00'),(185,262,1,1,3,'2019-05-11 10:00:00'),(186,262,1,1,3,'2019-05-18 10:00:00'),(187,262,1,1,3,'2019-05-25 10:00:00'),(188,262,1,1,3,'2019-06-01 10:00:00'),(189,262,1,1,3,'2019-06-08 10:00:00'),(190,262,1,1,3,'2019-06-15 10:00:00'),(191,262,1,1,3,'2019-06-22 10:00:00'),(192,262,1,1,3,'2019-06-29 10:00:00'),(193,263,1,1,3,'2019-04-13 10:00:00'),(194,263,1,1,3,'2019-04-20 10:00:00'),(195,263,1,1,3,'2019-04-27 10:00:00'),(196,263,1,1,3,'2019-05-04 10:00:00'),(197,263,1,1,3,'2019-05-11 10:00:00'),(198,263,1,1,3,'2019-05-18 10:00:00'),(199,263,1,1,3,'2019-05-25 10:00:00'),(200,263,1,1,3,'2019-06-01 10:00:00'),(201,263,1,1,3,'2019-06-08 10:00:00'),(202,263,1,1,3,'2019-06-15 10:00:00'),(203,263,1,1,3,'2019-06-22 10:00:00'),(204,263,1,1,3,'2019-06-29 10:00:00'),(205,264,1,1,3,'2019-04-13 10:00:00'),(206,264,1,1,3,'2019-04-20 10:00:00'),(207,264,1,1,3,'2019-04-27 10:00:00'),(208,264,1,1,3,'2019-05-04 10:00:00'),(209,264,1,1,3,'2019-05-11 10:00:00'),(210,264,1,1,3,'2019-05-18 10:00:00'),(211,264,1,1,3,'2019-05-25 10:00:00'),(212,264,1,1,3,'2019-06-01 10:00:00'),(213,264,1,1,3,'2019-06-08 10:00:00'),(214,264,1,1,3,'2019-06-15 10:00:00'),(215,264,1,1,3,'2019-06-22 10:00:00'),(216,264,1,1,3,'2019-06-29 10:00:00'),(217,265,1,1,3,'2019-04-13 10:00:00'),(218,265,1,1,3,'2019-04-20 10:00:00'),(219,265,1,1,3,'2019-04-27 10:00:00'),(220,265,1,1,3,'2019-05-04 10:00:00'),(221,265,1,1,3,'2019-05-11 10:00:00'),(222,265,1,1,3,'2019-05-18 10:00:00'),(223,265,1,1,3,'2019-05-25 10:00:00'),(224,265,1,1,3,'2019-06-01 10:00:00'),(225,265,1,1,3,'2019-06-08 10:00:00'),(226,265,1,1,3,'2019-06-15 10:00:00'),(227,265,1,1,3,'2019-06-22 10:00:00'),(228,265,1,1,3,'2019-06-29 10:00:00'),(229,266,1,1,3,'2019-04-13 10:00:00'),(230,266,1,1,3,'2019-04-20 10:00:00'),(231,266,1,1,3,'2019-04-27 10:00:00'),(232,266,1,1,3,'2019-05-04 10:00:00'),(233,266,1,1,3,'2019-05-11 10:00:00'),(234,266,1,1,3,'2019-05-18 10:00:00'),(235,266,1,1,3,'2019-05-25 10:00:00'),(236,266,1,1,3,'2019-06-01 10:00:00'),(237,266,1,1,3,'2019-06-08 10:00:00'),(238,266,1,1,3,'2019-06-15 10:00:00'),(239,266,1,1,3,'2019-06-22 10:00:00'),(240,266,1,1,3,'2019-06-29 10:00:00'),(241,267,1,1,3,'2019-04-13 10:00:00'),(242,267,1,1,3,'2019-04-20 10:00:00'),(243,267,1,1,3,'2019-04-27 10:00:00'),(244,267,1,1,3,'2019-05-04 10:00:00'),(245,267,1,1,3,'2019-05-11 10:00:00'),(246,267,1,1,3,'2019-05-18 10:00:00'),(247,267,1,1,3,'2019-05-25 10:00:00'),(248,267,1,1,3,'2019-06-01 10:00:00'),(249,267,1,1,3,'2019-06-08 10:00:00'),(250,267,1,1,3,'2019-06-15 10:00:00'),(251,267,1,1,3,'2019-06-22 10:00:00'),(252,267,1,1,3,'2019-06-29 10:00:00'),(253,268,1,1,3,'2019-04-13 10:00:00'),(254,268,1,1,3,'2019-04-20 10:00:00'),(255,268,1,1,3,'2019-04-27 10:00:00'),(256,268,1,1,3,'2019-05-04 10:00:00'),(257,268,1,1,3,'2019-05-11 10:00:00'),(258,268,1,1,3,'2019-05-18 10:00:00'),(259,268,1,1,3,'2019-05-25 10:00:00'),(260,268,1,1,3,'2019-06-01 10:00:00'),(261,268,1,1,3,'2019-06-08 10:00:00'),(262,268,1,1,3,'2019-06-15 10:00:00'),(263,268,1,1,3,'2019-06-22 10:00:00'),(264,268,1,1,3,'2019-06-29 10:00:00'),(265,269,1,1,3,'2019-04-13 10:00:00'),(266,269,1,1,3,'2019-04-20 10:00:00'),(267,269,1,1,3,'2019-04-27 10:00:00'),(268,269,1,1,3,'2019-05-04 10:00:00'),(269,269,1,1,3,'2019-05-11 10:00:00'),(270,269,1,1,3,'2019-05-18 10:00:00'),(271,269,1,1,3,'2019-05-25 10:00:00'),(272,269,1,1,3,'2019-06-01 10:00:00'),(273,269,1,1,3,'2019-06-08 10:00:00'),(274,269,1,1,3,'2019-06-15 10:00:00'),(275,269,1,1,3,'2019-06-22 10:00:00'),(276,269,1,1,3,'2019-06-29 10:00:00'),(277,270,1,1,3,'2019-04-13 10:00:00'),(278,270,1,1,3,'2019-04-20 10:00:00'),(279,270,1,1,3,'2019-04-27 10:00:00'),(280,270,1,1,3,'2019-05-04 10:00:00'),(281,270,1,1,3,'2019-05-11 10:00:00'),(282,270,1,1,3,'2019-05-18 10:00:00'),(283,270,1,1,3,'2019-05-25 10:00:00'),(284,270,1,1,3,'2019-06-01 10:00:00'),(285,270,1,1,3,'2019-06-08 10:00:00'),(286,270,1,1,3,'2019-06-15 10:00:00'),(287,270,1,1,3,'2019-06-22 10:00:00'),(288,270,1,1,3,'2019-06-29 10:00:00'),(289,271,1,1,3,'2019-04-13 10:00:00'),(290,271,1,1,3,'2019-04-20 10:00:00'),(291,271,1,1,3,'2019-04-27 10:00:00'),(292,271,1,1,3,'2019-05-04 10:00:00'),(293,271,1,1,3,'2019-05-11 10:00:00'),(294,271,1,1,3,'2019-05-18 10:00:00'),(295,271,1,1,3,'2019-05-25 10:00:00'),(296,271,1,1,3,'2019-06-01 10:00:00'),(297,271,1,1,3,'2019-06-08 10:00:00'),(298,271,1,1,3,'2019-06-15 10:00:00'),(299,271,1,1,3,'2019-06-22 10:00:00'),(300,271,1,1,3,'2019-06-29 10:00:00'),(301,272,1,1,3,'2019-04-13 10:00:00'),(302,272,1,1,3,'2019-04-20 10:00:00'),(303,272,1,1,3,'2019-04-27 10:00:00'),(304,272,1,1,3,'2019-05-04 10:00:00'),(305,272,1,1,3,'2019-05-11 10:00:00'),(306,272,1,1,3,'2019-05-18 10:00:00'),(307,272,1,1,3,'2019-05-25 10:00:00'),(308,272,1,1,3,'2019-06-01 10:00:00'),(309,272,1,1,3,'2019-06-08 10:00:00'),(310,272,1,1,3,'2019-06-15 10:00:00'),(311,272,1,1,3,'2019-06-22 10:00:00'),(312,272,1,1,3,'2019-06-29 10:00:00'),(313,273,1,1,3,'2019-04-13 10:00:00'),(314,273,1,1,3,'2019-04-20 10:00:00'),(315,273,1,1,3,'2019-04-27 10:00:00'),(316,273,1,1,3,'2019-05-04 10:00:00'),(317,273,1,1,3,'2019-05-11 10:00:00'),(318,273,1,1,3,'2019-05-18 10:00:00'),(319,273,1,1,3,'2019-05-25 10:00:00'),(320,273,1,1,3,'2019-06-01 10:00:00'),(321,273,1,1,3,'2019-06-08 10:00:00'),(322,273,1,1,3,'2019-06-15 10:00:00'),(323,273,1,1,3,'2019-06-22 10:00:00'),(324,273,1,1,3,'2019-06-29 10:00:00'),(325,274,1,1,3,'2019-04-13 10:00:00'),(326,274,1,1,3,'2019-04-20 10:00:00'),(327,274,1,1,3,'2019-04-27 10:00:00'),(328,274,1,1,3,'2019-05-04 10:00:00'),(329,274,1,1,3,'2019-05-11 10:00:00'),(330,274,1,1,3,'2019-05-18 10:00:00'),(331,274,1,1,3,'2019-05-25 10:00:00'),(332,274,1,1,3,'2019-06-01 10:00:00'),(333,274,1,1,3,'2019-06-08 10:00:00'),(334,274,1,1,3,'2019-06-15 10:00:00'),(335,274,1,1,3,'2019-06-22 10:00:00'),(336,274,1,1,3,'2019-06-29 10:00:00'),(337,275,1,1,3,'2019-04-13 10:00:00'),(338,275,1,1,3,'2019-04-20 10:00:00'),(339,275,1,1,3,'2019-04-27 10:00:00'),(340,275,1,1,3,'2019-05-04 10:00:00'),(341,275,1,1,3,'2019-05-11 10:00:00'),(342,275,1,1,3,'2019-05-18 10:00:00'),(343,275,1,1,3,'2019-05-25 10:00:00'),(344,275,1,1,3,'2019-06-01 10:00:00'),(345,275,1,1,3,'2019-06-08 10:00:00'),(346,275,1,1,3,'2019-06-15 10:00:00'),(347,275,1,1,3,'2019-06-22 10:00:00'),(348,275,1,1,3,'2019-06-29 10:00:00'),(349,276,1,1,3,'2019-04-13 10:00:00'),(350,276,1,1,3,'2019-04-20 10:00:00'),(351,276,1,1,3,'2019-04-27 10:00:00'),(352,276,1,1,3,'2019-05-04 10:00:00'),(353,276,1,1,3,'2019-05-11 10:00:00'),(354,276,1,1,3,'2019-05-18 10:00:00'),(355,276,1,1,3,'2019-05-25 10:00:00'),(356,276,1,1,3,'2019-06-01 10:00:00'),(357,276,1,1,3,'2019-06-08 10:00:00'),(358,276,1,1,3,'2019-06-15 10:00:00'),(359,276,1,1,3,'2019-06-22 10:00:00'),(360,276,1,1,3,'2019-06-29 10:00:00'),(361,277,1,1,3,'2019-04-13 10:00:00'),(362,277,1,1,3,'2019-04-20 10:00:00'),(363,277,1,1,3,'2019-04-27 10:00:00'),(364,277,1,1,3,'2019-05-04 10:00:00'),(365,277,1,1,3,'2019-05-11 10:00:00'),(366,277,1,1,3,'2019-05-18 10:00:00'),(367,277,1,1,3,'2019-05-25 10:00:00'),(368,277,1,1,3,'2019-06-01 10:00:00'),(369,277,1,1,3,'2019-06-08 10:00:00'),(370,277,1,1,3,'2019-06-15 10:00:00'),(371,277,1,1,3,'2019-06-22 10:00:00'),(372,277,1,1,3,'2019-06-29 10:00:00'),(373,278,1,1,3,'2019-04-13 10:00:00'),(374,278,1,1,3,'2019-04-20 10:00:00'),(375,278,1,1,3,'2019-04-27 10:00:00'),(376,278,1,1,3,'2019-05-04 10:00:00'),(377,278,1,1,3,'2019-05-11 10:00:00'),(378,278,1,1,3,'2019-05-18 10:00:00'),(379,278,1,1,3,'2019-05-25 10:00:00'),(380,278,1,1,3,'2019-06-01 10:00:00'),(381,278,1,1,3,'2019-06-08 10:00:00'),(382,278,1,1,3,'2019-06-15 10:00:00'),(383,278,1,1,3,'2019-06-22 10:00:00'),(384,278,1,1,3,'2019-06-29 10:00:00'),(385,279,1,1,3,'2019-04-13 10:00:00'),(386,279,1,1,3,'2019-04-20 10:00:00'),(387,279,1,1,3,'2019-04-27 10:00:00'),(388,279,1,1,3,'2019-05-04 10:00:00'),(389,279,1,1,3,'2019-05-11 10:00:00'),(390,279,1,1,3,'2019-05-18 10:00:00'),(391,279,1,1,3,'2019-05-25 10:00:00'),(392,279,1,1,3,'2019-06-01 10:00:00'),(393,279,1,1,3,'2019-06-08 10:00:00'),(394,279,1,1,3,'2019-06-15 10:00:00'),(395,279,1,1,3,'2019-06-22 10:00:00'),(396,279,1,1,3,'2019-06-29 10:00:00'),(397,280,1,1,3,'2019-04-13 10:00:00'),(398,280,1,1,3,'2019-04-20 10:00:00'),(399,280,1,1,3,'2019-04-27 10:00:00'),(400,280,1,1,3,'2019-05-04 10:00:00'),(401,280,1,1,3,'2019-05-11 10:00:00'),(402,280,1,1,3,'2019-05-18 10:00:00'),(403,280,1,1,3,'2019-05-25 10:00:00'),(404,280,1,1,3,'2019-06-01 10:00:00'),(405,280,1,1,3,'2019-06-08 10:00:00'),(406,280,1,1,3,'2019-06-15 10:00:00'),(407,280,1,1,3,'2019-06-22 10:00:00'),(408,280,1,1,3,'2019-06-29 10:00:00'),(409,562,1,1,3,'2019-04-13 10:00:00'),(410,562,1,1,3,'2019-04-20 10:00:00'),(411,562,1,1,3,'2019-04-27 10:00:00'),(412,562,1,1,3,'2019-05-04 10:00:00'),(413,562,1,1,3,'2019-05-11 10:00:00'),(414,562,1,1,3,'2019-05-18 10:00:00'),(415,562,1,1,3,'2019-05-25 10:00:00'),(416,562,1,1,3,'2019-06-01 10:00:00'),(417,562,1,1,3,'2019-06-08 10:00:00'),(418,562,1,1,3,'2019-06-15 10:00:00'),(419,562,1,1,3,'2019-06-22 10:00:00'),(420,562,1,1,3,'2019-06-29 10:00:00'),(421,565,1,1,3,'2019-04-13 10:00:00'),(422,565,1,1,3,'2019-04-20 10:00:00'),(423,565,1,1,3,'2019-04-27 10:00:00'),(424,565,1,1,3,'2019-05-04 10:00:00'),(425,565,1,1,3,'2019-05-11 10:00:00'),(426,565,1,1,3,'2019-05-18 10:00:00'),(427,565,1,1,3,'2019-05-25 10:00:00'),(428,565,1,1,3,'2019-06-01 10:00:00'),(429,565,1,1,3,'2019-06-08 10:00:00'),(430,565,1,1,3,'2019-06-15 10:00:00'),(431,565,1,1,3,'2019-06-22 10:00:00'),(432,565,1,1,3,'2019-06-29 10:00:00'),(433,568,1,1,3,'2019-04-13 10:00:00'),(434,568,1,1,3,'2019-04-20 10:00:00'),(435,568,1,1,3,'2019-04-27 10:00:00'),(436,568,1,1,3,'2019-05-04 10:00:00'),(437,568,1,1,3,'2019-05-11 10:00:00'),(438,568,1,1,3,'2019-05-18 10:00:00'),(439,568,1,1,3,'2019-05-25 10:00:00'),(440,568,1,1,3,'2019-06-01 10:00:00'),(441,568,1,1,3,'2019-06-08 10:00:00'),(442,568,1,1,3,'2019-06-15 10:00:00'),(443,568,1,1,3,'2019-06-22 10:00:00'),(444,568,1,1,3,'2019-06-29 10:00:00'),(445,569,1,1,3,'2019-04-13 10:00:00'),(446,569,1,1,3,'2019-04-20 10:00:00'),(447,569,1,1,3,'2019-04-27 10:00:00'),(448,569,1,1,3,'2019-05-04 10:00:00'),(449,569,1,1,3,'2019-05-11 10:00:00'),(450,569,1,1,3,'2019-05-18 10:00:00'),(451,569,1,1,3,'2019-05-25 10:00:00'),(452,569,1,1,3,'2019-06-01 10:00:00'),(453,569,1,1,3,'2019-06-08 10:00:00'),(454,569,1,1,3,'2019-06-15 10:00:00'),(455,569,1,1,3,'2019-06-22 10:00:00'),(456,569,1,1,3,'2019-06-29 10:00:00'),(457,570,1,1,3,'2019-04-13 10:00:00'),(458,570,1,1,3,'2019-04-20 10:00:00'),(459,570,1,1,3,'2019-04-27 10:00:00'),(460,570,1,1,3,'2019-05-04 10:00:00'),(461,570,1,1,3,'2019-05-11 10:00:00'),(462,570,1,1,3,'2019-05-18 10:00:00'),(463,570,1,1,3,'2019-05-25 10:00:00'),(464,570,1,1,3,'2019-06-01 10:00:00'),(465,570,1,1,3,'2019-06-08 10:00:00'),(466,570,1,1,3,'2019-06-15 10:00:00'),(467,570,1,1,3,'2019-06-22 10:00:00'),(468,570,1,1,3,'2019-06-29 10:00:00'),(469,19,1,1,2,'2019-04-15 10:00:00'),(470,19,1,1,2,'2019-04-22 10:00:00'),(471,19,1,1,2,'2019-04-29 10:00:00'),(472,19,1,1,2,'2019-05-06 10:00:00'),(473,19,1,1,2,'2019-05-13 10:00:00'),(474,19,1,1,2,'2019-05-20 10:00:00'),(475,19,1,1,2,'2019-05-27 10:00:00'),(476,19,1,1,2,'2019-06-03 10:00:00'),(477,19,1,1,2,'2019-06-10 10:00:00'),(478,19,1,1,2,'2019-06-17 10:00:00'),(479,20,1,1,2,'2019-04-16 10:00:00'),(480,20,1,1,2,'2019-04-23 10:00:00'),(481,20,1,1,2,'2019-04-30 10:00:00'),(482,20,1,1,2,'2019-05-07 10:00:00'),(483,20,1,1,2,'2019-05-14 10:00:00'),(484,20,1,1,2,'2019-05-21 10:00:00'),(485,20,1,1,2,'2019-05-28 10:00:00'),(486,20,1,1,2,'2019-06-04 10:00:00'),(487,20,1,1,2,'2019-06-11 10:00:00'),(488,20,1,1,2,'2019-06-18 10:00:00'),(489,21,1,1,2,'2019-04-18 10:00:00'),(490,21,1,1,2,'2019-04-25 10:00:00'),(491,21,1,1,2,'2019-05-02 10:00:00'),(492,21,1,1,2,'2019-05-09 10:00:00'),(493,21,1,1,2,'2019-05-16 10:00:00'),(494,21,1,1,2,'2019-05-23 10:00:00'),(495,21,1,1,2,'2019-05-30 10:00:00'),(496,21,1,1,2,'2019-06-06 10:00:00'),(497,21,1,1,2,'2019-06-13 10:00:00'),(498,21,1,1,2,'2019-06-20 10:00:00'),(499,22,1,1,2,'2019-04-15 10:00:00'),(500,22,1,1,2,'2019-04-22 10:00:00'),(501,22,1,1,2,'2019-04-29 10:00:00'),(502,22,1,1,2,'2019-05-06 10:00:00'),(503,22,1,1,2,'2019-05-13 10:00:00'),(504,22,1,1,2,'2019-05-20 10:00:00'),(505,22,1,1,2,'2019-05-27 10:00:00'),(506,22,1,1,2,'2019-06-03 10:00:00'),(507,22,1,1,2,'2019-06-10 10:00:00'),(508,22,1,1,2,'2019-06-17 10:00:00'),(509,23,1,1,2,'2019-04-16 10:00:00'),(510,23,1,1,2,'2019-04-23 10:00:00'),(511,23,1,1,2,'2019-04-30 10:00:00'),(512,23,1,1,2,'2019-05-07 10:00:00'),(513,23,1,1,2,'2019-05-14 10:00:00'),(514,23,1,1,2,'2019-05-21 10:00:00'),(515,23,1,1,2,'2019-05-28 10:00:00'),(516,23,1,1,2,'2019-06-04 10:00:00'),(517,23,1,1,2,'2019-06-11 10:00:00'),(518,23,1,1,2,'2019-06-18 10:00:00'),(519,24,1,1,2,'2019-04-18 10:00:00'),(520,24,1,1,2,'2019-04-25 10:00:00'),(521,24,1,1,2,'2019-05-02 10:00:00'),(522,24,1,1,2,'2019-05-09 10:00:00'),(523,24,1,1,2,'2019-05-16 10:00:00'),(524,24,1,1,2,'2019-05-23 10:00:00'),(525,24,1,1,2,'2019-05-30 10:00:00'),(526,24,1,1,2,'2019-06-06 10:00:00'),(527,24,1,1,2,'2019-06-13 10:00:00'),(528,24,1,1,2,'2019-06-20 10:00:00'),(529,25,1,1,2,'2019-04-15 10:00:00'),(530,25,1,1,2,'2019-04-22 10:00:00'),(531,25,1,1,2,'2019-04-29 10:00:00'),(532,25,1,1,2,'2019-05-06 10:00:00'),(533,25,1,1,2,'2019-05-13 10:00:00'),(534,25,1,1,2,'2019-05-20 10:00:00'),(535,25,1,1,2,'2019-05-27 10:00:00'),(536,25,1,1,2,'2019-06-03 10:00:00'),(537,25,1,1,2,'2019-06-10 10:00:00'),(538,25,1,1,2,'2019-06-17 10:00:00'),(539,26,1,1,2,'2019-04-16 10:00:00'),(540,26,1,1,2,'2019-04-23 10:00:00'),(541,26,1,1,2,'2019-04-30 10:00:00'),(542,26,1,1,2,'2019-05-07 10:00:00'),(543,26,1,1,2,'2019-05-14 10:00:00'),(544,26,1,1,2,'2019-05-21 10:00:00'),(545,26,1,1,2,'2019-05-28 10:00:00'),(546,26,1,1,2,'2019-06-04 10:00:00'),(547,26,1,1,2,'2019-06-11 10:00:00'),(548,26,1,1,2,'2019-06-18 10:00:00'),(549,27,1,1,2,'2019-04-18 10:00:00'),(550,27,1,1,2,'2019-04-25 10:00:00'),(551,27,1,1,2,'2019-05-02 10:00:00'),(552,27,1,1,2,'2019-05-09 10:00:00'),(553,27,1,1,2,'2019-05-16 10:00:00'),(554,27,1,1,2,'2019-05-23 10:00:00'),(555,27,1,1,2,'2019-05-30 10:00:00'),(556,27,1,1,2,'2019-06-06 10:00:00'),(557,27,1,1,2,'2019-06-13 10:00:00'),(558,27,1,1,2,'2019-06-20 10:00:00'),(559,28,1,1,2,'2019-04-17 10:00:00'),(560,28,1,1,2,'2019-04-24 10:00:00'),(561,28,1,1,2,'2019-05-01 10:00:00'),(562,28,1,1,2,'2019-05-08 10:00:00'),(563,28,1,1,2,'2019-05-15 10:00:00'),(564,28,1,1,2,'2019-05-22 10:00:00'),(565,28,1,1,2,'2019-05-29 10:00:00'),(566,28,1,1,2,'2019-06-05 10:00:00'),(567,28,1,1,2,'2019-06-12 10:00:00'),(568,28,1,1,2,'2019-06-19 10:00:00'),(569,29,1,1,2,'2019-04-15 10:00:00'),(570,29,1,1,2,'2019-04-22 10:00:00'),(571,29,1,1,2,'2019-04-29 10:00:00'),(572,29,1,1,2,'2019-05-06 10:00:00'),(573,29,1,1,2,'2019-05-13 10:00:00'),(574,29,1,1,2,'2019-05-20 10:00:00'),(575,29,1,1,2,'2019-05-27 10:00:00'),(576,29,1,1,2,'2019-06-03 10:00:00'),(577,29,1,1,2,'2019-06-10 10:00:00'),(578,29,1,1,2,'2019-06-17 10:00:00'),(579,30,1,1,2,'2019-04-16 10:00:00'),(580,30,1,1,2,'2019-04-23 10:00:00'),(581,30,1,1,2,'2019-04-30 10:00:00'),(582,30,1,1,2,'2019-05-07 10:00:00'),(583,30,1,1,2,'2019-05-14 10:00:00'),(584,30,1,1,2,'2019-05-21 10:00:00'),(585,30,1,1,2,'2019-05-28 10:00:00'),(586,30,1,1,2,'2019-06-04 10:00:00'),(587,30,1,1,2,'2019-06-11 10:00:00'),(588,30,1,1,2,'2019-06-18 10:00:00'),(589,31,1,1,2,'2019-04-18 10:00:00'),(590,31,1,1,2,'2019-04-25 10:00:00'),(591,31,1,1,2,'2019-05-02 10:00:00'),(592,31,1,1,2,'2019-05-09 10:00:00'),(593,31,1,1,2,'2019-05-16 10:00:00'),(594,31,1,1,2,'2019-05-23 10:00:00'),(595,31,1,1,2,'2019-05-30 10:00:00'),(596,31,1,1,2,'2019-06-06 10:00:00'),(597,31,1,1,2,'2019-06-13 10:00:00'),(598,31,1,1,2,'2019-06-20 10:00:00'),(599,32,1,1,2,'2019-04-15 10:00:00'),(600,32,1,1,2,'2019-04-22 10:00:00'),(601,32,1,1,2,'2019-04-29 10:00:00'),(602,32,1,1,2,'2019-05-06 10:00:00'),(603,32,1,1,2,'2019-05-13 10:00:00'),(604,32,1,1,2,'2019-05-20 10:00:00'),(605,32,1,1,2,'2019-05-27 10:00:00'),(606,32,1,1,2,'2019-06-03 10:00:00'),(607,32,1,1,2,'2019-06-10 10:00:00'),(608,32,1,1,2,'2019-06-17 10:00:00'),(609,33,1,1,2,'2019-04-16 10:00:00'),(610,33,1,1,2,'2019-04-23 10:00:00'),(611,33,1,1,2,'2019-04-30 10:00:00'),(612,33,1,1,2,'2019-05-07 10:00:00'),(613,33,1,1,2,'2019-05-14 10:00:00'),(614,33,1,1,2,'2019-05-21 10:00:00'),(615,33,1,1,2,'2019-05-28 10:00:00'),(616,33,1,1,2,'2019-06-04 10:00:00'),(617,33,1,1,2,'2019-06-11 10:00:00'),(618,33,1,1,2,'2019-06-18 10:00:00'),(619,34,1,1,2,'2019-04-18 10:00:00'),(620,34,1,1,2,'2019-04-25 10:00:00'),(621,34,1,1,2,'2019-05-02 10:00:00'),(622,34,1,1,2,'2019-05-09 10:00:00'),(623,34,1,1,2,'2019-05-16 10:00:00'),(624,34,1,1,2,'2019-05-23 10:00:00'),(625,34,1,1,2,'2019-05-30 10:00:00'),(626,34,1,1,2,'2019-06-06 10:00:00'),(627,34,1,1,2,'2019-06-13 10:00:00'),(628,34,1,1,2,'2019-06-20 10:00:00'),(629,35,1,1,2,'2019-04-15 10:00:00'),(630,35,1,1,2,'2019-04-22 10:00:00'),(631,35,1,1,2,'2019-04-29 10:00:00'),(632,35,1,1,2,'2019-05-06 10:00:00'),(633,35,1,1,2,'2019-05-13 10:00:00'),(634,35,1,1,2,'2019-05-20 10:00:00'),(635,35,1,1,2,'2019-05-27 10:00:00'),(636,35,1,1,2,'2019-06-03 10:00:00'),(637,35,1,1,2,'2019-06-10 10:00:00'),(638,35,1,1,2,'2019-06-17 10:00:00'),(639,36,1,1,2,'2019-04-16 10:00:00'),(640,36,1,1,2,'2019-04-23 10:00:00'),(641,36,1,1,2,'2019-04-30 10:00:00'),(642,36,1,1,2,'2019-05-07 10:00:00'),(643,36,1,1,2,'2019-05-14 10:00:00'),(644,36,1,1,2,'2019-05-21 10:00:00'),(645,36,1,1,2,'2019-05-28 10:00:00'),(646,36,1,1,2,'2019-06-04 10:00:00'),(647,36,1,1,2,'2019-06-11 10:00:00'),(648,36,1,1,2,'2019-06-18 10:00:00'),(649,37,1,1,2,'2019-04-18 10:00:00'),(650,37,1,1,2,'2019-04-25 10:00:00'),(651,37,1,1,2,'2019-05-02 10:00:00'),(652,37,1,1,2,'2019-05-09 10:00:00'),(653,37,1,1,2,'2019-05-16 10:00:00'),(654,37,1,1,2,'2019-05-23 10:00:00'),(655,37,1,1,2,'2019-05-30 10:00:00'),(656,37,1,1,2,'2019-06-06 10:00:00'),(657,37,1,1,2,'2019-06-13 10:00:00'),(658,37,1,1,2,'2019-06-20 10:00:00'),(659,38,1,1,2,'2019-04-15 10:00:00'),(660,38,1,1,2,'2019-04-22 10:00:00'),(661,38,1,1,2,'2019-04-29 10:00:00'),(662,38,1,1,2,'2019-05-06 10:00:00'),(663,38,1,1,2,'2019-05-13 10:00:00'),(664,38,1,1,2,'2019-05-20 10:00:00'),(665,38,1,1,2,'2019-05-27 10:00:00'),(666,38,1,1,2,'2019-06-03 10:00:00'),(667,38,1,1,2,'2019-06-10 10:00:00'),(668,38,1,1,2,'2019-06-17 10:00:00'),(669,39,1,1,2,'2019-04-16 10:00:00'),(670,39,1,1,2,'2019-04-23 10:00:00'),(671,39,1,1,2,'2019-04-30 10:00:00'),(672,39,1,1,2,'2019-05-07 10:00:00'),(673,39,1,1,2,'2019-05-14 10:00:00'),(674,39,1,1,2,'2019-05-21 10:00:00'),(675,39,1,1,2,'2019-05-28 10:00:00'),(676,39,1,1,2,'2019-06-04 10:00:00'),(677,39,1,1,2,'2019-06-11 10:00:00'),(678,39,1,1,2,'2019-06-18 10:00:00'),(679,40,1,1,2,'2019-04-18 10:00:00'),(680,40,1,1,2,'2019-04-25 10:00:00'),(681,40,1,1,2,'2019-05-02 10:00:00'),(682,40,1,1,2,'2019-05-09 10:00:00'),(683,40,1,1,2,'2019-05-16 10:00:00'),(684,40,1,1,2,'2019-05-23 10:00:00'),(685,40,1,1,2,'2019-05-30 10:00:00'),(686,40,1,1,2,'2019-06-06 10:00:00'),(687,40,1,1,2,'2019-06-13 10:00:00'),(688,40,1,1,2,'2019-06-20 10:00:00'),(689,41,1,1,2,'2019-04-15 10:00:00'),(690,41,1,1,2,'2019-04-22 10:00:00'),(691,41,1,1,2,'2019-04-29 10:00:00'),(692,41,1,1,2,'2019-05-06 10:00:00'),(693,41,1,1,2,'2019-05-13 10:00:00'),(694,41,1,1,2,'2019-05-20 10:00:00'),(695,41,1,1,2,'2019-05-27 10:00:00'),(696,41,1,1,2,'2019-06-03 10:00:00'),(697,41,1,1,2,'2019-06-10 10:00:00'),(698,41,1,1,2,'2019-06-17 10:00:00'),(699,42,1,1,2,'2019-04-16 10:00:00'),(700,42,1,1,2,'2019-04-23 10:00:00'),(701,42,1,1,2,'2019-04-30 10:00:00'),(702,42,1,1,2,'2019-05-07 10:00:00'),(703,42,1,1,2,'2019-05-14 10:00:00'),(704,42,1,1,2,'2019-05-21 10:00:00'),(705,42,1,1,2,'2019-05-28 10:00:00'),(706,42,1,1,2,'2019-06-04 10:00:00'),(707,42,1,1,2,'2019-06-11 10:00:00'),(708,42,1,1,2,'2019-06-18 10:00:00'),(709,43,1,1,2,'2019-04-18 10:00:00'),(710,43,1,1,2,'2019-04-25 10:00:00'),(711,43,1,1,2,'2019-05-02 10:00:00'),(712,43,1,1,2,'2019-05-09 10:00:00'),(713,43,1,1,2,'2019-05-16 10:00:00'),(714,43,1,1,2,'2019-05-23 10:00:00'),(715,43,1,1,2,'2019-05-30 10:00:00'),(716,43,1,1,2,'2019-06-06 10:00:00'),(717,43,1,1,2,'2019-06-13 10:00:00'),(718,43,1,1,2,'2019-06-20 10:00:00'),(719,44,1,1,2,'2019-04-15 10:00:00'),(720,44,1,1,2,'2019-04-22 10:00:00'),(721,44,1,1,2,'2019-04-29 10:00:00'),(722,44,1,1,2,'2019-05-06 10:00:00'),(723,44,1,1,2,'2019-05-13 10:00:00'),(724,44,1,1,2,'2019-05-20 10:00:00'),(725,44,1,1,2,'2019-05-27 10:00:00'),(726,44,1,1,2,'2019-06-03 10:00:00'),(727,44,1,1,2,'2019-06-10 10:00:00'),(728,44,1,1,2,'2019-06-17 10:00:00'),(729,45,1,1,2,'2019-04-16 10:00:00'),(730,45,1,1,2,'2019-04-23 10:00:00'),(731,45,1,1,2,'2019-04-30 10:00:00'),(732,45,1,1,2,'2019-05-07 10:00:00'),(733,45,1,1,2,'2019-05-14 10:00:00'),(734,45,1,1,2,'2019-05-21 10:00:00'),(735,45,1,1,2,'2019-05-28 10:00:00'),(736,45,1,1,2,'2019-06-04 10:00:00'),(737,45,1,1,2,'2019-06-11 10:00:00'),(738,45,1,1,2,'2019-06-18 10:00:00'),(739,46,1,1,2,'2019-04-18 10:00:00'),(740,46,1,1,2,'2019-04-25 10:00:00'),(741,46,1,1,2,'2019-05-02 10:00:00'),(742,46,1,1,2,'2019-05-09 10:00:00'),(743,46,1,1,2,'2019-05-16 10:00:00'),(744,46,1,1,2,'2019-05-23 10:00:00'),(745,46,1,1,2,'2019-05-30 10:00:00'),(746,46,1,1,2,'2019-06-06 10:00:00'),(747,46,1,1,2,'2019-06-13 10:00:00'),(748,46,1,1,2,'2019-06-20 10:00:00'),(749,47,1,1,2,'2019-04-15 10:00:00'),(750,47,1,1,2,'2019-04-22 10:00:00'),(751,47,1,1,2,'2019-04-29 10:00:00'),(752,47,1,1,2,'2019-05-06 10:00:00'),(753,47,1,1,2,'2019-05-13 10:00:00'),(754,47,1,1,2,'2019-05-20 10:00:00'),(755,47,1,1,2,'2019-05-27 10:00:00'),(756,47,1,1,2,'2019-06-03 10:00:00'),(757,47,1,1,2,'2019-06-10 10:00:00'),(758,47,1,1,2,'2019-06-17 10:00:00'),(759,48,1,1,2,'2019-04-16 10:00:00'),(760,48,1,1,2,'2019-04-23 10:00:00'),(761,48,1,1,2,'2019-04-30 10:00:00'),(762,48,1,1,2,'2019-05-07 10:00:00'),(763,48,1,1,2,'2019-05-14 10:00:00'),(764,48,1,1,2,'2019-05-21 10:00:00'),(765,48,1,1,2,'2019-05-28 10:00:00'),(766,48,1,1,2,'2019-06-04 10:00:00'),(767,48,1,1,2,'2019-06-11 10:00:00'),(768,48,1,1,2,'2019-06-18 10:00:00'),(769,49,1,1,2,'2019-04-18 10:00:00'),(770,49,1,1,2,'2019-04-25 10:00:00'),(771,49,1,1,2,'2019-05-02 10:00:00'),(772,49,1,1,2,'2019-05-09 10:00:00'),(773,49,1,1,2,'2019-05-16 10:00:00'),(774,49,1,1,2,'2019-05-23 10:00:00'),(775,49,1,1,2,'2019-05-30 10:00:00'),(776,49,1,1,2,'2019-06-06 10:00:00'),(777,49,1,1,2,'2019-06-13 10:00:00'),(778,49,1,1,2,'2019-06-20 10:00:00'),(779,50,1,1,2,'2019-04-15 10:00:00'),(780,50,1,1,2,'2019-04-22 10:00:00'),(781,50,1,1,2,'2019-04-29 10:00:00'),(782,50,1,1,2,'2019-05-06 10:00:00'),(783,50,1,1,2,'2019-05-13 10:00:00'),(784,50,1,1,2,'2019-05-20 10:00:00'),(785,50,1,1,2,'2019-05-27 10:00:00'),(786,50,1,1,2,'2019-06-03 10:00:00'),(787,50,1,1,2,'2019-06-10 10:00:00'),(788,50,1,1,2,'2019-06-17 10:00:00'),(789,51,1,1,2,'2019-04-16 10:00:00'),(790,51,1,1,2,'2019-04-23 10:00:00'),(791,51,1,1,2,'2019-04-30 10:00:00'),(792,51,1,1,2,'2019-05-07 10:00:00'),(793,51,1,1,2,'2019-05-14 10:00:00'),(794,51,1,1,2,'2019-05-21 10:00:00'),(795,51,1,1,2,'2019-05-28 10:00:00'),(796,51,1,1,2,'2019-06-04 10:00:00'),(797,51,1,1,2,'2019-06-11 10:00:00'),(798,51,1,1,2,'2019-06-18 10:00:00'),(799,52,1,1,2,'2019-04-18 10:00:00'),(800,52,1,1,2,'2019-04-25 10:00:00'),(801,52,1,1,2,'2019-05-02 10:00:00'),(802,52,1,1,2,'2019-05-09 10:00:00'),(803,52,1,1,2,'2019-05-16 10:00:00'),(804,52,1,1,2,'2019-05-23 10:00:00'),(805,52,1,1,2,'2019-05-30 10:00:00'),(806,52,1,1,2,'2019-06-06 10:00:00'),(807,52,1,1,2,'2019-06-13 10:00:00'),(808,52,1,1,2,'2019-06-20 10:00:00'),(809,53,1,1,2,'2019-04-15 10:00:00'),(810,53,1,1,2,'2019-04-22 10:00:00'),(811,53,1,1,2,'2019-04-29 10:00:00'),(812,53,1,1,2,'2019-05-06 10:00:00'),(813,53,1,1,2,'2019-05-13 10:00:00'),(814,53,1,1,2,'2019-05-20 10:00:00'),(815,53,1,1,2,'2019-05-27 10:00:00'),(816,53,1,1,2,'2019-06-03 10:00:00'),(817,53,1,1,2,'2019-06-10 10:00:00'),(818,53,1,1,2,'2019-06-17 10:00:00'),(819,54,1,1,2,'2019-04-16 10:00:00'),(820,54,1,1,2,'2019-04-23 10:00:00'),(821,54,1,1,2,'2019-04-30 10:00:00'),(822,54,1,1,2,'2019-05-07 10:00:00'),(823,54,1,1,2,'2019-05-14 10:00:00'),(824,54,1,1,2,'2019-05-21 10:00:00'),(825,54,1,1,2,'2019-05-28 10:00:00'),(826,54,1,1,2,'2019-06-04 10:00:00'),(827,54,1,1,2,'2019-06-11 10:00:00'),(828,54,1,1,2,'2019-06-18 10:00:00'),(829,55,1,1,2,'2019-04-18 10:00:00'),(830,55,1,1,2,'2019-04-25 10:00:00'),(831,55,1,1,2,'2019-05-02 10:00:00'),(832,55,1,1,2,'2019-05-09 10:00:00'),(833,55,1,1,2,'2019-05-16 10:00:00'),(834,55,1,1,2,'2019-05-23 10:00:00'),(835,55,1,1,2,'2019-05-30 10:00:00'),(836,55,1,1,2,'2019-06-06 10:00:00'),(837,55,1,1,2,'2019-06-13 10:00:00'),(838,55,1,1,2,'2019-06-20 10:00:00'),(839,56,1,1,2,'2019-04-15 10:00:00'),(840,56,1,1,2,'2019-04-22 10:00:00'),(841,56,1,1,2,'2019-04-29 10:00:00'),(842,56,1,1,2,'2019-05-06 10:00:00'),(843,56,1,1,2,'2019-05-13 10:00:00'),(844,56,1,1,2,'2019-05-20 10:00:00'),(845,56,1,1,2,'2019-05-27 10:00:00'),(846,56,1,1,2,'2019-06-03 10:00:00'),(847,56,1,1,2,'2019-06-10 10:00:00'),(848,56,1,1,2,'2019-06-17 10:00:00'),(849,57,1,1,2,'2019-04-15 10:00:00'),(850,57,1,1,2,'2019-04-22 10:00:00'),(851,57,1,1,2,'2019-04-29 10:00:00'),(852,57,1,1,2,'2019-05-06 10:00:00'),(853,57,1,1,2,'2019-05-13 10:00:00'),(854,57,1,1,2,'2019-05-20 10:00:00'),(855,57,1,1,2,'2019-05-27 10:00:00'),(856,57,1,1,2,'2019-06-03 10:00:00'),(857,57,1,1,2,'2019-06-10 10:00:00'),(858,57,1,1,2,'2019-06-17 10:00:00'),(859,58,1,1,2,'2019-04-16 10:00:00'),(860,58,1,1,2,'2019-04-23 10:00:00'),(861,58,1,1,2,'2019-04-30 10:00:00'),(862,58,1,1,2,'2019-05-07 10:00:00'),(863,58,1,1,2,'2019-05-14 10:00:00'),(864,58,1,1,2,'2019-05-21 10:00:00'),(865,58,1,1,2,'2019-05-28 10:00:00'),(866,58,1,1,2,'2019-06-04 10:00:00'),(867,58,1,1,2,'2019-06-11 10:00:00'),(868,58,1,1,2,'2019-06-18 10:00:00'),(869,59,1,1,2,'2019-04-18 10:00:00'),(870,59,1,1,2,'2019-04-25 10:00:00'),(871,59,1,1,2,'2019-05-02 10:00:00'),(872,59,1,1,2,'2019-05-09 10:00:00'),(873,59,1,1,2,'2019-05-16 10:00:00'),(874,59,1,1,2,'2019-05-23 10:00:00'),(875,59,1,1,2,'2019-05-30 10:00:00'),(876,59,1,1,2,'2019-06-06 10:00:00'),(877,59,1,1,2,'2019-06-13 10:00:00'),(878,59,1,1,2,'2019-06-20 10:00:00'),(879,60,1,1,2,'2019-04-15 10:00:00'),(880,60,1,1,2,'2019-04-22 10:00:00'),(881,60,1,1,2,'2019-04-29 10:00:00'),(882,60,1,1,2,'2019-05-06 10:00:00'),(883,60,1,1,2,'2019-05-13 10:00:00'),(884,60,1,1,2,'2019-05-20 10:00:00'),(885,60,1,1,2,'2019-05-27 10:00:00'),(886,60,1,1,2,'2019-06-03 10:00:00'),(887,60,1,1,2,'2019-06-10 10:00:00'),(888,60,1,1,2,'2019-06-17 10:00:00'),(889,61,1,1,2,'2019-04-16 10:00:00'),(890,61,1,1,2,'2019-04-23 10:00:00'),(891,61,1,1,2,'2019-04-30 10:00:00'),(892,61,1,1,2,'2019-05-07 10:00:00'),(893,61,1,1,2,'2019-05-14 10:00:00'),(894,61,1,1,2,'2019-05-21 10:00:00'),(895,61,1,1,2,'2019-05-28 10:00:00'),(896,61,1,1,2,'2019-06-04 10:00:00'),(897,61,1,1,2,'2019-06-11 10:00:00'),(898,61,1,1,2,'2019-06-18 10:00:00'),(899,62,1,1,2,'2019-04-18 10:00:00'),(900,62,1,1,2,'2019-04-25 10:00:00'),(901,62,1,1,2,'2019-05-02 10:00:00'),(902,62,1,1,2,'2019-05-09 10:00:00'),(903,62,1,1,2,'2019-05-16 10:00:00'),(904,62,1,1,2,'2019-05-23 10:00:00'),(905,62,1,1,2,'2019-05-30 10:00:00'),(906,62,1,1,2,'2019-06-06 10:00:00'),(907,62,1,1,2,'2019-06-13 10:00:00'),(908,62,1,1,2,'2019-06-20 10:00:00'),(909,63,1,1,2,'2019-04-16 10:00:00'),(910,63,1,1,2,'2019-04-23 10:00:00'),(911,63,1,1,2,'2019-04-30 10:00:00'),(912,63,1,1,2,'2019-05-07 10:00:00'),(913,63,1,1,2,'2019-05-14 10:00:00'),(914,63,1,1,2,'2019-05-21 10:00:00'),(915,63,1,1,2,'2019-05-28 10:00:00'),(916,63,1,1,2,'2019-06-04 10:00:00'),(917,63,1,1,2,'2019-06-11 10:00:00'),(918,63,1,1,2,'2019-06-18 10:00:00'),(919,64,1,1,2,'2019-04-19 10:00:00'),(920,64,1,1,2,'2019-04-26 10:00:00'),(921,64,1,1,2,'2019-05-03 10:00:00'),(922,64,1,1,2,'2019-05-10 10:00:00'),(923,64,1,1,2,'2019-05-17 10:00:00'),(924,64,1,1,2,'2019-05-24 10:00:00'),(925,64,1,1,2,'2019-05-31 10:00:00'),(926,64,1,1,2,'2019-06-07 10:00:00'),(927,64,1,1,2,'2019-06-14 10:00:00'),(928,64,1,1,2,'2019-06-21 10:00:00'),(929,65,1,1,2,'2019-04-15 10:00:00'),(930,65,1,1,2,'2019-04-22 10:00:00'),(931,65,1,1,2,'2019-04-29 10:00:00'),(932,65,1,1,2,'2019-05-06 10:00:00'),(933,65,1,1,2,'2019-05-13 10:00:00'),(934,65,1,1,2,'2019-05-20 10:00:00'),(935,65,1,1,2,'2019-05-27 10:00:00'),(936,65,1,1,2,'2019-06-03 10:00:00'),(937,65,1,1,2,'2019-06-10 10:00:00'),(938,65,1,1,2,'2019-06-17 10:00:00'),(939,66,1,1,2,'2019-04-16 10:00:00'),(940,66,1,1,2,'2019-04-23 10:00:00'),(941,66,1,1,2,'2019-04-30 10:00:00'),(942,66,1,1,2,'2019-05-07 10:00:00'),(943,66,1,1,2,'2019-05-14 10:00:00'),(944,66,1,1,2,'2019-05-21 10:00:00'),(945,66,1,1,2,'2019-05-28 10:00:00'),(946,66,1,1,2,'2019-06-04 10:00:00'),(947,66,1,1,2,'2019-06-11 10:00:00'),(948,66,1,1,2,'2019-06-18 10:00:00'),(949,67,1,1,2,'2019-04-18 10:00:00'),(950,67,1,1,2,'2019-04-25 10:00:00'),(951,67,1,1,2,'2019-05-02 10:00:00'),(952,67,1,1,2,'2019-05-09 10:00:00'),(953,67,1,1,2,'2019-05-16 10:00:00'),(954,67,1,1,2,'2019-05-23 10:00:00'),(955,67,1,1,2,'2019-05-30 10:00:00'),(956,67,1,1,2,'2019-06-06 10:00:00'),(957,67,1,1,2,'2019-06-13 10:00:00'),(958,67,1,1,2,'2019-06-20 10:00:00'),(959,68,1,1,2,'2019-04-15 10:00:00'),(960,68,1,1,2,'2019-04-22 10:00:00'),(961,68,1,1,2,'2019-04-29 10:00:00'),(962,68,1,1,2,'2019-05-06 10:00:00'),(963,68,1,1,2,'2019-05-13 10:00:00'),(964,68,1,1,2,'2019-05-20 10:00:00'),(965,68,1,1,2,'2019-05-27 10:00:00'),(966,68,1,1,2,'2019-06-03 10:00:00'),(967,68,1,1,2,'2019-06-10 10:00:00'),(968,68,1,1,2,'2019-06-17 10:00:00'),(969,69,1,1,2,'2019-04-16 10:00:00'),(970,69,1,1,2,'2019-04-23 10:00:00'),(971,69,1,1,2,'2019-04-30 10:00:00'),(972,69,1,1,2,'2019-05-07 10:00:00'),(973,69,1,1,2,'2019-05-14 10:00:00'),(974,69,1,1,2,'2019-05-21 10:00:00'),(975,69,1,1,2,'2019-05-28 10:00:00'),(976,69,1,1,2,'2019-06-04 10:00:00'),(977,69,1,1,2,'2019-06-11 10:00:00'),(978,69,1,1,2,'2019-06-18 10:00:00'),(979,70,1,1,2,'2019-04-18 10:00:00'),(980,70,1,1,2,'2019-04-25 10:00:00'),(981,70,1,1,2,'2019-05-02 10:00:00'),(982,70,1,1,2,'2019-05-09 10:00:00'),(983,70,1,1,2,'2019-05-16 10:00:00'),(984,70,1,1,2,'2019-05-23 10:00:00'),(985,70,1,1,2,'2019-05-30 10:00:00'),(986,70,1,1,2,'2019-06-06 10:00:00'),(987,70,1,1,2,'2019-06-13 10:00:00'),(988,70,1,1,2,'2019-06-20 10:00:00'),(989,71,1,1,2,'2019-04-17 10:00:00'),(990,71,1,1,2,'2019-04-24 10:00:00'),(991,71,1,1,2,'2019-05-01 10:00:00'),(992,71,1,1,2,'2019-05-08 10:00:00'),(993,71,1,1,2,'2019-05-15 10:00:00'),(994,71,1,1,2,'2019-05-22 10:00:00'),(995,71,1,1,2,'2019-05-29 10:00:00'),(996,71,1,1,2,'2019-06-05 10:00:00'),(997,71,1,1,2,'2019-06-12 10:00:00'),(998,71,1,1,2,'2019-06-19 10:00:00'),(999,72,1,1,2,'2019-04-19 10:00:00'),(1000,72,1,1,2,'2019-04-26 10:00:00'),(1001,72,1,1,2,'2019-05-03 10:00:00'),(1002,72,1,1,2,'2019-05-10 10:00:00'),(1003,72,1,1,2,'2019-05-17 10:00:00'),(1004,72,1,1,2,'2019-05-24 10:00:00'),(1005,72,1,1,2,'2019-05-31 10:00:00'),(1006,72,1,1,2,'2019-06-07 10:00:00'),(1007,72,1,1,2,'2019-06-14 10:00:00'),(1008,72,1,1,2,'2019-06-21 10:00:00'),(1009,73,1,1,2,'2019-04-17 10:00:00'),(1010,73,1,1,2,'2019-04-24 10:00:00'),(1011,73,1,1,2,'2019-05-01 10:00:00'),(1012,73,1,1,2,'2019-05-08 10:00:00'),(1013,73,1,1,2,'2019-05-15 10:00:00'),(1014,73,1,1,2,'2019-05-22 10:00:00'),(1015,73,1,1,2,'2019-05-29 10:00:00'),(1016,73,1,1,2,'2019-06-05 10:00:00'),(1017,73,1,1,2,'2019-06-12 10:00:00'),(1018,73,1,1,2,'2019-06-19 10:00:00'),(1019,74,1,1,2,'2019-04-19 10:00:00'),(1020,74,1,1,2,'2019-04-26 10:00:00'),(1021,74,1,1,2,'2019-05-03 10:00:00'),(1022,74,1,1,2,'2019-05-10 10:00:00'),(1023,74,1,1,2,'2019-05-17 10:00:00'),(1024,74,1,1,2,'2019-05-24 10:00:00'),(1025,74,1,1,2,'2019-05-31 10:00:00'),(1026,74,1,1,2,'2019-06-07 10:00:00'),(1027,74,1,1,2,'2019-06-14 10:00:00'),(1028,74,1,1,2,'2019-06-21 10:00:00'),(1029,75,1,1,2,'2019-04-15 10:00:00'),(1030,75,1,1,2,'2019-04-22 10:00:00'),(1031,75,1,1,2,'2019-04-29 10:00:00'),(1032,75,1,1,2,'2019-05-06 10:00:00'),(1033,75,1,1,2,'2019-05-13 10:00:00'),(1034,75,1,1,2,'2019-05-20 10:00:00'),(1035,75,1,1,2,'2019-05-27 10:00:00'),(1036,75,1,1,2,'2019-06-03 10:00:00'),(1037,75,1,1,2,'2019-06-10 10:00:00'),(1038,75,1,1,2,'2019-06-17 10:00:00'),(1039,76,1,1,2,'2019-04-16 10:00:00'),(1040,76,1,1,2,'2019-04-23 10:00:00'),(1041,76,1,1,2,'2019-04-30 10:00:00'),(1042,76,1,1,2,'2019-05-07 10:00:00'),(1043,76,1,1,2,'2019-05-14 10:00:00'),(1044,76,1,1,2,'2019-05-21 10:00:00'),(1045,76,1,1,2,'2019-05-28 10:00:00'),(1046,76,1,1,2,'2019-06-04 10:00:00'),(1047,76,1,1,2,'2019-06-11 10:00:00'),(1048,76,1,1,2,'2019-06-18 10:00:00'),(1049,77,1,1,2,'2019-04-18 10:00:00'),(1050,77,1,1,2,'2019-04-25 10:00:00'),(1051,77,1,1,2,'2019-05-02 10:00:00'),(1052,77,1,1,2,'2019-05-09 10:00:00'),(1053,77,1,1,2,'2019-05-16 10:00:00'),(1054,77,1,1,2,'2019-05-23 10:00:00'),(1055,77,1,1,2,'2019-05-30 10:00:00'),(1056,77,1,1,2,'2019-06-06 10:00:00'),(1057,77,1,1,2,'2019-06-13 10:00:00'),(1058,77,1,1,2,'2019-06-20 10:00:00'),(1059,78,1,1,2,'2019-04-17 10:00:00'),(1060,78,1,1,2,'2019-04-24 10:00:00'),(1061,78,1,1,2,'2019-05-01 10:00:00'),(1062,78,1,1,2,'2019-05-08 10:00:00'),(1063,78,1,1,2,'2019-05-15 10:00:00'),(1064,78,1,1,2,'2019-05-22 10:00:00'),(1065,78,1,1,2,'2019-05-29 10:00:00'),(1066,78,1,1,2,'2019-06-05 10:00:00'),(1067,78,1,1,2,'2019-06-12 10:00:00'),(1068,78,1,1,2,'2019-06-19 10:00:00'),(1069,79,1,1,2,'2019-04-19 10:00:00'),(1070,79,1,1,2,'2019-04-26 10:00:00'),(1071,79,1,1,2,'2019-05-03 10:00:00'),(1072,79,1,1,2,'2019-05-10 10:00:00'),(1073,79,1,1,2,'2019-05-17 10:00:00'),(1074,79,1,1,2,'2019-05-24 10:00:00'),(1075,79,1,1,2,'2019-05-31 10:00:00'),(1076,79,1,1,2,'2019-06-07 10:00:00'),(1077,79,1,1,2,'2019-06-14 10:00:00'),(1078,79,1,1,2,'2019-06-21 10:00:00'),(1079,80,1,1,2,'2019-04-15 10:00:00'),(1080,80,1,1,2,'2019-04-22 10:00:00'),(1081,80,1,1,2,'2019-04-29 10:00:00'),(1082,80,1,1,2,'2019-05-06 10:00:00'),(1083,80,1,1,2,'2019-05-13 10:00:00'),(1084,80,1,1,2,'2019-05-20 10:00:00'),(1085,80,1,1,2,'2019-05-27 10:00:00'),(1086,80,1,1,2,'2019-06-03 10:00:00'),(1087,80,1,1,2,'2019-06-10 10:00:00'),(1088,80,1,1,2,'2019-06-17 10:00:00'),(1089,81,1,1,2,'2019-04-16 10:00:00'),(1090,81,1,1,2,'2019-04-23 10:00:00'),(1091,81,1,1,2,'2019-04-30 10:00:00'),(1092,81,1,1,2,'2019-05-07 10:00:00'),(1093,81,1,1,2,'2019-05-14 10:00:00'),(1094,81,1,1,2,'2019-05-21 10:00:00'),(1095,81,1,1,2,'2019-05-28 10:00:00'),(1096,81,1,1,2,'2019-06-04 10:00:00'),(1097,81,1,1,2,'2019-06-11 10:00:00'),(1098,81,1,1,2,'2019-06-18 10:00:00'),(1099,82,1,1,2,'2019-04-18 10:00:00'),(1100,82,1,1,2,'2019-04-25 10:00:00'),(1101,82,1,1,2,'2019-05-02 10:00:00'),(1102,82,1,1,2,'2019-05-09 10:00:00'),(1103,82,1,1,2,'2019-05-16 10:00:00'),(1104,82,1,1,2,'2019-05-23 10:00:00'),(1105,82,1,1,2,'2019-05-30 10:00:00'),(1106,82,1,1,2,'2019-06-06 10:00:00'),(1107,82,1,1,2,'2019-06-13 10:00:00'),(1108,82,1,1,2,'2019-06-20 10:00:00'),(1109,83,1,1,2,'2019-04-15 10:00:00'),(1110,83,1,1,2,'2019-04-22 10:00:00'),(1111,83,1,1,2,'2019-04-29 10:00:00'),(1112,83,1,1,2,'2019-05-06 10:00:00'),(1113,83,1,1,2,'2019-05-13 10:00:00'),(1114,83,1,1,2,'2019-05-20 10:00:00'),(1115,83,1,1,2,'2019-05-27 10:00:00'),(1116,83,1,1,2,'2019-06-03 10:00:00'),(1117,83,1,1,2,'2019-06-10 10:00:00'),(1118,83,1,1,2,'2019-06-17 10:00:00'),(1119,84,1,1,2,'2019-04-16 10:00:00'),(1120,84,1,1,2,'2019-04-23 10:00:00'),(1121,84,1,1,2,'2019-04-30 10:00:00'),(1122,84,1,1,2,'2019-05-07 10:00:00'),(1123,84,1,1,2,'2019-05-14 10:00:00'),(1124,84,1,1,2,'2019-05-21 10:00:00'),(1125,84,1,1,2,'2019-05-28 10:00:00'),(1126,84,1,1,2,'2019-06-04 10:00:00'),(1127,84,1,1,2,'2019-06-11 10:00:00'),(1128,84,1,1,2,'2019-06-18 10:00:00'),(1129,85,1,1,2,'2019-04-18 10:00:00'),(1130,85,1,1,2,'2019-04-25 10:00:00'),(1131,85,1,1,2,'2019-05-02 10:00:00'),(1132,85,1,1,2,'2019-05-09 10:00:00'),(1133,85,1,1,2,'2019-05-16 10:00:00'),(1134,85,1,1,2,'2019-05-23 10:00:00'),(1135,85,1,1,2,'2019-05-30 10:00:00'),(1136,85,1,1,2,'2019-06-06 10:00:00'),(1137,85,1,1,2,'2019-06-13 10:00:00'),(1138,85,1,1,2,'2019-06-20 10:00:00'),(1139,86,1,1,2,'2019-04-15 10:00:00'),(1140,86,1,1,2,'2019-04-22 10:00:00'),(1141,86,1,1,2,'2019-04-29 10:00:00'),(1142,86,1,1,2,'2019-05-06 10:00:00'),(1143,86,1,1,2,'2019-05-13 10:00:00'),(1144,86,1,1,2,'2019-05-20 10:00:00'),(1145,86,1,1,2,'2019-05-27 10:00:00'),(1146,86,1,1,2,'2019-06-03 10:00:00'),(1147,86,1,1,2,'2019-06-10 10:00:00'),(1148,86,1,1,2,'2019-06-17 10:00:00'),(1149,87,1,1,2,'2019-04-16 10:00:00'),(1150,87,1,1,2,'2019-04-23 10:00:00'),(1151,87,1,1,2,'2019-04-30 10:00:00'),(1152,87,1,1,2,'2019-05-07 10:00:00'),(1153,87,1,1,2,'2019-05-14 10:00:00'),(1154,87,1,1,2,'2019-05-21 10:00:00'),(1155,87,1,1,2,'2019-05-28 10:00:00'),(1156,87,1,1,2,'2019-06-04 10:00:00'),(1157,87,1,1,2,'2019-06-11 10:00:00'),(1158,87,1,1,2,'2019-06-18 10:00:00'),(1159,88,1,1,2,'2019-04-18 10:00:00'),(1160,88,1,1,2,'2019-04-25 10:00:00'),(1161,88,1,1,2,'2019-05-02 10:00:00'),(1162,88,1,1,2,'2019-05-09 10:00:00'),(1163,88,1,1,2,'2019-05-16 10:00:00'),(1164,88,1,1,2,'2019-05-23 10:00:00'),(1165,88,1,1,2,'2019-05-30 10:00:00'),(1166,88,1,1,2,'2019-06-06 10:00:00'),(1167,88,1,1,2,'2019-06-13 10:00:00'),(1168,88,1,1,2,'2019-06-20 10:00:00'),(1169,89,1,1,2,'2019-04-15 10:00:00'),(1170,89,1,1,2,'2019-04-22 10:00:00'),(1171,89,1,1,2,'2019-04-29 10:00:00'),(1172,89,1,1,2,'2019-05-06 10:00:00'),(1173,89,1,1,2,'2019-05-13 10:00:00'),(1174,89,1,1,2,'2019-05-20 10:00:00'),(1175,89,1,1,2,'2019-05-27 10:00:00'),(1176,89,1,1,2,'2019-06-03 10:00:00'),(1177,89,1,1,2,'2019-06-10 10:00:00'),(1178,89,1,1,2,'2019-06-17 10:00:00'),(1179,90,1,1,2,'2019-04-16 10:00:00'),(1180,90,1,1,2,'2019-04-23 10:00:00'),(1181,90,1,1,2,'2019-04-30 10:00:00'),(1182,90,1,1,2,'2019-05-07 10:00:00'),(1183,90,1,1,2,'2019-05-14 10:00:00'),(1184,90,1,1,2,'2019-05-21 10:00:00'),(1185,90,1,1,2,'2019-05-28 10:00:00'),(1186,90,1,1,2,'2019-06-04 10:00:00'),(1187,90,1,1,2,'2019-06-11 10:00:00'),(1188,90,1,1,2,'2019-06-18 10:00:00'),(1189,91,1,1,2,'2019-04-18 10:00:00'),(1190,91,1,1,2,'2019-04-25 10:00:00'),(1191,91,1,1,2,'2019-05-02 10:00:00'),(1192,91,1,1,2,'2019-05-09 10:00:00'),(1193,91,1,1,2,'2019-05-16 10:00:00'),(1194,91,1,1,2,'2019-05-23 10:00:00'),(1195,91,1,1,2,'2019-05-30 10:00:00'),(1196,91,1,1,2,'2019-06-06 10:00:00'),(1197,91,1,1,2,'2019-06-13 10:00:00'),(1198,91,1,1,2,'2019-06-20 10:00:00'),(1199,92,1,1,2,'2019-04-17 10:00:00'),(1200,92,1,1,2,'2019-04-24 10:00:00'),(1201,92,1,1,2,'2019-05-01 10:00:00'),(1202,92,1,1,2,'2019-05-08 10:00:00'),(1203,92,1,1,2,'2019-05-15 10:00:00'),(1204,92,1,1,2,'2019-05-22 10:00:00'),(1205,92,1,1,2,'2019-05-29 10:00:00'),(1206,92,1,1,2,'2019-06-05 10:00:00'),(1207,92,1,1,2,'2019-06-12 10:00:00'),(1208,92,1,1,2,'2019-06-19 10:00:00'),(1209,93,1,1,2,'2019-04-19 10:00:00'),(1210,93,1,1,2,'2019-04-26 10:00:00'),(1211,93,1,1,2,'2019-05-03 10:00:00'),(1212,93,1,1,2,'2019-05-10 10:00:00'),(1213,93,1,1,2,'2019-05-17 10:00:00'),(1214,93,1,1,2,'2019-05-24 10:00:00'),(1215,93,1,1,2,'2019-05-31 10:00:00'),(1216,93,1,1,2,'2019-06-07 10:00:00'),(1217,93,1,1,2,'2019-06-14 10:00:00'),(1218,93,1,1,2,'2019-06-21 10:00:00'),(1219,94,1,1,2,'2019-04-15 10:00:00'),(1220,94,1,1,2,'2019-04-22 10:00:00'),(1221,94,1,1,2,'2019-04-29 10:00:00'),(1222,94,1,1,2,'2019-05-06 10:00:00'),(1223,94,1,1,2,'2019-05-13 10:00:00'),(1224,94,1,1,2,'2019-05-20 10:00:00'),(1225,94,1,1,2,'2019-05-27 10:00:00'),(1226,94,1,1,2,'2019-06-03 10:00:00'),(1227,94,1,1,2,'2019-06-10 10:00:00'),(1228,94,1,1,2,'2019-06-17 10:00:00'),(1229,95,1,1,2,'2019-04-16 10:00:00'),(1230,95,1,1,2,'2019-04-23 10:00:00'),(1231,95,1,1,2,'2019-04-30 10:00:00'),(1232,95,1,1,2,'2019-05-07 10:00:00'),(1233,95,1,1,2,'2019-05-14 10:00:00'),(1234,95,1,1,2,'2019-05-21 10:00:00'),(1235,95,1,1,2,'2019-05-28 10:00:00'),(1236,95,1,1,2,'2019-06-04 10:00:00'),(1237,95,1,1,2,'2019-06-11 10:00:00'),(1238,95,1,1,2,'2019-06-18 10:00:00'),(1239,96,1,1,2,'2019-04-18 10:00:00'),(1240,96,1,1,2,'2019-04-25 10:00:00'),(1241,96,1,1,2,'2019-05-02 10:00:00'),(1242,96,1,1,2,'2019-05-09 10:00:00'),(1243,96,1,1,2,'2019-05-16 10:00:00'),(1244,96,1,1,2,'2019-05-23 10:00:00'),(1245,96,1,1,2,'2019-05-30 10:00:00'),(1246,96,1,1,2,'2019-06-06 10:00:00'),(1247,96,1,1,2,'2019-06-13 10:00:00'),(1248,96,1,1,2,'2019-06-20 10:00:00'),(1249,97,1,1,2,'2019-04-15 10:00:00'),(1250,97,1,1,2,'2019-04-22 10:00:00'),(1251,97,1,1,2,'2019-04-29 10:00:00'),(1252,97,1,1,2,'2019-05-06 10:00:00'),(1253,97,1,1,2,'2019-05-13 10:00:00'),(1254,97,1,1,2,'2019-05-20 10:00:00'),(1255,97,1,1,2,'2019-05-27 10:00:00'),(1256,97,1,1,2,'2019-06-03 10:00:00'),(1257,97,1,1,2,'2019-06-10 10:00:00'),(1258,97,1,1,2,'2019-06-17 10:00:00'),(1259,98,1,1,2,'2019-04-16 10:00:00'),(1260,98,1,1,2,'2019-04-23 10:00:00'),(1261,98,1,1,2,'2019-04-30 10:00:00'),(1262,98,1,1,2,'2019-05-07 10:00:00'),(1263,98,1,1,2,'2019-05-14 10:00:00'),(1264,98,1,1,2,'2019-05-21 10:00:00'),(1265,98,1,1,2,'2019-05-28 10:00:00'),(1266,98,1,1,2,'2019-06-04 10:00:00'),(1267,98,1,1,2,'2019-06-11 10:00:00'),(1268,98,1,1,2,'2019-06-18 10:00:00'),(1269,99,1,1,2,'2019-04-18 10:00:00'),(1270,99,1,1,2,'2019-04-25 10:00:00'),(1271,99,1,1,2,'2019-05-02 10:00:00'),(1272,99,1,1,2,'2019-05-09 10:00:00'),(1273,99,1,1,2,'2019-05-16 10:00:00'),(1274,99,1,1,2,'2019-05-23 10:00:00'),(1275,99,1,1,2,'2019-05-30 10:00:00'),(1276,99,1,1,2,'2019-06-06 10:00:00'),(1277,99,1,1,2,'2019-06-13 10:00:00'),(1278,99,1,1,2,'2019-06-20 10:00:00'),(1279,100,1,1,2,'2019-04-15 10:00:00'),(1280,100,1,1,2,'2019-04-22 10:00:00'),(1281,100,1,1,2,'2019-04-29 10:00:00'),(1282,100,1,1,2,'2019-05-06 10:00:00'),(1283,100,1,1,2,'2019-05-13 10:00:00'),(1284,100,1,1,2,'2019-05-20 10:00:00'),(1285,100,1,1,2,'2019-05-27 10:00:00'),(1286,100,1,1,2,'2019-06-03 10:00:00'),(1287,100,1,1,2,'2019-06-10 10:00:00'),(1288,100,1,1,2,'2019-06-17 10:00:00'),(1289,101,1,1,2,'2019-04-16 10:00:00'),(1290,101,1,1,2,'2019-04-23 10:00:00'),(1291,101,1,1,2,'2019-04-30 10:00:00'),(1292,101,1,1,2,'2019-05-07 10:00:00'),(1293,101,1,1,2,'2019-05-14 10:00:00'),(1294,101,1,1,2,'2019-05-21 10:00:00'),(1295,101,1,1,2,'2019-05-28 10:00:00'),(1296,101,1,1,2,'2019-06-04 10:00:00'),(1297,101,1,1,2,'2019-06-11 10:00:00'),(1298,101,1,1,2,'2019-06-18 10:00:00'),(1299,102,1,1,2,'2019-04-18 10:00:00'),(1300,102,1,1,2,'2019-04-25 10:00:00'),(1301,102,1,1,2,'2019-05-02 10:00:00'),(1302,102,1,1,2,'2019-05-09 10:00:00'),(1303,102,1,1,2,'2019-05-16 10:00:00'),(1304,102,1,1,2,'2019-05-23 10:00:00'),(1305,102,1,1,2,'2019-05-30 10:00:00'),(1306,102,1,1,2,'2019-06-06 10:00:00'),(1307,102,1,1,2,'2019-06-13 10:00:00'),(1308,102,1,1,2,'2019-06-20 10:00:00'),(1309,103,1,1,2,'2019-04-15 10:00:00'),(1310,103,1,1,2,'2019-04-22 10:00:00'),(1311,103,1,1,2,'2019-04-29 10:00:00'),(1312,103,1,1,2,'2019-05-06 10:00:00'),(1313,103,1,1,2,'2019-05-13 10:00:00'),(1314,103,1,1,2,'2019-05-20 10:00:00'),(1315,103,1,1,2,'2019-05-27 10:00:00'),(1316,103,1,1,2,'2019-06-03 10:00:00'),(1317,103,1,1,2,'2019-06-10 10:00:00'),(1318,103,1,1,2,'2019-06-17 10:00:00'),(1319,104,1,1,2,'2019-04-16 10:00:00'),(1320,104,1,1,2,'2019-04-23 10:00:00'),(1321,104,1,1,2,'2019-04-30 10:00:00'),(1322,104,1,1,2,'2019-05-07 10:00:00'),(1323,104,1,1,2,'2019-05-14 10:00:00'),(1324,104,1,1,2,'2019-05-21 10:00:00'),(1325,104,1,1,2,'2019-05-28 10:00:00'),(1326,104,1,1,2,'2019-06-04 10:00:00'),(1327,104,1,1,2,'2019-06-11 10:00:00'),(1328,104,1,1,2,'2019-06-18 10:00:00'),(1329,105,1,1,2,'2019-04-18 10:00:00'),(1330,105,1,1,2,'2019-04-25 10:00:00'),(1331,105,1,1,2,'2019-05-02 10:00:00'),(1332,105,1,1,2,'2019-05-09 10:00:00'),(1333,105,1,1,2,'2019-05-16 10:00:00'),(1334,105,1,1,2,'2019-05-23 10:00:00'),(1335,105,1,1,2,'2019-05-30 10:00:00'),(1336,105,1,1,2,'2019-06-06 10:00:00'),(1337,105,1,1,2,'2019-06-13 10:00:00'),(1338,105,1,1,2,'2019-06-20 10:00:00'),(1339,106,1,1,2,'2019-04-17 10:00:00'),(1340,106,1,1,2,'2019-04-24 10:00:00'),(1341,106,1,1,2,'2019-05-01 10:00:00'),(1342,106,1,1,2,'2019-05-08 10:00:00'),(1343,106,1,1,2,'2019-05-15 10:00:00'),(1344,106,1,1,2,'2019-05-22 10:00:00'),(1345,106,1,1,2,'2019-05-29 10:00:00'),(1346,106,1,1,2,'2019-06-05 10:00:00'),(1347,106,1,1,2,'2019-06-12 10:00:00'),(1348,106,1,1,2,'2019-06-19 10:00:00'),(1349,107,1,1,2,'2019-04-19 10:00:00'),(1350,107,1,1,2,'2019-04-26 10:00:00'),(1351,107,1,1,2,'2019-05-03 10:00:00'),(1352,107,1,1,2,'2019-05-10 10:00:00'),(1353,107,1,1,2,'2019-05-17 10:00:00'),(1354,107,1,1,2,'2019-05-24 10:00:00'),(1355,107,1,1,2,'2019-05-31 10:00:00'),(1356,107,1,1,2,'2019-06-07 10:00:00'),(1357,107,1,1,2,'2019-06-14 10:00:00'),(1358,107,1,1,2,'2019-06-21 10:00:00'),(1359,108,1,1,2,'2019-04-15 10:00:00'),(1360,108,1,1,2,'2019-04-22 10:00:00'),(1361,108,1,1,2,'2019-04-29 10:00:00'),(1362,108,1,1,2,'2019-05-06 10:00:00'),(1363,108,1,1,2,'2019-05-13 10:00:00'),(1364,108,1,1,2,'2019-05-20 10:00:00'),(1365,108,1,1,2,'2019-05-27 10:00:00'),(1366,108,1,1,2,'2019-06-03 10:00:00'),(1367,108,1,1,2,'2019-06-10 10:00:00'),(1368,108,1,1,2,'2019-06-17 10:00:00'),(1369,109,1,1,2,'2019-04-16 10:00:00'),(1370,109,1,1,2,'2019-04-23 10:00:00'),(1371,109,1,1,2,'2019-04-30 10:00:00'),(1372,109,1,1,2,'2019-05-07 10:00:00'),(1373,109,1,1,2,'2019-05-14 10:00:00'),(1374,109,1,1,2,'2019-05-21 10:00:00'),(1375,109,1,1,2,'2019-05-28 10:00:00'),(1376,109,1,1,2,'2019-06-04 10:00:00'),(1377,109,1,1,2,'2019-06-11 10:00:00'),(1378,109,1,1,2,'2019-06-18 10:00:00'),(1379,110,1,1,2,'2019-04-18 10:00:00'),(1380,110,1,1,2,'2019-04-25 10:00:00'),(1381,110,1,1,2,'2019-05-02 10:00:00'),(1382,110,1,1,2,'2019-05-09 10:00:00'),(1383,110,1,1,2,'2019-05-16 10:00:00'),(1384,110,1,1,2,'2019-05-23 10:00:00'),(1385,110,1,1,2,'2019-05-30 10:00:00'),(1386,110,1,1,2,'2019-06-06 10:00:00'),(1387,110,1,1,2,'2019-06-13 10:00:00'),(1388,110,1,1,2,'2019-06-20 10:00:00'),(1389,111,1,1,2,'2019-04-15 10:00:00'),(1390,111,1,1,2,'2019-04-22 10:00:00'),(1391,111,1,1,2,'2019-04-29 10:00:00'),(1392,111,1,1,2,'2019-05-06 10:00:00'),(1393,111,1,1,2,'2019-05-13 10:00:00'),(1394,111,1,1,2,'2019-05-20 10:00:00'),(1395,111,1,1,2,'2019-05-27 10:00:00'),(1396,111,1,1,2,'2019-06-03 10:00:00'),(1397,111,1,1,2,'2019-06-10 10:00:00'),(1398,111,1,1,2,'2019-06-17 10:00:00'),(1399,112,1,1,2,'2019-04-16 10:00:00'),(1400,112,1,1,2,'2019-04-23 10:00:00'),(1401,112,1,1,2,'2019-04-30 10:00:00'),(1402,112,1,1,2,'2019-05-07 10:00:00'),(1403,112,1,1,2,'2019-05-14 10:00:00'),(1404,112,1,1,2,'2019-05-21 10:00:00'),(1405,112,1,1,2,'2019-05-28 10:00:00'),(1406,112,1,1,2,'2019-06-04 10:00:00'),(1407,112,1,1,2,'2019-06-11 10:00:00'),(1408,112,1,1,2,'2019-06-18 10:00:00'),(1409,113,1,1,2,'2019-04-18 10:00:00'),(1410,113,1,1,2,'2019-04-25 10:00:00'),(1411,113,1,1,2,'2019-05-02 10:00:00'),(1412,113,1,1,2,'2019-05-09 10:00:00'),(1413,113,1,1,2,'2019-05-16 10:00:00'),(1414,113,1,1,2,'2019-05-23 10:00:00'),(1415,113,1,1,2,'2019-05-30 10:00:00'),(1416,113,1,1,2,'2019-06-06 10:00:00'),(1417,113,1,1,2,'2019-06-13 10:00:00'),(1418,113,1,1,2,'2019-06-20 10:00:00'),(1419,114,1,1,2,'2019-04-17 10:00:00'),(1420,114,1,1,2,'2019-04-24 10:00:00'),(1421,114,1,1,2,'2019-05-01 10:00:00'),(1422,114,1,1,2,'2019-05-08 10:00:00'),(1423,114,1,1,2,'2019-05-15 10:00:00'),(1424,114,1,1,2,'2019-05-22 10:00:00'),(1425,114,1,1,2,'2019-05-29 10:00:00'),(1426,114,1,1,2,'2019-06-05 10:00:00'),(1427,114,1,1,2,'2019-06-12 10:00:00'),(1428,114,1,1,2,'2019-06-19 10:00:00'),(1429,115,1,1,2,'2019-04-19 10:00:00'),(1430,115,1,1,2,'2019-04-26 10:00:00'),(1431,115,1,1,2,'2019-05-03 10:00:00'),(1432,115,1,1,2,'2019-05-10 10:00:00'),(1433,115,1,1,2,'2019-05-17 10:00:00'),(1434,115,1,1,2,'2019-05-24 10:00:00'),(1435,115,1,1,2,'2019-05-31 10:00:00'),(1436,115,1,1,2,'2019-06-07 10:00:00'),(1437,115,1,1,2,'2019-06-14 10:00:00'),(1438,115,1,1,2,'2019-06-21 10:00:00'),(1439,116,1,1,2,'2019-04-17 10:00:00'),(1440,116,1,1,2,'2019-04-24 10:00:00'),(1441,116,1,1,2,'2019-05-01 10:00:00'),(1442,116,1,1,2,'2019-05-08 10:00:00'),(1443,116,1,1,2,'2019-05-15 10:00:00'),(1444,116,1,1,2,'2019-05-22 10:00:00'),(1445,116,1,1,2,'2019-05-29 10:00:00'),(1446,116,1,1,2,'2019-06-05 10:00:00'),(1447,116,1,1,2,'2019-06-12 10:00:00'),(1448,116,1,1,2,'2019-06-19 10:00:00'),(1449,117,1,1,2,'2019-04-19 10:00:00'),(1450,117,1,1,2,'2019-04-26 10:00:00'),(1451,117,1,1,2,'2019-05-03 10:00:00'),(1452,117,1,1,2,'2019-05-10 10:00:00'),(1453,117,1,1,2,'2019-05-17 10:00:00'),(1454,117,1,1,2,'2019-05-24 10:00:00'),(1455,117,1,1,2,'2019-05-31 10:00:00'),(1456,117,1,1,2,'2019-06-07 10:00:00'),(1457,117,1,1,2,'2019-06-14 10:00:00'),(1458,117,1,1,2,'2019-06-21 10:00:00'),(1459,118,1,1,2,'2019-04-15 10:00:00'),(1460,118,1,1,2,'2019-04-22 10:00:00'),(1461,118,1,1,2,'2019-04-29 10:00:00'),(1462,118,1,1,2,'2019-05-06 10:00:00'),(1463,118,1,1,2,'2019-05-13 10:00:00'),(1464,118,1,1,2,'2019-05-20 10:00:00'),(1465,118,1,1,2,'2019-05-27 10:00:00'),(1466,118,1,1,2,'2019-06-03 10:00:00'),(1467,118,1,1,2,'2019-06-10 10:00:00'),(1468,118,1,1,2,'2019-06-17 10:00:00'),(1469,119,1,1,2,'2019-04-16 10:00:00'),(1470,119,1,1,2,'2019-04-23 10:00:00'),(1471,119,1,1,2,'2019-04-30 10:00:00'),(1472,119,1,1,2,'2019-05-07 10:00:00'),(1473,119,1,1,2,'2019-05-14 10:00:00'),(1474,119,1,1,2,'2019-05-21 10:00:00'),(1475,119,1,1,2,'2019-05-28 10:00:00'),(1476,119,1,1,2,'2019-06-04 10:00:00'),(1477,119,1,1,2,'2019-06-11 10:00:00'),(1478,119,1,1,2,'2019-06-18 10:00:00'),(1479,120,1,1,2,'2019-04-18 10:00:00'),(1480,120,1,1,2,'2019-04-25 10:00:00'),(1481,120,1,1,2,'2019-05-02 10:00:00'),(1482,120,1,1,2,'2019-05-09 10:00:00'),(1483,120,1,1,2,'2019-05-16 10:00:00'),(1484,120,1,1,2,'2019-05-23 10:00:00'),(1485,120,1,1,2,'2019-05-30 10:00:00'),(1486,120,1,1,2,'2019-06-06 10:00:00'),(1487,120,1,1,2,'2019-06-13 10:00:00'),(1488,120,1,1,2,'2019-06-20 10:00:00'),(1489,121,1,1,2,'2019-04-17 10:00:00'),(1490,121,1,1,2,'2019-04-24 10:00:00'),(1491,121,1,1,2,'2019-05-01 10:00:00'),(1492,121,1,1,2,'2019-05-08 10:00:00'),(1493,121,1,1,2,'2019-05-15 10:00:00'),(1494,121,1,1,2,'2019-05-22 10:00:00'),(1495,121,1,1,2,'2019-05-29 10:00:00'),(1496,121,1,1,2,'2019-06-05 10:00:00'),(1497,121,1,1,2,'2019-06-12 10:00:00'),(1498,121,1,1,2,'2019-06-19 10:00:00'),(1499,122,1,1,2,'2019-04-19 10:00:00'),(1500,122,1,1,2,'2019-04-26 10:00:00'),(1501,122,1,1,2,'2019-05-03 10:00:00'),(1502,122,1,1,2,'2019-05-10 10:00:00'),(1503,122,1,1,2,'2019-05-17 10:00:00'),(1504,122,1,1,2,'2019-05-24 10:00:00'),(1505,122,1,1,2,'2019-05-31 10:00:00'),(1506,122,1,1,2,'2019-06-07 10:00:00'),(1507,122,1,1,2,'2019-06-14 10:00:00'),(1508,122,1,1,2,'2019-06-21 10:00:00'),(1509,123,1,1,2,'2019-04-15 10:00:00'),(1510,123,1,1,2,'2019-04-22 10:00:00'),(1511,123,1,1,2,'2019-04-29 10:00:00'),(1512,123,1,1,2,'2019-05-06 10:00:00'),(1513,123,1,1,2,'2019-05-13 10:00:00'),(1514,123,1,1,2,'2019-05-20 10:00:00'),(1515,123,1,1,2,'2019-05-27 10:00:00'),(1516,123,1,1,2,'2019-06-03 10:00:00'),(1517,123,1,1,2,'2019-06-10 10:00:00'),(1518,123,1,1,2,'2019-06-17 10:00:00'),(1519,124,1,1,2,'2019-04-16 10:00:00'),(1520,124,1,1,2,'2019-04-23 10:00:00'),(1521,124,1,1,2,'2019-04-30 10:00:00'),(1522,124,1,1,2,'2019-05-07 10:00:00'),(1523,124,1,1,2,'2019-05-14 10:00:00'),(1524,124,1,1,2,'2019-05-21 10:00:00'),(1525,124,1,1,2,'2019-05-28 10:00:00'),(1526,124,1,1,2,'2019-06-04 10:00:00'),(1527,124,1,1,2,'2019-06-11 10:00:00'),(1528,124,1,1,2,'2019-06-18 10:00:00'),(1529,125,1,1,2,'2019-04-18 10:00:00'),(1530,125,1,1,2,'2019-04-25 10:00:00'),(1531,125,1,1,2,'2019-05-02 10:00:00'),(1532,125,1,1,2,'2019-05-09 10:00:00'),(1533,125,1,1,2,'2019-05-16 10:00:00'),(1534,125,1,1,2,'2019-05-23 10:00:00'),(1535,125,1,1,2,'2019-05-30 10:00:00'),(1536,125,1,1,2,'2019-06-06 10:00:00'),(1537,125,1,1,2,'2019-06-13 10:00:00'),(1538,125,1,1,2,'2019-06-20 10:00:00'),(1539,126,1,1,2,'2019-04-15 10:00:00'),(1540,126,1,1,2,'2019-04-22 10:00:00'),(1541,126,1,1,2,'2019-04-29 10:00:00'),(1542,126,1,1,2,'2019-05-06 10:00:00'),(1543,126,1,1,2,'2019-05-13 10:00:00'),(1544,126,1,1,2,'2019-05-20 10:00:00'),(1545,126,1,1,2,'2019-05-27 10:00:00'),(1546,126,1,1,2,'2019-06-03 10:00:00'),(1547,126,1,1,2,'2019-06-10 10:00:00'),(1548,126,1,1,2,'2019-06-17 10:00:00'),(1549,127,1,1,2,'2019-04-16 10:00:00'),(1550,127,1,1,2,'2019-04-23 10:00:00'),(1551,127,1,1,2,'2019-04-30 10:00:00'),(1552,127,1,1,2,'2019-05-07 10:00:00'),(1553,127,1,1,2,'2019-05-14 10:00:00'),(1554,127,1,1,2,'2019-05-21 10:00:00'),(1555,127,1,1,2,'2019-05-28 10:00:00'),(1556,127,1,1,2,'2019-06-04 10:00:00'),(1557,127,1,1,2,'2019-06-11 10:00:00'),(1558,127,1,1,2,'2019-06-18 10:00:00'),(1559,128,1,1,2,'2019-04-18 10:00:00'),(1560,128,1,1,2,'2019-04-25 10:00:00'),(1561,128,1,1,2,'2019-05-02 10:00:00'),(1562,128,1,1,2,'2019-05-09 10:00:00'),(1563,128,1,1,2,'2019-05-16 10:00:00'),(1564,128,1,1,2,'2019-05-23 10:00:00'),(1565,128,1,1,2,'2019-05-30 10:00:00'),(1566,128,1,1,2,'2019-06-06 10:00:00'),(1567,128,1,1,2,'2019-06-13 10:00:00'),(1568,128,1,1,2,'2019-06-20 10:00:00'),(1569,129,1,1,2,'2019-04-15 10:00:00'),(1570,129,1,1,2,'2019-04-22 10:00:00'),(1571,129,1,1,2,'2019-04-29 10:00:00'),(1572,129,1,1,2,'2019-05-06 10:00:00'),(1573,129,1,1,2,'2019-05-13 10:00:00'),(1574,129,1,1,2,'2019-05-20 10:00:00'),(1575,129,1,1,2,'2019-05-27 10:00:00'),(1576,129,1,1,2,'2019-06-03 10:00:00'),(1577,129,1,1,2,'2019-06-10 10:00:00'),(1578,129,1,1,2,'2019-06-17 10:00:00'),(1579,130,1,1,2,'2019-04-16 10:00:00'),(1580,130,1,1,2,'2019-04-23 10:00:00'),(1581,130,1,1,2,'2019-04-30 10:00:00'),(1582,130,1,1,2,'2019-05-07 10:00:00'),(1583,130,1,1,2,'2019-05-14 10:00:00'),(1584,130,1,1,2,'2019-05-21 10:00:00'),(1585,130,1,1,2,'2019-05-28 10:00:00'),(1586,130,1,1,2,'2019-06-04 10:00:00'),(1587,130,1,1,2,'2019-06-11 10:00:00'),(1588,130,1,1,2,'2019-06-18 10:00:00'),(1589,131,1,1,2,'2019-04-18 10:00:00'),(1590,131,1,1,2,'2019-04-25 10:00:00'),(1591,131,1,1,2,'2019-05-02 10:00:00'),(1592,131,1,1,2,'2019-05-09 10:00:00'),(1593,131,1,1,2,'2019-05-16 10:00:00'),(1594,131,1,1,2,'2019-05-23 10:00:00'),(1595,131,1,1,2,'2019-05-30 10:00:00'),(1596,131,1,1,2,'2019-06-06 10:00:00'),(1597,131,1,1,2,'2019-06-13 10:00:00'),(1598,131,1,1,2,'2019-06-20 10:00:00'),(1599,132,1,1,2,'2019-04-15 10:00:00'),(1600,132,1,1,2,'2019-04-22 10:00:00'),(1601,132,1,1,2,'2019-04-29 10:00:00'),(1602,132,1,1,2,'2019-05-06 10:00:00'),(1603,132,1,1,2,'2019-05-13 10:00:00'),(1604,132,1,1,2,'2019-05-20 10:00:00'),(1605,132,1,1,2,'2019-05-27 10:00:00'),(1606,132,1,1,2,'2019-06-03 10:00:00'),(1607,132,1,1,2,'2019-06-10 10:00:00'),(1608,132,1,1,2,'2019-06-17 10:00:00'),(1609,133,1,1,2,'2019-04-16 10:00:00'),(1610,133,1,1,2,'2019-04-23 10:00:00'),(1611,133,1,1,2,'2019-04-30 10:00:00'),(1612,133,1,1,2,'2019-05-07 10:00:00'),(1613,133,1,1,2,'2019-05-14 10:00:00'),(1614,133,1,1,2,'2019-05-21 10:00:00'),(1615,133,1,1,2,'2019-05-28 10:00:00'),(1616,133,1,1,2,'2019-06-04 10:00:00'),(1617,133,1,1,2,'2019-06-11 10:00:00'),(1618,133,1,1,2,'2019-06-18 10:00:00'),(1619,134,1,1,2,'2019-04-18 10:00:00'),(1620,134,1,1,2,'2019-04-25 10:00:00'),(1621,134,1,1,2,'2019-05-02 10:00:00'),(1622,134,1,1,2,'2019-05-09 10:00:00'),(1623,134,1,1,2,'2019-05-16 10:00:00'),(1624,134,1,1,2,'2019-05-23 10:00:00'),(1625,134,1,1,2,'2019-05-30 10:00:00'),(1626,134,1,1,2,'2019-06-06 10:00:00'),(1627,134,1,1,2,'2019-06-13 10:00:00'),(1628,134,1,1,2,'2019-06-20 10:00:00'),(1629,135,1,1,2,'2019-04-16 10:00:00'),(1630,135,1,1,2,'2019-04-23 10:00:00'),(1631,135,1,1,2,'2019-04-30 10:00:00'),(1632,135,1,1,2,'2019-05-07 10:00:00'),(1633,135,1,1,2,'2019-05-14 10:00:00'),(1634,135,1,1,2,'2019-05-21 10:00:00'),(1635,135,1,1,2,'2019-05-28 10:00:00'),(1636,135,1,1,2,'2019-06-04 10:00:00'),(1637,135,1,1,2,'2019-06-11 10:00:00'),(1638,135,1,1,2,'2019-06-18 10:00:00'),(1639,136,1,1,2,'2019-04-18 10:00:00'),(1640,136,1,1,2,'2019-04-25 10:00:00'),(1641,136,1,1,2,'2019-05-02 10:00:00'),(1642,136,1,1,2,'2019-05-09 10:00:00'),(1643,136,1,1,2,'2019-05-16 10:00:00'),(1644,136,1,1,2,'2019-05-23 10:00:00'),(1645,136,1,1,2,'2019-05-30 10:00:00'),(1646,136,1,1,2,'2019-06-06 10:00:00'),(1647,136,1,1,2,'2019-06-13 10:00:00'),(1648,136,1,1,2,'2019-06-20 10:00:00'),(1649,137,1,1,2,'2019-04-19 10:00:00'),(1650,137,1,1,2,'2019-04-26 10:00:00'),(1651,137,1,1,2,'2019-05-03 10:00:00'),(1652,137,1,1,2,'2019-05-10 10:00:00'),(1653,137,1,1,2,'2019-05-17 10:00:00'),(1654,137,1,1,2,'2019-05-24 10:00:00'),(1655,137,1,1,2,'2019-05-31 10:00:00'),(1656,137,1,1,2,'2019-06-07 10:00:00'),(1657,137,1,1,2,'2019-06-14 10:00:00'),(1658,137,1,1,2,'2019-06-21 10:00:00'),(1659,138,1,1,2,'2019-04-15 10:00:00'),(1660,138,1,1,2,'2019-04-22 10:00:00'),(1661,138,1,1,2,'2019-04-29 10:00:00'),(1662,138,1,1,2,'2019-05-06 10:00:00'),(1663,138,1,1,2,'2019-05-13 10:00:00'),(1664,138,1,1,2,'2019-05-20 10:00:00'),(1665,138,1,1,2,'2019-05-27 10:00:00'),(1666,138,1,1,2,'2019-06-03 10:00:00'),(1667,138,1,1,2,'2019-06-10 10:00:00'),(1668,138,1,1,2,'2019-06-17 10:00:00'),(1669,139,1,1,2,'2019-04-16 10:00:00'),(1670,139,1,1,2,'2019-04-23 10:00:00'),(1671,139,1,1,2,'2019-04-30 10:00:00'),(1672,139,1,1,2,'2019-05-07 10:00:00'),(1673,139,1,1,2,'2019-05-14 10:00:00'),(1674,139,1,1,2,'2019-05-21 10:00:00'),(1675,139,1,1,2,'2019-05-28 10:00:00'),(1676,139,1,1,2,'2019-06-04 10:00:00'),(1677,139,1,1,2,'2019-06-11 10:00:00'),(1678,139,1,1,2,'2019-06-18 10:00:00'),(1679,140,1,1,2,'2019-04-18 10:00:00'),(1680,140,1,1,2,'2019-04-25 10:00:00'),(1681,140,1,1,2,'2019-05-02 10:00:00'),(1682,140,1,1,2,'2019-05-09 10:00:00'),(1683,140,1,1,2,'2019-05-16 10:00:00'),(1684,140,1,1,2,'2019-05-23 10:00:00'),(1685,140,1,1,2,'2019-05-30 10:00:00'),(1686,140,1,1,2,'2019-06-06 10:00:00'),(1687,140,1,1,2,'2019-06-13 10:00:00'),(1688,140,1,1,2,'2019-06-20 10:00:00'),(1689,141,1,1,2,'2019-04-15 10:00:00'),(1690,141,1,1,2,'2019-04-22 10:00:00'),(1691,141,1,1,2,'2019-04-29 10:00:00'),(1692,141,1,1,2,'2019-05-06 10:00:00'),(1693,141,1,1,2,'2019-05-13 10:00:00'),(1694,141,1,1,2,'2019-05-20 10:00:00'),(1695,141,1,1,2,'2019-05-27 10:00:00'),(1696,141,1,1,2,'2019-06-03 10:00:00'),(1697,141,1,1,2,'2019-06-10 10:00:00'),(1698,141,1,1,2,'2019-06-17 10:00:00'),(1699,142,1,1,2,'2019-04-16 10:00:00'),(1700,142,1,1,2,'2019-04-23 10:00:00'),(1701,142,1,1,2,'2019-04-30 10:00:00'),(1702,142,1,1,2,'2019-05-07 10:00:00'),(1703,142,1,1,2,'2019-05-14 10:00:00'),(1704,142,1,1,2,'2019-05-21 10:00:00'),(1705,142,1,1,2,'2019-05-28 10:00:00'),(1706,142,1,1,2,'2019-06-04 10:00:00'),(1707,142,1,1,2,'2019-06-11 10:00:00'),(1708,142,1,1,2,'2019-06-18 10:00:00'),(1709,143,1,1,2,'2019-04-18 10:00:00'),(1710,143,1,1,2,'2019-04-25 10:00:00'),(1711,143,1,1,2,'2019-05-02 10:00:00'),(1712,143,1,1,2,'2019-05-09 10:00:00'),(1713,143,1,1,2,'2019-05-16 10:00:00'),(1714,143,1,1,2,'2019-05-23 10:00:00'),(1715,143,1,1,2,'2019-05-30 10:00:00'),(1716,143,1,1,2,'2019-06-06 10:00:00'),(1717,143,1,1,2,'2019-06-13 10:00:00'),(1718,143,1,1,2,'2019-06-20 10:00:00'),(1719,144,1,1,2,'2019-04-15 10:00:00'),(1720,144,1,1,2,'2019-04-22 10:00:00'),(1721,144,1,1,2,'2019-04-29 10:00:00'),(1722,144,1,1,2,'2019-05-06 10:00:00'),(1723,144,1,1,2,'2019-05-13 10:00:00'),(1724,144,1,1,2,'2019-05-20 10:00:00'),(1725,144,1,1,2,'2019-05-27 10:00:00'),(1726,144,1,1,2,'2019-06-03 10:00:00'),(1727,144,1,1,2,'2019-06-10 10:00:00'),(1728,144,1,1,2,'2019-06-17 10:00:00'),(1729,145,1,1,2,'2019-04-16 10:00:00'),(1730,145,1,1,2,'2019-04-23 10:00:00'),(1731,145,1,1,2,'2019-04-30 10:00:00'),(1732,145,1,1,2,'2019-05-07 10:00:00'),(1733,145,1,1,2,'2019-05-14 10:00:00'),(1734,145,1,1,2,'2019-05-21 10:00:00'),(1735,145,1,1,2,'2019-05-28 10:00:00'),(1736,145,1,1,2,'2019-06-04 10:00:00'),(1737,145,1,1,2,'2019-06-11 10:00:00'),(1738,145,1,1,2,'2019-06-18 10:00:00'),(1739,146,1,1,2,'2019-04-18 10:00:00'),(1740,146,1,1,2,'2019-04-25 10:00:00'),(1741,146,1,1,2,'2019-05-02 10:00:00'),(1742,146,1,1,2,'2019-05-09 10:00:00'),(1743,146,1,1,2,'2019-05-16 10:00:00'),(1744,146,1,1,2,'2019-05-23 10:00:00'),(1745,146,1,1,2,'2019-05-30 10:00:00'),(1746,146,1,1,2,'2019-06-06 10:00:00'),(1747,146,1,1,2,'2019-06-13 10:00:00'),(1748,146,1,1,2,'2019-06-20 10:00:00'),(1749,147,1,1,2,'2019-04-15 10:00:00'),(1750,147,1,1,2,'2019-04-22 10:00:00'),(1751,147,1,1,2,'2019-04-29 10:00:00'),(1752,147,1,1,2,'2019-05-06 10:00:00'),(1753,147,1,1,2,'2019-05-13 10:00:00'),(1754,147,1,1,2,'2019-05-20 10:00:00'),(1755,147,1,1,2,'2019-05-27 10:00:00'),(1756,147,1,1,2,'2019-06-03 10:00:00'),(1757,147,1,1,2,'2019-06-10 10:00:00'),(1758,147,1,1,2,'2019-06-17 10:00:00'),(1759,148,1,1,2,'2019-04-16 10:00:00'),(1760,148,1,1,2,'2019-04-23 10:00:00'),(1761,148,1,1,2,'2019-04-30 10:00:00'),(1762,148,1,1,2,'2019-05-07 10:00:00'),(1763,148,1,1,2,'2019-05-14 10:00:00'),(1764,148,1,1,2,'2019-05-21 10:00:00'),(1765,148,1,1,2,'2019-05-28 10:00:00'),(1766,148,1,1,2,'2019-06-04 10:00:00'),(1767,148,1,1,2,'2019-06-11 10:00:00'),(1768,148,1,1,2,'2019-06-18 10:00:00'),(1769,149,1,1,2,'2019-04-18 10:00:00'),(1770,149,1,1,2,'2019-04-25 10:00:00'),(1771,149,1,1,2,'2019-05-02 10:00:00'),(1772,149,1,1,2,'2019-05-09 10:00:00'),(1773,149,1,1,2,'2019-05-16 10:00:00'),(1774,149,1,1,2,'2019-05-23 10:00:00'),(1775,149,1,1,2,'2019-05-30 10:00:00'),(1776,149,1,1,2,'2019-06-06 10:00:00'),(1777,149,1,1,2,'2019-06-13 10:00:00'),(1778,149,1,1,2,'2019-06-20 10:00:00'),(1779,150,1,1,2,'2019-04-17 10:00:00'),(1780,150,1,1,2,'2019-04-24 10:00:00'),(1781,150,1,1,2,'2019-05-01 10:00:00'),(1782,150,1,1,2,'2019-05-08 10:00:00'),(1783,150,1,1,2,'2019-05-15 10:00:00'),(1784,150,1,1,2,'2019-05-22 10:00:00'),(1785,150,1,1,2,'2019-05-29 10:00:00'),(1786,150,1,1,2,'2019-06-05 10:00:00'),(1787,150,1,1,2,'2019-06-12 10:00:00'),(1788,150,1,1,2,'2019-06-19 10:00:00'),(1789,151,1,1,2,'2019-04-19 10:00:00'),(1790,151,1,1,2,'2019-04-26 10:00:00'),(1791,151,1,1,2,'2019-05-03 10:00:00'),(1792,151,1,1,2,'2019-05-10 10:00:00'),(1793,151,1,1,2,'2019-05-17 10:00:00'),(1794,151,1,1,2,'2019-05-24 10:00:00'),(1795,151,1,1,2,'2019-05-31 10:00:00'),(1796,151,1,1,2,'2019-06-07 10:00:00'),(1797,151,1,1,2,'2019-06-14 10:00:00'),(1798,151,1,1,2,'2019-06-21 10:00:00'),(1799,152,1,1,2,'2019-04-15 10:00:00'),(1800,152,1,1,2,'2019-04-22 10:00:00'),(1801,152,1,1,2,'2019-04-29 10:00:00'),(1802,152,1,1,2,'2019-05-06 10:00:00'),(1803,152,1,1,2,'2019-05-13 10:00:00'),(1804,152,1,1,2,'2019-05-20 10:00:00'),(1805,152,1,1,2,'2019-05-27 10:00:00'),(1806,152,1,1,2,'2019-06-03 10:00:00'),(1807,152,1,1,2,'2019-06-10 10:00:00'),(1808,152,1,1,2,'2019-06-17 10:00:00'),(1809,153,1,1,2,'2019-04-16 10:00:00'),(1810,153,1,1,2,'2019-04-23 10:00:00'),(1811,153,1,1,2,'2019-04-30 10:00:00'),(1812,153,1,1,2,'2019-05-07 10:00:00'),(1813,153,1,1,2,'2019-05-14 10:00:00'),(1814,153,1,1,2,'2019-05-21 10:00:00'),(1815,153,1,1,2,'2019-05-28 10:00:00'),(1816,153,1,1,2,'2019-06-04 10:00:00'),(1817,153,1,1,2,'2019-06-11 10:00:00'),(1818,153,1,1,2,'2019-06-18 10:00:00'),(1819,154,1,1,2,'2019-04-18 10:00:00'),(1820,154,1,1,2,'2019-04-25 10:00:00'),(1821,154,1,1,2,'2019-05-02 10:00:00'),(1822,154,1,1,2,'2019-05-09 10:00:00'),(1823,154,1,1,2,'2019-05-16 10:00:00'),(1824,154,1,1,2,'2019-05-23 10:00:00'),(1825,154,1,1,2,'2019-05-30 10:00:00'),(1826,154,1,1,2,'2019-06-06 10:00:00'),(1827,154,1,1,2,'2019-06-13 10:00:00'),(1828,154,1,1,2,'2019-06-20 10:00:00'),(1829,155,1,1,2,'2019-04-17 10:00:00'),(1830,155,1,1,2,'2019-04-24 10:00:00'),(1831,155,1,1,2,'2019-05-01 10:00:00'),(1832,155,1,1,2,'2019-05-08 10:00:00'),(1833,155,1,1,2,'2019-05-15 10:00:00'),(1834,155,1,1,2,'2019-05-22 10:00:00'),(1835,155,1,1,2,'2019-05-29 10:00:00'),(1836,155,1,1,2,'2019-06-05 10:00:00'),(1837,155,1,1,2,'2019-06-12 10:00:00'),(1838,155,1,1,2,'2019-06-19 10:00:00'),(1839,156,1,1,2,'2019-04-19 10:00:00'),(1840,156,1,1,2,'2019-04-26 10:00:00'),(1841,156,1,1,2,'2019-05-03 10:00:00'),(1842,156,1,1,2,'2019-05-10 10:00:00'),(1843,156,1,1,2,'2019-05-17 10:00:00'),(1844,156,1,1,2,'2019-05-24 10:00:00'),(1845,156,1,1,2,'2019-05-31 10:00:00'),(1846,156,1,1,2,'2019-06-07 10:00:00'),(1847,156,1,1,2,'2019-06-14 10:00:00'),(1848,156,1,1,2,'2019-06-21 10:00:00'),(1849,157,1,1,2,'2019-04-15 10:00:00'),(1850,157,1,1,2,'2019-04-22 10:00:00'),(1851,157,1,1,2,'2019-04-29 10:00:00'),(1852,157,1,1,2,'2019-05-06 10:00:00'),(1853,157,1,1,2,'2019-05-13 10:00:00'),(1854,157,1,1,2,'2019-05-20 10:00:00'),(1855,157,1,1,2,'2019-05-27 10:00:00'),(1856,157,1,1,2,'2019-06-03 10:00:00'),(1857,157,1,1,2,'2019-06-10 10:00:00'),(1858,157,1,1,2,'2019-06-17 10:00:00'),(1859,158,1,1,2,'2019-04-16 10:00:00'),(1860,158,1,1,2,'2019-04-23 10:00:00'),(1861,158,1,1,2,'2019-04-30 10:00:00'),(1862,158,1,1,2,'2019-05-07 10:00:00'),(1863,158,1,1,2,'2019-05-14 10:00:00'),(1864,158,1,1,2,'2019-05-21 10:00:00'),(1865,158,1,1,2,'2019-05-28 10:00:00'),(1866,158,1,1,2,'2019-06-04 10:00:00'),(1867,158,1,1,2,'2019-06-11 10:00:00'),(1868,158,1,1,2,'2019-06-18 10:00:00'),(1869,159,1,1,2,'2019-04-18 10:00:00'),(1870,159,1,1,2,'2019-04-25 10:00:00'),(1871,159,1,1,2,'2019-05-02 10:00:00'),(1872,159,1,1,2,'2019-05-09 10:00:00'),(1873,159,1,1,2,'2019-05-16 10:00:00'),(1874,159,1,1,2,'2019-05-23 10:00:00'),(1875,159,1,1,2,'2019-05-30 10:00:00'),(1876,159,1,1,2,'2019-06-06 10:00:00'),(1877,159,1,1,2,'2019-06-13 10:00:00'),(1878,159,1,1,2,'2019-06-20 10:00:00'),(1879,160,1,1,2,'2019-04-15 10:00:00'),(1880,160,1,1,2,'2019-04-22 10:00:00'),(1881,160,1,1,2,'2019-04-29 10:00:00'),(1882,160,1,1,2,'2019-05-06 10:00:00'),(1883,160,1,1,2,'2019-05-13 10:00:00'),(1884,160,1,1,2,'2019-05-20 10:00:00'),(1885,160,1,1,2,'2019-05-27 10:00:00'),(1886,160,1,1,2,'2019-06-03 10:00:00'),(1887,160,1,1,2,'2019-06-10 10:00:00'),(1888,160,1,1,2,'2019-06-17 10:00:00'),(1889,161,1,1,2,'2019-04-16 10:00:00'),(1890,161,1,1,2,'2019-04-23 10:00:00'),(1891,161,1,1,2,'2019-04-30 10:00:00'),(1892,161,1,1,2,'2019-05-07 10:00:00'),(1893,161,1,1,2,'2019-05-14 10:00:00'),(1894,161,1,1,2,'2019-05-21 10:00:00'),(1895,161,1,1,2,'2019-05-28 10:00:00'),(1896,161,1,1,2,'2019-06-04 10:00:00'),(1897,161,1,1,2,'2019-06-11 10:00:00'),(1898,161,1,1,2,'2019-06-18 10:00:00'),(1899,162,1,1,2,'2019-04-18 10:00:00'),(1900,162,1,1,2,'2019-04-25 10:00:00'),(1901,162,1,1,2,'2019-05-02 10:00:00'),(1902,162,1,1,2,'2019-05-09 10:00:00'),(1903,162,1,1,2,'2019-05-16 10:00:00'),(1904,162,1,1,2,'2019-05-23 10:00:00'),(1905,162,1,1,2,'2019-05-30 10:00:00'),(1906,162,1,1,2,'2019-06-06 10:00:00'),(1907,162,1,1,2,'2019-06-13 10:00:00'),(1908,162,1,1,2,'2019-06-20 10:00:00'),(1909,163,1,1,2,'2019-04-15 10:00:00'),(1910,163,1,1,2,'2019-04-22 10:00:00'),(1911,163,1,1,2,'2019-04-29 10:00:00'),(1912,163,1,1,2,'2019-05-06 10:00:00'),(1913,163,1,1,2,'2019-05-13 10:00:00'),(1914,163,1,1,2,'2019-05-20 10:00:00'),(1915,163,1,1,2,'2019-05-27 10:00:00'),(1916,163,1,1,2,'2019-06-03 10:00:00'),(1917,163,1,1,2,'2019-06-10 10:00:00'),(1918,163,1,1,2,'2019-06-17 10:00:00'),(1919,164,1,1,2,'2019-04-16 10:00:00'),(1920,164,1,1,2,'2019-04-23 10:00:00'),(1921,164,1,1,2,'2019-04-30 10:00:00'),(1922,164,1,1,2,'2019-05-07 10:00:00'),(1923,164,1,1,2,'2019-05-14 10:00:00'),(1924,164,1,1,2,'2019-05-21 10:00:00'),(1925,164,1,1,2,'2019-05-28 10:00:00'),(1926,164,1,1,2,'2019-06-04 10:00:00'),(1927,164,1,1,2,'2019-06-11 10:00:00'),(1928,164,1,1,2,'2019-06-18 10:00:00'),(1929,165,1,1,2,'2019-04-18 10:00:00'),(1930,165,1,1,2,'2019-04-25 10:00:00'),(1931,165,1,1,2,'2019-05-02 10:00:00'),(1932,165,1,1,2,'2019-05-09 10:00:00'),(1933,165,1,1,2,'2019-05-16 10:00:00'),(1934,165,1,1,2,'2019-05-23 10:00:00'),(1935,165,1,1,2,'2019-05-30 10:00:00'),(1936,165,1,1,2,'2019-06-06 10:00:00'),(1937,165,1,1,2,'2019-06-13 10:00:00'),(1938,165,1,1,2,'2019-06-20 10:00:00'),(1939,166,1,1,2,'2019-04-15 10:00:00'),(1940,166,1,1,2,'2019-04-22 10:00:00'),(1941,166,1,1,2,'2019-04-29 10:00:00'),(1942,166,1,1,2,'2019-05-06 10:00:00'),(1943,166,1,1,2,'2019-05-13 10:00:00'),(1944,166,1,1,2,'2019-05-20 10:00:00'),(1945,166,1,1,2,'2019-05-27 10:00:00'),(1946,166,1,1,2,'2019-06-03 10:00:00'),(1947,166,1,1,2,'2019-06-10 10:00:00'),(1948,166,1,1,2,'2019-06-17 10:00:00'),(1949,167,1,1,2,'2019-04-16 10:00:00'),(1950,167,1,1,2,'2019-04-23 10:00:00'),(1951,167,1,1,2,'2019-04-30 10:00:00'),(1952,167,1,1,2,'2019-05-07 10:00:00'),(1953,167,1,1,2,'2019-05-14 10:00:00'),(1954,167,1,1,2,'2019-05-21 10:00:00'),(1955,167,1,1,2,'2019-05-28 10:00:00'),(1956,167,1,1,2,'2019-06-04 10:00:00'),(1957,167,1,1,2,'2019-06-11 10:00:00'),(1958,167,1,1,2,'2019-06-18 10:00:00'),(1959,168,1,1,2,'2019-04-18 10:00:00'),(1960,168,1,1,2,'2019-04-25 10:00:00'),(1961,168,1,1,2,'2019-05-02 10:00:00'),(1962,168,1,1,2,'2019-05-09 10:00:00'),(1963,168,1,1,2,'2019-05-16 10:00:00'),(1964,168,1,1,2,'2019-05-23 10:00:00'),(1965,168,1,1,2,'2019-05-30 10:00:00'),(1966,168,1,1,2,'2019-06-06 10:00:00'),(1967,168,1,1,2,'2019-06-13 10:00:00'),(1968,168,1,1,2,'2019-06-20 10:00:00'),(1969,169,1,1,2,'2019-04-17 10:00:00'),(1970,169,1,1,2,'2019-04-24 10:00:00'),(1971,169,1,1,2,'2019-05-01 10:00:00'),(1972,169,1,1,2,'2019-05-08 10:00:00'),(1973,169,1,1,2,'2019-05-15 10:00:00'),(1974,169,1,1,2,'2019-05-22 10:00:00'),(1975,169,1,1,2,'2019-05-29 10:00:00'),(1976,169,1,1,2,'2019-06-05 10:00:00'),(1977,169,1,1,2,'2019-06-12 10:00:00'),(1978,169,1,1,2,'2019-06-19 10:00:00'),(1979,170,1,1,2,'2019-04-19 10:00:00'),(1980,170,1,1,2,'2019-04-26 10:00:00'),(1981,170,1,1,2,'2019-05-03 10:00:00'),(1982,170,1,1,2,'2019-05-10 10:00:00'),(1983,170,1,1,2,'2019-05-17 10:00:00'),(1984,170,1,1,2,'2019-05-24 10:00:00'),(1985,170,1,1,2,'2019-05-31 10:00:00'),(1986,170,1,1,2,'2019-06-07 10:00:00'),(1987,170,1,1,2,'2019-06-14 10:00:00'),(1988,170,1,1,2,'2019-06-21 10:00:00'),(1989,171,1,1,2,'2019-04-17 10:00:00'),(1990,171,1,1,2,'2019-04-24 10:00:00'),(1991,171,1,1,2,'2019-05-01 10:00:00'),(1992,171,1,1,2,'2019-05-08 10:00:00'),(1993,171,1,1,2,'2019-05-15 10:00:00'),(1994,171,1,1,2,'2019-05-22 10:00:00'),(1995,171,1,1,2,'2019-05-29 10:00:00'),(1996,171,1,1,2,'2019-06-05 10:00:00'),(1997,171,1,1,2,'2019-06-12 10:00:00'),(1998,171,1,1,2,'2019-06-19 10:00:00'),(1999,172,1,1,2,'2019-04-19 10:00:00'),(2000,172,1,1,2,'2019-04-26 10:00:00'),(2001,172,1,1,2,'2019-05-03 10:00:00'),(2002,172,1,1,2,'2019-05-10 10:00:00'),(2003,172,1,1,2,'2019-05-17 10:00:00'),(2004,172,1,1,2,'2019-05-24 10:00:00'),(2005,172,1,1,2,'2019-05-31 10:00:00'),(2006,172,1,1,2,'2019-06-07 10:00:00'),(2007,172,1,1,2,'2019-06-14 10:00:00'),(2008,172,1,1,2,'2019-06-21 10:00:00'),(2009,173,1,1,2,'2019-04-17 10:00:00'),(2010,173,1,1,2,'2019-04-24 10:00:00'),(2011,173,1,1,2,'2019-05-01 10:00:00'),(2012,173,1,1,2,'2019-05-08 10:00:00'),(2013,173,1,1,2,'2019-05-15 10:00:00'),(2014,173,1,1,2,'2019-05-22 10:00:00'),(2015,173,1,1,2,'2019-05-29 10:00:00'),(2016,173,1,1,2,'2019-06-05 10:00:00'),(2017,173,1,1,2,'2019-06-12 10:00:00'),(2018,173,1,1,2,'2019-06-19 10:00:00'),(2019,174,1,1,2,'2019-04-19 10:00:00'),(2020,174,1,1,2,'2019-04-26 10:00:00'),(2021,174,1,1,2,'2019-05-03 10:00:00'),(2022,174,1,1,2,'2019-05-10 10:00:00'),(2023,174,1,1,2,'2019-05-17 10:00:00'),(2024,174,1,1,2,'2019-05-24 10:00:00'),(2025,174,1,1,2,'2019-05-31 10:00:00'),(2026,174,1,1,2,'2019-06-07 10:00:00'),(2027,174,1,1,2,'2019-06-14 10:00:00'),(2028,174,1,1,2,'2019-06-21 10:00:00'),(2029,175,1,1,2,'2019-04-15 10:00:00'),(2030,175,1,1,2,'2019-04-22 10:00:00'),(2031,175,1,1,2,'2019-04-29 10:00:00'),(2032,175,1,1,2,'2019-05-06 10:00:00'),(2033,175,1,1,2,'2019-05-13 10:00:00'),(2034,175,1,1,2,'2019-05-20 10:00:00'),(2035,175,1,1,2,'2019-05-27 10:00:00'),(2036,175,1,1,2,'2019-06-03 10:00:00'),(2037,175,1,1,2,'2019-06-10 10:00:00'),(2038,175,1,1,2,'2019-06-17 10:00:00'),(2039,176,1,1,2,'2019-04-16 10:00:00'),(2040,176,1,1,2,'2019-04-23 10:00:00'),(2041,176,1,1,2,'2019-04-30 10:00:00'),(2042,176,1,1,2,'2019-05-07 10:00:00'),(2043,176,1,1,2,'2019-05-14 10:00:00'),(2044,176,1,1,2,'2019-05-21 10:00:00'),(2045,176,1,1,2,'2019-05-28 10:00:00'),(2046,176,1,1,2,'2019-06-04 10:00:00'),(2047,176,1,1,2,'2019-06-11 10:00:00'),(2048,176,1,1,2,'2019-06-18 10:00:00'),(2049,177,1,1,2,'2019-04-18 10:00:00'),(2050,177,1,1,2,'2019-04-25 10:00:00'),(2051,177,1,1,2,'2019-05-02 10:00:00'),(2052,177,1,1,2,'2019-05-09 10:00:00'),(2053,177,1,1,2,'2019-05-16 10:00:00'),(2054,177,1,1,2,'2019-05-23 10:00:00'),(2055,177,1,1,2,'2019-05-30 10:00:00'),(2056,177,1,1,2,'2019-06-06 10:00:00'),(2057,177,1,1,2,'2019-06-13 10:00:00'),(2058,177,1,1,2,'2019-06-20 10:00:00'),(2059,178,1,1,2,'2019-04-15 10:00:00'),(2060,178,1,1,2,'2019-04-22 10:00:00'),(2061,178,1,1,2,'2019-04-29 10:00:00'),(2062,178,1,1,2,'2019-05-06 10:00:00'),(2063,178,1,1,2,'2019-05-13 10:00:00'),(2064,178,1,1,2,'2019-05-20 10:00:00'),(2065,178,1,1,2,'2019-05-27 10:00:00'),(2066,178,1,1,2,'2019-06-03 10:00:00'),(2067,178,1,1,2,'2019-06-10 10:00:00'),(2068,178,1,1,2,'2019-06-17 10:00:00'),(2069,179,1,1,2,'2019-04-16 10:00:00'),(2070,179,1,1,2,'2019-04-23 10:00:00'),(2071,179,1,1,2,'2019-04-30 10:00:00'),(2072,179,1,1,2,'2019-05-07 10:00:00'),(2073,179,1,1,2,'2019-05-14 10:00:00'),(2074,179,1,1,2,'2019-05-21 10:00:00'),(2075,179,1,1,2,'2019-05-28 10:00:00'),(2076,179,1,1,2,'2019-06-04 10:00:00'),(2077,179,1,1,2,'2019-06-11 10:00:00'),(2078,179,1,1,2,'2019-06-18 10:00:00'),(2079,180,1,1,2,'2019-04-18 10:00:00'),(2080,180,1,1,2,'2019-04-25 10:00:00'),(2081,180,1,1,2,'2019-05-02 10:00:00'),(2082,180,1,1,2,'2019-05-09 10:00:00'),(2083,180,1,1,2,'2019-05-16 10:00:00'),(2084,180,1,1,2,'2019-05-23 10:00:00'),(2085,180,1,1,2,'2019-05-30 10:00:00'),(2086,180,1,1,2,'2019-06-06 10:00:00'),(2087,180,1,1,2,'2019-06-13 10:00:00'),(2088,180,1,1,2,'2019-06-20 10:00:00'),(2089,281,1,1,2,'2019-04-15 10:00:00'),(2090,281,1,1,2,'2019-04-22 10:00:00'),(2091,281,1,1,2,'2019-04-29 10:00:00'),(2092,281,1,1,2,'2019-05-06 10:00:00'),(2093,281,1,1,2,'2019-05-13 10:00:00'),(2094,281,1,1,2,'2019-05-20 10:00:00'),(2095,281,1,1,2,'2019-05-27 10:00:00'),(2096,281,1,1,2,'2019-06-03 10:00:00'),(2097,281,1,1,2,'2019-06-10 10:00:00'),(2098,281,1,1,2,'2019-06-17 10:00:00'),(2099,282,1,1,2,'2019-04-16 10:00:00'),(2100,282,1,1,2,'2019-04-23 10:00:00'),(2101,282,1,1,2,'2019-04-30 10:00:00'),(2102,282,1,1,2,'2019-05-07 10:00:00'),(2103,282,1,1,2,'2019-05-14 10:00:00'),(2104,282,1,1,2,'2019-05-21 10:00:00'),(2105,282,1,1,2,'2019-05-28 10:00:00'),(2106,282,1,1,2,'2019-06-04 10:00:00'),(2107,282,1,1,2,'2019-06-11 10:00:00'),(2108,282,1,1,2,'2019-06-18 10:00:00'),(2109,283,1,1,2,'2019-04-18 10:00:00'),(2110,283,1,1,2,'2019-04-25 10:00:00'),(2111,283,1,1,2,'2019-05-02 10:00:00'),(2112,283,1,1,2,'2019-05-09 10:00:00'),(2113,283,1,1,2,'2019-05-16 10:00:00'),(2114,283,1,1,2,'2019-05-23 10:00:00'),(2115,283,1,1,2,'2019-05-30 10:00:00'),(2116,283,1,1,2,'2019-06-06 10:00:00'),(2117,283,1,1,2,'2019-06-13 10:00:00'),(2118,283,1,1,2,'2019-06-20 10:00:00'),(2119,560,1,1,2,'2019-04-17 10:00:00'),(2120,560,1,1,2,'2019-04-24 10:00:00'),(2121,560,1,1,2,'2019-05-01 10:00:00'),(2122,560,1,1,2,'2019-05-08 10:00:00'),(2123,560,1,1,2,'2019-05-15 10:00:00'),(2124,560,1,1,2,'2019-05-22 10:00:00'),(2125,560,1,1,2,'2019-05-29 10:00:00'),(2126,560,1,1,2,'2019-06-05 10:00:00'),(2127,560,1,1,2,'2019-06-12 10:00:00'),(2128,560,1,1,2,'2019-06-19 10:00:00'),(2129,561,1,1,2,'2019-04-19 10:00:00'),(2130,561,1,1,2,'2019-04-26 10:00:00'),(2131,561,1,1,2,'2019-05-03 10:00:00'),(2132,561,1,1,2,'2019-05-10 10:00:00'),(2133,561,1,1,2,'2019-05-17 10:00:00'),(2134,561,1,1,2,'2019-05-24 10:00:00'),(2135,561,1,1,2,'2019-05-31 10:00:00'),(2136,561,1,1,2,'2019-06-07 10:00:00'),(2137,561,1,1,2,'2019-06-14 10:00:00'),(2138,561,1,1,2,'2019-06-21 10:00:00'),(2139,563,1,1,2,'2019-04-17 10:00:00'),(2140,563,1,1,2,'2019-04-24 10:00:00'),(2141,563,1,1,2,'2019-05-01 10:00:00'),(2142,563,1,1,2,'2019-05-08 10:00:00'),(2143,563,1,1,2,'2019-05-15 10:00:00'),(2144,563,1,1,2,'2019-05-22 10:00:00'),(2145,563,1,1,2,'2019-05-29 10:00:00'),(2146,563,1,1,2,'2019-06-05 10:00:00'),(2147,563,1,1,2,'2019-06-12 10:00:00'),(2148,563,1,1,2,'2019-06-19 10:00:00'),(2149,564,1,1,2,'2019-04-19 10:00:00'),(2150,564,1,1,2,'2019-04-26 10:00:00'),(2151,564,1,1,2,'2019-05-03 10:00:00'),(2152,564,1,1,2,'2019-05-10 10:00:00'),(2153,564,1,1,2,'2019-05-17 10:00:00'),(2154,564,1,1,2,'2019-05-24 10:00:00'),(2155,564,1,1,2,'2019-05-31 10:00:00'),(2156,564,1,1,2,'2019-06-07 10:00:00'),(2157,564,1,1,2,'2019-06-14 10:00:00'),(2158,564,1,1,2,'2019-06-21 10:00:00'),(2159,566,1,1,2,'2019-04-17 10:00:00'),(2160,566,1,1,2,'2019-04-24 10:00:00'),(2161,566,1,1,2,'2019-05-01 10:00:00'),(2162,566,1,1,2,'2019-05-08 10:00:00'),(2163,566,1,1,2,'2019-05-15 10:00:00'),(2164,566,1,1,2,'2019-05-22 10:00:00'),(2165,566,1,1,2,'2019-05-29 10:00:00'),(2166,566,1,1,2,'2019-06-05 10:00:00'),(2167,566,1,1,2,'2019-06-12 10:00:00'),(2168,566,1,1,2,'2019-06-19 10:00:00'),(2169,567,1,1,2,'2019-04-19 10:00:00'),(2170,567,1,1,2,'2019-04-26 10:00:00'),(2171,567,1,1,2,'2019-05-03 10:00:00'),(2172,567,1,1,2,'2019-05-10 10:00:00'),(2173,567,1,1,2,'2019-05-17 10:00:00'),(2174,567,1,1,2,'2019-05-24 10:00:00'),(2175,567,1,1,2,'2019-05-31 10:00:00'),(2176,567,1,1,2,'2019-06-07 10:00:00'),(2177,567,1,1,2,'2019-06-14 10:00:00'),(2178,567,1,1,2,'2019-06-21 10:00:00'),(2179,571,1,1,2,'2019-04-17 10:00:00'),(2180,571,1,1,2,'2019-04-24 10:00:00'),(2181,571,1,1,2,'2019-05-01 10:00:00'),(2182,571,1,1,2,'2019-05-08 10:00:00'),(2183,571,1,1,2,'2019-05-15 10:00:00'),(2184,571,1,1,2,'2019-05-22 10:00:00'),(2185,571,1,1,2,'2019-05-29 10:00:00'),(2186,571,1,1,2,'2019-06-05 10:00:00'),(2187,571,1,1,2,'2019-06-12 10:00:00'),(2188,571,1,1,2,'2019-06-19 10:00:00'),(2189,572,1,1,2,'2019-04-19 10:00:00'),(2190,572,1,1,2,'2019-04-26 10:00:00'),(2191,572,1,1,2,'2019-05-03 10:00:00'),(2192,572,1,1,2,'2019-05-10 10:00:00'),(2193,572,1,1,2,'2019-05-17 10:00:00'),(2194,572,1,1,2,'2019-05-24 10:00:00'),(2195,572,1,1,2,'2019-05-31 10:00:00'),(2196,572,1,1,2,'2019-06-07 10:00:00'),(2197,572,1,1,2,'2019-06-14 10:00:00'),(2198,572,1,1,2,'2019-06-21 10:00:00'),(2199,573,1,1,2,'2019-04-15 10:00:00'),(2200,573,1,1,2,'2019-04-22 10:00:00'),(2201,573,1,1,2,'2019-04-29 10:00:00'),(2202,573,1,1,2,'2019-05-06 10:00:00'),(2203,573,1,1,2,'2019-05-13 10:00:00'),(2204,573,1,1,2,'2019-05-20 10:00:00'),(2205,573,1,1,2,'2019-05-27 10:00:00'),(2206,573,1,1,2,'2019-06-03 10:00:00'),(2207,573,1,1,2,'2019-06-10 10:00:00'),(2208,573,1,1,2,'2019-06-17 10:00:00'),(2209,574,1,1,2,'2019-04-16 10:00:00'),(2210,574,1,1,2,'2019-04-23 10:00:00'),(2211,574,1,1,2,'2019-04-30 10:00:00'),(2212,574,1,1,2,'2019-05-07 10:00:00'),(2213,574,1,1,2,'2019-05-14 10:00:00'),(2214,574,1,1,2,'2019-05-21 10:00:00'),(2215,574,1,1,2,'2019-05-28 10:00:00'),(2216,574,1,1,2,'2019-06-04 10:00:00'),(2217,574,1,1,2,'2019-06-11 10:00:00'),(2218,574,1,1,2,'2019-06-18 10:00:00'),(2219,575,1,1,2,'2019-04-18 10:00:00'),(2220,575,1,1,2,'2019-04-25 10:00:00'),(2221,575,1,1,2,'2019-05-02 10:00:00'),(2222,575,1,1,2,'2019-05-09 10:00:00'),(2223,575,1,1,2,'2019-05-16 10:00:00'),(2224,575,1,1,2,'2019-05-23 10:00:00'),(2225,575,1,1,2,'2019-05-30 10:00:00'),(2226,575,1,1,2,'2019-06-06 10:00:00'),(2227,575,1,1,2,'2019-06-13 10:00:00'),(2228,575,1,1,2,'2019-06-20 10:00:00'),(2229,576,1,1,2,'2019-04-17 10:00:00'),(2230,576,1,1,2,'2019-04-24 10:00:00'),(2231,576,1,1,2,'2019-05-01 10:00:00'),(2232,576,1,1,2,'2019-05-08 10:00:00'),(2233,576,1,1,2,'2019-05-15 10:00:00'),(2234,576,1,1,2,'2019-05-22 10:00:00'),(2235,576,1,1,2,'2019-05-29 10:00:00'),(2236,576,1,1,2,'2019-06-05 10:00:00'),(2237,576,1,1,2,'2019-06-12 10:00:00'),(2238,576,1,1,2,'2019-06-19 10:00:00'),(2239,577,1,1,2,'2019-04-19 10:00:00'),(2240,577,1,1,2,'2019-04-26 10:00:00'),(2241,577,1,1,2,'2019-05-03 10:00:00'),(2242,577,1,1,2,'2019-05-10 10:00:00'),(2243,577,1,1,2,'2019-05-17 10:00:00'),(2244,577,1,1,2,'2019-05-24 10:00:00'),(2245,577,1,1,2,'2019-05-31 10:00:00'),(2246,577,1,1,2,'2019-06-07 10:00:00'),(2247,577,1,1,2,'2019-06-14 10:00:00'),(2248,577,1,1,2,'2019-06-21 10:00:00'),(2249,10,1,1,4,'2019-04-13 10:00:00'),(2250,11,1,1,4,'2019-04-13 10:00:00'),(2251,12,1,1,4,'2019-04-13 10:00:00'),(2252,13,1,1,4,'2019-04-13 10:00:00'),(2253,14,1,1,4,'2019-04-13 10:00:00'),(2254,15,1,1,4,'2019-04-13 10:00:00'),(2255,16,1,1,4,'2019-04-13 10:00:00'),(2256,17,1,1,4,'2019-04-13 10:00:00'),(2257,18,1,1,4,'2019-04-13 10:00:00'),(2258,181,1,1,4,'2019-04-27 10:00:00'),(2259,182,1,1,4,'2019-05-11 10:00:00'),(2260,183,1,1,4,'2019-06-01 10:00:00'),(2261,184,1,1,4,'2019-08-08 10:00:00'),(2262,185,1,1,4,'2019-06-22 10:00:00'),(2263,186,1,1,4,'2019-06-29 10:00:00'),(2264,187,1,1,4,'2019-04-27 10:00:00'),(2265,188,1,1,4,'2019-05-11 10:00:00'),(2266,189,1,1,4,'2019-06-01 10:00:00'),(2267,190,1,1,4,'2019-08-08 10:00:00'),(2268,191,1,1,4,'2019-06-22 10:00:00'),(2269,192,1,1,4,'2019-06-29 10:00:00'),(2270,193,1,1,4,'2019-04-27 10:00:00'),(2271,194,1,1,4,'2019-05-11 10:00:00'),(2272,195,1,1,4,'2019-06-01 10:00:00'),(2273,196,1,1,4,'2019-08-08 10:00:00'),(2274,197,1,1,4,'2019-06-22 10:00:00'),(2275,198,1,1,4,'2019-06-29 10:00:00'),(2276,199,1,1,4,'2019-04-27 10:00:00'),(2277,200,1,1,4,'2019-05-11 10:00:00'),(2278,201,1,1,4,'2019-06-01 10:00:00'),(2279,202,1,1,4,'2019-08-08 10:00:00'),(2280,203,1,1,4,'2019-06-22 10:00:00'),(2281,204,1,1,4,'2019-06-29 10:00:00'),(2282,205,1,1,4,'2019-04-27 10:00:00'),(2283,206,1,1,4,'2019-05-11 10:00:00'),(2284,207,1,1,4,'2019-06-01 10:00:00'),(2285,208,1,1,4,'2019-08-08 10:00:00'),(2286,209,1,1,4,'2019-06-22 10:00:00'),(2287,210,1,1,4,'2019-06-29 10:00:00'),(2288,211,1,1,4,'2019-04-27 10:00:00'),(2289,212,1,1,4,'2019-05-11 10:00:00'),(2290,213,1,1,4,'2019-06-01 10:00:00'),(2291,214,1,1,4,'2019-08-08 10:00:00'),(2292,215,1,1,4,'2019-06-22 10:00:00'),(2293,216,1,1,4,'2019-06-29 10:00:00'),(2294,217,1,1,4,'2019-04-27 10:00:00'),(2295,218,1,1,4,'2019-05-11 10:00:00'),(2296,219,1,1,4,'2019-06-01 10:00:00'),(2297,220,1,1,4,'2019-08-08 10:00:00'),(2298,221,1,1,4,'2019-06-22 10:00:00'),(2299,222,1,1,4,'2019-06-29 10:00:00'),(2300,223,1,1,4,'2019-04-27 10:00:00'),(2301,224,1,1,4,'2019-05-11 10:00:00'),(2302,225,1,1,4,'2019-06-01 10:00:00'),(2303,226,1,1,4,'2019-08-08 10:00:00'),(2304,227,1,1,4,'2019-06-22 10:00:00'),(2305,228,1,1,4,'2019-06-29 10:00:00'),(2306,229,1,1,4,'2019-04-27 10:00:00'),(2307,230,1,1,4,'2019-05-11 10:00:00'),(2308,231,1,1,4,'2019-06-01 10:00:00'),(2309,232,1,1,4,'2019-08-08 10:00:00'),(2310,233,1,1,4,'2019-06-22 10:00:00'),(2311,234,1,1,4,'2019-06-29 10:00:00'),(2312,235,1,1,4,'2019-04-13 10:00:00'),(2313,236,1,1,4,'2019-04-27 10:00:00'),(2314,237,1,1,4,'2019-05-11 10:00:00'),(2315,238,1,1,4,'2019-06-01 10:00:00'),(2316,239,1,1,4,'2019-08-08 10:00:00'),(2317,240,1,1,4,'2019-06-22 10:00:00'),(2318,241,1,1,4,'2019-06-29 10:00:00'),(2319,242,1,1,4,'2019-04-13 10:00:00'),(2320,243,1,1,4,'2019-04-27 10:00:00'),(2321,244,1,1,4,'2019-05-11 10:00:00'),(2322,245,1,1,4,'2019-06-01 10:00:00'),(2323,246,1,1,4,'2019-08-08 10:00:00'),(2324,247,1,1,4,'2019-06-22 10:00:00'),(2325,248,1,1,4,'2019-06-29 10:00:00'),(2326,249,1,1,4,'2019-04-13 10:00:00'),(2327,250,1,1,4,'2019-04-27 10:00:00'),(2328,251,1,1,4,'2019-05-11 10:00:00'),(2329,252,1,1,4,'2019-06-01 10:00:00'),(2330,253,1,1,4,'2019-08-08 10:00:00'),(2331,254,1,1,4,'2019-06-22 10:00:00'),(2332,255,1,1,4,'2019-06-29 10:00:00'),(2333,284,1,1,1,'2019-04-19 10:00:00'),(2334,285,1,1,1,'2019-04-22 10:00:00'),(2335,286,1,1,1,'2019-04-26 10:00:00'),(2336,287,1,1,1,'2019-04-29 10:00:00'),(2337,288,1,1,1,'2019-05-03 10:00:00'),(2338,289,1,1,1,'2019-05-06 10:00:00'),(2339,290,1,1,1,'2019-05-10 10:00:00'),(2340,291,1,1,1,'2019-05-17 10:00:00'),(2341,292,1,1,1,'2019-05-20 10:00:00'),(2342,293,1,1,1,'2019-05-22 10:00:00'),(2343,294,1,1,1,'2019-06-10 10:00:00'),(2344,295,1,1,1,'2019-06-14 10:00:00'),(2345,296,1,1,1,'2019-04-15 10:00:00'),(2346,297,1,1,1,'2019-04-22 10:00:00'),(2347,298,1,1,1,'2019-04-22 10:00:00'),(2348,299,1,1,1,'2019-04-29 10:00:00'),(2349,300,1,1,1,'2019-04-29 10:00:00'),(2350,301,1,1,1,'2019-05-06 10:00:00'),(2351,302,1,1,1,'2019-05-06 10:00:00'),(2352,303,1,1,1,'2019-05-13 10:00:00'),(2353,304,1,1,1,'2019-05-20 10:00:00'),(2354,305,1,1,1,'2019-05-20 10:00:00'),(2355,306,1,1,1,'2019-05-27 10:00:00'),(2356,307,1,1,1,'2019-05-27 10:00:00'),(2357,308,1,1,1,'2019-06-03 10:00:00'),(2358,309,1,1,1,'2019-06-03 10:00:00'),(2359,310,1,1,1,'2019-06-10 10:00:00'),(2360,311,1,1,1,'2019-04-18 10:00:00'),(2361,312,1,1,1,'2019-04-25 10:00:00'),(2362,313,1,1,1,'2019-04-26 10:00:00'),(2363,314,1,1,1,'2019-04-25 10:00:00'),(2364,315,1,1,1,'2019-05-02 10:00:00'),(2365,316,1,1,1,'2019-05-02 10:00:00'),(2366,317,1,1,1,'2019-05-09 10:00:00'),(2367,318,1,1,1,'2019-05-09 10:00:00'),(2368,319,1,1,1,'2019-05-10 10:00:00'),(2369,320,1,1,1,'2019-05-17 10:00:00'),(2370,321,1,1,1,'2019-05-23 10:00:00'),(2371,322,1,1,1,'2019-05-23 10:00:00'),(2372,323,1,1,1,'2019-05-30 10:00:00'),(2373,324,1,1,1,'2019-05-30 10:00:00'),(2374,325,1,1,1,'2019-05-31 10:00:00'),(2375,326,1,1,1,'2019-06-06 10:00:00'),(2376,327,1,1,1,'2019-06-06 10:00:00'),(2377,328,1,1,1,'2019-06-07 10:00:00'),(2378,329,1,1,1,'2019-06-14 10:00:00'),(2379,330,1,1,1,'2019-04-18 10:00:00'),(2380,331,1,1,1,'2019-04-23 10:00:00'),(2381,332,1,1,1,'2019-04-26 10:00:00'),(2382,333,1,1,1,'2019-05-30 10:00:00'),(2383,334,1,1,1,'2019-05-07 10:00:00'),(2384,335,1,1,1,'2019-05-10 10:00:00'),(2385,336,1,1,1,'2019-05-16 10:00:00'),(2386,337,1,1,1,'2019-05-17 10:00:00'),(2387,338,1,1,1,'2019-05-21 10:00:00'),(2388,339,1,1,1,'2019-05-28 10:00:00'),(2389,340,1,1,1,'2019-05-31 10:00:00'),(2390,341,1,1,1,'2019-06-04 10:00:00'),(2391,342,1,1,1,'2019-06-07 10:00:00'),(2392,343,1,1,1,'2019-06-13 10:00:00'),(2393,344,1,1,1,'2019-06-14 10:00:00'),(2394,345,1,1,1,'2019-04-16 10:00:00'),(2395,346,1,1,1,'2019-04-23 10:00:00'),(2396,347,1,1,1,'2019-04-23 10:00:00'),(2397,348,1,1,1,'2019-04-30 10:00:00'),(2398,349,1,1,1,'2019-04-30 10:00:00'),(2399,350,1,1,1,'2019-05-07 10:00:00'),(2400,351,1,1,1,'2019-05-07 10:00:00'),(2401,352,1,1,1,'2019-05-14 10:00:00'),(2402,353,1,1,1,'2019-05-21 10:00:00'),(2403,354,1,1,1,'2019-05-21 10:00:00'),(2404,355,1,1,1,'2019-05-28 10:00:00'),(2405,356,1,1,1,'2019-05-28 10:00:00'),(2406,357,1,1,1,'2019-06-04 10:00:00'),(2407,358,1,1,1,'2019-06-04 10:00:00'),(2408,359,1,1,1,'2019-06-11 10:00:00'),(2409,360,1,1,1,'2019-04-18 10:00:00'),(2410,361,1,1,1,'2019-04-25 10:00:00'),(2411,362,1,1,1,'2019-04-25 10:00:00'),(2412,363,1,1,1,'2019-05-02 10:00:00'),(2413,364,1,1,1,'2019-05-02 10:00:00'),(2414,365,1,1,1,'2019-05-09 10:00:00'),(2415,366,1,1,1,'2019-05-09 10:00:00'),(2416,367,1,1,1,'2019-05-16 10:00:00'),(2417,368,1,1,1,'2019-05-23 10:00:00'),(2418,369,1,1,1,'2019-05-23 10:00:00'),(2419,370,1,1,1,'2019-05-30 10:00:00'),(2420,371,1,1,1,'2019-05-30 10:00:00'),(2421,372,1,1,1,'2019-06-06 10:00:00'),(2422,373,1,1,1,'2019-06-06 10:00:00'),(2423,374,1,1,1,'2019-06-13 10:00:00'),(2424,375,1,1,1,'2019-04-17 10:00:00'),(2425,376,1,1,1,'2019-04-22 10:00:00'),(2426,377,1,1,1,'2019-04-24 10:00:00'),(2427,378,1,1,1,'2019-04-29 10:00:00'),(2428,379,1,1,1,'2019-05-01 10:00:00'),(2429,380,1,1,1,'2019-05-06 10:00:00'),(2430,381,1,1,1,'2019-05-08 10:00:00'),(2431,382,1,1,1,'2019-05-15 10:00:00'),(2432,383,1,1,1,'2019-05-22 10:00:00'),(2433,384,1,1,1,'2019-05-20 10:00:00'),(2434,385,1,1,1,'2019-05-27 10:00:00'),(2435,386,1,1,1,'2019-05-29 10:00:00'),(2436,387,1,1,1,'2019-06-03 10:00:00'),(2437,388,1,1,1,'2019-06-05 10:00:00'),(2438,389,1,1,1,'2019-06-12 10:00:00'),(2439,390,1,1,1,'2019-04-18 10:00:00'),(2440,391,1,1,1,'2019-04-22 10:00:00'),(2441,392,1,1,1,'2019-04-22 10:00:00'),(2442,393,1,1,1,'2019-04-29 10:00:00'),(2443,394,1,1,1,'2019-04-29 10:00:00'),(2444,395,1,1,1,'2019-05-06 10:00:00'),(2445,396,1,1,1,'2019-05-06 10:00:00'),(2446,397,1,1,1,'2019-05-13 10:00:00'),(2447,398,1,1,1,'2019-05-20 10:00:00'),(2448,399,1,1,1,'2019-05-20 10:00:00'),(2449,400,1,1,1,'2019-05-27 10:00:00'),(2450,401,1,1,1,'2019-05-27 10:00:00'),(2451,402,1,1,1,'2019-06-03 10:00:00'),(2452,403,1,1,1,'2019-06-03 10:00:00'),(2453,404,1,1,1,'2019-06-10 10:00:00'),(2454,405,1,1,1,'2019-04-22 10:00:00'),(2455,406,1,1,1,'2019-04-29 10:00:00'),(2456,407,1,1,1,'2019-05-06 10:00:00'),(2457,408,1,1,1,'2019-05-20 10:00:00'),(2458,409,1,1,1,'2019-05-27 10:00:00'),(2459,410,1,1,1,'2019-06-03 10:00:00'),(2460,411,1,1,1,'2019-04-22 10:00:00'),(2461,412,1,1,1,'2019-04-22 10:00:00'),(2462,413,1,1,1,'2019-04-29 10:00:00'),(2463,414,1,1,1,'2019-04-29 10:00:00'),(2464,415,1,1,1,'2019-05-06 10:00:00'),(2465,416,1,1,1,'2019-05-06 10:00:00'),(2466,417,1,1,1,'2019-05-06 10:00:00'),(2467,418,1,1,1,'2019-05-13 10:00:00'),(2468,419,1,1,1,'2019-05-20 10:00:00'),(2469,420,1,1,1,'2019-05-20 10:00:00'),(2470,421,1,1,1,'2019-05-27 10:00:00'),(2471,422,1,1,1,'2019-05-27 10:00:00'),(2472,423,1,1,1,'2019-06-03 10:00:00'),(2473,424,1,1,1,'2019-06-03 10:00:00'),(2474,425,1,1,1,'2019-06-10 10:00:00'),(2475,426,1,1,1,'2019-04-16 10:00:00'),(2476,427,1,1,1,'2019-04-23 10:00:00'),(2477,428,1,1,1,'2019-04-23 10:00:00'),(2478,429,1,1,1,'2019-04-30 10:00:00'),(2479,430,1,1,1,'2019-04-30 10:00:00'),(2480,431,1,1,1,'2019-05-07 10:00:00'),(2481,432,1,1,1,'2019-05-07 10:00:00'),(2482,433,1,1,1,'2019-05-14 10:00:00'),(2483,434,1,1,1,'2019-05-21 10:00:00'),(2484,435,1,1,1,'2019-05-21 10:00:00'),(2485,436,1,1,1,'2019-05-28 10:00:00'),(2486,437,1,1,1,'2019-05-28 10:00:00'),(2487,438,1,1,1,'2019-06-04 10:00:00'),(2488,439,1,1,1,'2019-06-04 10:00:00'),(2489,440,1,1,1,'2019-06-11 10:00:00'),(2490,441,1,1,1,'2019-04-23 10:00:00'),(2491,442,1,1,1,'2019-04-30 10:00:00'),(2492,443,1,1,1,'2019-05-07 10:00:00'),(2493,444,1,1,1,'2019-05-21 10:00:00'),(2494,445,1,1,1,'2019-05-28 10:00:00'),(2495,446,1,1,1,'2019-06-04 10:00:00'),(2496,447,1,1,1,'2019-04-18 10:00:00'),(2497,448,1,1,1,'2019-04-23 10:00:00'),(2498,449,1,1,1,'2019-04-26 10:00:00'),(2499,450,1,1,1,'2019-04-30 10:00:00'),(2500,451,1,1,1,'2019-05-02 10:00:00'),(2501,452,1,1,1,'2019-05-07 10:00:00'),(2502,453,1,1,1,'2019-05-10 10:00:00'),(2503,454,1,1,1,'2019-05-17 10:00:00'),(2504,455,1,1,1,'2019-05-21 10:00:00'),(2505,456,1,1,1,'2019-05-23 10:00:00'),(2506,457,1,1,1,'2019-05-28 10:00:00'),(2507,458,1,1,1,'2019-05-31 10:00:00'),(2508,459,1,1,1,'2019-06-04 10:00:00'),(2509,460,1,1,1,'2019-06-07 10:00:00'),(2510,461,1,1,1,'2019-06-13 10:00:00'),(2511,462,1,1,1,'2019-04-24 10:00:00'),(2512,463,1,1,1,'2019-05-01 10:00:00'),(2513,464,1,1,1,'2019-05-08 10:00:00'),(2514,465,1,1,1,'2019-05-22 10:00:00'),(2515,466,1,1,1,'2019-05-29 10:00:00'),(2516,467,1,1,1,'2019-06-05 10:00:00'),(2517,468,1,1,1,'2019-04-24 10:00:00'),(2518,469,1,1,1,'2019-05-01 10:00:00'),(2519,470,1,1,1,'2019-05-08 10:00:00'),(2520,471,1,1,1,'2019-05-22 10:00:00'),(2521,472,1,1,1,'2019-05-29 10:00:00'),(2522,473,1,1,1,'2019-06-05 10:00:00'),(2523,474,1,1,1,'2019-04-22 10:00:00'),(2524,475,1,1,1,'2019-04-24 10:00:00'),(2525,476,1,1,1,'2019-04-29 10:00:00'),(2526,477,1,1,1,'2019-05-01 10:00:00'),(2527,478,1,1,1,'2019-05-06 10:00:00'),(2528,479,1,1,1,'2019-05-08 10:00:00'),(2529,480,1,1,1,'2019-05-13 10:00:00'),(2530,481,1,1,1,'2019-05-20 10:00:00'),(2531,482,1,1,1,'2019-05-22 10:00:00'),(2532,483,1,1,1,'2019-05-27 10:00:00'),(2533,484,1,1,1,'2019-05-29 10:00:00'),(2534,485,1,1,1,'2019-06-03 10:00:00'),(2535,486,1,1,1,'2019-06-05 10:00:00'),(2536,487,1,1,1,'2019-06-10 10:00:00'),(2537,488,1,1,1,'2019-04-24 10:00:00'),(2538,489,1,1,1,'2019-05-01 10:00:00'),(2539,490,1,1,1,'2019-05-08 10:00:00'),(2540,491,1,1,1,'2019-05-22 10:00:00'),(2541,492,1,1,1,'2019-05-29 10:00:00'),(2542,493,1,1,1,'2019-06-05 10:00:00'),(2543,494,1,1,1,'2019-04-24 10:00:00'),(2544,495,1,1,1,'2019-05-01 10:00:00'),(2545,496,1,1,1,'2019-05-08 10:00:00'),(2546,497,1,1,1,'2019-05-22 10:00:00'),(2547,498,1,1,1,'2019-05-29 10:00:00'),(2548,499,1,1,1,'2019-06-05 10:00:00'),(2549,500,1,1,1,'2019-04-24 10:00:00'),(2550,501,1,1,1,'2019-05-01 10:00:00'),(2551,502,1,1,1,'2019-05-08 10:00:00'),(2552,503,1,1,1,'2019-05-22 10:00:00'),(2553,504,1,1,1,'2019-05-29 10:00:00'),(2554,505,1,1,1,'2019-06-05 10:00:00'),(2555,506,1,1,1,'2019-04-18 10:00:00'),(2556,507,1,1,1,'2019-04-25 10:00:00'),(2557,508,1,1,1,'2019-04-25 10:00:00'),(2558,509,1,1,1,'2019-05-02 10:00:00'),(2559,510,1,1,1,'2019-05-02 10:00:00'),(2560,511,1,1,1,'2019-05-09 10:00:00'),(2561,512,1,1,1,'2019-05-09 10:00:00'),(2562,513,1,1,1,'2019-05-16 10:00:00'),(2563,514,1,1,1,'2019-05-23 10:00:00'),(2564,515,1,1,1,'2019-05-23 10:00:00'),(2565,516,1,1,1,'2019-05-30 10:00:00'),(2566,517,1,1,1,'2019-05-30 10:00:00'),(2567,518,1,1,1,'2019-06-06 10:00:00'),(2568,519,1,1,1,'2019-06-06 10:00:00'),(2569,520,1,1,1,'2019-06-13 10:00:00'),(2570,521,1,1,1,'2019-04-25 10:00:00'),(2571,522,1,1,1,'2019-05-02 10:00:00'),(2572,523,1,1,1,'2019-05-09 10:00:00'),(2573,524,1,1,1,'2019-05-23 10:00:00'),(2574,525,1,1,1,'2019-05-30 10:00:00'),(2575,526,1,1,1,'2019-06-06 10:00:00'),(2576,527,1,1,1,'2019-04-18 10:00:00'),(2577,528,1,1,1,'2019-04-26 10:00:00'),(2578,529,1,1,1,'2019-04-26 10:00:00'),(2579,530,1,1,1,'2019-05-02 10:00:00'),(2580,531,1,1,1,'2019-05-10 10:00:00'),(2581,532,1,1,1,'2019-05-17 10:00:00'),(2582,533,1,1,1,'2019-05-23 10:00:00'),(2583,534,1,1,1,'2019-05-31 10:00:00'),(2584,535,1,1,1,'2019-06-07 10:00:00'),(2585,536,1,1,1,'2019-06-14 10:00:00'),(2586,537,1,1,1,'2019-04-25 10:00:00'),(2587,538,1,1,1,'2019-05-02 10:00:00'),(2588,539,1,1,1,'2019-05-09 10:00:00'),(2589,540,1,1,1,'2019-05-23 10:00:00'),(2590,541,1,1,1,'2019-05-30 10:00:00'),(2591,542,1,1,1,'2019-06-06 10:00:00'),(2592,543,1,1,1,'2019-04-22 10:00:00'),(2593,544,1,1,1,'2019-04-29 10:00:00'),(2594,545,1,1,1,'2019-05-06 10:00:00'),(2595,546,1,1,1,'2019-05-20 10:00:00'),(2596,547,1,1,1,'2019-05-27 10:00:00'),(2597,548,1,1,1,'2019-06-03 10:00:00'),(2598,549,1,1,1,'2019-04-24 10:00:00'),(2599,550,1,1,1,'2019-05-01 10:00:00'),(2600,551,1,1,1,'2019-05-08 10:00:00'),(2601,552,1,1,1,'2019-05-22 10:00:00'),(2602,553,1,1,1,'2019-05-29 10:00:00'),(2603,554,1,1,1,'2019-06-05 10:00:00'),(2604,555,1,1,1,'2019-04-26 10:00:00'),(2605,556,1,1,1,'2019-05-10 10:00:00'),(2606,557,1,1,1,'2019-05-31 10:00:00'),(2607,558,1,1,1,'2019-06-07 10:00:00'),(2608,559,1,1,1,'2019-06-14 10:00:00'),(2609,578,1,1,1,'2019-05-20 10:00:00'),(2610,579,1,1,1,'2019-05-30 10:00:00'),(2611,580,1,1,1,'2019-06-11 10:00:00'),(2612,581,1,1,1,'2019-06-25 10:00:00'),(2613,582,1,1,1,'2019-07-08 10:00:00'),(2614,583,1,1,1,'2019-07-18 10:00:00'),(2615,584,1,1,1,'2019-07-30 10:00:00'),(2616,585,1,1,1,'2019-08-12 10:00:00'),(2617,586,1,1,1,'2019-08-22 10:00:00'),(2618,587,1,1,1,'2019-09-03 10:00:00'),(2619,588,1,1,1,'2019-05-21 10:00:00'),(2620,589,1,1,1,'2019-06-03 10:00:00'),(2621,590,1,1,1,'2019-06-13 10:00:00'),(2622,591,1,1,1,'2019-06-27 10:00:00'),(2623,592,1,1,1,'2019-07-09 10:00:00'),(2624,593,1,1,1,'2019-07-22 10:00:00'),(2625,594,1,1,1,'2019-08-01 10:00:00'),(2626,595,1,1,1,'2019-08-13 10:00:00'),(2627,596,1,1,1,'2019-08-26 10:00:00'),(2628,597,1,1,1,'2019-09-05 10:00:00'),(2629,598,1,1,1,'2019-05-13 10:00:00'),(2630,599,1,1,1,'2019-05-23 10:00:00'),(2631,600,1,1,1,'2019-06-04 10:00:00'),(2632,601,1,1,1,'2019-06-17 10:00:00'),(2633,602,1,1,1,'2019-07-01 10:00:00'),(2634,603,1,1,1,'2019-07-11 10:00:00'),(2635,604,1,1,1,'2019-07-23 10:00:00'),(2636,605,1,1,1,'2019-08-05 10:00:00'),(2637,606,1,1,1,'2019-08-15 10:00:00'),(2638,607,1,1,1,'2019-08-27 10:00:00'),(2639,608,1,1,1,'2019-09-09 10:00:00'),(2640,609,1,1,1,'2019-05-14 10:00:00'),(2641,610,1,1,1,'2019-05-27 10:00:00'),(2642,611,1,1,1,'2019-06-06 10:00:00'),(2643,612,1,1,1,'2019-06-18 10:00:00'),(2644,613,1,1,1,'2019-07-02 10:00:00'),(2645,614,1,1,1,'2019-07-15 10:00:00'),(2646,615,1,1,1,'2019-07-25 10:00:00'),(2647,616,1,1,1,'2019-08-06 10:00:00'),(2648,617,1,1,1,'2019-08-19 10:00:00'),(2649,618,1,1,1,'2019-08-29 10:00:00'),(2650,619,1,1,1,'2019-09-10 10:00:00'),(2651,620,1,1,1,'2019-05-16 10:00:00'),(2652,621,1,1,1,'2019-05-28 10:00:00'),(2653,622,1,1,1,'2019-06-10 10:00:00'),(2654,623,1,1,1,'2019-06-20 10:00:00'),(2655,624,1,1,1,'2019-07-04 10:00:00'),(2656,625,1,1,1,'2019-07-16 10:00:00'),(2657,626,1,1,1,'2019-07-29 10:00:00'),(2658,627,1,1,1,'2019-08-08 10:00:00'),(2659,628,1,1,1,'2019-08-20 10:00:00'),(2660,629,1,1,1,'2019-09-02 10:00:00'),(2661,630,1,1,1,'2019-09-12 10:00:00');
/*!40000 ALTER TABLE `registro_marcacion_generada` ENABLE KEYS */;
UNLOCK TABLES;

--
-- Table structure for table `semestre_academico`
--

DROP TABLE IF EXISTS `semestre_academico`;
/*!40101 SET @saved_cs_client     = @@character_set_client */;
/*!40101 SET character_set_client = utf8 */;
CREATE TABLE `semestre_academico` (
  `saca_id` bigint(20) NOT NULL AUTO_INCREMENT,
  `saca_nombre` varchar(300) NOT NULL,
  `saca_descripcion` varchar(300) NOT NULL,
  `saca_fecha_registro` timestamp NULL DEFAULT NULL,
  `saca_usuario_ingreso` bigint(20) NOT NULL,
  `saca_usuario_modifica` bigint(20) DEFAULT NULL,
  `saca_estado` varchar(1) NOT NULL,
  `saca_fecha_creacion` timestamp NOT NULL DEFAULT CURRENT_TIMESTAMP,
  `saca_fecha_modificacion` timestamp NULL DEFAULT NULL,
  `saca_estado_logico` varchar(1) NOT NULL,
  PRIMARY KEY (`saca_id`)
) ENGINE=InnoDB AUTO_INCREMENT=3 DEFAULT CHARSET=utf8;
/*!40101 SET character_set_client = @saved_cs_client */;

--
-- Dumping data for table `semestre_academico`
--

LOCK TABLES `semestre_academico` WRITE;
/*!40000 ALTER TABLE `semestre_academico` DISABLE KEYS */;
INSERT INTO `semestre_academico` VALUES (1,'Abril - Agosto','Abril - Agosto',NULL,1,1,'1','2018-10-18 00:12:47',NULL,'1'),(2,'Octubre - Febrero','Octubre - Febrero',NULL,1,1,'1','2018-10-18 00:12:47',NULL,'1');
/*!40000 ALTER TABLE `semestre_academico` ENABLE KEYS */;
UNLOCK TABLES;

--
-- Table structure for table `subarea_conocimiento`
--

DROP TABLE IF EXISTS `subarea_conocimiento`;
/*!40101 SET @saved_cs_client     = @@character_set_client */;
/*!40101 SET character_set_client = utf8 */;
CREATE TABLE `subarea_conocimiento` (
  `scon_id` bigint(20) NOT NULL AUTO_INCREMENT,
  `acon_id` bigint(20) NOT NULL,
  `scon_nombre` varchar(300) NOT NULL,
  `scon_descripcion` varchar(500) NOT NULL,
  `scon_usuario_ingreso` bigint(20) NOT NULL,
  `scon_usuario_modifica` bigint(20) DEFAULT NULL,
  `scon_estado` varchar(1) NOT NULL,
  `scon_fecha_creacion` timestamp NOT NULL DEFAULT CURRENT_TIMESTAMP,
  `scon_fecha_modificacion` timestamp NULL DEFAULT NULL,
  `scon_estado_logico` varchar(1) NOT NULL,
  PRIMARY KEY (`scon_id`),
  KEY `acon_id` (`acon_id`),
  CONSTRAINT `subarea_conocimiento_ibfk_1` FOREIGN KEY (`acon_id`) REFERENCES `area_conocimiento` (`acon_id`)
) ENGINE=InnoDB AUTO_INCREMENT=26 DEFAULT CHARSET=utf8;
/*!40101 SET character_set_client = @saved_cs_client */;

--
-- Dumping data for table `subarea_conocimiento`
--

LOCK TABLES `subarea_conocimiento` WRITE;
/*!40000 ALTER TABLE `subarea_conocimiento` DISABLE KEYS */;
INSERT INTO `subarea_conocimiento` VALUES (1,1,'Programas básicos','Descripción de subárea de conocimiento',1,NULL,'1','2018-10-18 00:12:39',NULL,'1'),(2,1,'Programas de alfabetización y de aritmética','Descripción de subárea de conocimiento',1,NULL,'1','2018-10-18 00:12:39',NULL,'1'),(3,1,'Desarrollo personal','Descripción de subárea de conocimiento',1,NULL,'1','2018-10-18 00:12:39',NULL,'1'),(4,2,'Formación de personal docente y ciencias de la educación','Descripción de subárea de conocimiento',1,NULL,'1','2018-10-18 00:12:39',NULL,'1'),(5,3,'Artes','Descripción de subárea de conocimiento',1,NULL,'1','2018-10-18 00:12:39',NULL,'1'),(6,3,'Humanidades','Descripción de subárea de conocimiento',1,NULL,'1','2018-10-18 00:12:39',NULL,'1'),(7,4,'Ciencias sociales y del comportamiento','Descripción de subárea de conocimiento',1,NULL,'1','2018-10-18 00:12:39',NULL,'1'),(8,4,'Periodismo e información','Descripción de subárea de conocimiento',1,NULL,'1','2018-10-18 00:12:39',NULL,'1'),(9,4,'Educación comercial y administración','Descripción de subárea de conocimiento',1,NULL,'1','2018-10-18 00:12:39',NULL,'1'),(10,4,'Derecho','Descripción de subárea de conocimiento',1,NULL,'1','2018-10-18 00:12:39',NULL,'1'),(11,5,'Ciencias de la vida','Descripción de subárea de conocimiento',1,NULL,'1','2018-10-18 00:12:39',NULL,'1'),(12,5,'Ciencias físicas','Descripción de subárea de conocimiento',1,NULL,'1','2018-10-18 00:12:39',NULL,'1'),(13,5,'Matemáticas y estadística','Descripción de subárea de conocimiento',1,NULL,'1','2018-10-18 00:12:39',NULL,'1'),(14,5,'Informática','Descripción de subárea de conocimiento',1,NULL,'1','2018-10-18 00:12:39',NULL,'1'),(15,6,'Ingeniería y profesiones afines','Descripción de subárea de conocimiento',1,NULL,'1','2018-10-18 00:12:39',NULL,'1'),(16,6,'Industria y producción','Descripción de subárea de conocimiento',1,NULL,'1','2018-10-18 00:12:39',NULL,'1'),(17,6,'Arquitectura y construcción','Descripción de subárea de conocimiento',1,NULL,'1','2018-10-18 00:12:39',NULL,'1'),(18,7,'Agricultura, silvicultura y pesca','Descripción de subárea de conocimiento',1,NULL,'1','2018-10-18 00:12:39',NULL,'1'),(19,7,'Veterinaria','Descripción de subárea de conocimiento',1,NULL,'1','2018-10-18 00:12:39',NULL,'1'),(20,8,'Medicina','Descripción de subárea de conocimiento',1,NULL,'1','2018-10-18 00:12:39',NULL,'1'),(21,8,'Servicios sociales','Descripción de subárea de conocimiento',1,NULL,'1','2018-10-18 00:12:39',NULL,'1'),(22,9,'Servicios personales','Descripción de subárea de conocimiento',1,NULL,'1','2018-10-18 00:12:39',NULL,'1'),(23,9,'Servicios de transporte','Descripción de subárea de conocimiento',1,NULL,'1','2018-10-18 00:12:39',NULL,'1'),(24,9,'Protección del medio ambiente','Descripción de subárea de conocimiento',1,NULL,'1','2018-10-18 00:12:39',NULL,'1'),(25,9,'Servicios de seguridad','Descripción de subárea de conocimiento',1,NULL,'1','2018-10-18 00:12:39',NULL,'1');
/*!40000 ALTER TABLE `subarea_conocimiento` ENABLE KEYS */;
UNLOCK TABLES;

--
-- Table structure for table `tipo_estudio_academico`
--

DROP TABLE IF EXISTS `tipo_estudio_academico`;
/*!40101 SET @saved_cs_client     = @@character_set_client */;
/*!40101 SET character_set_client = utf8 */;
CREATE TABLE `tipo_estudio_academico` (
  `teac_id` bigint(20) NOT NULL AUTO_INCREMENT,
  `teac_nombre` varchar(300) NOT NULL,
  `teac_descripcion` varchar(500) NOT NULL,
  `teac_usuario_ingreso` bigint(20) NOT NULL,
  `teac_usuario_modifica` bigint(20) DEFAULT NULL,
  `teac_estado` varchar(1) NOT NULL,
  `teac_fecha_creacion` timestamp NOT NULL DEFAULT CURRENT_TIMESTAMP,
  `teac_fecha_modificacion` timestamp NULL DEFAULT NULL,
  `teac_estado_logico` varchar(1) NOT NULL,
  PRIMARY KEY (`teac_id`)
) ENGINE=InnoDB AUTO_INCREMENT=4 DEFAULT CHARSET=utf8;
/*!40101 SET character_set_client = @saved_cs_client */;

--
-- Dumping data for table `tipo_estudio_academico`
--

LOCK TABLES `tipo_estudio_academico` WRITE;
/*!40000 ALTER TABLE `tipo_estudio_academico` DISABLE KEYS */;
INSERT INTO `tipo_estudio_academico` VALUES (1,'Carrera','Carrera',1,NULL,'1','2018-10-18 00:12:39',NULL,'1'),(2,'Programa','Programa',1,NULL,'1','2018-10-18 00:12:39',NULL,'1'),(3,'Diplomado','Diplomado',1,NULL,'1','2018-10-18 00:12:39',NULL,'1');
/*!40000 ALTER TABLE `tipo_estudio_academico` ENABLE KEYS */;
UNLOCK TABLES;

--
-- Table structure for table `tipo_institucion_aca`
--

DROP TABLE IF EXISTS `tipo_institucion_aca`;
/*!40101 SET @saved_cs_client     = @@character_set_client */;
/*!40101 SET character_set_client = utf8 */;
CREATE TABLE `tipo_institucion_aca` (
  `tiac_id` bigint(20) NOT NULL AUTO_INCREMENT,
  `tiac_nombre` varchar(250) DEFAULT NULL,
  `tiac_descripcion` varchar(500) DEFAULT NULL,
  `tiac_estado` varchar(1) NOT NULL,
  `tiac_fecha_creacion` timestamp NOT NULL DEFAULT CURRENT_TIMESTAMP,
  `tiac_fecha_modificacion` timestamp NULL DEFAULT NULL,
  `tiac_estado_logico` varchar(1) NOT NULL,
  PRIMARY KEY (`tiac_id`)
) ENGINE=InnoDB AUTO_INCREMENT=4 DEFAULT CHARSET=utf8;
/*!40101 SET character_set_client = @saved_cs_client */;

--
-- Dumping data for table `tipo_institucion_aca`
--

LOCK TABLES `tipo_institucion_aca` WRITE;
/*!40000 ALTER TABLE `tipo_institucion_aca` DISABLE KEYS */;
INSERT INTO `tipo_institucion_aca` VALUES (1,'Pública','Pública','1','2018-10-18 00:12:38',NULL,'1'),(2,'Privada','Privada','1','2018-10-18 00:12:38',NULL,'1'),(3,'Fiscomisional','Fiscomisional','1','2018-10-18 00:12:38',NULL,'1');
/*!40000 ALTER TABLE `tipo_institucion_aca` ENABLE KEYS */;
UNLOCK TABLES;

--
-- Table structure for table `unidad_academica`
--

DROP TABLE IF EXISTS `unidad_academica`;
/*!40101 SET @saved_cs_client     = @@character_set_client */;
/*!40101 SET character_set_client = utf8 */;
CREATE TABLE `unidad_academica` (
  `uaca_id` bigint(20) NOT NULL AUTO_INCREMENT,
  `uaca_nombre` varchar(300) NOT NULL,
  `uaca_descripcion` varchar(500) NOT NULL,
  `uaca_usuario_ingreso` bigint(20) NOT NULL,
  `uaca_usuario_modifica` bigint(20) DEFAULT NULL,
  `uaca_estado` varchar(1) NOT NULL,
  `uaca_inscripcion` varchar(1) NOT NULL,
  `uaca_fecha_creacion` timestamp NOT NULL DEFAULT CURRENT_TIMESTAMP,
  `uaca_fecha_modificacion` timestamp NULL DEFAULT NULL,
  `uaca_estado_logico` varchar(1) NOT NULL,
  PRIMARY KEY (`uaca_id`)
) ENGINE=InnoDB AUTO_INCREMENT=10 DEFAULT CHARSET=utf8;
/*!40101 SET character_set_client = @saved_cs_client */;

--
-- Dumping data for table `unidad_academica`
--

LOCK TABLES `unidad_academica` WRITE;
/*!40000 ALTER TABLE `unidad_academica` DISABLE KEYS */;
INSERT INTO `unidad_academica` VALUES (1,'Grado','Grado',1,NULL,'1','1','2018-10-18 00:12:39',NULL,'1'),(2,'Posgrado','Posgrado',1,NULL,'1','1','2018-10-18 00:12:39',NULL,'1'),(3,'Educación Continua','Educación Continua',1,NULL,'1','0','2018-10-18 00:12:39',NULL,'1'),(4,'Centro de Idiomas','Centro de Idiomas',1,NULL,'1','0','2018-10-18 00:12:39',NULL,'1'),(5,'Diplomado','Diplomado',1,NULL,'1','0','2018-10-18 00:12:39',NULL,'1'),(6,'Curso Nivelación','Curso Nivelación',1,NULL,'1','0','2018-10-18 00:12:39',NULL,'1'),(7,'Micromasters','Micromasters',1,NULL,'1','1','2018-12-10 15:50:00',NULL,'1'),(8,'Ulive','Ulive',1,NULL,'1','1','2018-12-10 15:50:00',NULL,'1'),(9,'Uwork','Uwork',1,NULL,'1','1','2018-12-10 15:50:00',NULL,'1');
/*!40000 ALTER TABLE `unidad_academica` ENABLE KEYS */;
UNLOCK TABLES;

--
-- Table structure for table `unidad_estudio`
--

DROP TABLE IF EXISTS `unidad_estudio`;
/*!40101 SET @saved_cs_client     = @@character_set_client */;
/*!40101 SET character_set_client = utf8 */;
CREATE TABLE `unidad_estudio` (
  `uest_id` bigint(20) NOT NULL AUTO_INCREMENT,
  `uest_nombre` varchar(300) NOT NULL,
  `uest_descripcion` varchar(500) NOT NULL,
  `uest_usuario_ingreso` bigint(20) NOT NULL,
  `uest_usuario_modifica` bigint(20) DEFAULT NULL,
  `uest_estado` varchar(1) NOT NULL,
  `uest_fecha_creacion` timestamp NOT NULL DEFAULT CURRENT_TIMESTAMP,
  `uest_fecha_modificacion` timestamp NULL DEFAULT NULL,
  `uest_estado_logico` varchar(1) NOT NULL,
  PRIMARY KEY (`uest_id`)
) ENGINE=InnoDB AUTO_INCREMENT=5 DEFAULT CHARSET=utf8;
/*!40101 SET character_set_client = @saved_cs_client */;

--
-- Dumping data for table `unidad_estudio`
--

LOCK TABLES `unidad_estudio` WRITE;
/*!40000 ALTER TABLE `unidad_estudio` DISABLE KEYS */;
INSERT INTO `unidad_estudio` VALUES (1,'Ingreso','Ingreso',1,NULL,'1','2018-10-18 00:12:39',NULL,'1'),(2,'Básica','Básica',1,NULL,'1','2018-10-18 00:12:39',NULL,'1'),(3,'Profesional','Profesional',1,NULL,'1','2018-10-18 00:12:39',NULL,'1'),(4,'Titulación','Titulación',1,NULL,'1','2018-10-18 00:12:39',NULL,'1');
/*!40000 ALTER TABLE `unidad_estudio` ENABLE KEYS */;
UNLOCK TABLES;
/*!40103 SET TIME_ZONE=@OLD_TIME_ZONE */;

/*!40101 SET SQL_MODE=@OLD_SQL_MODE */;
/*!40014 SET FOREIGN_KEY_CHECKS=@OLD_FOREIGN_KEY_CHECKS */;
/*!40014 SET UNIQUE_CHECKS=@OLD_UNIQUE_CHECKS */;
/*!40101 SET CHARACTER_SET_CLIENT=@OLD_CHARACTER_SET_CLIENT */;
/*!40101 SET CHARACTER_SET_RESULTS=@OLD_CHARACTER_SET_RESULTS */;
/*!40101 SET COLLATION_CONNECTION=@OLD_COLLATION_CONNECTION */;
/*!40111 SET SQL_NOTES=@OLD_SQL_NOTES */;

-- Dump completed on 2019-06-12  9:17:00
