-- MySQL dump 10.13  Distrib 8.0.15, for Linux (x86_64)
--
-- Host: localhost    Database: db_academico
-- ------------------------------------------------------
-- Server version	8.0.15

/*!40101 SET @OLD_CHARACTER_SET_CLIENT=@@CHARACTER_SET_CLIENT */;
/*!40101 SET @OLD_CHARACTER_SET_RESULTS=@@CHARACTER_SET_RESULTS */;
/*!40101 SET @OLD_COLLATION_CONNECTION=@@COLLATION_CONNECTION */;
 SET NAMES utf8mb4 ;
/*!40103 SET @OLD_TIME_ZONE=@@TIME_ZONE */;
/*!40103 SET TIME_ZONE='+00:00' */;
/*!40014 SET @OLD_UNIQUE_CHECKS=@@UNIQUE_CHECKS, UNIQUE_CHECKS=0 */;
/*!40014 SET @OLD_FOREIGN_KEY_CHECKS=@@FOREIGN_KEY_CHECKS, FOREIGN_KEY_CHECKS=0 */;
/*!40101 SET @OLD_SQL_MODE=@@SQL_MODE, SQL_MODE='NO_AUTO_VALUE_ON_ZERO' */;
/*!40111 SET @OLD_SQL_NOTES=@@SQL_NOTES, SQL_NOTES=0 */;

--
-- Table structure for table `area_conocimiento`
--

DROP TABLE IF EXISTS `area_conocimiento`;
/*!40101 SET @saved_cs_client     = @@character_set_client */;
 SET character_set_client = utf8mb4 ;
CREATE TABLE `area_conocimiento` (
  `acon_id` bigint(20) NOT NULL AUTO_INCREMENT,
  `acon_nombre` varchar(300) NOT NULL,
  `acon_descripcion` varchar(500) NOT NULL,
  `acon_usuario_ingreso` bigint(20) NOT NULL,
  `acon_usuario_modifica` bigint(20) DEFAULT NULL,
  `acon_estado` varchar(1) NOT NULL,
  `acon_fecha_creacion` timestamp NOT NULL DEFAULT CURRENT_TIMESTAMP,
  `acon_fecha_modificacion` timestamp NULL DEFAULT NULL,
  `acon_estado_logico` varchar(1) NOT NULL,
  PRIMARY KEY (`acon_id`)
) ENGINE=InnoDB AUTO_INCREMENT=11 DEFAULT CHARSET=utf8;
/*!40101 SET character_set_client = @saved_cs_client */;

--
-- Dumping data for table `area_conocimiento`
--

LOCK TABLES `area_conocimiento` WRITE;
/*!40000 ALTER TABLE `area_conocimiento` DISABLE KEYS */;
INSERT INTO `area_conocimiento` VALUES (1,'Programas generales','Descripción de área de conocimiento',1,NULL,'1','2018-10-18 00:12:39',NULL,'1'),(2,'Educación','Descripción de área de conocimiento',1,NULL,'1','2018-10-18 00:12:39',NULL,'1'),(3,'Humanidades y artes','Descripción de área de conocimiento',1,NULL,'1','2018-10-18 00:12:39',NULL,'1'),(4,'Ciencias sociales, educación comercial y derecho','Descripción de área de conocimiento',1,NULL,'1','2018-10-18 00:12:39',NULL,'1'),(5,'Ciencias','Descripción de área de conocimiento',1,NULL,'1','2018-10-18 00:12:39',NULL,'1'),(6,'Ingeniería, industria y construcción','Descripción de área de conocimiento',1,NULL,'1','2018-10-18 00:12:39',NULL,'1'),(7,'Agricultura','Descripción de área de conocimiento',1,NULL,'1','2018-10-18 00:12:39',NULL,'1'),(8,'Salud y sociales servicios','Descripción de área de conocimiento',1,NULL,'1','2018-10-18 00:12:39',NULL,'1'),(9,'Servicios','Descripción de área de conocimiento',1,NULL,'1','2018-10-18 00:12:39',NULL,'1'),(10,'Sectores desconocidos no especificados','Descripción de área de conocimiento',1,NULL,'1','2018-10-18 00:12:39',NULL,'1');
/*!40000 ALTER TABLE `area_conocimiento` ENABLE KEYS */;
UNLOCK TABLES;

--
-- Table structure for table `asignacion_paralelo`
--

DROP TABLE IF EXISTS `asignacion_paralelo`;
/*!40101 SET @saved_cs_client     = @@character_set_client */;
 SET character_set_client = utf8mb4 ;
CREATE TABLE `asignacion_paralelo` (
  `apar_id` bigint(20) NOT NULL AUTO_INCREMENT,
  `par_id` bigint(20) DEFAULT NULL,
  `mat_id` bigint(20) NOT NULL,
  `mest_id` bigint(20) DEFAULT NULL,
  `apar_descripcion` varchar(500) NOT NULL,
  `apar_fecha_asignacion` timestamp NULL DEFAULT NULL,
  `apar_usuario_asignacion` int(11) NOT NULL,
  `apar_usuario_modificacion` int(11) DEFAULT NULL,
  `apar_estado` varchar(1) NOT NULL,
  `apar_fecha_creacion` timestamp NOT NULL DEFAULT CURRENT_TIMESTAMP,
  `apar_fecha_modificacion` timestamp NULL DEFAULT NULL,
  `apar_estado_logico` varchar(1) NOT NULL,
  PRIMARY KEY (`apar_id`),
  KEY `par_id` (`par_id`),
  KEY `mat_id` (`mat_id`),
  KEY `mest_id` (`mest_id`),
  CONSTRAINT `asignacion_paralelo_ibfk_1` FOREIGN KEY (`par_id`) REFERENCES `paralelo` (`par_id`),
  CONSTRAINT `asignacion_paralelo_ibfk_2` FOREIGN KEY (`mat_id`) REFERENCES `matriculacion` (`mat_id`),
  CONSTRAINT `asignacion_paralelo_ibfk_3` FOREIGN KEY (`mest_id`) REFERENCES `modulo_estudio` (`mest_id`)
) ENGINE=InnoDB AUTO_INCREMENT=264 DEFAULT CHARSET=utf8;
/*!40101 SET character_set_client = @saved_cs_client */;

--
-- Dumping data for table `asignacion_paralelo`
--

LOCK TABLES `asignacion_paralelo` WRITE;
/*!40000 ALTER TABLE `asignacion_paralelo` DISABLE KEYS */;
INSERT INTO `asignacion_paralelo` VALUES (1,1,1,NULL,'Asignación Paralelo: 1','2017-10-11 05:22:45',1,NULL,'1','2017-10-11 05:22:45',NULL,'1'),(2,1,2,NULL,'Asignación Paralelo: 1','2017-10-12 05:22:27',1,NULL,'1','2017-10-12 05:22:27',NULL,'1'),(3,1,3,NULL,'Asignación Paralelo: 1','2017-10-14 01:14:02',1,NULL,'1','2017-10-14 01:14:02',NULL,'1'),(4,1,4,NULL,'Asignación Paralelo: 1','2017-10-15 01:15:17',1,NULL,'1','2017-10-15 01:15:17',NULL,'1'),(5,1,5,NULL,'Asignación Paralelo: 1','2017-10-15 01:23:17',1,NULL,'1','2017-10-15 01:23:17',NULL,'1'),(6,1,6,NULL,'Asignación Paralelo: 1','2017-10-17 07:03:17',1,NULL,'1','2017-10-17 07:03:17',NULL,'1'),(7,1,7,NULL,'Asignación Paralelo: 1','2017-10-18 05:53:23',1,NULL,'1','2017-10-18 05:53:23',NULL,'1'),(8,1,8,NULL,'Asignación Paralelo: 1','2017-10-19 05:16:40',1,NULL,'1','2017-10-19 05:16:40',NULL,'1'),(9,2,9,NULL,'Asignación Paralelo: 1','2017-11-01 04:52:50',1,NULL,'1','2017-11-01 04:52:50',NULL,'1'),(10,2,10,NULL,'Asignación Paralelo: 1','2017-11-11 05:11:47',1,NULL,'1','2017-11-11 05:11:47',NULL,'1'),(11,2,11,NULL,'Asignación Paralelo: 1','2017-11-14 01:37:15',1,NULL,'1','2017-11-14 01:37:15',NULL,'1'),(12,2,12,NULL,'Asignación Paralelo: 1','2017-11-14 07:09:18',1,NULL,'1','2017-11-14 07:09:18',NULL,'1'),(13,2,13,NULL,'Asignación Paralelo: 1','2017-11-19 02:24:30',1,NULL,'1','2017-11-19 02:24:30',NULL,'1'),(14,2,14,NULL,'Asignación Paralelo: 1','2017-11-21 00:15:51',1,NULL,'1','2017-11-21 00:15:51',NULL,'1'),(15,2,15,NULL,'Asignación Paralelo: 1','2017-11-23 03:52:58',1,NULL,'1','2017-11-23 03:52:58',NULL,'1'),(16,2,16,NULL,'Asignación Paralelo: 1','2017-11-29 07:49:32',1,NULL,'1','2017-11-29 07:49:32',NULL,'1'),(17,2,17,NULL,'Asignación Paralelo: 1','2017-11-29 07:52:05',1,NULL,'1','2017-11-29 07:52:05',NULL,'1'),(18,2,18,NULL,'Asignación Paralelo: 1','2017-11-30 00:36:25',1,NULL,'1','2017-11-30 00:36:25',NULL,'1'),(19,2,19,NULL,'Asignación Paralelo: 1','2017-11-30 01:10:45',1,NULL,'1','2017-11-30 01:10:45',NULL,'1'),(20,2,20,NULL,'Asignación Paralelo: 1','2017-11-30 01:11:46',1,NULL,'1','2017-11-30 01:11:46',NULL,'1'),(21,2,21,NULL,'Asignación Paralelo: 1','2017-11-30 01:18:29',1,NULL,'1','2017-11-30 01:18:29',NULL,'1'),(22,1,22,NULL,'Asignación Paralelo: 1','2017-11-30 03:48:09',1,NULL,'1','2017-11-30 03:48:09',NULL,'1'),(23,3,23,NULL,'Asignación Paralelo: 1','2018-01-10 02:14:55',1,NULL,'1','2018-01-10 02:14:55',NULL,'1'),(24,3,24,NULL,'Asignación Paralelo: 1','2018-01-13 06:02:01',1,NULL,'1','2018-01-13 06:02:01',NULL,'1'),(25,3,25,NULL,'Asignación Paralelo: 1','2018-01-14 00:02:10',1,NULL,'1','2018-01-14 00:02:10',NULL,'1'),(26,3,26,NULL,'Asignación Paralelo: 1','2018-01-19 19:02:30',1,NULL,'1','2018-01-19 19:02:30',NULL,'1'),(27,5,27,NULL,'Asignación Paralelo: 1','2018-01-31 02:53:57',27,NULL,'1','2018-01-31 02:53:57',NULL,'1'),(28,3,28,NULL,'Asignación Paralelo: 1','2018-01-31 02:55:40',27,NULL,'1','2018-01-31 02:55:40',NULL,'1'),(29,3,29,NULL,'Asignación Paralelo: 1','2018-01-31 02:55:50',27,NULL,'1','2018-01-31 02:55:50',NULL,'1'),(30,3,30,NULL,'Asignación Paralelo: 1','2018-01-31 02:56:03',27,NULL,'1','2018-01-31 02:56:03',NULL,'1'),(31,5,31,NULL,'Asignación Paralelo: 1','2018-02-06 01:46:15',27,NULL,'1','2018-02-06 01:46:15',NULL,'1'),(32,5,32,NULL,'Asignación Paralelo: 1','2018-02-06 01:46:32',27,NULL,'1','2018-02-06 01:46:32',NULL,'1'),(33,5,33,NULL,'Asignación Paralelo: 1','2018-02-16 21:22:06',27,NULL,'1','2018-02-16 21:22:06',NULL,'1'),(34,5,34,NULL,'Asignación Paralelo: 1','2018-02-17 03:16:02',27,NULL,'1','2018-02-17 03:16:02',NULL,'1'),(35,5,35,NULL,'Asignación Paralelo: 1','2018-02-19 23:35:49',27,NULL,'1','2018-02-19 23:35:49',NULL,'1'),(36,5,36,NULL,'Asignación Paralelo: 1','2018-02-19 23:45:21',27,NULL,'1','2018-02-19 23:45:21',NULL,'1'),(37,5,37,NULL,'Asignación Paralelo: 1','2018-02-20 02:08:38',27,NULL,'1','2018-02-20 02:08:38',NULL,'1'),(38,5,38,NULL,'Asignación Paralelo: 1','2018-02-20 02:26:19',27,NULL,'1','2018-02-20 02:26:19',NULL,'1'),(39,5,39,NULL,'Asignación Paralelo: 1','2018-02-20 21:39:25',27,NULL,'1','2018-02-20 21:39:25',NULL,'1'),(40,5,40,NULL,'Asignación Paralelo: 1','2018-02-21 05:40:19',27,NULL,'1','2018-02-21 05:40:19',NULL,'1'),(41,5,41,NULL,'Asignación Paralelo: 1','2018-02-21 05:43:47',27,NULL,'1','2018-02-21 05:43:47',NULL,'1'),(42,5,42,NULL,'Asignación Paralelo: 1','2018-02-23 21:44:47',27,NULL,'1','2018-02-23 21:44:47',NULL,'1'),(43,3,43,NULL,'Asignación Paralelo: 1','2018-02-24 00:21:41',27,NULL,'1','2018-02-24 00:21:41',NULL,'1'),(44,7,44,NULL,'Asignación Paralelo: 2','2018-02-27 03:06:30',27,NULL,'1','2018-02-27 03:06:30',NULL,'1'),(45,8,45,NULL,'Asignación Paralelo: 1','2018-02-28 19:02:59',27,NULL,'1','2018-02-28 19:02:59',NULL,'1'),(46,8,46,NULL,'Asignación Paralelo: 1','2018-03-05 20:18:58',27,NULL,'1','2018-03-05 20:18:58',NULL,'1'),(47,8,47,NULL,'Asignación Paralelo: 1','2018-03-05 20:20:10',27,NULL,'1','2018-03-05 20:20:10',NULL,'1'),(48,8,48,NULL,'Asignación Paralelo: 1','2018-03-06 19:42:46',27,NULL,'1','2018-03-06 19:42:46',NULL,'1'),(49,8,49,NULL,'Asignación Paralelo: 1','2018-03-06 19:45:29',27,NULL,'1','2018-03-06 19:45:29',NULL,'1'),(50,8,50,NULL,'Asignación Paralelo: 1','2018-03-09 19:40:14',27,NULL,'1','2018-03-09 19:40:14',NULL,'1'),(51,8,51,NULL,'Asignación Paralelo: 1','2018-03-12 23:46:20',27,NULL,'1','2018-03-12 23:46:20',NULL,'1'),(52,8,52,NULL,'Asignación Paralelo: 1','2018-03-12 23:46:37',27,NULL,'1','2018-03-12 23:46:37',NULL,'1'),(53,8,53,NULL,'Asignación Paralelo: 1','2018-03-12 23:47:17',27,NULL,'1','2018-03-12 23:47:17',NULL,'1'),(54,8,54,NULL,'Asignación Paralelo: 1','2018-03-13 18:27:53',27,NULL,'1','2018-03-13 18:27:53',NULL,'1'),(55,9,55,NULL,'Asignación Paralelo: 1','2018-03-15 01:10:31',27,NULL,'1','2018-03-15 01:10:31',NULL,'1'),(56,8,56,NULL,'Asignación Paralelo: 1','2018-03-15 01:12:06',27,NULL,'1','2018-03-15 01:12:06',NULL,'1'),(57,9,57,NULL,'Asignación Paralelo: 2','2018-03-16 20:57:17',27,NULL,'1','2018-03-16 20:57:17',NULL,'1'),(58,9,58,NULL,'Asignación Paralelo: 2','2018-03-16 20:57:38',27,NULL,'1','2018-03-16 20:57:38',NULL,'1'),(59,9,59,NULL,'Asignación Paralelo: 2','2018-03-16 20:58:35',27,NULL,'1','2018-03-16 20:58:35',NULL,'1'),(60,9,60,NULL,'Asignación Paralelo: 2','2018-03-19 18:39:47',27,NULL,'1','2018-03-19 18:39:47',NULL,'1'),(61,9,61,NULL,'Asignación Paralelo: 2','2018-03-19 18:40:25',27,NULL,'1','2018-03-19 18:40:25',NULL,'1'),(62,9,62,NULL,'Asignación Paralelo: 2','2018-03-19 18:40:42',27,NULL,'1','2018-03-19 18:40:42',NULL,'1'),(63,9,63,NULL,'Asignación Paralelo: 2','2018-03-19 18:41:25',27,NULL,'1','2018-03-19 18:41:25',NULL,'1'),(64,9,64,NULL,'Asignación Paralelo: 2','2018-03-19 23:45:54',27,NULL,'1','2018-03-19 23:45:54',NULL,'1'),(65,9,65,NULL,'Asignación Paralelo: 2','2018-03-19 23:52:39',27,NULL,'1','2018-03-19 23:52:39',NULL,'1'),(66,9,66,NULL,'Asignación Paralelo: 2','2018-03-20 00:01:06',27,NULL,'1','2018-03-20 00:01:06',NULL,'1'),(67,9,67,NULL,'Asignación Paralelo: 2','2018-03-20 02:41:50',27,NULL,'1','2018-03-20 02:41:50',NULL,'1'),(68,9,68,NULL,'Asignación Paralelo: 2','2018-03-20 02:41:59',27,NULL,'1','2018-03-20 02:41:59',NULL,'1'),(69,9,69,NULL,'Asignación Paralelo: 2','2018-03-20 18:35:00',27,NULL,'1','2018-03-20 18:35:00',NULL,'1'),(70,9,70,NULL,'Asignación Paralelo: 2','2018-03-20 19:40:57',27,NULL,'1','2018-03-20 19:40:57',NULL,'1'),(71,9,71,NULL,'Asignación Paralelo: 2','2018-03-22 01:43:59',27,NULL,'1','2018-03-22 01:43:59',NULL,'1'),(72,9,72,NULL,'Asignación Paralelo: 2','2018-03-22 01:44:11',27,NULL,'1','2018-03-22 01:44:11',NULL,'1'),(73,9,73,NULL,'Asignación Paralelo: 2','2018-03-22 20:06:26',27,NULL,'1','2018-03-22 20:06:26',NULL,'1'),(74,9,74,NULL,'Asignación Paralelo: 2','2018-03-23 18:07:15',27,NULL,'1','2018-03-23 18:07:15',NULL,'1'),(75,8,75,NULL,'Asignación Paralelo: 1','2018-04-03 02:24:13',27,NULL,'1','2018-04-03 02:24:13',NULL,'1'),(76,10,76,NULL,'Asignación Paralelo: 1','2018-04-07 02:36:50',27,NULL,'1','2018-04-07 02:36:50',NULL,'1'),(77,11,77,NULL,'Asignación Paralelo: 1','2018-04-10 00:11:26',27,NULL,'1','2018-04-10 00:11:26',NULL,'1'),(78,11,78,NULL,'Asignación Paralelo: 1','2018-04-10 00:11:46',27,NULL,'1','2018-04-10 00:11:46',NULL,'1'),(79,11,79,NULL,'Asignación Paralelo: 1','2018-04-10 00:11:58',27,NULL,'1','2018-04-10 00:11:58',NULL,'1'),(80,11,80,NULL,'Asignación Paralelo: 1','2018-04-10 00:12:07',27,NULL,'1','2018-04-10 00:12:07',NULL,'1'),(81,11,81,NULL,'Asignación Paralelo: 1','2018-04-10 18:26:21',27,NULL,'1','2018-04-10 18:26:21',NULL,'1'),(82,11,82,NULL,'Asignación Paralelo: 1','2018-04-11 02:57:37',27,NULL,'1','2018-04-11 02:57:37',NULL,'1'),(83,11,83,NULL,'Asignación Paralelo: 1','2018-04-11 02:57:45',27,NULL,'1','2018-04-11 02:57:45',NULL,'1'),(84,11,84,NULL,'Asignación Paralelo: 1','2018-04-11 02:57:53',27,NULL,'1','2018-04-11 02:57:53',NULL,'1'),(85,11,85,NULL,'Asignación Paralelo: 1','2018-04-11 02:58:01',27,NULL,'1','2018-04-11 02:58:01',NULL,'1'),(86,11,86,NULL,'Asignación Paralelo: 1','2018-04-11 02:58:09',27,NULL,'1','2018-04-11 02:58:09',NULL,'1'),(87,11,87,NULL,'Asignación Paralelo: 1','2018-04-13 04:20:09',27,NULL,'1','2018-04-13 04:20:09',NULL,'1'),(88,11,88,NULL,'Asignación Paralelo: 1','2018-04-13 05:01:34',27,NULL,'1','2018-04-13 05:01:34',NULL,'1'),(89,11,89,NULL,'Asignación Paralelo: 1','2018-04-13 05:01:43',27,NULL,'1','2018-04-13 05:01:43',NULL,'1'),(90,11,90,NULL,'Asignación Paralelo: 1','2018-04-13 05:01:54',27,NULL,'1','2018-04-13 05:01:54',NULL,'1'),(91,11,91,NULL,'Asignación Paralelo: 1','2018-04-13 05:08:30',27,NULL,'1','2018-04-13 05:08:30',NULL,'1'),(92,11,92,NULL,'Asignación Paralelo: 1','2018-04-14 01:40:40',27,NULL,'1','2018-04-14 01:40:40',NULL,'1'),(93,11,93,NULL,'Asignación Paralelo: 1','2018-04-14 01:41:01',27,NULL,'1','2018-04-14 01:41:01',NULL,'1'),(94,11,94,NULL,'Asignación Paralelo: 1','2018-04-16 19:41:41',27,NULL,'1','2018-04-16 19:41:41',NULL,'1'),(95,11,95,NULL,'Asignación Paralelo: 1','2018-04-16 20:01:12',27,NULL,'1','2018-04-16 20:01:12',NULL,'1'),(96,11,96,NULL,'Asignación Paralelo: 1','2018-04-17 01:32:49',27,NULL,'1','2018-04-17 01:32:49',NULL,'1'),(97,11,97,NULL,'Asignación Paralelo: 1','2018-04-17 23:45:07',27,NULL,'1','2018-04-17 23:45:07',NULL,'1'),(98,11,98,NULL,'Asignación Paralelo: 1','2018-04-17 23:45:30',27,NULL,'1','2018-04-17 23:45:30',NULL,'1'),(99,11,99,NULL,'Asignación Paralelo: 1','2018-04-17 23:45:40',27,NULL,'1','2018-04-17 23:45:40',NULL,'1'),(100,10,100,NULL,'Asignación Paralelo: 1','2018-04-17 23:46:01',27,NULL,'1','2018-04-17 23:46:01',NULL,'1'),(101,11,101,NULL,'Asignación Paralelo: 1','2018-04-17 23:46:10',27,NULL,'1','2018-04-17 23:46:10',NULL,'1'),(102,11,102,NULL,'Asignación Paralelo: 1','2018-04-17 23:46:17',27,NULL,'1','2018-04-17 23:46:17',NULL,'1'),(103,11,103,NULL,'Asignación Paralelo: 1','2018-04-18 01:34:41',27,NULL,'1','2018-04-18 01:34:41',NULL,'1'),(104,11,104,NULL,'Asignación Paralelo: 1','2018-04-18 01:34:52',27,NULL,'1','2018-04-18 01:34:52',NULL,'1'),(105,11,105,NULL,'Asignación Paralelo: 1','2018-04-18 01:35:09',27,NULL,'1','2018-04-18 01:35:09',NULL,'1'),(106,11,106,NULL,'Asignación Paralelo: 1','2018-04-18 01:35:40',27,NULL,'1','2018-04-18 01:35:40',NULL,'1'),(107,11,107,NULL,'Asignación Paralelo: 1','2018-04-18 19:06:55',27,NULL,'1','2018-04-18 19:06:55',NULL,'1'),(108,11,108,NULL,'Asignación Paralelo: 1','2018-04-18 19:52:11',27,NULL,'1','2018-04-18 19:52:11',NULL,'1'),(109,11,109,NULL,'Asignación Paralelo: 1','2018-04-19 22:36:44',27,NULL,'1','2018-04-19 22:36:44',NULL,'1'),(110,11,110,NULL,'Asignación Paralelo: 1','2018-04-19 22:46:04',27,NULL,'1','2018-04-19 22:46:04',NULL,'1'),(111,9,111,NULL,'Asignación Paralelo: 2','2018-04-26 01:41:47',27,NULL,'1','2018-04-26 01:41:47',NULL,'1'),(112,11,112,NULL,'Asignación Paralelo: 1','2018-04-26 01:46:10',27,NULL,'1','2018-04-26 01:46:10',NULL,'1'),(113,11,113,NULL,'Asignación Paralelo: 1','2018-04-26 01:46:58',27,NULL,'1','2018-04-26 01:46:58',NULL,'1'),(114,11,114,NULL,'Asignación Paralelo: 1','2018-05-08 01:14:13',27,NULL,'1','2018-05-08 01:14:13',NULL,'1'),(115,12,115,NULL,'Asignación Paralelo: 1','2018-05-10 20:36:09',27,NULL,'1','2018-05-10 20:36:09',NULL,'1'),(116,12,116,NULL,'Asignación Paralelo: 1','2018-05-10 20:36:16',27,NULL,'1','2018-05-10 20:36:16',NULL,'1'),(117,12,117,NULL,'Asignación Paralelo: 1','2018-05-10 20:36:24',27,NULL,'1','2018-05-10 20:36:24',NULL,'1'),(118,12,118,NULL,'Asignación Paralelo: 1','2018-05-14 18:50:35',27,NULL,'1','2018-05-14 18:50:35',NULL,'1'),(119,12,119,NULL,'Asignación Paralelo: 1','2018-05-14 18:50:43',27,NULL,'1','2018-05-14 18:50:43',NULL,'1'),(120,12,120,NULL,'Asignación Paralelo: 1','2018-05-14 18:50:50',27,NULL,'1','2018-05-14 18:50:50',NULL,'1'),(121,12,121,NULL,'Asignación Paralelo: 1','2018-05-14 18:50:57',27,NULL,'1','2018-05-14 18:50:57',NULL,'1'),(122,12,122,NULL,'Asignación Paralelo: 1','2018-05-14 19:34:00',27,NULL,'1','2018-05-14 19:34:00',NULL,'1'),(123,2,123,NULL,'Asignación Paralelo: 1','2018-05-14 20:02:07',27,NULL,'1','2018-05-14 20:02:07',NULL,'1'),(124,12,124,NULL,'Asignación Paralelo: 1','2018-05-14 20:02:23',27,NULL,'1','2018-05-14 20:02:23',NULL,'1'),(125,12,125,NULL,'Asignación Paralelo: 1','2018-05-15 22:48:26',27,NULL,'1','2018-05-15 22:48:26',NULL,'1'),(126,12,126,NULL,'Asignación Paralelo: 1','2018-05-17 01:11:04',27,NULL,'1','2018-05-17 01:11:04',NULL,'1'),(127,12,127,NULL,'Asignación Paralelo: 1','2018-05-17 03:10:52',27,NULL,'1','2018-05-17 03:10:52',NULL,'1'),(128,12,128,NULL,'Asignación Paralelo: 1','2018-05-18 19:48:08',27,NULL,'1','2018-05-18 19:48:08',NULL,'1'),(129,12,129,NULL,'Asignación Paralelo: 1','2018-05-28 19:25:44',27,NULL,'1','2018-05-28 19:25:44',NULL,'1'),(130,13,130,NULL,'Asignación Paralelo: 1','2018-05-31 02:19:50',27,NULL,'1','2018-05-31 02:19:50',NULL,'1'),(131,13,131,NULL,'Asignación Paralelo: 1','2018-06-01 01:12:57',27,NULL,'1','2018-06-01 01:12:57',NULL,'1'),(132,13,132,NULL,'Asignación Paralelo: 1','2018-06-05 18:37:45',27,NULL,'1','2018-06-05 18:37:45',NULL,'1'),(133,13,133,NULL,'Asignación Paralelo: 1','2018-06-05 18:44:30',27,NULL,'1','2018-06-05 18:44:30',NULL,'1'),(134,13,134,NULL,'Asignación Paralelo: 1','2018-06-05 18:49:20',27,NULL,'1','2018-06-05 18:49:20',NULL,'1'),(135,13,135,NULL,'Asignación Paralelo: 1','2018-06-05 18:54:31',27,NULL,'1','2018-06-05 18:54:31',NULL,'1'),(136,13,136,NULL,'Asignación Paralelo: 1','2018-06-05 19:18:11',27,NULL,'1','2018-06-05 19:18:11',NULL,'1'),(137,13,137,NULL,'Asignación Paralelo: 1','2018-06-05 19:29:07',27,NULL,'1','2018-06-05 19:29:07',NULL,'1'),(138,13,138,NULL,'Asignación Paralelo: 1','2018-06-06 00:45:28',27,NULL,'1','2018-06-06 00:45:28',NULL,'1'),(139,13,139,NULL,'Asignación Paralelo: 1','2018-06-07 23:11:39',27,NULL,'1','2018-06-07 23:11:39',NULL,'1'),(140,13,140,NULL,'Asignación Paralelo: 1','2018-06-08 00:40:52',27,NULL,'1','2018-06-08 00:40:52',NULL,'1'),(141,13,141,NULL,'Asignación Paralelo: 1','2018-06-08 01:42:29',27,NULL,'1','2018-06-08 01:42:29',NULL,'1'),(142,13,142,NULL,'Asignación Paralelo: 1','2018-06-08 19:53:56',27,NULL,'1','2018-06-08 19:53:56',NULL,'1'),(143,13,143,NULL,'Asignación Paralelo: 1','2018-06-08 23:53:00',27,NULL,'1','2018-06-08 23:53:00',NULL,'1'),(144,13,144,NULL,'Asignación Paralelo: 1','2018-06-11 19:08:52',27,NULL,'1','2018-06-11 19:08:52',NULL,'1'),(145,13,145,NULL,'Asignación Paralelo: 1','2018-06-11 19:08:58',27,NULL,'1','2018-06-11 19:08:58',NULL,'1'),(146,13,146,NULL,'Asignación Paralelo: 1','2018-06-12 02:33:08',27,NULL,'1','2018-06-12 02:33:08',NULL,'1'),(147,13,147,NULL,'Asignación Paralelo: 1','2018-06-13 01:03:19',27,NULL,'1','2018-06-13 01:03:19',NULL,'1'),(148,13,148,NULL,'Asignación Paralelo: 1','2018-06-13 18:27:53',27,NULL,'1','2018-06-13 18:27:53',NULL,'1'),(149,13,149,NULL,'Asignación Paralelo: 1','2018-06-18 18:41:00',27,NULL,'1','2018-06-18 18:41:00',NULL,'1'),(150,14,150,NULL,'Asignación Paralelo: 1','2018-06-27 21:00:15',27,NULL,'1','2018-06-27 21:00:15',NULL,'1'),(151,14,151,NULL,'Asignación Paralelo: 1','2018-06-27 21:00:23',27,NULL,'1','2018-06-27 21:00:23',NULL,'1'),(152,14,152,NULL,'Asignación Paralelo: 1','2018-06-29 02:35:31',27,NULL,'1','2018-06-29 02:35:31',NULL,'1'),(153,14,153,NULL,'Asignación Paralelo: 1','2018-06-29 02:35:38',27,NULL,'1','2018-06-29 02:35:38',NULL,'1'),(154,14,154,NULL,'Asignación Paralelo: 1','2018-07-04 20:32:06',27,NULL,'1','2018-07-04 20:32:06',NULL,'1'),(155,14,155,NULL,'Asignación Paralelo: 1','2018-07-04 20:32:14',27,NULL,'1','2018-07-04 20:32:14',NULL,'1'),(156,14,156,NULL,'Asignación Paralelo: 1','2018-07-12 20:00:40',27,NULL,'1','2018-07-12 20:00:40',NULL,'1'),(157,14,157,NULL,'Asignación Paralelo: 1','2018-07-14 00:48:33',27,NULL,'1','2018-07-14 00:48:33',NULL,'1'),(158,14,158,NULL,'Asignación Paralelo: 1','2018-07-16 17:56:42',27,NULL,'1','2018-07-16 17:56:42',NULL,'1'),(159,14,159,NULL,'Asignación Paralelo: 1','2018-07-16 17:56:49',27,NULL,'1','2018-07-16 17:56:49',NULL,'1'),(160,14,160,NULL,'Asignación Paralelo: 1','2018-07-16 18:18:41',27,NULL,'1','2018-07-16 18:18:41',NULL,'1'),(161,15,161,NULL,'Asignación Paralelo: 1','2018-07-17 19:39:41',27,NULL,'1','2018-07-17 19:39:41',NULL,'1'),(162,14,162,NULL,'Asignación Paralelo: 1','2018-07-17 19:39:56',27,NULL,'1','2018-07-17 19:39:56',NULL,'1'),(163,14,163,NULL,'Asignación Paralelo: 1','2018-07-18 01:40:31',27,NULL,'1','2018-07-18 01:40:31',NULL,'1'),(164,14,164,NULL,'Asignación Paralelo: 1','2018-07-18 02:04:19',27,NULL,'1','2018-07-18 02:04:19',NULL,'1'),(165,15,165,NULL,'Asignación Paralelo: 1','2018-07-18 02:04:28',27,NULL,'1','2018-07-18 02:04:28',NULL,'1'),(166,14,166,NULL,'Asignación Paralelo: 1','2018-07-18 02:11:34',27,NULL,'1','2018-07-18 02:11:34',NULL,'1'),(167,15,167,NULL,'Asignación Paralelo: 1','2018-07-23 19:44:46',27,NULL,'1','2018-07-23 19:44:46',NULL,'1'),(168,15,168,NULL,'Asignación Paralelo: 1','2018-07-23 19:45:01',27,NULL,'1','2018-07-23 19:45:01',NULL,'1'),(169,15,169,NULL,'Asignación Paralelo: 1','2018-07-23 19:45:13',27,NULL,'1','2018-07-23 19:45:13',NULL,'1'),(170,15,170,NULL,'Asignación Paralelo: 1','2018-07-23 19:45:36',27,NULL,'1','2018-07-23 19:45:36',NULL,'1'),(171,15,171,NULL,'Asignación Paralelo: 1','2018-07-23 19:45:45',27,NULL,'1','2018-07-23 19:45:45',NULL,'1'),(172,15,172,NULL,'Asignación Paralelo: 1','2018-07-23 19:45:53',27,NULL,'1','2018-07-23 19:45:53',NULL,'1'),(173,15,173,NULL,'Asignación Paralelo: 1','2018-07-23 19:46:40',27,NULL,'1','2018-07-23 19:46:40',NULL,'1'),(174,15,174,NULL,'Asignación Paralelo: 1','2018-07-23 19:46:49',27,NULL,'1','2018-07-23 19:46:49',NULL,'1'),(175,14,175,NULL,'Asignación Paralelo: 1','2018-07-23 19:47:06',27,NULL,'1','2018-07-23 19:47:06',NULL,'1'),(176,14,176,NULL,'Asignación Paralelo: 1','2018-07-23 19:58:15',27,NULL,'1','2018-07-23 19:58:15',NULL,'1'),(177,15,177,NULL,'Asignación Paralelo: 1','2018-07-23 23:16:04',27,NULL,'1','2018-07-23 23:16:04',NULL,'1'),(178,15,178,NULL,'Asignación Paralelo: 1','2018-07-23 23:16:16',27,NULL,'1','2018-07-23 23:16:16',NULL,'1'),(179,14,179,NULL,'Asignación Paralelo: 1','2018-07-24 00:34:12',27,NULL,'1','2018-07-24 00:34:12',NULL,'1'),(180,15,180,NULL,'Asignación Paralelo: 1','2018-07-26 23:28:44',27,NULL,'1','2018-07-26 23:28:44',NULL,'1'),(181,15,181,NULL,'Asignación Paralelo: 1','2018-07-26 23:28:52',27,NULL,'1','2018-07-26 23:28:52',NULL,'1'),(182,15,182,NULL,'Asignación Paralelo: 1','2018-07-26 23:28:59',27,NULL,'1','2018-07-26 23:28:59',NULL,'1'),(183,15,183,NULL,'Asignación Paralelo: 1','2018-07-26 23:29:08',27,NULL,'1','2018-07-26 23:29:08',NULL,'1'),(184,15,184,NULL,'Asignación Paralelo: 1','2018-07-26 23:29:16',27,NULL,'1','2018-07-26 23:29:16',NULL,'1'),(185,15,185,NULL,'Asignación Paralelo: 1','2018-07-26 23:29:23',27,NULL,'1','2018-07-26 23:29:23',NULL,'1'),(186,15,186,NULL,'Asignación Paralelo: 1','2018-07-26 23:29:31',27,NULL,'1','2018-07-26 23:29:31',NULL,'1'),(187,16,187,NULL,'Asignación Paralelo: 1','2018-07-30 20:13:07',27,NULL,'1','2018-07-30 20:13:07',NULL,'1'),(188,15,188,NULL,'Asignación Paralelo: 1','2018-07-30 20:13:23',27,NULL,'1','2018-07-30 20:13:23',NULL,'1'),(189,15,189,NULL,'Asignación Paralelo: 1','2018-07-30 20:13:32',27,NULL,'1','2018-07-30 20:13:32',NULL,'1'),(190,15,190,NULL,'Asignación Paralelo: 1','2018-07-30 20:13:40',27,NULL,'1','2018-07-30 20:13:40',NULL,'1'),(191,15,191,NULL,'Asignación Paralelo: 1','2018-07-30 20:13:48',27,NULL,'1','2018-07-30 20:13:48',NULL,'1'),(192,15,192,NULL,'Asignación Paralelo: 1','2018-07-31 21:07:07',27,NULL,'1','2018-07-31 21:07:07',NULL,'1'),(193,15,193,NULL,'Asignación Paralelo: 1','2018-07-31 21:07:14',27,NULL,'1','2018-07-31 21:07:14',NULL,'1'),(194,15,194,NULL,'Asignación Paralelo: 1','2018-07-31 21:07:28',27,NULL,'1','2018-07-31 21:07:28',NULL,'1'),(195,15,195,NULL,'Asignación Paralelo: 1','2018-07-31 21:14:15',27,NULL,'1','2018-07-31 21:14:15',NULL,'1'),(196,15,196,NULL,'Asignación Paralelo: 1','2018-07-31 21:14:22',27,NULL,'1','2018-07-31 21:14:22',NULL,'1'),(197,15,197,NULL,'Asignación Paralelo: 1','2018-07-31 21:14:29',27,NULL,'1','2018-07-31 21:14:29',NULL,'1'),(198,15,198,NULL,'Asignación Paralelo: 1','2018-07-31 21:14:37',27,NULL,'1','2018-07-31 21:14:37',NULL,'1'),(199,15,199,NULL,'Asignación Paralelo: 1','2018-07-31 21:14:45',27,NULL,'1','2018-07-31 21:14:45',NULL,'1'),(200,15,200,NULL,'Asignación Paralelo: 1','2018-07-31 22:20:27',27,NULL,'1','2018-07-31 22:20:27',NULL,'1'),(201,15,201,NULL,'Asignación Paralelo: 1','2018-07-31 22:20:39',27,NULL,'1','2018-07-31 22:20:39',NULL,'1'),(202,15,202,NULL,'Asignación Paralelo: 1','2018-07-31 22:20:49',27,NULL,'1','2018-07-31 22:20:49',NULL,'1'),(203,15,203,NULL,'Asignación Paralelo: 1','2018-07-31 22:20:59',27,NULL,'1','2018-07-31 22:20:59',NULL,'1'),(204,15,204,NULL,'Asignación Paralelo: 1','2018-07-31 22:21:07',27,NULL,'1','2018-07-31 22:21:07',NULL,'1'),(205,15,205,NULL,'Asignación Paralelo: 1','2018-07-31 22:21:16',27,NULL,'1','2018-07-31 22:21:16',NULL,'1'),(206,15,206,NULL,'Asignación Paralelo: 1','2018-07-31 22:21:25',27,NULL,'1','2018-07-31 22:21:25',NULL,'1'),(207,15,207,NULL,'Asignación Paralelo: 1','2018-07-31 22:21:33',27,NULL,'1','2018-07-31 22:21:33',NULL,'1'),(208,17,208,NULL,'Asignación Paralelo: 1','2018-07-31 22:29:02',27,NULL,'1','2018-07-31 22:29:02',NULL,'1'),(209,16,209,NULL,'Asignación Paralelo: 1','2018-08-13 19:59:11',27,NULL,'1','2018-08-13 19:59:11',NULL,'1'),(210,16,210,NULL,'Asignación Paralelo: 1','2018-08-15 20:03:02',27,NULL,'1','2018-08-15 20:03:02',NULL,'1'),(211,16,211,NULL,'Asignación Paralelo: 1','2018-08-15 20:03:13',27,NULL,'1','2018-08-15 20:03:13',NULL,'1'),(212,16,212,NULL,'Asignación Paralelo: 1','2018-08-17 01:20:17',27,NULL,'1','2018-08-17 01:20:17',NULL,'1'),(215,16,215,NULL,'Asignación por Matrícula Método Ingreso.','2018-11-19 21:19:39',27,NULL,'1','2018-11-19 21:19:39',NULL,'1'),(216,21,216,NULL,'Asignación por Matrícula Método Ingreso.','2018-11-19 21:22:01',27,NULL,'1','2018-11-19 21:22:01',NULL,'1'),(217,22,217,NULL,'Asignación por Matrícula Método Ingreso.','2018-11-19 21:34:11',27,NULL,'1','2018-11-19 21:34:11',NULL,'1'),(218,21,218,NULL,'Asignación por Matrícula Método Ingreso.','2018-11-19 21:42:02',27,NULL,'1','2018-11-19 21:42:02',NULL,'1'),(219,21,219,NULL,'Asignación por Matrícula Método Ingreso.','2018-11-19 21:43:52',27,NULL,'1','2018-11-19 21:43:52',NULL,'1'),(220,21,220,NULL,'Asignación por Matrícula Método Ingreso.','2018-11-19 21:48:05',27,NULL,'1','2018-11-19 21:48:05',NULL,'1'),(221,22,221,NULL,'Asignación por Matrícula Método Ingreso.','2018-11-19 22:00:25',27,NULL,'1','2018-11-19 22:00:25',NULL,'1'),(222,22,222,NULL,'Asignación por Matrícula Método Ingreso.','2018-11-19 22:02:32',27,NULL,'1','2018-11-19 22:02:32',NULL,'1'),(223,21,223,NULL,'Asignación por Matrícula Método Ingreso.','2018-11-19 22:04:19',27,NULL,'1','2018-11-19 22:04:19',NULL,'1'),(224,22,224,NULL,'Asignación por Matrícula Método Ingreso.','2018-11-19 22:08:33',27,NULL,'1','2018-11-19 22:08:33',NULL,'1'),(225,22,225,NULL,'Asignación por Matrícula Método Ingreso.','2018-11-19 22:12:12',27,NULL,'1','2018-11-19 22:12:12',NULL,'1'),(226,22,226,NULL,'Asignación por Matrícula Método Ingreso.','2018-11-19 22:25:50',27,NULL,'1','2018-11-19 22:25:50',NULL,'1'),(227,23,227,NULL,'Asignación por Matrícula Método Ingreso.','2018-11-22 16:03:07',27,NULL,'1','2018-11-22 16:03:07',NULL,'1'),(228,23,228,NULL,'Asignación por Matrícula Método Ingreso.','2018-11-22 16:03:40',27,NULL,'1','2018-11-22 16:03:40',NULL,'1'),(229,24,229,NULL,'Asignación por Matrícula Método Ingreso.','2018-11-22 16:07:29',27,NULL,'1','2018-11-22 16:07:29',NULL,'1'),(230,24,230,NULL,'Asignación por Matrícula Método Ingreso.','2018-11-22 16:08:50',27,NULL,'1','2018-11-22 16:08:50',NULL,'1'),(231,24,231,NULL,'Asignación por Matrícula Método Ingreso.','2018-11-22 16:09:16',27,NULL,'1','2018-11-22 16:09:16',NULL,'1'),(232,23,232,NULL,'Asignación por Matrícula Método Ingreso.','2018-11-22 16:09:59',27,NULL,'1','2018-11-22 16:09:59',NULL,'1'),(233,23,233,NULL,'Asignación por Matrícula Método Ingreso.','2018-11-22 16:11:36',27,NULL,'1','2018-11-22 16:11:36',NULL,'1'),(234,23,234,NULL,'Asignación por Matrícula Método Ingreso.','2018-11-22 16:12:07',27,NULL,'1','2018-11-22 16:12:07',NULL,'1'),(235,23,235,NULL,'Asignación por Matrícula Método Ingreso.','2018-11-22 16:12:33',27,NULL,'1','2018-11-22 16:12:33',NULL,'1'),(236,24,236,NULL,'Asignación por Matrícula Método Ingreso.','2018-11-22 16:40:14',27,NULL,'1','2018-11-22 16:40:14',NULL,'1'),(237,23,237,NULL,'Asignación por Matrícula Método Ingreso.','2018-11-22 16:41:03',27,NULL,'1','2018-11-22 16:41:03',NULL,'1'),(238,24,238,NULL,'Asignación por Matrícula Método Ingreso.','2018-12-27 17:18:58',27,NULL,'1','2018-12-27 17:18:58',NULL,'1'),(239,24,239,NULL,'Asignación por Matrícula Método Ingreso.','2018-12-27 17:20:05',27,NULL,'1','2018-12-27 17:20:05',NULL,'1'),(240,25,240,NULL,'Asignación por Matrícula Método Ingreso.','2018-12-27 21:00:39',27,NULL,'1','2018-12-27 21:00:39',NULL,'1'),(241,15,241,NULL,'Asignación por Matrícula Método Ingreso.','2019-01-08 21:16:43',27,NULL,'1','2019-01-08 21:16:43',NULL,'1'),(242,26,242,NULL,'Asignación por Matrícula Método Ingreso.','2019-02-11 15:59:54',27,NULL,'1','2019-02-11 15:59:54',NULL,'1'),(243,26,243,NULL,'Asignación por Matrícula Método Ingreso.','2019-02-11 16:01:54',27,NULL,'1','2019-02-11 16:01:54',NULL,'1'),(244,26,244,NULL,'Asignación por Matrícula Método Ingreso.','2019-02-11 16:04:37',27,NULL,'1','2019-02-11 16:04:37',NULL,'1'),(245,26,245,NULL,'Asignación por Matrícula Método Ingreso.','2019-02-11 16:05:05',27,NULL,'1','2019-02-11 16:05:05',NULL,'1'),(246,26,246,NULL,'Asignación por Matrícula Método Ingreso.','2019-02-11 16:05:41',27,NULL,'1','2019-02-11 16:05:41',NULL,'1'),(247,26,247,NULL,'Asignación por Matrícula Método Ingreso.','2019-02-11 16:06:07',27,NULL,'1','2019-02-11 16:06:07',NULL,'1'),(248,16,248,NULL,'Asignación por Matrícula Método Ingreso.','2019-02-18 19:03:20',27,NULL,'1','2019-02-18 19:03:20',NULL,'1'),(249,16,249,NULL,'Asignación por Matrícula Método Ingreso.','2019-02-18 19:03:35',27,NULL,'1','2019-02-18 19:03:35',NULL,'1'),(250,16,250,NULL,'Asignación por Matrícula Método Ingreso.','2019-02-18 19:03:56',27,NULL,'1','2019-02-18 19:03:56',NULL,'1'),(251,16,251,NULL,'Asignación por Matrícula Método Ingreso.','2019-02-18 19:04:18',27,NULL,'1','2019-02-18 19:04:18',NULL,'1'),(252,16,252,NULL,'Asignación por Matrícula Método Ingreso.','2019-02-18 19:04:34',27,NULL,'1','2019-02-18 19:04:34',NULL,'1'),(253,18,253,NULL,'Asignación por Matrícula Método Ingreso.','2019-02-18 19:04:58',27,NULL,'1','2019-02-18 19:04:58',NULL,'1'),(254,18,254,NULL,'Asignación por Matrícula Método Ingreso.','2019-02-18 19:05:24',27,NULL,'1','2019-02-18 19:05:24',NULL,'1'),(255,19,255,NULL,'Asignación por Matrícula Método Ingreso.','2019-02-18 19:05:39',27,NULL,'1','2019-02-18 19:05:39',NULL,'1'),(256,18,256,NULL,'Asignación por Matrícula Método Ingreso.','2019-02-18 19:06:31',27,NULL,'1','2019-02-18 19:06:31',NULL,'1'),(257,20,257,NULL,'Asignación por Matrícula Método Ingreso.','2019-02-18 19:18:24',27,NULL,'1','2019-02-18 19:18:24',NULL,'1'),(258,20,258,NULL,'Asignación por Matrícula Método Ingreso.','2019-02-18 19:18:42',27,NULL,'1','2019-02-18 19:18:42',NULL,'1'),(259,20,259,NULL,'Asignación por Matrícula Método Ingreso.','2019-02-18 19:18:59',27,NULL,'1','2019-02-18 19:18:59',NULL,'1'),(260,20,260,NULL,'Asignación por Matrícula Método Ingreso.','2019-02-18 19:19:24',27,NULL,'1','2019-02-18 19:19:24',NULL,'1'),(261,20,261,NULL,'Asignación por Matrícula Método Ingreso.','2019-02-18 19:19:42',27,NULL,'1','2019-02-18 19:19:42',NULL,'1'),(262,20,262,NULL,'Asignación por Matrícula Método Ingreso.','2019-02-18 19:19:58',27,NULL,'1','2019-02-18 19:19:58',NULL,'1'),(263,20,263,NULL,'Asignación por Matrícula Método Ingreso.','2019-02-18 19:20:22',27,NULL,'1','2019-02-18 19:20:22',NULL,'1');
/*!40000 ALTER TABLE `asignacion_paralelo` ENABLE KEYS */;
UNLOCK TABLES;

--
-- Table structure for table `asignatura`
--

DROP TABLE IF EXISTS `asignatura`;
/*!40101 SET @saved_cs_client     = @@character_set_client */;
 SET character_set_client = utf8mb4 ;
CREATE TABLE `asignatura` (
  `asi_id` bigint(20) NOT NULL AUTO_INCREMENT,
  `scon_id` bigint(20) NOT NULL,
  `asi_nombre` varchar(300) NOT NULL,
  `asi_descripcion` varchar(500) NOT NULL,
  `asi_usuario_ingreso` bigint(20) NOT NULL,
  `asi_usuario_modifica` bigint(20) DEFAULT NULL,
  `asi_estado` varchar(1) NOT NULL,
  `asi_fecha_creacion` timestamp NOT NULL DEFAULT CURRENT_TIMESTAMP,
  `asi_fecha_modificacion` timestamp NULL DEFAULT NULL,
  `asi_estado_logico` varchar(1) NOT NULL,
  PRIMARY KEY (`asi_id`),
  KEY `scon_id` (`scon_id`),
  CONSTRAINT `asignatura_ibfk_1` FOREIGN KEY (`scon_id`) REFERENCES `subarea_conocimiento` (`scon_id`)
) ENGINE=InnoDB AUTO_INCREMENT=297 DEFAULT CHARSET=utf8;
/*!40101 SET character_set_client = @saved_cs_client */;

--
-- Dumping data for table `asignatura`
--

LOCK TABLES `asignatura` WRITE;
/*!40000 ALTER TABLE `asignatura` DISABLE KEYS */;
INSERT INTO `asignatura` VALUES (1,1,'Matemáticas - CAN','Matemáticas - CAN',1,NULL,'1','2018-05-09 02:15:37',NULL,'1'),(2,1,'Contabilidad - CAN','Contabilidad - CAN',1,NULL,'1','2018-05-09 02:15:37',NULL,'1'),(3,1,'Técnicas de comunicación oral - CAN','Técnicas de comunicación oral - CAN',1,NULL,'1','2018-05-09 02:16:01',NULL,'1'),(4,1,'Desarrollo del Pensamiento - CAN','Desarrollo del Pensamiento - CAN',1,NULL,'1','2018-05-09 02:16:52',NULL,'1'),(5,1,'Emprendimiento - CAN','Emprendimiento - CAN',1,NULL,'1','2018-05-09 02:16:52',NULL,'1'),(6,1,'Física - CAN','Física - CAN',1,NULL,'1','2018-05-09 02:16:52',NULL,'1'),(7,1,'Actualidad Económica','Actualidad Económica',1,NULL,'1','2019-02-12 21:00:00',NULL,'1'),(8,1,'Administración de Centros De Cómputo','Administración de Centros De Cómputo',1,NULL,'1','2019-02-12 21:00:00',NULL,'1'),(9,1,'Administración de Recursos Humanos','Administración de Recursos Humanos',1,NULL,'1','2019-02-12 21:00:00',NULL,'1'),(10,1,'Administración de Redes','Administración de Redes',1,NULL,'1','2019-02-12 21:00:00',NULL,'1'),(11,1,'Administración de Ventas','Administración de Ventas',1,NULL,'1','2019-02-12 21:00:00',NULL,'1'),(12,1,'Algebra Lineal','Algebra Lineal',1,NULL,'1','2019-02-12 21:00:00',NULL,'1'),(13,1,'Análisis de Redes Eléctricas I','Análisis de Redes Eléctricas I',1,NULL,'1','2019-02-12 21:00:00',NULL,'1'),(14,1,'Auditoría de Calidad-2009','Auditoría de Calidad-2009',1,NULL,'1','2019-02-12 21:00:00',NULL,'1'),(15,1,'Benchmarking','Benchmarking',1,NULL,'1','2019-02-12 21:00:00',NULL,'1'),(16,1,'Competitividad','Competitividad',1,NULL,'1','2019-02-12 21:00:00',NULL,'1'),(17,1,'Comportamiento Profesional y Ambiental 2009','Comportamiento Profesional y Ambiental 2009',1,NULL,'1','2019-02-12 21:00:00',NULL,'1'),(18,1,'Comunicación Oral y Escrita','Comunicación Oral y Escrita',1,NULL,'1','2019-02-12 21:00:00',NULL,'1'),(19,1,'Comunicación Profesional y Liderazgo','Comunicación Profesional y Liderazgo',1,NULL,'1','2019-02-12 21:00:00',NULL,'1'),(20,1,'Conducción de Grupos','Conducción de Grupos',1,NULL,'1','2019-02-12 21:00:00',NULL,'1'),(21,1,'Contabilidad General','Contabilidad General',1,NULL,'1','2019-02-12 21:00:00',NULL,'1'),(22,1,'Contabilidad Gerencial','Contabilidad Gerencial',1,NULL,'1','2019-02-12 21:00:00',NULL,'1'),(23,1,'Contabilidad para el Pre-Universitario','Contabilidad para el Pre-Universitario',1,NULL,'1','2019-02-12 21:00:00',NULL,'1'),(24,1,'Créditos Documentarios-2009','Créditos Documentarios-2009',1,NULL,'1','2019-02-12 21:00:00',NULL,'1'),(25,1,'Derecho','Derecho',1,NULL,'1','2019-02-12 21:00:00',NULL,'1'),(26,1,'Derecho Constitucional – (FT)','Derecho Constitucional – (FT)',1,NULL,'1','2019-02-12 21:00:00',NULL,'1'),(27,1,'Derecho I-2009','Derecho I-2009',1,NULL,'1','2019-02-12 21:00:00',NULL,'1'),(28,1,'Derecho Laboral','Derecho Laboral',1,NULL,'1','2019-02-12 21:00:00',NULL,'1'),(29,1,'Desarrollo del Pensamiento-Pre','Desarrollo del Pensamiento-Pre',1,NULL,'1','2019-02-12 21:00:00',NULL,'1'),(30,1,'Economía del Factor Humano-2009','Economía del Factor Humano-2009',1,NULL,'1','2019-02-12 21:00:00',NULL,'1'),(31,1,'Elementary 1','Elementary 1',1,NULL,'1','2019-02-12 21:00:00',NULL,'1'),(32,1,'Emprendimiento','Emprendimiento',1,NULL,'1','2019-02-12 21:00:00',NULL,'1'),(33,1,'Empresas Multinacionales-2009','Empresas Multinacionales-2009',1,NULL,'1','2019-02-12 21:00:00',NULL,'1'),(34,1,'Epistemología de las Ciencias','Epistemología de las Ciencias',1,NULL,'1','2019-02-12 21:00:00',NULL,'1'),(35,1,'Escuelas y Enfoques Teóricos de la Psicología Apli','Escuelas y Enfoques Teóricos de la Psicología Apli',1,NULL,'1','2019-02-12 21:00:00',NULL,'1'),(36,1,'Epistemología de la Contabilidad','Epistemología de la Contabilidad',1,NULL,'1','2019-02-12 21:00:00',NULL,'1'),(37,1,'Estadística Aplicada II','Estadística Aplicada II',1,NULL,'1','2019-02-12 21:00:00',NULL,'1'),(38,1,'Estadística II','Estadística II',1,NULL,'1','2019-02-12 21:00:00',NULL,'1'),(39,1,'Ética Profesional','Ética Profesional',1,NULL,'1','2019-02-12 21:00:00',NULL,'1'),(40,1,'Evaluación de Sistemas-2009','Evaluación de Sistemas-2009',1,NULL,'1','2019-02-12 21:00:00',NULL,'1'),(41,1,'Evaluación Psicológica II','Evaluación Psicológica II',1,NULL,'1','2019-02-12 21:00:00',NULL,'1'),(42,1,'Finanzas II','Finanzas II',1,NULL,'1','2019-02-12 21:00:00',NULL,'1'),(43,1,'Finanzas Públicas','Finanzas Públicas',1,NULL,'1','2019-02-12 21:00:00',NULL,'1'),(44,1,'Física I','Física I',1,NULL,'1','2019-02-12 21:00:00',NULL,'1'),(45,1,'Física III','Física III',1,NULL,'1','2019-02-12 21:00:00',NULL,'1'),(46,1,'Física para el Pre','Física para el Pre',1,NULL,'1','2019-02-12 21:00:00',NULL,'1'),(47,1,'Francés II','Francés II',1,NULL,'1','2019-02-12 21:00:00',NULL,'1'),(48,1,'Francés III','Francés III',1,NULL,'1','2019-02-12 21:00:00',NULL,'1'),(49,1,'Francés IV','Francés IV',1,NULL,'1','2019-02-12 21:00:00',NULL,'1'),(50,1,'Fundamentos de Administración','Fundamentos de Administración',1,NULL,'1','2019-02-12 21:00:00',NULL,'1'),(51,1,'Fundamentos de Economía','Fundamentos de Economía',1,NULL,'1','2019-02-12 21:00:00',NULL,'1'),(52,1,'Fundamentos de Mercadotecnia','Fundamentos de Mercadotecnia',1,NULL,'1','2019-02-12 21:00:00',NULL,'1'),(53,1,'Gerencia de Recursos Humanos','Gerencia de Recursos Humanos',1,NULL,'1','2019-02-12 21:00:00',NULL,'1'),(54,1,'Gestión de Abastecimiento (4C)','Gestión de Abastecimiento (4C)',1,NULL,'1','2019-02-12 21:00:00',NULL,'1'),(55,1,'Gestión del Alojamiento','Gestión del Alojamiento',1,NULL,'1','2019-02-12 21:00:00',NULL,'1'),(56,1,'Herramientas Informática Portuaria-2009','Herramientas Informática Portuaria-2009',1,NULL,'1','2019-02-12 21:00:00',NULL,'1'),(57,1,'Higiene y Seguridad Laboral','Higiene y Seguridad Laboral',1,NULL,'1','2019-02-12 21:00:00',NULL,'1'),(58,1,'Ingeniería Económica (4C)','Ingeniería Económica (4C)',1,NULL,'1','2019-02-12 21:00:00',NULL,'1'),(59,1,'Inglés Técnico II-2009','Inglés Técnico II-2009',1,NULL,'1','2019-02-12 21:00:00',NULL,'1'),(60,1,'Intermediate 1','Intermediate 1',1,NULL,'1','2019-02-12 21:00:00',NULL,'1'),(61,1,'Intermediate II','Intermediate II',1,NULL,'1','2019-02-12 21:00:00',NULL,'1'),(62,1,'Internet y Herramientas Informáticas Básicas','Internet y Herramientas Informáticas Básicas',1,NULL,'1','2019-02-12 21:00:00',NULL,'1'),(63,1,'Legislación Aplicada-2009','Legislación Aplicada-2009',1,NULL,'1','2019-02-12 21:00:00',NULL,'1'),(64,1,'Macroeconomía II','Macroeconomía II',1,NULL,'1','2019-02-12 21:00:00',NULL,'1'),(65,1,'Marketing I','Marketing I',1,NULL,'1','2019-02-12 21:00:00',NULL,'1'),(66,1,'Marketing II','Marketing II',1,NULL,'1','2019-02-12 21:00:00',NULL,'1'),(67,1,'Marketing Industrial y de Servicios-2009','Marketing Industrial y de Servicios-2009',1,NULL,'1','2019-02-12 21:00:00',NULL,'1'),(68,1,'Matemáticas Aplicada a la Economía-2009','Matemáticas Aplicada a la Economía-2009',1,NULL,'1','2019-02-12 21:00:00',NULL,'1'),(69,1,'Matemáticas Discretas','Matemáticas Discretas',1,NULL,'1','2019-02-12 21:00:00',NULL,'1'),(70,1,'Matemáticas Financiera','Matemáticas Financiera',1,NULL,'1','2019-02-12 21:00:00',NULL,'1'),(71,1,'Matemáticas I','Matemáticas I',1,NULL,'1','2019-02-12 21:00:00',NULL,'1'),(72,1,'Matemáticas II','Matemáticas II',1,NULL,'1','2019-02-12 21:00:00',NULL,'1'),(73,1,'Matemáticas para el Pre-Universitario','Matemáticas para el Pre-Universitario',1,NULL,'1','2019-02-12 21:00:00',NULL,'1'),(74,1,'Medición y Evaluación del Recurso Humano','Medición y Evaluación del Recurso Humano',1,NULL,'1','2019-02-12 21:00:00',NULL,'1'),(75,1,'Métodos de Dirección y Management (4C)','Métodos de Dirección y Management (4C)',1,NULL,'1','2019-02-12 21:00:00',NULL,'1'),(76,1,'Microeconomía','Microeconomía',1,NULL,'1','2019-02-12 21:00:00',NULL,'1'),(77,1,'Monedas e Instituciones Financieras-2009','Monedas e Instituciones Financieras-2009',1,NULL,'1','2019-02-12 21:00:00',NULL,'1'),(78,1,'Normas de Valoración-2009','Normas de Valoración-2009',1,NULL,'1','2019-02-12 21:00:00',NULL,'1'),(79,1,'Normativa de Intercambio Comercial-2009','Normativa de Intercambio Comercial-2009',1,NULL,'1','2019-02-12 21:00:00',NULL,'1'),(80,1,'Operaciones de Medios de Transporte-2009','Operaciones de Medios de Transporte-2009',1,NULL,'1','2019-02-12 21:00:00',NULL,'1'),(81,1,'Operaciones Portuarias-2009','Operaciones Portuarias-2009',1,NULL,'1','2019-02-12 21:00:00',NULL,'1'),(82,1,'Organización Empresarial','Organización Empresarial',1,NULL,'1','2019-02-12 21:00:00',NULL,'1'),(83,1,'Organización Marítima Intl. y Sistemas P','Organización Marítima Intl. y Sistemas P',1,NULL,'1','2019-02-12 21:00:00',NULL,'1'),(84,1,'Pastelería y Repostería','Pastelería y Repostería',1,NULL,'1','2019-02-12 21:00:00',NULL,'1'),(85,1,'Planta Externa-2009','Planta Externa-2009',1,NULL,'1','2019-02-12 21:00:00',NULL,'1'),(86,1,'Pre-Intermediate 1','Pre-Intermediate 1',1,NULL,'1','2019-02-12 21:00:00',NULL,'1'),(87,1,'Pre-Intermediate II','Pre-Intermediate II',1,NULL,'1','2019-02-12 21:00:00',NULL,'1'),(88,1,'Presupuesto','Presupuesto',1,NULL,'1','2019-02-12 21:00:00',NULL,'1'),(89,1,'Presupuesto I-2009','Presupuesto I-2009',1,NULL,'1','2019-02-12 21:00:00',NULL,'1'),(90,1,'Presupuesto II','Presupuesto II',1,NULL,'1','2019-02-12 21:00:00',NULL,'1'),(91,1,'Proyecto Empresarial III','Proyecto Empresarial III',1,NULL,'1','2019-02-12 21:00:00',NULL,'1'),(92,1,'Psicología General','Psicología General - (FT) -TH',1,NULL,'1','2019-02-12 21:00:00',NULL,'1'),(93,1,'Psicología Organizacional I','Psicología Organizacional I',1,NULL,'1','2019-02-12 21:00:00',NULL,'1'),(94,1,'Psicopatología General','Psicopatología General',1,NULL,'1','2019-02-12 21:00:00',NULL,'1'),(95,1,'Public Choice-2009','Public Choice-2009',1,NULL,'1','2019-02-12 21:00:00',NULL,'1'),(96,1,'Reclutamiento y Selección','Reclutamiento y Selección',1,NULL,'1','2019-02-12 21:00:00',NULL,'1'),(97,1,'Redes de Acceso I','Redes de Acceso I',1,NULL,'1','2019-02-12 21:00:00',NULL,'1'),(98,1,'Redes II-2009','Redes II-2009',1,NULL,'1','2019-02-12 21:00:00',NULL,'1'),(99,1,'Sistemas Lineales','Sistemas Lineales',1,NULL,'1','2019-02-12 21:00:00',NULL,'1'),(100,1,'Taller II-2009','Taller II-2009',1,NULL,'1','2019-02-12 21:00:00',NULL,'1'),(101,1,'Taller III-2009','Taller III-2009',1,NULL,'1','2019-02-12 21:00:00',NULL,'1'),(102,1,'Técnicas de Comunicación Oral y Escrita','Técnicas de Comunicación Oral y Escrita',1,NULL,'1','2019-02-12 21:00:00',NULL,'1'),(103,1,'Técnicas de la Comunicación','Técnicas de la Comunicación',1,NULL,'1','2019-02-12 21:00:00',NULL,'1'),(104,1,'Técnicas de Negociación','Técnicas de Negociación',1,NULL,'1','2019-02-12 21:00:00',NULL,'1'),(105,1,'Técnicas de Ventas-2009','Técnicas de Ventas-2009',1,NULL,'1','2019-02-12 21:00:00',NULL,'1'),(106,1,'Trámites Aduaneros-2009','Trámites Aduaneros-2009',1,NULL,'1','2019-02-12 21:00:00',NULL,'1'),(107,1,'Transportación Turística','Transportación Turística',1,NULL,'1','2019-02-12 21:00:00',NULL,'1'),(108,1,'Análisis del Entorno Político y Económico','Análisis del Entorno Político y Económico',1,NULL,'1','2018-02-22 16:30:00',NULL,'1'),(109,1,'Gerencia de Ventas','Gerencia de Ventas',1,NULL,'1','2018-02-22 16:30:00',NULL,'1'),(110,1,'Derecho Empresarial','Derecho Empresarial',1,NULL,'1','2018-02-22 16:30:00',NULL,'1'),(111,1,'Estadística e Introducción a la Econometría','Estadística e Introducción a la Econometría',1,NULL,'1','2018-02-22 16:30:00',NULL,'1'),(112,1,'Estrategias Competitivas','Estrategias Competitivas',1,NULL,'1','2018-02-22 16:30:00',NULL,'1'),(113,1,'Etica y Valores','Etica y Valores',1,NULL,'1','2018-02-22 16:30:00',NULL,'1'),(114,1,'Evaluación de Proyectos y Análisis de Riesgo','Evaluación de Proyectos y Análisis de Riesgo',1,NULL,'1','2018-02-22 16:30:00',NULL,'1'),(115,1,'Eventos y Publicaciones','Eventos y Publicaciones',1,NULL,'1','2018-02-22 16:30:00',NULL,'1'),(116,1,'Gerencia de Finanzas','Gerencia de Finanzas',1,NULL,'1','2018-02-22 16:30:00',NULL,'1'),(117,1,'Gerencia de la Innovación Interna de la Empresa','Gerencia de la Innovación Interna de la Empresa',1,NULL,'1','2018-02-22 16:30:00',NULL,'1'),(118,1,'Gerencia de Marketing','Gerencia de Marketing',1,NULL,'1','2018-02-22 16:30:00',NULL,'1'),(119,1,'Gestión Estratégica del Talento Humano','Gestión Estratégica del Talento Humano',1,NULL,'1','2018-02-22 16:30:00',NULL,'1'),(120,1,'Liderazgo Transformacional','Liderazgo Transformacional',1,NULL,'1','2018-02-22 16:30:00',NULL,'1'),(121,1,'Metodología de la Investigación','Metodología de la Investigación',1,NULL,'1','2018-02-22 16:30:00',NULL,'1'),(122,1,'Saberes y Cultura','Saberes y Cultura',1,NULL,'1','2018-02-22 16:30:00',NULL,'1'),(123,1,'Taller de Titulación I','Taller de Titulación I',1,NULL,'1','2018-02-22 16:30:00',NULL,'1'),(124,1,'Taller de Titulación II','Taller de Titulación II',1,NULL,'1','2018-02-22 16:30:00',NULL,'1'),(125,1,'Taller de Titulacion III','Taller de Titulacion III',1,NULL,'1','2018-02-22 16:30:00',NULL,'1'),(126,1,'Teoría Fundamental de la Organización y Gestión de','Teoría Fundamental de la Organización y Gestión de',1,NULL,'1','2019-02-22 16:30:00',NULL,'1'),(127,1,'Trabajo de Titulación','Trabajo de Titulación',1,NULL,'1','2019-02-22 16:30:00',NULL,'1'),(128,1,'Administración Estratégica','Administración Estratégica',1,NULL,'1','2018-02-22 16:30:00',NULL,'1'),(129,1,'Administración Financiera','Administración Financiera',1,NULL,'1','2018-02-22 16:30:00',NULL,'1'),(130,1,'Análisis Financiero para la Toma de Decisiones','Análisis Financiero para la Toma de Decisiones',1,NULL,'1','2018-02-22 16:30:00',NULL,'1'),(131,1,'Clima y Cultura Organizacional en la Empresa Famil','Clima y Cultura Organizacional en la Empresa Famil',1,NULL,'1','2018-02-22 16:30:00',NULL,'1'),(132,1,'Dirección Estratégica del Marketing','Dirección Estratégica del Marketing',1,NULL,'1','2018-02-22 16:30:00',NULL,'1'),(133,1,'Dirección Estratégica del Talento Humano','Dirección Estratégica del Talento Humano',1,NULL,'1','2018-02-22 16:30:00',NULL,'1'),(134,1,'Epistemología de la Administración','Epistemología de la Administración',1,NULL,'1','2018-02-22 16:30:00',NULL,'1'),(135,1,'Estructura y Organos de Gobierno','Estructura y Organos de Gobierno',1,NULL,'1','2018-02-22 16:30:00',NULL,'1'),(136,1,'Etica y Responsabilidad Social Corporativa','Etica y Responsabilidad Social Corporativa',1,NULL,'1','2018-02-22 16:30:00',NULL,'1'),(137,1,'Gestión de la Propiedad en la Empresa Familiar','Gestión de la Propiedad en la Empresa Familiar',1,NULL,'1','2018-02-22 16:30:00',NULL,'1'),(138,1,'Innovación en la Empresa Familiar','Innovación en la Empresa Familiar',1,NULL,'1','2018-02-22 16:30:00',NULL,'1'),(139,1,'Interculturalidad y Saberes Ancestrales','Interculturalidad y Saberes Ancestrales',1,NULL,'1','2018-02-22 16:30:00',NULL,'1'),(140,1,'Metodología de la Investigación Científica','Metodología de la Investigación Científica',1,NULL,'1','2018-02-22 16:30:00',NULL,'1'),(141,1,'Suseción en la Continuidad de la Empresa Familiar','Suseción en la Continuidad de la Empresa Familiar',1,NULL,'1','2018-02-22 16:30:00',NULL,'1'),(142,1,'Taller de Tesis I','Taller de Tesis I',1,NULL,'1','2018-02-22 16:30:00',NULL,'1'),(143,1,'Taller de Tesis II','Taller de Tesis II',1,NULL,'1','2018-02-22 16:30:00',NULL,'1'),(144,1,'Taller de Tesis III','Taller de Tesis III',1,NULL,'1','2018-02-22 16:30:00',NULL,'1'),(145,1,'Análisis del Entorno Financiero y Tributario','Análisis del Entorno Financiero y Tributario',1,NULL,'1','2018-02-22 16:30:00',NULL,'1'),(146,1,'Neuropsicología','Neuropsicología',1,NULL,'1','2019-02-22 16:30:00',NULL,'1'),(147,1,'Economía (4C)','Economía (4C)',1,NULL,'1','2019-02-22 16:30:00',NULL,'1'),(148,1,'Derecho Tributario','Derecho Tributario',1,NULL,'1','2018-02-22 16:30:00',NULL,'1'),(149,1,'Economía Empresarial','Economía Empresarial',1,NULL,'1','2018-02-22 16:30:00',NULL,'1'),(150,1,'Taller I-2009','Taller I-2009',1,NULL,'1','2018-02-22 16:30:00',NULL,'1'),(151,1,'Estudio y Análisis de IVA e ICE','Estudio y Análisis de IVA e ICE',1,NULL,'1','2018-02-22 16:30:00',NULL,'1'),(152,1,'Estudio y Análisis de otros Tributos','Estudio y Análisis de otros Tributos',1,NULL,'1','2018-02-22 16:30:00',NULL,'1'),(153,1,'Estudio y Análisis Impuesto a la Renta','Estudio y Análisis Impuesto a la Renta',1,NULL,'1','2018-02-22 16:30:00',NULL,'1'),(154,1,'Planeación y Dirección Estratégica','Planeación y Dirección Estratégica',1,NULL,'1','2018-02-22 16:30:00',NULL,'1'),(155,1,'Evaluación de Proyectos','Evaluación de Proyectos',1,NULL,'1','2018-02-22 16:30:00',NULL,'1'),(156,1,'Historia del Ecuador','Historia del Ecuador',1,NULL,'1','2018-02-22 16:30:00',NULL,'1'),(157,1,'Finanzas Corporativas','Finanzas Corporativas',1,NULL,'1','2018-02-22 16:30:00',NULL,'1'),(158,1,'Finanzas Públicas','Finanzas Públicas',1,NULL,'1','2018-02-22 16:30:00',NULL,'1'),(159,1,'Metodología de la Investigación','Metodología de la Investigación',1,NULL,'1','2018-02-22 16:30:00',NULL,'1'),(160,1,'Planificación y Gestión Financiera y Tributaria','Planificación y Gestión Financiera y Tributaria',1,NULL,'1','2018-02-22 16:30:00',NULL,'1'),(161,1,'Presupuesto y Análisis Financiero','Presupuesto y Análisis Financiero',1,NULL,'1','2018-02-22 16:30:00',NULL,'1'),(162,1,'Saberes y Cultura','Saberes y Cultura',1,NULL,'1','2018-02-22 16:30:00',NULL,'1'),(163,1,'Taller de Titulación I','Taller de Titulación I',1,NULL,'1','2018-02-22 16:30:00',NULL,'1'),(164,1,'Taller de Titulación II','Taller de Titulación II',1,NULL,'1','2018-02-22 16:30:00',NULL,'1'),(165,1,'Taller de Titulación III','Taller de Titulación III',1,NULL,'1','2018-02-22 16:30:00',NULL,'1'),(166,1,'Teoría Financiera y Tributaria','Teoría Financiera y Tributaria',1,NULL,'1','2019-02-22 16:30:00',NULL,'1'),(167,1,'Trabajo de Titulación','Trabajo de Titulación',1,NULL,'1','2019-02-22 16:30:00',NULL,'1'),(168,1,'Análisis Cualitativo Aplicado Gestión de Emp Turis','Análisis Cualitativo Aplicado Gestión de Emp Turis',1,NULL,'1','2018-02-22 16:30:00',NULL,'1'),(169,1,'Comunicación Turística','Comunicación Turística',1,NULL,'1','2018-02-22 16:30:00',NULL,'1'),(170,1,'Desarrollo Turístico Sostenible','Desarrollo Turístico Sostenible',1,NULL,'1','2018-02-22 16:30:00',NULL,'1'),(171,1,'Dirección y Gestión de Empresas Turísticas','Dirección y Gestión de Empresas Turísticas',1,NULL,'1','2018-02-22 16:30:00',NULL,'1'),(172,1,'Economía del Turismo','Economía del Turismo',1,NULL,'1','2018-02-22 16:30:00',NULL,'1'),(173,1,'Epistemología de la Administración del Turismo','Epistemología de la Administración del Turismo',1,NULL,'1','2018-02-22 16:30:00',NULL,'1'),(174,1,'Estadística Aplicada a Gestión Empresas Turísticas','Estadística Aplicada a Gestión Empresas Turísticas',1,NULL,'1','2018-02-22 16:30:00',NULL,'1'),(175,1,'Fundamentos Dimensiones y Tendencias del Turismo','Fundamentos Dimensiones y Tendencias del Turismo',1,NULL,'1','2018-02-22 16:30:00',NULL,'1'),(176,1,'Gestión Ambiental del Turismo','Gestión Ambiental del Turismo',1,NULL,'1','2018-02-22 16:30:00',NULL,'1'),(177,1,'Gestión de Alojamiento','Gestión de Alojamiento',1,NULL,'1','2018-02-22 16:30:00',NULL,'1'),(178,1,'Gestión de Destinos Turísticos','Gestión de Destinos Turísticos',1,NULL,'1','2018-02-22 16:30:00',NULL,'1'),(179,1,'Gestión de la Calidad en Empresas Turísticas','Gestión de la Calidad en Empresas Turísticas',1,NULL,'1','2018-02-22 16:30:00',NULL,'1'),(180,1,'Gestión de la Movilidad e Intermediación Turística','Gestión de la Movilidad e Intermediación Turística',1,NULL,'1','2018-02-22 16:30:00',NULL,'1'),(181,1,'Gestión de Recursos y Productos Turísticos','Gestión de Recursos y Productos Turísticos',1,NULL,'1','2018-02-22 16:30:00',NULL,'1'),(182,1,'Gestión de Restauración','Gestión de Restauración',1,NULL,'1','2018-02-22 16:30:00',NULL,'1'),(183,1,'Gestión del Talento Humano','Gestión del Talento Humano',1,NULL,'1','2018-02-22 16:30:00',NULL,'1'),(184,1,'Marketing Turístico','Marketing Turístico',1,NULL,'1','2018-02-22 16:30:00',NULL,'1'),(185,1,'Metodología Investigación Aplicada a Gestión Turis','Metodología Investigación Aplicada a Gestión Turis',1,NULL,'1','2018-02-22 16:30:00',NULL,'1'),(186,1,'Normativas Legales y Jurídicas del Turismo','Normativas Legales y Jurídicas del Turismo',1,NULL,'1','2019-02-22 16:30:00',NULL,'1'),(187,1,'Ocio y Entretenimiento','Ocio y Entretenimiento',1,NULL,'1','2019-02-22 16:30:00',NULL,'1'),(188,1,'Sociología del Turismo y el Ocio','Sociología del Turismo y el Ocio',1,NULL,'1','2018-02-22 16:30:00',NULL,'1'),(189,1,'Taller de Tesis I','Taller de Tesis I',1,NULL,'1','2018-02-22 16:30:00',NULL,'1'),(190,1,'Taller de Tesis II','Taller de Tesis II',1,NULL,'1','2018-02-22 16:30:00',NULL,'1'),(191,1,'Taller de Tesis III','Taller de Tesis III',1,NULL,'1','2018-02-22 16:30:00',NULL,'1'),(192,1,'Tendencias Teóricas y Meto. en Admin. Emp. Turi','Tendencias Teóricas y Meto. en Admin. Emp. Turi',1,NULL,'1','2018-02-22 16:30:00',NULL,'1'),(193,1,'Turismo y Patrimonio Cultural','Turismo y Patrimonio Cultural',1,NULL,'1','2018-02-22 16:30:00',NULL,'1'),(194,1,'Cultura, Clima y Cambio Organizacional','Cultura, Clima y Cambio Organizacional',1,NULL,'1','2018-02-22 16:30:00',NULL,'1'),(195,1,'Diseño de Procesos y Puestos','Diseño de Procesos y Puestos',1,NULL,'1','2018-02-22 16:30:00',NULL,'1'),(196,1,'Estrategia Compensación Incentivos Políticas Salar','Estrategia Compensación Incentivos Políticas Salar',1,NULL,'1','2018-02-22 16:30:00',NULL,'1'),(197,1,'Finanzas para la Toma Decisiones','Finanzas para la Toma Decisiones',1,NULL,'1','2018-02-22 16:30:00',NULL,'1'),(198,1,'Gestión de la Seguridad y Salud Ocupacional','Gestión de la Seguridad y Salud Ocupacional',1,NULL,'1','2018-02-22 16:30:00',NULL,'1'),(199,1,'Gestión del Desempeño y Efectividad Organizacional','Gestión del Desempeño y Efectividad Organizacional',1,NULL,'1','2018-02-22 16:30:00',NULL,'1'),(200,1,'Habilidades Directivas','Habilidades Directivas',1,NULL,'1','2018-02-22 16:30:00',NULL,'1'),(201,1,'Legislación Laboral','Legislación Laboral',1,NULL,'1','2018-02-22 16:30:00',NULL,'1'),(202,1,'Método Cualitativos Cuantitativos de Investigación','Método Cualitativos Cuantitativos de Investigación',1,NULL,'1','2018-02-22 16:30:00',NULL,'1'),(203,1,'Método Invest Científica para Ciencias Sociales','Método Invest Científica para Ciencias Sociales',1,NULL,'1','2018-02-22 16:30:00',NULL,'1'),(204,1,'Modelo Gest Talento Humano y Competencia Laboral','Modelo Gest Talento Humano y Competencia Laboral',1,NULL,'1','2018-02-22 16:30:00',NULL,'1'),(205,1,'Planeamiento Estratégico y Gestión del Cambio','Planeamiento Estratégico y Gestión del Cambio',1,NULL,'1','2018-02-22 16:30:00',NULL,'1'),(206,1,'Reclutamiento y Selección de Personas','Reclutamiento y Selección de Personas',1,NULL,'1','2019-02-22 16:30:00',NULL,'1'),(207,1,'Responsabilidad Social Corporativa','Responsabilidad Social Corporativa',1,NULL,'1','2019-02-22 16:30:00',NULL,'1'),(208,1,'Taller de Trabajo de Titulación I','Taller de Trabajo de Titulación I',1,NULL,'1','2018-02-22 16:30:00',NULL,'1'),(209,1,'Taller de Trabajo de Titulación II','Taller de Trabajo de Titulación II',1,NULL,'1','2018-02-22 16:30:00',NULL,'1'),(210,1,'Taller de Trabajo de Titulación III','Taller de Trabajo de Titulación III',1,NULL,'1','2018-02-22 16:30:00',NULL,'1'),(211,1,'Análisis del Entorno para la Toma de Decisiones','Análisis del Entorno para la Toma de Decisiones',1,NULL,'1','2018-02-22 16:30:00',NULL,'1'),(212,1,'Comportamiento del Consumidor','Comportamiento del Consumidor',1,NULL,'1','2018-02-22 16:30:00',NULL,'1'),(213,1,'Comunicaciones Integradas a la Mercadotecnia','Comunicaciones Integradas a la Mercadotecnia',1,NULL,'1','2018-02-22 16:30:00',NULL,'1'),(214,1,'Costos para la Gestión','Costos para la Gestión',1,NULL,'1','2018-02-22 16:30:00',NULL,'1'),(215,1,'Economía Gerencial con Aplicación al Marketing','Economía Gerencial con Aplicación al Marketing',1,NULL,'1','2018-02-22 16:30:00',NULL,'1'),(216,1,'Epistemología de la Mercadotecnia','Epistemología de la Mercadotecnia',1,NULL,'1','2018-02-22 16:30:00',NULL,'1'),(217,1,'Estrategias de Distribución y Logística','Estrategias de Distribución y Logística',1,NULL,'1','2018-02-22 16:30:00',NULL,'1'),(218,1,'Eventos y Publicaciones','Eventos y Publicaciones',1,NULL,'1','2018-02-22 16:30:00',NULL,'1'),(219,1,'Gobierno Corporativo y Responsabilidad Social','Gobierno Corporativo y Responsabilidad Social',1,NULL,'1','2018-02-22 16:30:00',NULL,'1'),(220,1,'Marco Teórico - Conceptual','Marco Teórico - Conceptual',1,NULL,'1','2018-02-22 16:30:00',NULL,'1'),(221,1,'Marketing Estratégico','Marketing Estratégico',1,NULL,'1','2018-02-22 16:30:00',NULL,'1'),(222,1,'Marketing Internacional','Marketing Internacional',1,NULL,'1','2018-02-22 16:30:00',NULL,'1'),(223,1,'Marketing Roi','Marketing Roi',1,NULL,'1','2018-02-22 16:30:00',NULL,'1'),(224,1,'Marketing Social y Político','Marketing Social y Político',1,NULL,'1','2018-02-22 16:30:00',NULL,'1'),(225,1,'Marketing Turístico y de Experiencia','Marketing Turístico y de Experiencia',1,NULL,'1','2018-02-22 16:30:00',NULL,'1'),(226,1,'Metodología de Investigación Cuantitativa Aplicada','Metodología de Investigación Cuantitativa Aplicada',1,NULL,'1','2019-02-22 16:30:00',NULL,'1'),(227,1,'Metodología de Investigación: Cualitativa Aplicad','Metodología de Investigación: Cualitativa Aplicad',1,NULL,'1','2019-02-22 16:30:00',NULL,'1'),(228,1,'Metodología de la Investigación Aplicada al Trabaj','Metodología de la Investigación Aplicada al Trabaj',1,NULL,'1','2018-02-22 16:30:00',NULL,'1'),(229,1,'Políticas de Productos y Servicios','Políticas de Productos y Servicios',1,NULL,'1','2018-02-22 16:30:00',NULL,'1'),(230,1,'Resultados- Propuesta - Conclusiones','Resultados- Propuesta - Conclusiones',1,NULL,'1','2018-02-22 16:30:00',NULL,'1'),(231,1,'Retailing y Merchandising','Retailing y Merchandising',1,NULL,'1','2018-02-22 16:30:00',NULL,'1'),(232,1,'Saberes y Culturas Ancestrales','Saberes y Culturas Ancestrales',1,NULL,'1','2018-02-22 16:30:00',NULL,'1'),(233,1,'Trabajo de Titulación','Trabajo de Titulación',1,NULL,'1','2018-02-22 16:30:00',NULL,'1'),(234,1,'Análisis Del Entorno','Análisis del Entorno',1,NULL,'1','2018-02-22 16:30:00',NULL,'1'),(235,1,'Comercio Electrónico','Comercio Electrónico',1,NULL,'1','2018-02-22 16:30:00',NULL,'1'),(236,1,'Transporte Internacional-2009','Transporte Internacional-2009',1,NULL,'1','2018-02-22 16:30:00',NULL,'1'),(237,1,'Derecho y Etica Profesional','Derecho y Etica Profesional',1,NULL,'1','2018-02-22 16:30:00',NULL,'1'),(238,1,'Desarrollo de Habilidades Gerenciales','Desarrollo de Habilidades Gerenciales',1,NULL,'1','2018-02-22 16:30:00',NULL,'1'),(239,1,'Desarrollo Organizacional','Desarrollo Organizacional',1,NULL,'1','2018-02-22 16:30:00',NULL,'1'),(240,1,'Finanzas Corporativas','Finanzas Corporativas',1,NULL,'1','2018-02-22 16:30:00',NULL,'1'),(241,1,'Fundamentos Dimensiones Tendencias Innovación Tcnl','Fundamentos Dimensiones Tendencias Innovación Tcnl',1,NULL,'1','2018-02-22 16:30:00',NULL,'1'),(242,1,'Gobernanza de TI Riesgos y Cumplimiento Normativo','Gobernanza de TI Riesgos y Cumplimiento Normativo',1,NULL,'1','2018-02-22 16:30:00',NULL,'1'),(243,1,'Interculturalidad Saberes Ancestrales Estudio Gnro','Interculturalidad Saberes Ancestrales Estudio Gnro',1,NULL,'1','2018-02-22 16:30:00',NULL,'1'),(244,1,'Investigación Operaciones Aplicada a Toma Decisión','Investigación Operaciones Aplicada a Toma Decisión',1,NULL,'1','2018-02-22 16:30:00',NULL,'1'),(245,1,'Marketing y Redes Sociales','Marketing y Redes Sociales',1,NULL,'1','2018-02-22 16:30:00',NULL,'1'),(246,1,'Metodología de la Investigación Científica','Metodología de la Investigación Científica',1,NULL,'1','2019-02-22 16:30:00',NULL,'1'),(247,1,'Métodos Estadísticos','Métodos Estadísticos',1,NULL,'1','2019-02-22 16:30:00',NULL,'1'),(248,1,'Movilidad, Internet de las cosas y Big Data','Movilidad, Internet de las cosas y Big Data',1,NULL,'1','2019-02-22 16:30:00',NULL,'1'),(249,1,'Planeación Estratégica','Planeación Estratégica',1,NULL,'1','2019-02-22 16:30:00',NULL,'1'),(250,1,'Proyectos de Sistemas de Información','Proyectos de Sistemas de Información',1,NULL,'1','2019-02-22 16:30:00',NULL,'1'),(251,1,'Seguridad de la Información','Seguridad de la Información',1,NULL,'1','2019-02-22 16:30:00',NULL,'1'),(252,1,'Sistemas de Información Gerencial','Sistemas de Información Gerencial',1,NULL,'1','2019-02-22 16:30:00',NULL,'1'),(253,1,'Taller de Tesis I','Taller de Tesis I',1,NULL,'1','2019-02-22 16:30:00',NULL,'1'),(254,1,'Taller de Tesis II','Taller de Tesis II',1,NULL,'1','2019-02-22 16:30:00',NULL,'1'),(255,1,'Taller de Tesis III','Taller de Tesis III',1,NULL,'1','2019-02-22 16:30:00',NULL,'1'),(256,1,'Tecnologías Web y Software Libre','Tecnologías Web y Software Libre',1,NULL,'1','2019-02-22 16:30:00',NULL,'1'),(257,1,'Administración de Compensaciones (4C)','Administración de Compensaciones (4C)',1,NULL,'1','2019-09-08 15:30:00',NULL,'1'),(258,1,'Proyecto Empresarial II','Proyecto Empresarial II',1,NULL,'1','2019-09-08 15:30:00',NULL,'1'),(259,1,'Geografía Turística','Geografía Turística',1,NULL,'1','2019-09-08 15:30:00',NULL,'1'),(260,1,'Desarrollo Multimedia I','Desarrollo Multimedia I',1,NULL,'1','2019-09-08 15:30:00',NULL,'1'),(261,1,'Contabilidad II (4C)','Contabilidad II (4C)',1,NULL,'1','2019-09-08 15:30:00',NULL,'1'),(262,1,'Marketing Internacional-2009','Marketing Internacional-2009',1,NULL,'1','2019-09-08 15:30:00',NULL,'1'),(263,1,'Desarrollo Web II-2009','Desarrollo Web II-2009',1,NULL,'1','2019-09-08 15:30:00',NULL,'1'),(264,1,'Sociología del Talento Humano','Sociología del Talento Humano',1,NULL,'1','2019-09-08 15:30:00',NULL,'1'),(265,1,'Estadística I','Estadística I',1,NULL,'1','2019-09-08 15:30:00',NULL,'1'),(266,1,'Epistemología','Epistemología',1,NULL,'1','2019-09-08 15:30:00',NULL,'1'),(267,1,'Cálculo de Varias Variables','Cálculo de Varias Variables',1,NULL,'1','2019-04-12 15:30:00',NULL,'1'),(268,1,'Contabilidad I (4c)','Contabilidad I (4c)',1,NULL,'1','2019-04-12 15:30:00',NULL,'1'),(269,1,'Fundamentos de Comercio Exterior-2009','Fundamentos de Comercio Exterior-2009',1,NULL,'1','2019-04-12 15:30:00',NULL,'1'),(270,1,'Gerencia Operativa (4c)','Gerencia Operativa (4c)',1,NULL,'1','2019-04-12 15:30:00',NULL,'1'),(271,1,'Proyecto Empresarial I-2009','Proyecto Empresarial I-2009',1,NULL,'1','2019-04-12 15:30:00',NULL,'1'),(272,1,'Química General','Química General',1,NULL,'1','2019-04-12 15:30:00',NULL,'1'),(273,1,'Reingeniería en Ventas-2009','Reingeniería en Ventas-2009',1,NULL,'1','2019-04-12 15:30:00',NULL,'1'),(274,1,'Agencia de Viajes I (4C)','Agencia de Viajes I (4C)',1,NULL,'1','2019-04-12 15:30:00',NULL,'1'),(275,1,'Animación y Recreación Turística (4C)','Animación y Recreación Turística (4C)',1,NULL,'1','2019-04-12 15:30:00',NULL,'1'),(276,1,'Auditoría Tributaria I-2009','Auditoría Tributaria I-2009',1,NULL,'1','2019-04-12 15:30:00',NULL,'1'),(277,1,'Auditoría-2009','Auditoría-2009',1,NULL,'1','2019-04-12 15:30:00',NULL,'1'),(278,1,'Coctelería y Bebidas (4C)','Coctelería y Bebidas (4C)',1,NULL,'1','2019-04-12 15:30:00',NULL,'1'),(279,1,'Contratación Internacional-2009','Contratación Internacional-2009',1,NULL,'1','2019-04-12 15:30:00',NULL,'1'),(280,1,'Cultura Organizacional','Cultura Organizacional',1,NULL,'1','2019-09-08 15:30:00',NULL,'1'),(281,1,'Distribución Física Internacional I-2009','Distribución Física Internacional I-2009',1,NULL,'1','2019-04-12 15:30:00',NULL,'1'),(282,1,'Finanzas I','Finanzas I',1,NULL,'1','2019-04-12 15:30:00',NULL,'1'),(283,1,'Investigación de Mercados','Investigación de Mercados',1,NULL,'1','2019-04-12 15:30:00',NULL,'1'),(284,1,'Metodología de la Investigación','Metodología de la Investigación',1,NULL,'1','2019-04-12 15:30:00',NULL,'1'),(285,1,'Procesos Psicológicos','Procesos Psicológicos',1,NULL,'1','2019-04-12 15:30:00',NULL,'1'),(286,1,'Preparación de Alimentos','Preparación de Alimentos',1,NULL,'1','2019-04-12 15:30:00',NULL,'1'),(287,1,'Programación Visual','Programación Visual',1,NULL,'1','2019-04-12 15:30:00',NULL,'1'),(288,1,'Psicosociología del Turismo (4C)','Psicosociología del Turismo (4C)',1,NULL,'1','2019-04-12 15:30:00',NULL,'1'),(289,1,'Seguridad en Redes de Informática-2009','Seguridad en Redes de Informática-2009',1,NULL,'1','2019-04-12 15:30:00',NULL,'1'),(290,1,'Fundamentos de Software Especializados','Fundamentos de Software Especializados',1,NULL,'1','2019-04-12 15:30:00',NULL,'1'),(291,1,'Teoría Electromagnética','Teoría Electromagnética',1,NULL,'1','2019-04-12 15:30:00',NULL,'1'),(292,1,'Tributación I','Tributación I',1,NULL,'1','2019-04-12 15:30:00',NULL,'1'),(293,1,'Tributación II','Tributación II',1,NULL,'1','2019-04-12 15:30:00',NULL,'1'),(294,1,'Fundamentos de Programación','Fundamentos de Programacion',1,NULL,'1','2019-04-12 15:30:00',NULL,'1'),(295,1,'Elaboración de Proyectos de Factibilidad','Elaboración de Proyectos de Factibilidad',1,NULL,'1','2019-04-12 15:30:00',NULL,'1'),(296,1,'Legislación y Derecho Aduanero','Legislación y Derecho Aduanero',1,NULL,'1','2019-04-12 15:30:00',NULL,'1');
/*!40000 ALTER TABLE `asignatura` ENABLE KEYS */;
UNLOCK TABLES;

--
-- Table structure for table `bloque_academico`
--

DROP TABLE IF EXISTS `bloque_academico`;
/*!40101 SET @saved_cs_client     = @@character_set_client */;
 SET character_set_client = utf8mb4 ;
CREATE TABLE `bloque_academico` (
  `baca_id` bigint(20) NOT NULL AUTO_INCREMENT,
  `baca_nombre` varchar(300) NOT NULL,
  `baca_descripcion` varchar(300) NOT NULL,
  `baca_usuario_ingreso` bigint(20) NOT NULL,
  `baca_usuario_modifica` bigint(20) DEFAULT NULL,
  `baca_estado` varchar(1) NOT NULL,
  `baca_fecha_creacion` timestamp NOT NULL DEFAULT CURRENT_TIMESTAMP,
  `baca_fecha_modificacion` timestamp NULL DEFAULT NULL,
  `baca_estado_logico` varchar(1) NOT NULL,
  PRIMARY KEY (`baca_id`)
) ENGINE=InnoDB AUTO_INCREMENT=17 DEFAULT CHARSET=utf8;
/*!40101 SET character_set_client = @saved_cs_client */;

--
-- Dumping data for table `bloque_academico`
--

LOCK TABLES `bloque_academico` WRITE;
/*!40000 ALTER TABLE `bloque_academico` DISABLE KEYS */;
INSERT INTO `bloque_academico` VALUES (1,'B1','Abril - Junio',1,1,'1','2018-10-18 00:12:47',NULL,'1'),(2,'B2','Julio - Agosto',1,1,'1','2018-10-18 00:12:47',NULL,'1'),(3,'B2','Enero - Febrero',1,NULL,'1','2019-04-11 20:00:46',NULL,'1'),(4,'B1','Octubre - Diciembre',1,NULL,'1','2019-04-11 20:00:46',NULL,'1'),(5,'Enero','Enero',1,NULL,'1','2019-04-11 20:00:46',NULL,'1'),(6,'Febrero','Febrero',1,NULL,'1','2019-04-11 20:00:46',NULL,'1'),(7,'Marzo','Marzo',1,NULL,'1','2019-04-11 20:00:46',NULL,'1'),(8,'Abril','Abril',1,NULL,'1','2019-04-11 20:00:46',NULL,'1'),(9,'Mayo','Mayo',1,NULL,'1','2019-04-11 20:00:46',NULL,'1'),(10,'Junio','Junio',1,NULL,'1','2019-04-11 20:00:46',NULL,'1'),(11,'Julio','Julio',1,NULL,'1','2019-04-11 20:00:46',NULL,'1'),(12,'Agosto','Agosto',1,NULL,'1','2019-04-11 20:00:46',NULL,'1'),(13,'Septiembre','Septiembre',1,NULL,'1','2019-04-11 20:00:46',NULL,'1'),(14,'Octubre','Octubre',1,NULL,'1','2019-04-11 20:00:46',NULL,'1'),(15,'Noviembre','Noviembre',1,NULL,'1','2019-04-11 20:00:46',NULL,'1'),(16,'Diciembre','Diciembre',1,NULL,'1','2019-04-11 20:00:46',NULL,'1');
/*!40000 ALTER TABLE `bloque_academico` ENABLE KEYS */;
UNLOCK TABLES;

--
-- Table structure for table `distributivo_academico`
--

DROP TABLE IF EXISTS `distributivo_academico`;
/*!40101 SET @saved_cs_client     = @@character_set_client */;
 SET character_set_client = utf8mb4 ;
CREATE TABLE `distributivo_academico` (
  `daca_id` bigint(20) NOT NULL AUTO_INCREMENT,
  `peac_id` bigint(20) NOT NULL,
  `pro_id` bigint(20) NOT NULL,
  `dhor_id` bigint(20) NOT NULL,
  `daca_fecha_registro` timestamp NULL DEFAULT NULL,
  `daca_usuario_ingreso` bigint(20) NOT NULL,
  `daca_usuario_modifica` bigint(20) DEFAULT NULL,
  `daca_estado` varchar(1) NOT NULL,
  `daca_fecha_creacion` timestamp NOT NULL DEFAULT CURRENT_TIMESTAMP,
  `daca_fecha_modificacion` timestamp NULL DEFAULT NULL,
  `daca_estado_logico` varchar(1) NOT NULL,
  PRIMARY KEY (`daca_id`),
  KEY `peac_id` (`peac_id`),
  KEY `pro_id` (`pro_id`),
  KEY `dhor_id` (`dhor_id`),
  CONSTRAINT `distributivo_academico_ibfk_1` FOREIGN KEY (`peac_id`) REFERENCES `planificacion_estudio_academico` (`peac_id`),
  CONSTRAINT `distributivo_academico_ibfk_2` FOREIGN KEY (`pro_id`) REFERENCES `profesor` (`pro_id`),
  CONSTRAINT `distributivo_academico_ibfk_3` FOREIGN KEY (`dhor_id`) REFERENCES `distributivo_horario` (`dhor_id`)
) ENGINE=InnoDB DEFAULT CHARSET=utf8;
/*!40101 SET character_set_client = @saved_cs_client */;

--
-- Dumping data for table `distributivo_academico`
--

LOCK TABLES `distributivo_academico` WRITE;
/*!40000 ALTER TABLE `distributivo_academico` DISABLE KEYS */;
/*!40000 ALTER TABLE `distributivo_academico` ENABLE KEYS */;
UNLOCK TABLES;

--
-- Table structure for table `distributivo_horario`
--

DROP TABLE IF EXISTS `distributivo_horario`;
/*!40101 SET @saved_cs_client     = @@character_set_client */;
 SET character_set_client = utf8mb4 ;
CREATE TABLE `distributivo_horario` (
  `dhor_id` bigint(20) NOT NULL AUTO_INCREMENT,
  `dia_id` bigint(20) NOT NULL,
  `dhor_hora_inicio` varchar(8) DEFAULT NULL,
  `dhor_hora_fin` varchar(8) DEFAULT NULL,
  `dhor_descripcion` varchar(200) DEFAULT NULL,
  `dhor_usuario_ingreso` bigint(20) NOT NULL,
  `dhor_usuario_modifica` bigint(20) DEFAULT NULL,
  `dhor_fecha_registro` timestamp NULL DEFAULT NULL,
  `dhor_estado` varchar(1) NOT NULL,
  `dhor_fecha_creacion` timestamp NOT NULL DEFAULT CURRENT_TIMESTAMP,
  `dhor_fecha_modificacion` timestamp NULL DEFAULT NULL,
  `dhor_estado_logico` varchar(1) NOT NULL,
  PRIMARY KEY (`dhor_id`)
) ENGINE=InnoDB AUTO_INCREMENT=5 DEFAULT CHARSET=utf8;
/*!40101 SET character_set_client = @saved_cs_client */;

--
-- Dumping data for table `distributivo_horario`
--

LOCK TABLES `distributivo_horario` WRITE;
/*!40000 ALTER TABLE `distributivo_horario` DISABLE KEYS */;
INSERT INTO `distributivo_horario` VALUES (1,1,'07:00','13:00','Matutino',1,NULL,NULL,'1','2018-10-18 00:12:47',NULL,'1'),(2,1,'13:20','18:00','Vespertino',1,NULL,NULL,'1','2018-10-18 00:12:47',NULL,'1'),(3,1,'18:20','22:20','Nocturno',1,NULL,NULL,'1','2018-10-18 00:12:47',NULL,'1'),(4,1,'10:00','17:00','Intensivo',1,NULL,NULL,'1','2018-10-18 00:12:47',NULL,'1');
/*!40000 ALTER TABLE `distributivo_horario` ENABLE KEYS */;
UNLOCK TABLES;

--
-- Table structure for table `estudiante`
--

DROP TABLE IF EXISTS `estudiante`;
/*!40101 SET @saved_cs_client     = @@character_set_client */;
 SET character_set_client = utf8mb4 ;
CREATE TABLE `estudiante` (
  `est_id` bigint(20) NOT NULL AUTO_INCREMENT,
  `per_id` bigint(20) NOT NULL,
  `est_usuario_ingreso` bigint(20) NOT NULL,
  `est_usuario_modifica` bigint(20) DEFAULT NULL,
  `est_estado` varchar(1) NOT NULL,
  `est_fecha_creacion` timestamp NOT NULL DEFAULT CURRENT_TIMESTAMP,
  `est_fecha_modificacion` timestamp NULL DEFAULT NULL,
  `est_estado_logico` varchar(1) NOT NULL,
  PRIMARY KEY (`est_id`)
) ENGINE=InnoDB DEFAULT CHARSET=utf8;
/*!40101 SET character_set_client = @saved_cs_client */;

--
-- Dumping data for table `estudiante`
--

LOCK TABLES `estudiante` WRITE;
/*!40000 ALTER TABLE `estudiante` DISABLE KEYS */;
/*!40000 ALTER TABLE `estudiante` ENABLE KEYS */;
UNLOCK TABLES;

--
-- Table structure for table `estudio_academico`
--

DROP TABLE IF EXISTS `estudio_academico`;
/*!40101 SET @saved_cs_client     = @@character_set_client */;
 SET character_set_client = utf8mb4 ;
CREATE TABLE `estudio_academico` (
  `eaca_id` bigint(20) NOT NULL AUTO_INCREMENT,
  `teac_id` bigint(20) NOT NULL,
  `eaca_nombre` varchar(300) NOT NULL,
  `eaca_descripcion` varchar(500) NOT NULL,
  `eaca_alias` varchar(300) NOT NULL,
  `eaca_usuario_ingreso` bigint(20) NOT NULL,
  `eaca_usuario_modifica` bigint(20) DEFAULT NULL,
  `eaca_estado` varchar(1) NOT NULL,
  `eaca_fecha_creacion` timestamp NOT NULL DEFAULT CURRENT_TIMESTAMP,
  `eaca_fecha_modificacion` timestamp NULL DEFAULT NULL,
  `eaca_estado_logico` varchar(1) NOT NULL,
  PRIMARY KEY (`eaca_id`),
  KEY `teac_id` (`teac_id`),
  CONSTRAINT `estudio_academico_ibfk_1` FOREIGN KEY (`teac_id`) REFERENCES `tipo_estudio_academico` (`teac_id`)
) ENGINE=InnoDB AUTO_INCREMENT=24 DEFAULT CHARSET=utf8;
/*!40101 SET character_set_client = @saved_cs_client */;

--
-- Dumping data for table `estudio_academico`
--

LOCK TABLES `estudio_academico` WRITE;
/*!40000 ALTER TABLE `estudio_academico` DISABLE KEYS */;
INSERT INTO `estudio_academico` VALUES (1,1,'Licenciatura en Comercio Exterior','Licenciatura en Comercio Exterior','licenciatura_en_comercio_exterior',1,NULL,'1','2017-02-01 21:25:00',NULL,'1'),(2,1,'Economía','Economía','economia',1,NULL,'1','2017-02-01 21:25:00',NULL,'1'),(3,1,'Licenciatura en Finanzas','Licenciatura en Finanzas','licenciatura_en_finanzas',1,NULL,'1','2017-02-01 21:25:00',NULL,'1'),(4,1,'Licenciatura en Mercadotecnia','Licenciatura en Mercadotecnia','licenciatura_en_mercadotecnia',1,NULL,'1','2017-02-01 21:25:00',NULL,'1'),(5,1,'Licenciatura en Turismo','Licenciatura en Turismo','licenciatura_en_turismo',1,NULL,'1','2017-02-01 21:25:00',NULL,'1'),(6,1,'Licenciatura en Administracion de Empresas','Licenciatura en Administracion de Empresas','licenciatura_en_administracion_de_empresas',1,NULL,'1','2017-02-01 21:25:00',NULL,'1'),(7,1,'Ingenieria en Software','Ingenieria en Software','ingenieria_en_software',1,NULL,'1','2017-02-01 21:25:00',NULL,'1'),(8,1,'Ingenieria en Telecomunicaciones','Ingenieria en Telecomunicaciones','ingenieria_en_telecomunicaciones',1,NULL,'1','2017-02-01 21:25:00',NULL,'1'),(9,1,'Licenciatura en Contabilidad y Auditoria','Licenciatura en Contabilidad y Auditoria','licenciatura_en_contabilidad_y_auditoria',1,NULL,'1','2017-02-01 21:25:00',NULL,'1'),(10,1,'Ingenieria en Tecnologias de La Información','Ingenieria en Tecnologias de La Información','Ingenieria_en_tecnologias_de_la_información',1,NULL,'1','2017-02-01 21:25:00',NULL,'1'),(11,1,'Ingenieria en Logística y Transporte','Ingenieria en Logística y Transporte','ingenieria_en_logística_y_transporte',1,NULL,'1','2017-02-01 21:25:00',NULL,'1'),(12,1,'Licenciatura en Comunicación','Licenciatura en Comunicación','licenciatura_en_comunicación',1,NULL,'1','2017-02-01 21:25:00',NULL,'1'),(13,1,'Licenciatura en Gestión y Talento Humano','Licenciatura en Gestión y Talento Humano','licenciatura_en_gestión_y_talento_humano',1,NULL,'1','2017-02-01 21:25:00',NULL,'1'),(14,1,'Licenciatura en Administración Portuaria y Aduanera','Licenciatura en Administración Portuaria y Aduanera','licenciatura_en_administración_portuaria_y_aduanera',1,NULL,'1','2017-02-01 21:25:00',NULL,'1'),(15,2,'Administración de Empresas','Administración de Empresas','administración_de_empresas',1,NULL,'1','2017-02-01 21:25:00',NULL,'1'),(16,2,'Finanzas en con Mención en Tributación','Finanzas en con Mención en Tributación','finanzas',1,NULL,'1','2017-02-01 21:25:00',NULL,'1'),(17,2,'Marketing','Marketing','marketing',1,NULL,'1','2017-02-01 21:25:00',NULL,'1'),(18,2,'Sistema de Información Gerencial','Sistema de Información Gerencial','sistema_de_información_gerencial',1,NULL,'1','2017-02-01 21:25:00',NULL,'1'),(19,2,'Gestión de Empresas Turísticas','Gestión de Empresas Turísticas','turismo',1,NULL,'1','2017-02-01 21:25:00',NULL,'1'),(20,2,'Gestión del Talento Humano','Gestión del Talento Humano','talento_humano',1,NULL,'1','2017-02-01 21:25:00',NULL,'1'),(21,2,'Dirección Estratégica en Empresas Familiares','Dirección Estratégica en Empresas Familiares','empresas_familiares',1,NULL,'1','2017-02-01 21:25:00',NULL,'1'),(22,2,'Gestión en Procesos Organizacionales','Gestión en Procesos Organizacionales','investigación',1,NULL,'1','2017-02-01 21:25:00',NULL,'1'),(23,2,'Negocios Internacionales','Negocios Internacionales','negocios_internacionales',1,NULL,'1','2019-02-11 23:00:00',NULL,'1');
/*!40000 ALTER TABLE `estudio_academico` ENABLE KEYS */;
UNLOCK TABLES;

--
-- Table structure for table `estudio_academico_area_conocimiento`
--

DROP TABLE IF EXISTS `estudio_academico_area_conocimiento`;
/*!40101 SET @saved_cs_client     = @@character_set_client */;
 SET character_set_client = utf8mb4 ;
CREATE TABLE `estudio_academico_area_conocimiento` (
  `eaac_id` bigint(20) NOT NULL AUTO_INCREMENT,
  `eaca_id` bigint(20) DEFAULT NULL,
  `mest_id` bigint(20) DEFAULT NULL,
  `acon_id` bigint(20) NOT NULL,
  `eaac_estado` varchar(1) NOT NULL,
  `eaac_fecha_creacion` timestamp NOT NULL DEFAULT CURRENT_TIMESTAMP,
  `eaac_fecha_modificacion` timestamp NULL DEFAULT NULL,
  `eaac_estado_logico` varchar(1) NOT NULL,
  PRIMARY KEY (`eaac_id`),
  KEY `eaca_id` (`eaca_id`),
  KEY `mest_id` (`mest_id`),
  KEY `acon_id` (`acon_id`),
  CONSTRAINT `estudio_academico_area_conocimiento_ibfk_1` FOREIGN KEY (`eaca_id`) REFERENCES `estudio_academico` (`eaca_id`),
  CONSTRAINT `estudio_academico_area_conocimiento_ibfk_2` FOREIGN KEY (`mest_id`) REFERENCES `modulo_estudio` (`mest_id`),
  CONSTRAINT `estudio_academico_area_conocimiento_ibfk_3` FOREIGN KEY (`acon_id`) REFERENCES `area_conocimiento` (`acon_id`)
) ENGINE=InnoDB AUTO_INCREMENT=24 DEFAULT CHARSET=utf8;
/*!40101 SET character_set_client = @saved_cs_client */;

--
-- Dumping data for table `estudio_academico_area_conocimiento`
--

LOCK TABLES `estudio_academico_area_conocimiento` WRITE;
/*!40000 ALTER TABLE `estudio_academico_area_conocimiento` DISABLE KEYS */;
INSERT INTO `estudio_academico_area_conocimiento` VALUES (1,1,NULL,4,'1','2019-01-16 06:22:45',NULL,'1'),(2,2,NULL,4,'1','2019-01-16 06:22:45',NULL,'1'),(3,3,NULL,4,'1','2019-01-16 06:22:45',NULL,'1'),(4,4,NULL,4,'1','2019-01-16 06:22:45',NULL,'1'),(5,5,NULL,9,'1','2019-01-16 06:22:45',NULL,'1'),(6,6,NULL,4,'1','2019-01-16 06:22:45',NULL,'1'),(7,7,NULL,5,'1','2019-01-16 06:22:45',NULL,'1'),(8,8,NULL,6,'1','2019-01-16 06:22:45',NULL,'1'),(9,9,NULL,4,'1','2019-01-16 06:22:45',NULL,'1'),(10,10,NULL,5,'1','2019-01-16 06:22:45',NULL,'1'),(11,11,NULL,9,'1','2019-01-16 06:22:45',NULL,'1'),(12,13,NULL,4,'1','2019-01-16 06:22:45',NULL,'1'),(13,12,NULL,4,'1','2019-03-27 14:20:45',NULL,'1'),(14,14,NULL,6,'1','2019-03-27 14:20:45',NULL,'1'),(15,15,NULL,4,'1','2019-03-27 14:20:45',NULL,'1'),(16,16,NULL,4,'1','2019-03-27 14:20:45',NULL,'1'),(17,17,NULL,4,'1','2019-03-27 14:20:45',NULL,'1'),(18,18,NULL,5,'1','2019-03-27 14:20:45',NULL,'1'),(19,19,NULL,8,'1','2019-03-27 14:20:45',NULL,'1'),(20,20,NULL,3,'1','2019-03-27 14:20:45',NULL,'1'),(21,21,NULL,9,'1','2019-03-27 14:20:45',NULL,'1'),(22,22,NULL,4,'1','2019-03-27 14:20:45',NULL,'1'),(23,23,NULL,10,'1','2019-03-27 14:20:45',NULL,'1');
/*!40000 ALTER TABLE `estudio_academico_area_conocimiento` ENABLE KEYS */;
UNLOCK TABLES;

--
-- Table structure for table `formacion_malla_academica`
--

DROP TABLE IF EXISTS `formacion_malla_academica`;
/*!40101 SET @saved_cs_client     = @@character_set_client */;
 SET character_set_client = utf8mb4 ;
CREATE TABLE `formacion_malla_academica` (
  `fmac_id` bigint(20) NOT NULL AUTO_INCREMENT,
  `fmac_codigo` varchar(5) NOT NULL,
  `fmac_nombre` varchar(200) NOT NULL,
  `fmac_descripcion` varchar(500) NOT NULL,
  `fmac_usuario_ingreso` bigint(20) NOT NULL,
  `fmac_usuario_modifica` bigint(20) DEFAULT NULL,
  `fmac_estado` varchar(1) NOT NULL,
  `fmac_fecha_creacion` timestamp NOT NULL DEFAULT CURRENT_TIMESTAMP,
  `fmac_fecha_modificacion` timestamp NULL DEFAULT NULL,
  `fmac_estado_logico` varchar(1) NOT NULL,
  PRIMARY KEY (`fmac_id`)
) ENGINE=InnoDB AUTO_INCREMENT=7 DEFAULT CHARSET=utf8;
/*!40101 SET character_set_client = @saved_cs_client */;

--
-- Dumping data for table `formacion_malla_academica`
--

LOCK TABLES `formacion_malla_academica` WRITE;
/*!40000 ALTER TABLE `formacion_malla_academica` DISABLE KEYS */;
INSERT INTO `formacion_malla_academica` VALUES (1,'FT','Fundamentos Teóricos','Fundamentos Teóricos',1,NULL,'1','2018-10-18 00:12:39',NULL,'1'),(2,'PP','Praxis Profesional','Praxis Profesional',1,NULL,'1','2018-10-18 00:12:39',NULL,'1'),(3,'EMI','Epistemología y Metodología de la Investigación','Epistemología y Metodología de la Investigación',1,NULL,'1','2018-10-18 00:12:39',NULL,'1'),(4,'ISSC','Integración de Saberes, Contexto y Cultura','Integración de Saberes, Contexto y Cultura',1,NULL,'1','2018-10-18 00:12:39',NULL,'1'),(5,'CL','Comunicación y Lenguaje','Comunicación y Lenguaje',1,NULL,'1','2018-10-18 00:12:39',NULL,'1'),(6,'CN','Can','Can',1,NULL,'1','2018-10-18 00:12:39',NULL,'1');
/*!40000 ALTER TABLE `formacion_malla_academica` ENABLE KEYS */;
UNLOCK TABLES;

--
-- Table structure for table `horario_asignatura_periodo`
--

DROP TABLE IF EXISTS `horario_asignatura_periodo`;
/*!40101 SET @saved_cs_client     = @@character_set_client */;
 SET character_set_client = utf8mb4 ;
CREATE TABLE `horario_asignatura_periodo` (
  `hape_id` bigint(20) NOT NULL AUTO_INCREMENT,
  `asi_id` bigint(20) NOT NULL,
  `paca_id` bigint(20) NOT NULL,
  `pro_id` bigint(20) NOT NULL,
  `uaca_id` bigint(20) NOT NULL,
  `mod_id` bigint(20) NOT NULL,
  `dia_id` bigint(20) NOT NULL,
  `hape_fecha_clase` timestamp NULL DEFAULT NULL,
  `hape_hora_entrada` varchar(10) NOT NULL,
  `hape_hora_salida` varchar(10) NOT NULL,
  `hape_estado` varchar(1) NOT NULL,
  `hape_fecha_creacion` timestamp NOT NULL DEFAULT CURRENT_TIMESTAMP,
  `hape_fecha_modificacion` timestamp NULL DEFAULT NULL,
  `hape_estado_logico` varchar(1) NOT NULL,
  PRIMARY KEY (`hape_id`),
  KEY `asi_id` (`asi_id`),
  KEY `paca_id` (`paca_id`),
  KEY `pro_id` (`pro_id`),
  KEY `uaca_id` (`uaca_id`),
  KEY `mod_id` (`mod_id`),
  CONSTRAINT `horario_asignatura_periodo_ibfk_1` FOREIGN KEY (`asi_id`) REFERENCES `asignatura` (`asi_id`),
  CONSTRAINT `horario_asignatura_periodo_ibfk_2` FOREIGN KEY (`paca_id`) REFERENCES `periodo_academico` (`paca_id`),
  CONSTRAINT `horario_asignatura_periodo_ibfk_3` FOREIGN KEY (`pro_id`) REFERENCES `profesor` (`pro_id`),
  CONSTRAINT `horario_asignatura_periodo_ibfk_4` FOREIGN KEY (`uaca_id`) REFERENCES `unidad_academica` (`uaca_id`),
  CONSTRAINT `horario_asignatura_periodo_ibfk_5` FOREIGN KEY (`mod_id`) REFERENCES `modalidad` (`mod_id`)
) ENGINE=InnoDB AUTO_INCREMENT=560 DEFAULT CHARSET=utf8;
/*!40101 SET character_set_client = @saved_cs_client */;

--
-- Dumping data for table `horario_asignatura_periodo`
--

LOCK TABLES `horario_asignatura_periodo` WRITE;
/*!40000 ALTER TABLE `horario_asignatura_periodo` DISABLE KEYS */;
INSERT INTO `horario_asignatura_periodo` VALUES (1,257,1,11,1,3,6,NULL,'07:15:00','10:15:00','1','2019-04-11 20:22:01',NULL,'1'),(2,258,1,7,1,3,6,NULL,'07:15:00','10:15:00','1','2019-04-11 20:22:01',NULL,'1'),(3,62,1,2,1,3,6,NULL,'07:15:00','10:15:00','1','2019-04-11 20:22:01',NULL,'1'),(4,74,1,9,1,3,6,NULL,'10:30:00','13:30:00','1','2019-04-11 20:22:01',NULL,'1'),(5,260,1,2,1,3,6,NULL,'10:30:00','13:30:00','1','2019-04-11 20:22:01',NULL,'1'),(6,261,1,4,1,3,6,NULL,'10:30:00','13:30:00','1','2019-04-11 20:22:01',NULL,'1'),(7,262,1,11,1,3,6,NULL,'10:30:00','13:30:00','1','2019-04-11 20:22:01',NULL,'1'),(8,93,1,5,1,3,6,NULL,'10:30:00','13:30:00','1','2019-04-11 20:22:01',NULL,'1'),(9,263,1,6,1,3,6,NULL,'14:30:00','17:30:00','1','2019-04-11 20:22:02',NULL,'1'),(10,71,1,1,1,4,6,'2019-04-13 09:00:00','08:15:00','10:15:00','1','2019-04-11 20:22:02',NULL,'1'),(11,266,1,8,1,4,6,'2019-04-13 09:00:00','08:15:00','10:15:00','1','2019-04-11 20:22:02',NULL,'1'),(12,264,1,9,1,4,6,'2019-04-13 09:00:00','08:15:00','10:15:00','1','2019-04-11 20:22:02',NULL,'1'),(13,265,1,10,1,4,6,'2019-04-13 09:00:00','10:30:00','12:30:00','1','2019-04-11 20:22:02',NULL,'1'),(14,50,1,7,1,4,6,'2019-04-13 09:00:00','10:30:00','12:30:00','1','2019-04-11 20:22:02',NULL,'1'),(15,72,1,3,1,4,6,'2019-04-13 09:00:00','13:30:00','15:30:00','1','2019-04-11 20:22:02',NULL,'1'),(16,22,1,4,1,4,6,'2019-04-13 09:00:00','13:30:00','15:30:00','1','2019-04-11 20:22:02',NULL,'1'),(17,92,1,5,1,4,6,'2019-04-13 09:00:00','13:30:00','15:30:00','1','2019-04-11 20:22:02',NULL,'1'),(18,39,1,12,1,4,6,'2019-04-13 09:00:00','13:30:00','15:30:00','1','2019-04-11 20:22:02',NULL,'1'),(19,267,1,47,1,2,1,NULL,'11:00:00','13:00:00','1','2019-04-13 01:20:57',NULL,'1'),(20,267,1,47,1,2,2,NULL,'11:00:00','13:00:00','1','2019-04-13 01:20:58',NULL,'1'),(21,267,1,47,1,2,4,NULL,'11:00:00','13:00:00','1','2019-04-13 01:20:58',NULL,'1'),(22,268,1,50,1,2,1,NULL,'09:00:00','11:00:00','1','2019-04-13 01:20:58',NULL,'1'),(23,268,1,50,1,2,2,NULL,'09:00:00','11:00:00','1','2019-04-13 01:20:59',NULL,'1'),(24,268,1,50,1,2,4,NULL,'09:00:00','11:00:00','1','2019-04-13 01:20:59',NULL,'1'),(25,38,1,48,1,2,1,NULL,'11:00:00','13:00:00','1','2019-04-13 01:20:59',NULL,'1'),(26,38,1,48,1,2,2,NULL,'11:00:00','13:00:00','1','2019-04-13 01:20:59',NULL,'1'),(27,38,1,48,1,2,4,NULL,'11:00:00','13:00:00','1','2019-04-13 01:20:59',NULL,'1'),(28,39,1,38,1,2,3,NULL,'09:00:00','12:00:00','1','2019-04-13 01:20:59',NULL,'1'),(29,269,1,24,1,2,1,NULL,'13:30:00','15:30:00','1','2019-04-13 01:21:00',NULL,'1'),(30,269,1,24,1,2,2,NULL,'13:30:00','15:30:00','1','2019-04-13 01:21:00',NULL,'1'),(31,269,1,24,1,2,4,NULL,'13:30:00','15:30:00','1','2019-04-13 01:21:00',NULL,'1'),(32,52,1,51,1,2,1,NULL,'13:30:00','15:30:00','1','2019-04-13 01:21:01',NULL,'1'),(33,52,1,51,1,2,2,NULL,'13:30:00','15:30:00','1','2019-04-13 01:21:01',NULL,'1'),(34,52,1,51,1,2,4,NULL,'13:30:00','15:30:00','1','2019-04-13 01:21:01',NULL,'1'),(35,294,1,6,1,2,1,NULL,'09:00:00','11:00:00','1','2019-04-13 01:21:01',NULL,'1'),(36,294,1,6,1,2,2,NULL,'09:00:00','11:00:00','1','2019-04-13 01:21:01',NULL,'1'),(37,294,1,6,1,2,4,NULL,'09:00:00','11:00:00','1','2019-04-13 01:21:01',NULL,'1'),(38,270,1,39,1,2,1,NULL,'09:00:00','11:00:00','1','2019-04-13 01:21:01',NULL,'1'),(39,270,1,39,1,2,2,NULL,'09:00:00','11:00:00','1','2019-04-13 01:21:01',NULL,'1'),(40,270,1,39,1,2,4,NULL,'09:00:00','11:00:00','1','2019-04-13 01:21:01',NULL,'1'),(41,62,1,10,1,2,1,NULL,'11:00:00','13:00:00','1','2019-04-13 01:21:01',NULL,'1'),(42,62,1,10,1,2,2,NULL,'11:00:00','13:00:00','1','2019-04-13 01:21:01',NULL,'1'),(43,62,1,10,1,2,4,NULL,'11:00:00','13:00:00','1','2019-04-13 01:21:01',NULL,'1'),(44,71,1,1,1,2,1,NULL,'11:00:00','13:00:00','1','2019-04-13 01:21:01',NULL,'1'),(45,71,1,1,1,2,2,NULL,'11:00:00','13:00:00','1','2019-04-13 01:21:01',NULL,'1'),(46,71,1,1,1,2,4,NULL,'11:00:00','13:00:00','1','2019-04-13 01:21:01',NULL,'1'),(47,72,1,3,1,2,1,NULL,'11:00:00','13:00:00','1','2019-04-13 01:21:02',NULL,'1'),(48,72,1,3,1,2,2,NULL,'11:00:00','13:00:00','1','2019-04-13 01:21:02',NULL,'1'),(49,72,1,3,1,2,4,NULL,'11:00:00','13:00:00','1','2019-04-13 01:21:02',NULL,'1'),(50,75,1,40,1,2,1,NULL,'11:00:00','13:00:00','1','2019-04-13 01:21:02',NULL,'1'),(51,75,1,40,1,2,2,NULL,'11:00:00','13:00:00','1','2019-04-13 01:21:02',NULL,'1'),(52,75,1,40,1,2,4,NULL,'11:00:00','13:00:00','1','2019-04-13 01:21:02',NULL,'1'),(53,76,1,30,1,2,1,NULL,'09:00:00','11:00:00','1','2019-04-13 01:21:02',NULL,'1'),(54,76,1,30,1,2,2,NULL,'09:00:00','11:00:00','1','2019-04-13 01:21:02',NULL,'1'),(55,76,1,30,1,2,4,NULL,'09:00:00','11:00:00','1','2019-04-13 01:21:02',NULL,'1'),(56,82,1,22,1,2,1,NULL,'11:00:00','13:00:00','1','2019-04-13 01:21:02',NULL,'1'),(57,82,1,22,1,2,1,NULL,'11:00:00','13:00:00','1','2019-04-13 01:21:02',NULL,'1'),(58,82,1,22,1,2,2,NULL,'11:00:00','13:00:00','1','2019-04-13 01:21:02',NULL,'1'),(59,82,1,22,1,2,4,NULL,'11:00:00','13:00:00','1','2019-04-13 01:21:02',NULL,'1'),(60,271,1,7,1,2,1,NULL,'09:00:00','11:00:00','1','2019-04-13 01:21:02',NULL,'1'),(61,271,1,7,1,2,2,NULL,'09:00:00','11:00:00','1','2019-04-13 01:21:02',NULL,'1'),(62,271,1,7,1,2,4,NULL,'09:00:00','11:00:00','1','2019-04-13 01:21:02',NULL,'1'),(63,272,1,14,1,2,2,NULL,'13:30:00','16:30:00','1','2019-04-13 01:21:02',NULL,'1'),(64,272,1,14,1,2,5,NULL,'13:30:00','16:30:00','1','2019-04-13 01:21:02',NULL,'1'),(65,101,1,26,1,2,1,NULL,'13:30:00','15:30:00','1','2019-04-13 01:21:02',NULL,'1'),(66,101,1,26,1,2,2,NULL,'13:30:00','15:30:00','1','2019-04-13 01:21:02',NULL,'1'),(67,101,1,26,1,2,4,NULL,'13:30:00','15:30:00','1','2019-04-13 01:21:03',NULL,'1'),(68,102,1,41,1,2,1,NULL,'09:00:00','11:00:00','1','2019-04-13 01:21:03',NULL,'1'),(69,102,1,41,1,2,2,NULL,'09:00:00','11:00:00','1','2019-04-13 01:21:03',NULL,'1'),(70,102,1,41,1,2,4,NULL,'09:00:00','11:00:00','1','2019-04-13 01:21:03',NULL,'1'),(71,129,1,42,1,2,3,NULL,'18:20:00','21:20:00','1','2019-04-13 01:21:03',NULL,'1'),(72,129,1,42,1,2,5,NULL,'18:20:00','21:20:00','1','2019-04-13 01:21:04',NULL,'1'),(73,274,1,12,1,2,3,NULL,'18:20:00','21:20:00','1','2019-04-13 01:21:04',NULL,'1'),(74,274,1,12,1,2,5,NULL,'18:20:00','21:20:00','1','2019-04-13 01:21:05',NULL,'1'),(75,275,1,12,1,2,1,NULL,'20:20:00','22:20:00','1','2019-04-13 01:21:05',NULL,'1'),(76,275,1,12,1,2,2,NULL,'20:20:00','22:20:00','1','2019-04-13 01:21:05',NULL,'1'),(77,275,1,12,1,2,4,NULL,'20:20:00','22:20:00','1','2019-04-13 01:21:05',NULL,'1'),(78,276,1,20,1,2,3,NULL,'18:20:00','21:20:00','1','2019-04-13 01:21:05',NULL,'1'),(79,276,1,20,1,2,5,NULL,'18:20:00','21:20:00','1','2019-04-13 01:21:05',NULL,'1'),(80,277,1,33,1,2,1,NULL,'18:20:00','20:20:00','1','2019-04-13 01:21:05',NULL,'1'),(81,277,1,33,1,2,2,NULL,'18:20:00','20:20:00','1','2019-04-13 01:21:05',NULL,'1'),(82,277,1,33,1,2,4,NULL,'18:20:00','20:20:00','1','2019-04-13 01:21:05',NULL,'1'),(83,278,1,29,1,2,1,NULL,'18:20:00','20:20:00','1','2019-04-13 01:21:05',NULL,'1'),(84,278,1,29,1,2,2,NULL,'18:20:00','20:20:00','1','2019-04-13 01:21:05',NULL,'1'),(85,278,1,29,1,2,4,NULL,'18:20:00','20:20:00','1','2019-04-13 01:21:05',NULL,'1'),(86,102,1,26,1,2,1,NULL,'18:20:00','20:20:00','1','2019-04-13 01:21:05',NULL,'1'),(87,102,1,26,1,2,2,NULL,'18:20:00','20:20:00','1','2019-04-13 01:21:06',NULL,'1'),(88,102,1,26,1,2,4,NULL,'18:20:00','20:20:00','1','2019-04-13 01:21:06',NULL,'1'),(89,268,1,32,1,2,1,NULL,'18:20:00','20:20:00','1','2019-04-13 01:21:06',NULL,'1'),(90,268,1,32,1,2,2,NULL,'18:20:00','20:20:00','1','2019-04-13 01:21:06',NULL,'1'),(91,268,1,32,1,2,4,NULL,'18:20:00','20:20:00','1','2019-04-13 01:21:06',NULL,'1'),(92,279,1,16,1,2,3,NULL,'18:20:00','21:20:00','1','2019-04-13 01:21:06',NULL,'1'),(93,279,1,16,1,2,5,NULL,'18:20:00','21:20:00','1','2019-04-13 01:21:06',NULL,'1'),(94,280,1,23,1,2,1,NULL,'20:20:00','22:20:00','1','2019-04-13 01:21:06',NULL,'1'),(95,280,1,23,1,2,2,NULL,'20:20:00','22:20:00','1','2019-04-13 01:21:06',NULL,'1'),(96,280,1,23,1,2,4,NULL,'20:20:00','22:20:00','1','2019-04-13 01:21:06',NULL,'1'),(97,281,1,43,1,2,1,NULL,'20:20:00','22:20:00','1','2019-04-13 01:21:06',NULL,'1'),(98,281,1,43,1,2,2,NULL,'20:20:00','22:20:00','1','2019-04-13 01:21:06',NULL,'1'),(99,281,1,43,1,2,4,NULL,'20:20:00','22:20:00','1','2019-04-13 01:21:06',NULL,'1'),(100,295,1,19,1,2,1,NULL,'18:20:00','20:20:00','1','2019-04-13 01:21:06',NULL,'1'),(101,295,1,19,1,2,2,NULL,'18:20:00','20:20:00','1','2019-04-13 01:21:06',NULL,'1'),(102,295,1,19,1,2,4,NULL,'18:20:00','20:20:00','1','2019-04-13 01:21:06',NULL,'1'),(103,38,1,27,1,2,1,NULL,'20:20:00','22:20:00','1','2019-04-13 01:21:07',NULL,'1'),(104,38,1,27,1,2,2,NULL,'20:20:00','22:20:00','1','2019-04-13 01:21:07',NULL,'1'),(105,38,1,27,1,2,4,NULL,'20:20:00','22:20:00','1','2019-04-13 01:21:07',NULL,'1'),(106,39,1,38,1,2,3,NULL,'18:20:00','21:20:00','1','2019-04-13 01:21:07',NULL,'1'),(107,39,1,38,1,2,5,NULL,'18:20:00','21:20:00','1','2019-04-13 01:21:07',NULL,'1'),(108,282,1,28,1,2,1,NULL,'20:20:00','22:20:00','1','2019-04-13 01:21:07',NULL,'1'),(109,282,1,28,1,2,2,NULL,'20:20:00','22:20:00','1','2019-04-13 01:21:07',NULL,'1'),(110,282,1,28,1,2,4,NULL,'20:20:00','22:20:00','1','2019-04-13 01:21:07',NULL,'1'),(111,282,1,33,1,2,1,NULL,'20:20:00','22:20:00','1','2019-04-13 01:21:07',NULL,'1'),(112,282,1,33,1,2,2,NULL,'20:20:00','22:20:00','1','2019-04-13 01:21:07',NULL,'1'),(113,282,1,33,1,2,4,NULL,'20:20:00','22:20:00','1','2019-04-13 01:21:07',NULL,'1'),(114,269,1,21,1,2,3,NULL,'18:20:00','21:20:00','1','2019-04-13 01:21:08',NULL,'1'),(115,269,1,21,1,2,5,NULL,'18:20:00','21:20:00','1','2019-04-13 01:21:08',NULL,'1'),(116,52,1,51,1,2,3,NULL,'18:20:00','21:20:00','1','2019-04-13 01:21:08',NULL,'1'),(117,52,1,51,1,2,5,NULL,'18:20:00','21:20:00','1','2019-04-13 01:21:08',NULL,'1'),(118,270,1,28,1,2,1,NULL,'18:20:00','20:20:00','1','2019-04-13 01:21:08',NULL,'1'),(119,270,1,28,1,2,2,NULL,'18:20:00','20:20:00','1','2019-04-13 01:21:08',NULL,'1'),(120,270,1,28,1,2,4,NULL,'18:20:00','20:20:00','1','2019-04-13 01:21:08',NULL,'1'),(121,54,1,17,1,2,3,NULL,'18:20:00','21:20:00','1','2019-04-13 01:21:08',NULL,'1'),(122,54,1,17,1,2,5,NULL,'18:20:00','21:20:00','1','2019-04-13 01:21:08',NULL,'1'),(123,58,1,44,1,2,1,NULL,'18:20:00','20:20:00','1','2019-04-13 01:21:08',NULL,'1'),(124,58,1,44,1,2,2,NULL,'18:20:00','20:20:00','1','2019-04-13 01:21:08',NULL,'1'),(125,58,1,44,1,2,4,NULL,'18:20:00','20:20:00','1','2019-04-13 01:21:08',NULL,'1'),(126,62,1,2,1,2,1,NULL,'20:20:00','22:20:00','1','2019-04-13 01:21:08',NULL,'1'),(127,62,1,2,1,2,2,NULL,'20:20:00','22:20:00','1','2019-04-13 01:21:08',NULL,'1'),(128,62,1,2,1,2,4,NULL,'20:20:00','22:20:00','1','2019-04-13 01:21:08',NULL,'1'),(129,283,1,37,1,2,1,NULL,'20:20:00','22:20:00','1','2019-04-13 01:21:09',NULL,'1'),(130,283,1,37,1,2,2,NULL,'20:20:00','22:20:00','1','2019-04-13 01:21:09',NULL,'1'),(131,283,1,37,1,2,4,NULL,'20:20:00','22:20:00','1','2019-04-13 01:21:09',NULL,'1'),(132,296,1,24,1,2,1,NULL,'18:20:00','20:20:00','1','2019-04-13 01:21:09',NULL,'1'),(133,296,1,24,1,2,2,NULL,'18:20:00','20:20:00','1','2019-04-13 01:21:09',NULL,'1'),(134,296,1,24,1,2,4,NULL,'18:20:00','20:20:00','1','2019-04-13 01:21:09',NULL,'1'),(135,64,1,49,1,2,2,NULL,'18:20:00','20:20:00','1','2019-04-13 01:21:09',NULL,'1'),(136,64,1,49,1,2,4,NULL,'18:20:00','20:20:00','1','2019-04-13 01:21:09',NULL,'1'),(137,64,1,49,1,2,5,NULL,'18:20:00','20:20:00','1','2019-04-13 01:21:09',NULL,'1'),(138,72,1,34,1,2,1,NULL,'20:20:00','22:20:00','1','2019-04-13 01:21:10',NULL,'1'),(139,72,1,34,1,2,2,NULL,'20:20:00','22:20:00','1','2019-04-13 01:21:10',NULL,'1'),(140,72,1,34,1,2,4,NULL,'20:20:00','22:20:00','1','2019-04-13 01:21:10',NULL,'1'),(141,121,1,15,1,2,1,NULL,'20:20:00','22:20:00','1','2019-04-13 01:21:10',NULL,'1'),(142,121,1,15,1,2,2,NULL,'20:20:00','22:20:00','1','2019-04-13 01:21:10',NULL,'1'),(143,121,1,15,1,2,4,NULL,'20:20:00','22:20:00','1','2019-04-13 01:21:10',NULL,'1'),(144,76,1,30,1,2,1,NULL,'18:20:00','20:20:00','1','2019-04-13 01:21:10',NULL,'1'),(145,76,1,30,1,2,2,NULL,'18:20:00','20:20:00','1','2019-04-13 01:21:10',NULL,'1'),(146,76,1,30,1,2,4,NULL,'18:20:00','20:20:00','1','2019-04-13 01:21:10',NULL,'1'),(147,82,1,45,1,2,1,NULL,'20:20:00','22:20:00','1','2019-04-13 01:21:10',NULL,'1'),(148,82,1,45,1,2,2,NULL,'20:20:00','22:20:00','1','2019-04-13 01:21:11',NULL,'1'),(149,82,1,45,1,2,4,NULL,'20:20:00','22:20:00','1','2019-04-13 01:21:11',NULL,'1'),(150,286,1,52,1,2,3,NULL,'18:20:00','21:20:00','1','2019-04-13 01:21:11',NULL,'1'),(151,286,1,52,1,2,5,NULL,'18:20:00','21:20:00','1','2019-04-13 01:21:11',NULL,'1'),(152,89,1,36,1,2,1,NULL,'18:20:00','20:20:00','1','2019-04-13 01:21:11',NULL,'1'),(153,89,1,36,1,2,2,NULL,'18:20:00','20:20:00','1','2019-04-13 01:21:11',NULL,'1'),(154,89,1,36,1,2,4,NULL,'18:20:00','20:20:00','1','2019-04-13 01:21:11',NULL,'1'),(155,287,1,6,1,2,3,NULL,'18:20:00','21:20:00','1','2019-04-13 01:21:11',NULL,'1'),(156,287,1,6,1,2,5,NULL,'18:20:00','21:20:00','1','2019-04-13 01:21:12',NULL,'1'),(157,271,1,52,1,2,1,NULL,'18:20:00','20:20:00','1','2019-04-13 01:21:12',NULL,'1'),(158,271,1,52,1,2,2,NULL,'18:20:00','20:20:00','1','2019-04-13 01:21:12',NULL,'1'),(159,271,1,52,1,2,4,NULL,'18:20:00','20:20:00','1','2019-04-13 01:21:12',NULL,'1'),(160,92,1,5,1,2,1,NULL,'18:20:00','20:20:00','1','2019-04-13 01:21:12',NULL,'1'),(161,92,1,5,1,2,2,NULL,'18:20:00','20:20:00','1','2019-04-13 01:21:12',NULL,'1'),(162,92,1,5,1,2,4,NULL,'18:20:00','20:20:00','1','2019-04-13 01:21:12',NULL,'1'),(163,288,1,13,1,2,1,NULL,'20:20:00','22:20:00','1','2019-04-13 01:21:12',NULL,'1'),(164,288,1,13,1,2,2,NULL,'20:20:00','22:20:00','1','2019-04-13 01:21:12',NULL,'1'),(165,288,1,13,1,2,4,NULL,'20:20:00','22:20:00','1','2019-04-13 01:21:12',NULL,'1'),(166,289,1,18,1,2,1,NULL,'20:20:00','22:20:00','1','2019-04-13 01:21:12',NULL,'1'),(167,289,1,18,1,2,2,NULL,'20:20:00','22:20:00','1','2019-04-13 01:21:13',NULL,'1'),(168,289,1,18,1,2,4,NULL,'20:20:00','22:20:00','1','2019-04-13 01:21:13',NULL,'1'),(169,264,1,31,1,2,3,NULL,'18:20:00','21:20:00','1','2019-04-13 01:21:13',NULL,'1'),(170,264,1,31,1,2,5,NULL,'18:20:00','21:20:00','1','2019-04-13 01:21:13',NULL,'1'),(171,101,1,35,1,2,3,NULL,'18:20:00','21:20:00','1','2019-04-13 01:21:13',NULL,'1'),(172,101,1,35,1,2,5,NULL,'18:20:00','21:20:00','1','2019-04-13 01:21:13',NULL,'1'),(173,291,1,46,1,2,3,NULL,'18:20:00','21:20:00','1','2019-04-13 01:21:13',NULL,'1'),(174,291,1,46,1,2,5,NULL,'18:20:00','21:20:00','1','2019-04-13 01:21:13',NULL,'1'),(175,292,1,25,1,2,1,NULL,'18:20:00','20:20:00','1','2019-04-13 01:21:14',NULL,'1'),(176,292,1,25,1,2,2,NULL,'18:20:00','20:20:00','1','2019-04-13 01:21:14',NULL,'1'),(177,292,1,25,1,2,4,NULL,'18:20:00','20:20:00','1','2019-04-13 01:21:14',NULL,'1'),(178,293,1,25,1,2,1,NULL,'20:20:00','22:20:00','1','2019-04-13 01:21:14',NULL,'1'),(179,293,1,25,1,2,2,NULL,'20:20:00','22:20:00','1','2019-04-13 01:21:14',NULL,'1'),(180,293,1,25,1,2,4,NULL,'20:20:00','22:20:00','1','2019-04-13 01:21:14',NULL,'1'),(181,71,1,1,1,4,6,'2019-04-27 09:00:00','08:15:00','10:15:00','1','2019-04-13 07:01:14',NULL,'1'),(182,71,1,1,1,4,6,'2019-05-11 09:00:00','08:15:00','10:15:00','1','2019-04-13 07:01:14',NULL,'1'),(183,71,1,1,1,4,6,'2019-06-01 09:00:00','08:15:00','10:15:00','1','2019-04-13 07:01:14',NULL,'1'),(184,71,1,1,1,4,6,'2019-08-08 09:00:00','08:15:00','10:15:00','1','2019-04-13 07:01:14',NULL,'1'),(185,71,1,1,1,4,6,'2019-06-22 09:00:00','08:15:00','10:15:00','1','2019-04-13 07:01:14',NULL,'1'),(186,71,1,1,1,4,6,'2019-06-29 09:00:00','08:15:00','10:15:00','1','2019-04-13 07:01:14',NULL,'1'),(187,266,1,8,1,4,6,'2019-04-27 09:00:00','08:15:00','10:15:00','1','2019-04-13 07:01:14',NULL,'1'),(188,266,1,8,1,4,6,'2019-05-11 09:00:00','08:15:00','10:15:00','1','2019-04-13 07:01:14',NULL,'1'),(189,266,1,8,1,4,6,'2019-06-01 09:00:00','08:15:00','10:15:00','1','2019-04-13 07:01:14',NULL,'1'),(190,266,1,8,1,4,6,'2019-08-08 09:00:00','08:15:00','10:15:00','1','2019-04-13 07:01:15',NULL,'1'),(191,266,1,8,1,4,6,'2019-06-22 09:00:00','08:15:00','10:15:00','1','2019-04-13 07:01:15',NULL,'1'),(192,266,1,8,1,4,6,'2019-06-29 09:00:00','08:15:00','10:15:00','1','2019-04-13 07:01:15',NULL,'1'),(193,264,1,9,1,4,6,'2019-04-27 09:00:00','08:15:00','10:15:00','1','2019-04-13 07:01:15',NULL,'1'),(194,264,1,9,1,4,6,'2019-05-11 09:00:00','08:15:00','10:15:00','1','2019-04-13 07:01:15',NULL,'1'),(195,264,1,9,1,4,6,'2019-06-01 09:00:00','08:15:00','10:15:00','1','2019-04-13 07:01:15',NULL,'1'),(196,264,1,9,1,4,6,'2019-08-08 09:00:00','08:15:00','10:15:00','1','2019-04-13 07:01:15',NULL,'1'),(197,264,1,9,1,4,6,'2019-06-22 09:00:00','08:15:00','10:15:00','1','2019-04-13 07:01:15',NULL,'1'),(198,264,1,9,1,4,6,'2019-06-29 09:00:00','08:15:00','10:15:00','1','2019-04-13 07:01:15',NULL,'1'),(199,265,1,10,1,4,6,'2019-04-27 09:00:00','10:30:00','12:30:00','1','2019-04-13 07:01:15',NULL,'1'),(200,265,1,10,1,4,6,'2019-05-11 09:00:00','10:30:00','12:30:00','1','2019-04-13 07:01:15',NULL,'1'),(201,265,1,10,1,4,6,'2019-06-01 09:00:00','10:30:00','12:30:00','1','2019-04-13 07:01:15',NULL,'1'),(202,265,1,10,1,4,6,'2019-08-08 09:00:00','10:30:00','12:30:00','1','2019-04-13 07:01:15',NULL,'1'),(203,265,1,10,1,4,6,'2019-06-22 09:00:00','10:30:00','12:30:00','1','2019-04-13 07:01:15',NULL,'1'),(204,265,1,10,1,4,6,'2019-06-29 09:00:00','10:30:00','12:30:00','1','2019-04-13 07:01:15',NULL,'1'),(205,50,1,7,1,4,6,'2019-04-27 09:00:00','10:30:00','12:30:00','1','2019-04-13 07:01:15',NULL,'1'),(206,50,1,7,1,4,6,'2019-05-11 09:00:00','10:30:00','12:30:00','1','2019-04-13 07:01:15',NULL,'1'),(207,50,1,7,1,4,6,'2019-06-01 09:00:00','10:30:00','12:30:00','1','2019-04-13 07:01:15',NULL,'1'),(208,50,1,7,1,4,6,'2019-08-08 09:00:00','10:30:00','12:30:00','1','2019-04-13 07:01:15',NULL,'1'),(209,50,1,7,1,4,6,'2019-06-22 09:00:00','10:30:00','12:30:00','1','2019-04-13 07:01:15',NULL,'1'),(210,50,1,7,1,4,6,'2019-06-29 09:00:00','10:30:00','12:30:00','1','2019-04-13 07:01:15',NULL,'1'),(211,72,1,3,1,4,6,'2019-04-27 09:00:00','13:30:00','15:30:00','1','2019-04-13 07:01:15',NULL,'1'),(212,72,1,3,1,4,6,'2019-05-11 09:00:00','13:30:00','15:30:00','1','2019-04-13 07:01:15',NULL,'1'),(213,72,1,3,1,4,6,'2019-06-01 09:00:00','13:30:00','15:30:00','1','2019-04-13 07:01:16',NULL,'1'),(214,72,1,3,1,4,6,'2019-08-08 09:00:00','13:30:00','15:30:00','1','2019-04-13 07:01:16',NULL,'1'),(215,72,1,3,1,4,6,'2019-06-22 09:00:00','13:30:00','15:30:00','1','2019-04-13 07:01:16',NULL,'1'),(216,72,1,3,1,4,6,'2019-06-29 09:00:00','13:30:00','15:30:00','1','2019-04-13 07:01:16',NULL,'1'),(217,22,1,4,1,4,6,'2019-04-27 09:00:00','13:30:00','15:30:00','1','2019-04-13 07:01:16',NULL,'1'),(218,22,1,4,1,4,6,'2019-05-11 09:00:00','13:30:00','15:30:00','1','2019-04-13 07:01:16',NULL,'1'),(219,22,1,4,1,4,6,'2019-06-01 09:00:00','13:30:00','15:30:00','1','2019-04-13 07:01:16',NULL,'1'),(220,22,1,4,1,4,6,'2019-08-08 09:00:00','13:30:00','15:30:00','1','2019-04-13 07:01:16',NULL,'1'),(221,22,1,4,1,4,6,'2019-06-22 09:00:00','13:30:00','15:30:00','1','2019-04-13 07:01:16',NULL,'1'),(222,22,1,4,1,4,6,'2019-06-29 09:00:00','13:30:00','15:30:00','1','2019-04-13 07:01:16',NULL,'1'),(223,92,1,5,1,4,6,'2019-04-27 09:00:00','13:30:00','15:30:00','1','2019-04-13 07:01:16',NULL,'1'),(224,92,1,5,1,4,6,'2019-05-11 09:00:00','13:30:00','15:30:00','1','2019-04-13 07:01:16',NULL,'1'),(225,92,1,5,1,4,6,'2019-06-01 09:00:00','13:30:00','15:30:00','1','2019-04-13 07:01:16',NULL,'1'),(226,92,1,5,1,4,6,'2019-08-08 09:00:00','13:30:00','15:30:00','1','2019-04-13 07:01:17',NULL,'1'),(227,92,1,5,1,4,6,'2019-06-22 09:00:00','13:30:00','15:30:00','1','2019-04-13 07:01:17',NULL,'1'),(228,92,1,5,1,4,6,'2019-06-29 09:00:00','13:30:00','15:30:00','1','2019-04-13 07:01:17',NULL,'1'),(229,39,1,12,1,4,6,'2019-04-27 09:00:00','13:30:00','15:30:00','1','2019-04-13 07:01:17',NULL,'1'),(230,39,1,12,1,4,6,'2019-05-11 09:00:00','13:30:00','15:30:00','1','2019-04-13 07:01:17',NULL,'1'),(231,39,1,12,1,4,6,'2019-06-01 09:00:00','13:30:00','15:30:00','1','2019-04-13 07:01:17',NULL,'1'),(232,39,1,12,1,4,6,'2019-08-08 09:00:00','13:30:00','15:30:00','1','2019-04-13 07:01:17',NULL,'1'),(233,39,1,12,1,4,6,'2019-06-22 09:00:00','13:30:00','15:30:00','1','2019-04-13 07:01:17',NULL,'1'),(234,39,1,12,1,4,6,'2019-06-29 09:00:00','13:30:00','15:30:00','1','2019-04-13 07:01:17',NULL,'1'),(235,7,1,57,1,4,6,'2019-04-13 09:00:00','08:15:00','10:15:00','1','2019-04-13 07:01:17',NULL,'1'),(236,7,1,57,1,4,6,'2019-04-27 09:00:00','08:15:00','10:15:00','1','2019-04-13 07:01:17',NULL,'1'),(237,7,1,57,1,4,6,'2019-05-11 09:00:00','08:15:00','10:15:00','1','2019-04-13 07:01:17',NULL,'1'),(238,7,1,57,1,4,6,'2019-06-01 09:00:00','08:15:00','10:15:00','1','2019-04-13 07:01:17',NULL,'1'),(239,7,1,57,1,4,6,'2019-08-08 09:00:00','08:15:00','10:15:00','1','2019-04-13 07:01:17',NULL,'1'),(240,7,1,57,1,4,6,'2019-06-22 09:00:00','08:15:00','10:15:00','1','2019-04-13 07:01:17',NULL,'1'),(241,7,1,57,1,4,6,'2019-06-29 09:00:00','08:15:00','10:15:00','1','2019-04-13 07:01:17',NULL,'1'),(242,290,1,39,1,4,6,'2019-04-13 09:00:00','10:30:00','12:30:00','1','2019-04-13 07:01:17',NULL,'1'),(243,290,1,39,1,4,6,'2019-04-27 09:00:00','10:30:00','12:30:00','1','2019-04-13 07:01:18',NULL,'1'),(244,290,1,39,1,4,6,'2019-05-11 09:00:00','10:30:00','12:30:00','1','2019-04-13 07:01:18',NULL,'1'),(245,290,1,39,1,4,6,'2019-06-01 09:00:00','10:30:00','12:30:00','1','2019-04-13 07:01:18',NULL,'1'),(246,290,1,39,1,4,6,'2019-08-08 09:00:00','10:30:00','12:30:00','1','2019-04-13 07:01:18',NULL,'1'),(247,290,1,39,1,4,6,'2019-06-22 09:00:00','10:30:00','12:30:00','1','2019-04-13 07:01:18',NULL,'1'),(248,290,1,39,1,4,6,'2019-06-29 09:00:00','10:30:00','12:30:00','1','2019-04-13 07:01:18',NULL,'1'),(249,285,1,23,1,4,6,'2019-04-13 09:00:00','13:30:00','15:30:00','1','2019-04-13 07:01:18',NULL,'1'),(250,285,1,23,1,4,6,'2019-04-27 09:00:00','13:30:00','15:30:00','1','2019-04-13 07:01:18',NULL,'1'),(251,285,1,23,1,4,6,'2019-05-11 09:00:00','13:30:00','15:30:00','1','2019-04-13 07:01:18',NULL,'1'),(252,285,1,23,1,4,6,'2019-06-01 09:00:00','13:30:00','15:30:00','1','2019-04-13 07:01:18',NULL,'1'),(253,285,1,23,1,4,6,'2019-08-08 09:00:00','13:30:00','15:30:00','1','2019-04-13 07:01:18',NULL,'1'),(254,285,1,23,1,4,6,'2019-06-22 09:00:00','13:30:00','15:30:00','1','2019-04-13 07:01:18',NULL,'1'),(255,285,1,23,1,4,6,'2019-06-29 09:00:00','13:30:00','15:30:00','1','2019-04-13 07:01:18',NULL,'1'),(256,277,1,33,1,3,6,NULL,'07:15:00','10:15:00','1','2019-04-13 07:01:18',NULL,'1'),(257,281,1,54,1,3,6,NULL,'07:15:00','10:15:00','1','2019-04-13 07:01:18',NULL,'1'),(258,38,1,59,1,3,6,NULL,'07:15:00','10:15:00','1','2019-04-13 07:01:18',NULL,'1'),(259,41,1,58,1,3,6,NULL,'07:15:00','10:15:00','1','2019-04-13 07:01:18',NULL,'1'),(260,109,1,52,1,3,6,NULL,'07:15:00','10:15:00','1','2019-04-13 07:01:19',NULL,'1'),(261,146,1,55,1,3,6,NULL,'07:15:00','10:15:00','1','2019-04-13 07:01:19',NULL,'1'),(262,89,1,20,1,3,6,NULL,'07:15:00','10:15:00','1','2019-04-13 07:01:19',NULL,'1'),(263,101,1,62,1,3,6,NULL,'07:15:00','10:15:00','1','2019-04-13 07:01:19',NULL,'1'),(264,105,1,37,1,3,6,NULL,'07:15:00','10:15:00','1','2019-04-13 07:01:19',NULL,'1'),(265,236,1,63,1,3,6,NULL,'07:15:00','10:15:00','1','2019-04-13 07:01:19',NULL,'1'),(266,147,1,57,1,3,6,NULL,'10:30:00','13:30:00','1','2019-04-13 07:01:19',NULL,'1'),(267,91,1,19,1,3,6,NULL,'10:30:00','13:30:00','1','2019-04-13 07:01:19',NULL,'1'),(268,273,1,37,1,3,6,NULL,'10:30:00','13:30:00','1','2019-04-13 07:01:19',NULL,'1'),(269,150,1,41,1,3,6,NULL,'10:30:00','13:30:00','1','2019-04-13 07:01:19',NULL,'1'),(270,17,1,23,1,3,6,NULL,'14:30:00','17:30:00','1','2019-04-13 07:01:20',NULL,'1'),(271,212,1,61,1,3,6,NULL,'14:30:00','17:30:00','1','2019-04-13 07:01:20',NULL,'1'),(272,280,1,31,1,3,6,NULL,'14:30:00','17:30:00','1','2019-04-13 07:01:20',NULL,'1'),(273,33,1,64,1,3,6,NULL,'14:30:00','17:30:00','1','2019-04-13 07:01:20',NULL,'1'),(274,282,1,25,1,3,6,NULL,'14:30:00','17:30:00','1','2019-04-13 07:01:20',NULL,'1'),(275,269,1,53,1,3,6,NULL,'14:30:00','17:30:00','1','2019-04-13 07:01:20',NULL,'1'),(276,283,1,60,1,3,6,NULL,'14:30:00','17:30:00','1','2019-04-13 07:01:20',NULL,'1'),(277,71,1,18,1,3,6,NULL,'14:30:00','17:30:00','1','2019-04-13 07:01:20',NULL,'1'),(278,75,1,45,1,3,6,NULL,'14:30:00','17:30:00','1','2019-04-13 07:01:20',NULL,'1'),(279,285,1,56,1,3,6,NULL,'14:30:00','17:30:00','1','2019-04-13 07:01:20',NULL,'1'),(280,271,1,19,1,3,6,NULL,'14:30:00','17:30:00','1','2019-04-13 07:01:20',NULL,'1'),(281,33,1,65,1,2,1,NULL,'18:20:00','20:20:00','1','2019-04-17 19:00:00',NULL,'1'),(282,33,1,65,1,2,2,NULL,'18:20:00','20:20:00','1','2019-04-17 19:00:00',NULL,'1'),(283,33,1,65,1,2,4,NULL,'18:20:00','20:20:00','1','2019-04-17 19:00:00',NULL,'1'),(284,102,1,12,1,1,5,'2019-04-19 09:00:00','17:00:00','18:00:00','1','2019-04-23 02:29:00',NULL,'1'),(285,102,1,12,1,1,1,'2019-04-22 09:00:00','19:00:00','20:00:00','1','2019-04-23 02:29:01',NULL,'1'),(286,102,1,12,1,1,5,'2019-04-26 09:00:00','16:00:00','18:00:00','1','2019-04-23 02:29:01',NULL,'1'),(287,102,1,12,1,1,1,'2019-04-29 09:00:00','19:00:00','20:00:00','1','2019-04-23 02:29:01',NULL,'1'),(288,102,1,12,1,1,5,'2019-05-03 09:00:00','16:00:00','18:00:00','1','2019-04-23 02:29:01',NULL,'1'),(289,102,1,12,1,1,1,'2019-05-06 09:00:00','19:00:00','20:00:00','1','2019-04-23 02:29:01',NULL,'1'),(290,102,1,12,1,1,5,'2019-05-10 09:00:00','16:00:00','18:00:00','1','2019-04-23 02:29:01',NULL,'1'),(291,102,1,12,1,1,5,'2019-05-17 09:00:00','16:00:00','18:00:00','1','2019-04-23 02:29:01',NULL,'1'),(292,102,1,12,1,1,1,'2019-05-20 09:00:00','19:00:00','20:00:00','1','2019-04-23 02:29:01',NULL,'1'),(293,102,1,12,1,1,3,'2019-05-22 09:00:00','17:00:00','19:00:00','1','2019-04-23 02:29:01',NULL,'1'),(294,102,1,12,1,1,1,'2019-06-10 09:00:00','19:00:00','20:00:00','1','2019-04-23 02:29:01',NULL,'1'),(295,102,1,12,1,1,5,'2019-06-14 09:00:00','16:00:00','18:00:00','1','2019-04-23 02:29:01',NULL,'1'),(296,102,1,66,1,1,1,'2019-04-15 09:00:00','18:00:00','19:00:00','1','2019-04-23 02:29:01',NULL,'1'),(297,102,1,66,1,1,1,'2019-04-22 09:00:00','17:00:00','19:00:00','1','2019-04-23 02:29:01',NULL,'1'),(298,102,1,66,1,1,1,'2019-04-22 09:00:00','19:00:00','20:00:00','1','2019-04-23 02:29:01',NULL,'1'),(299,102,1,66,1,1,1,'2019-04-29 09:00:00','17:00:00','19:00:00','1','2019-04-23 02:29:01',NULL,'1'),(300,102,1,66,1,1,1,'2019-04-29 09:00:00','19:00:00','20:00:00','1','2019-04-23 02:29:01',NULL,'1'),(301,102,1,66,1,1,1,'2019-05-06 09:00:00','17:00:00','19:00:00','1','2019-04-23 02:29:02',NULL,'1'),(302,102,1,66,1,1,1,'2019-05-06 09:00:00','19:00:00','20:00:00','1','2019-04-23 02:29:02',NULL,'1'),(303,102,1,66,1,1,1,'2019-05-13 09:00:00','18:00:00','19:00:00','1','2019-04-23 02:29:02',NULL,'1'),(304,102,1,66,1,1,1,'2019-05-20 09:00:00','17:00:00','19:00:00','1','2019-04-23 02:29:02',NULL,'1'),(305,102,1,66,1,1,1,'2019-05-20 09:00:00','19:00:00','20:00:00','1','2019-04-23 02:29:02',NULL,'1'),(306,102,1,66,1,1,1,'2019-05-27 09:00:00','17:00:00','19:00:00','1','2019-04-23 02:29:02',NULL,'1'),(307,102,1,66,1,1,1,'2019-05-27 09:00:00','19:00:00','20:00:00','1','2019-04-23 02:29:02',NULL,'1'),(308,102,1,66,1,1,1,'2019-06-03 09:00:00','17:00:00','19:00:00','1','2019-04-23 02:29:02',NULL,'1'),(309,102,1,66,1,1,1,'2019-06-03 09:00:00','19:00:00','20:00:00','1','2019-04-23 02:29:02',NULL,'1'),(310,102,1,66,1,1,1,'2019-06-10 09:00:00','18:00:00','19:00:00','1','2019-04-23 02:29:02',NULL,'1'),(311,72,1,3,1,1,4,'2019-04-18 09:00:00','16:45:00','17:45:00','1','2019-04-23 02:29:02',NULL,'1'),(312,72,1,3,1,1,4,'2019-04-25 09:00:00','16:45:00','17:45:00','1','2019-04-23 02:29:02',NULL,'1'),(313,72,1,3,1,1,5,'2019-04-26 09:00:00','16:45:00','17:45:00','1','2019-04-23 02:29:02',NULL,'1'),(314,72,1,3,1,1,4,'2019-04-25 09:00:00','19:00:00','20:30:00','1','2019-04-23 02:29:02',NULL,'1'),(315,72,1,3,1,1,4,'2019-05-02 09:00:00','16:45:00','18:45:00','1','2019-04-23 02:29:02',NULL,'1'),(316,72,1,3,1,1,4,'2019-05-02 09:00:00','19:00:00','20:30:00','1','2019-04-23 02:29:02',NULL,'1'),(317,72,1,3,1,1,4,'2019-05-09 09:00:00','16:45:00','17:45:00','1','2019-04-23 02:29:02',NULL,'1'),(318,72,1,3,1,1,4,'2019-05-09 09:00:00','19:00:00','20:30:00','1','2019-04-23 02:29:02',NULL,'1'),(319,72,1,3,1,1,5,'2019-05-10 09:00:00','16:45:00','17:45:00','1','2019-04-23 02:29:02',NULL,'1'),(320,72,1,3,1,1,5,'2019-05-17 09:00:00','16:45:00','17:45:00','1','2019-04-23 02:29:02',NULL,'1'),(321,72,1,3,1,1,4,'2019-05-23 09:00:00','16:45:00','18:45:00','1','2019-04-23 02:29:02',NULL,'1'),(322,72,1,3,1,1,4,'2019-05-23 09:00:00','19:00:00','20:30:00','1','2019-04-23 02:29:03',NULL,'1'),(323,72,1,3,1,1,4,'2019-05-30 09:00:00','16:45:00','17:45:00','1','2019-04-23 02:29:03',NULL,'1'),(324,72,1,3,1,1,4,'2019-05-30 09:00:00','19:00:00','20:30:00','1','2019-04-23 02:29:03',NULL,'1'),(325,72,1,3,1,1,5,'2019-05-31 09:00:00','16:45:00','17:45:00','1','2019-04-23 02:29:03',NULL,'1'),(326,72,1,3,1,1,4,'2019-06-06 09:00:00','16:45:00','17:45:00','1','2019-04-23 02:29:03',NULL,'1'),(327,72,1,3,1,1,4,'2019-06-06 09:00:00','19:00:00','20:30:00','1','2019-04-23 02:29:03',NULL,'1'),(328,72,1,3,1,1,5,'2019-06-07 09:00:00','16:45:00','17:45:00','1','2019-04-23 02:29:03',NULL,'1'),(329,72,1,3,1,1,5,'2019-06-14 09:00:00','16:45:00','17:45:00','1','2019-04-23 02:29:03',NULL,'1'),(330,39,1,9,1,1,4,'2019-04-18 09:00:00','18:00:00','19:00:00','1','2019-04-23 02:29:03',NULL,'1'),(331,39,1,9,1,1,2,'2019-04-23 09:00:00','17:40:00','19:40:00','1','2019-04-23 02:29:03',NULL,'1'),(332,39,1,9,1,1,5,'2019-04-26 09:00:00','19:00:00','20:00:00','1','2019-04-23 02:29:03',NULL,'1'),(333,39,1,9,1,1,2,'2019-05-30 09:00:00','17:40:00','19:40:00','1','2019-04-23 02:29:03',NULL,'1'),(334,39,1,9,1,1,2,'2019-05-07 09:00:00','17:40:00','19:40:00','1','2019-04-23 02:29:03',NULL,'1'),(335,39,1,9,1,1,5,'2019-05-10 09:00:00','19:00:00','20:00:00','1','2019-04-23 02:29:03',NULL,'1'),(336,39,1,9,1,1,4,'2019-05-16 09:00:00','18:00:00','19:00:00','1','2019-04-23 02:29:04',NULL,'1'),(337,39,1,9,1,1,5,'2019-05-17 09:00:00','19:00:00','20:00:00','1','2019-04-23 02:29:04',NULL,'1'),(338,39,1,9,1,1,2,'2019-05-21 09:00:00','17:40:00','19:40:00','1','2019-04-23 02:29:04',NULL,'1'),(339,39,1,9,1,1,2,'2019-05-28 09:00:00','17:40:00','19:40:00','1','2019-04-23 02:29:04',NULL,'1'),(340,39,1,9,1,1,5,'2019-05-31 09:00:00','19:00:00','20:00:00','1','2019-04-23 02:29:04',NULL,'1'),(341,39,1,9,1,1,2,'2019-06-04 09:00:00','17:40:00','19:40:00','1','2019-04-23 02:29:04',NULL,'1'),(342,39,1,9,1,1,5,'2019-06-07 09:00:00','19:00:00','20:00:00','1','2019-04-23 02:29:04',NULL,'1'),(343,39,1,9,1,1,4,'2019-06-13 09:00:00','18:00:00','19:00:00','1','2019-04-23 02:29:04',NULL,'1'),(344,39,1,9,1,1,5,'2019-06-14 09:00:00','19:00:00','20:00:00','1','2019-04-23 02:29:04',NULL,'1'),(345,12,1,47,1,1,1,'2019-04-15 09:00:00','18:00:00','19:00:00','1','2019-04-23 02:29:04',NULL,'1'),(346,12,1,47,1,1,1,'2019-04-22 09:00:00','17:00:00','19:00:00','1','2019-04-23 02:29:04',NULL,'1'),(347,12,1,47,1,1,2,'2019-04-23 09:00:00','19:00:00','20:00:00','1','2019-04-23 02:29:04',NULL,'1'),(348,12,1,47,1,1,1,'2019-04-29 09:00:00','17:00:00','19:00:00','1','2019-04-23 02:29:04',NULL,'1'),(349,12,1,47,1,1,2,'2019-04-30 09:00:00','19:00:00','20:00:00','1','2019-04-23 02:29:04',NULL,'1'),(350,12,1,47,1,1,1,'2019-05-06 09:00:00','17:00:00','19:00:00','1','2019-04-23 02:29:04',NULL,'1'),(351,12,1,47,1,1,2,'2019-05-07 09:00:00','19:00:00','20:00:00','1','2019-04-23 02:29:04',NULL,'1'),(352,12,1,47,1,1,1,'2019-05-13 09:00:00','18:00:00','19:00:00','1','2019-04-23 02:29:04',NULL,'1'),(353,12,1,47,1,1,1,'2019-05-20 09:00:00','17:00:00','19:00:00','1','2019-04-23 02:29:05',NULL,'1'),(354,12,1,47,1,1,2,'2019-05-21 09:00:00','19:00:00','20:00:00','1','2019-04-23 02:29:05',NULL,'1'),(355,12,1,47,1,1,1,'2019-05-27 09:00:00','17:00:00','19:00:00','1','2019-04-23 02:29:05',NULL,'1'),(356,12,1,47,1,1,2,'2019-05-28 09:00:00','19:00:00','20:00:00','1','2019-04-23 02:29:05',NULL,'1'),(357,12,1,47,1,1,1,'2019-06-03 09:00:00','17:00:00','19:00:00','1','2019-04-23 02:29:05',NULL,'1'),(358,12,1,47,1,1,2,'2019-06-04 09:00:00','19:00:00','20:00:00','1','2019-04-23 02:29:05',NULL,'1'),(359,12,1,47,1,1,1,'2019-06-10 09:00:00','18:00:00','19:00:00','1','2019-04-23 02:29:05',NULL,'1'),(360,76,1,67,1,1,4,'2019-04-18 09:00:00','17:30:00','18:30:00','1','2019-04-23 02:29:05',NULL,'1'),(361,76,1,67,1,1,4,'2019-04-25 09:00:00','17:30:00','19:30:00','1','2019-04-23 02:29:05',NULL,'1'),(362,76,1,67,1,1,4,'2019-04-25 09:00:00','20:30:00','21:30:00','1','2019-04-23 02:29:05',NULL,'1'),(363,76,1,67,1,1,4,'2019-05-02 09:00:00','17:30:00','19:30:00','1','2019-04-23 02:29:05',NULL,'1'),(364,76,1,67,1,1,4,'2019-05-02 09:00:00','20:30:00','21:30:00','1','2019-04-23 02:29:05',NULL,'1'),(365,76,1,67,1,1,4,'2019-05-09 09:00:00','17:30:00','19:30:00','1','2019-04-23 02:29:05',NULL,'1'),(366,76,1,67,1,1,4,'2019-05-09 09:00:00','20:30:00','21:30:00','1','2019-04-23 02:29:05',NULL,'1'),(367,76,1,67,1,1,4,'2019-05-16 09:00:00','17:30:00','18:30:00','1','2019-04-23 02:29:06',NULL,'1'),(368,76,1,67,1,1,4,'2019-05-23 09:00:00','17:30:00','19:30:00','1','2019-04-23 02:29:06',NULL,'1'),(369,76,1,67,1,1,4,'2019-05-23 09:00:00','20:30:00','21:30:00','1','2019-04-23 02:29:06',NULL,'1'),(370,76,1,67,1,1,4,'2019-05-30 09:00:00','17:30:00','19:30:00','1','2019-04-23 02:29:06',NULL,'1'),(371,76,1,67,1,1,4,'2019-05-30 09:00:00','20:30:00','21:30:00','1','2019-04-23 02:29:06',NULL,'1'),(372,76,1,67,1,1,4,'2019-06-06 09:00:00','17:30:00','19:30:00','1','2019-04-23 02:29:06',NULL,'1'),(373,76,1,67,1,1,4,'2019-06-06 09:00:00','20:30:00','21:30:00','1','2019-04-23 02:29:06',NULL,'1'),(374,76,1,67,1,1,4,'2019-06-13 09:00:00','17:30:00','18:30:00','1','2019-04-23 02:29:06',NULL,'1'),(375,154,1,7,1,1,3,'2019-04-17 09:00:00','9:00:00','10:00:00','1','2019-04-23 02:29:06',NULL,'1'),(376,154,1,7,1,1,1,'2019-04-22 09:00:00','19:00:00','20:00:00','1','2019-04-23 02:29:06',NULL,'1'),(377,154,1,7,1,1,3,'2019-04-24 09:00:00','9:00:00','11:00:00','1','2019-04-23 02:29:06',NULL,'1'),(378,154,1,7,1,1,1,'2019-04-29 09:00:00','19:00:00','20:00:00','1','2019-04-23 02:29:06',NULL,'1'),(379,154,1,7,1,1,3,'2019-05-01 09:00:00','9:00:00','11:00:00','1','2019-04-23 02:29:06',NULL,'1'),(380,154,1,7,1,1,1,'2019-05-06 09:00:00','19:00:00','20:00:00','1','2019-04-23 02:29:06',NULL,'1'),(381,154,1,7,1,1,3,'2019-05-08 09:00:00','9:00:00','11:00:00','1','2019-04-23 02:29:06',NULL,'1'),(382,154,1,7,1,1,3,'2019-05-15 09:00:00','9:00:00','10:00:00','1','2019-04-23 02:29:07',NULL,'1'),(383,154,1,7,1,1,3,'2019-05-22 09:00:00','9:00:00','11:00:00','1','2019-04-23 02:29:07',NULL,'1'),(384,154,1,7,1,1,1,'2019-05-20 09:00:00','19:00:00','20:00:00','1','2019-04-23 02:29:07',NULL,'1'),(385,154,1,7,1,1,1,'2019-05-27 09:00:00','19:00:00','20:00:00','1','2019-04-23 02:29:07',NULL,'1'),(386,154,1,7,1,1,3,'2019-05-29 09:00:00','9:00:00','11:00:00','1','2019-04-23 02:29:07',NULL,'1'),(387,154,1,7,1,1,1,'2019-06-03 09:00:00','19:00:00','20:00:00','1','2019-04-23 02:29:07',NULL,'1'),(388,154,1,7,1,1,3,'2019-06-05 09:00:00','9:00:00','11:00:00','1','2019-04-23 02:29:07',NULL,'1'),(389,154,1,7,1,1,3,'2019-06-12 09:00:00','9:00:00','10:00:00','1','2019-04-23 02:29:07',NULL,'1'),(390,38,1,69,1,1,4,'2019-04-18 09:00:00','15:30:00','16:30:00','1','2019-04-23 02:29:07',NULL,'1'),(391,38,1,69,1,1,1,'2019-04-22 09:00:00','18:00:00','20:00:00','1','2019-04-23 02:29:07',NULL,'1'),(392,38,1,69,1,1,1,'2019-04-22 09:00:00','20:00:00','21:00:00','1','2019-04-23 02:29:07',NULL,'1'),(393,38,1,69,1,1,1,'2019-04-29 09:00:00','18:00:00','20:00:00','1','2019-04-23 02:29:07',NULL,'1'),(394,38,1,69,1,1,1,'2019-04-29 09:00:00','20:00:00','21:00:00','1','2019-04-23 02:29:07',NULL,'1'),(395,38,1,69,1,1,1,'2019-05-06 09:00:00','18:00:00','20:00:00','1','2019-04-23 02:29:07',NULL,'1'),(396,38,1,69,1,1,1,'2019-05-06 09:00:00','20:00:00','21:00:00','1','2019-04-23 02:29:07',NULL,'1'),(397,38,1,69,1,1,1,'2019-05-13 09:00:00','18:00:00','19:00:00','1','2019-04-23 02:29:08',NULL,'1'),(398,38,1,69,1,1,1,'2019-05-20 09:00:00','18:00:00','20:00:00','1','2019-04-23 02:29:08',NULL,'1'),(399,38,1,69,1,1,1,'2019-05-20 09:00:00','20:00:00','21:00:00','1','2019-04-23 02:29:08',NULL,'1'),(400,38,1,69,1,1,1,'2019-05-27 09:00:00','18:00:00','20:00:00','1','2019-04-23 02:29:08',NULL,'1'),(401,38,1,69,1,1,1,'2019-05-27 09:00:00','20:00:00','21:00:00','1','2019-04-23 02:29:08',NULL,'1'),(402,38,1,69,1,1,1,'2019-06-03 09:00:00','18:00:00','20:00:00','1','2019-04-23 02:29:08',NULL,'1'),(403,38,1,69,1,1,1,'2019-06-03 09:00:00','20:00:00','21:00:00','1','2019-04-23 02:29:08',NULL,'1'),(404,38,1,69,1,1,1,'2019-06-10 09:00:00','18:00:00','19:00:00','1','2019-04-23 02:29:08',NULL,'1'),(405,265,1,10,1,1,1,'2019-04-22 09:00:00','20:00:00','21:00:00','1','2019-04-23 02:29:08',NULL,'1'),(406,265,1,10,1,1,1,'2019-04-29 09:00:00','20:00:00','21:00:00','1','2019-04-23 02:29:08',NULL,'1'),(407,265,1,10,1,1,1,'2019-05-06 09:00:00','20:00:00','21:00:00','1','2019-04-23 02:29:09',NULL,'1'),(408,265,1,10,1,1,1,'2019-05-20 09:00:00','20:00:00','21:00:00','1','2019-04-23 02:29:09',NULL,'1'),(409,265,1,10,1,1,1,'2019-05-27 09:00:00','20:00:00','21:00:00','1','2019-04-23 02:29:09',NULL,'1'),(410,265,1,10,1,1,1,'2019-06-03 09:00:00','20:00:00','21:00:00','1','2019-04-23 02:29:09',NULL,'1'),(411,39,1,26,1,1,1,'2019-04-22 09:00:00','20:00:00','21:00:00','1','2019-04-23 02:29:09',NULL,'1'),(412,39,1,26,1,1,1,'2019-04-22 09:00:00','17:20:00','18:20:00','1','2019-04-23 02:29:09',NULL,'1'),(413,39,1,26,1,1,1,'2019-04-29 09:00:00','16:20:00','18:20:00','1','2019-04-23 02:29:09',NULL,'1'),(414,39,1,26,1,1,1,'2019-04-29 09:00:00','20:00:00','21:00:00','1','2019-04-23 02:29:09',NULL,'1'),(415,39,1,26,1,1,1,'2019-05-06 09:00:00','16:20:00','18:20:00','1','2019-04-23 02:29:09',NULL,'1'),(416,39,1,26,1,1,1,'2019-05-06 09:00:00','20:00:00','21:00:00','1','2019-04-23 02:29:09',NULL,'1'),(417,39,1,26,1,1,1,'2019-05-06 09:00:00','16:20:00','18:20:00','1','2019-04-23 02:29:09',NULL,'1'),(418,39,1,26,1,1,1,'2019-05-13 09:00:00','17:20:00','18:20:00','1','2019-04-23 02:29:09',NULL,'1'),(419,39,1,26,1,1,1,'2019-05-20 09:00:00','16:20:00','18:20:00','1','2019-04-23 02:29:09',NULL,'1'),(420,39,1,26,1,1,1,'2019-05-20 09:00:00','20:00:00','21:00:00','1','2019-04-23 02:29:10',NULL,'1'),(421,39,1,26,1,1,1,'2019-05-27 09:00:00','16:20:00','18:20:00','1','2019-04-23 02:29:10',NULL,'1'),(422,39,1,26,1,1,1,'2019-05-27 09:00:00','20:00:00','21:00:00','1','2019-04-23 02:29:10',NULL,'1'),(423,39,1,26,1,1,1,'2019-06-03 09:00:00','16:20:00','18:20:00','1','2019-04-23 02:29:10',NULL,'1'),(424,39,1,26,1,1,1,'2019-06-03 09:00:00','20:00:00','21:00:00','1','2019-04-23 02:29:10',NULL,'1'),(425,39,1,26,1,1,1,'2019-06-10 09:00:00','17:20:00','18:20:00','1','2019-04-23 02:29:10',NULL,'1'),(426,259,1,13,1,1,2,'2019-04-16 09:00:00','18:00:00','19:00:00','1','2019-04-23 02:29:10',NULL,'1'),(427,259,1,13,1,1,2,'2019-04-23 09:00:00','17:00:00','19:00:00','1','2019-04-23 02:29:11',NULL,'1'),(428,259,1,13,1,1,2,'2019-04-23 09:00:00','19:00:00','20:00:00','1','2019-04-23 02:29:11',NULL,'1'),(429,259,1,13,1,1,2,'2019-04-30 09:00:00','17:00:00','19:00:00','1','2019-04-23 02:29:11',NULL,'1'),(430,259,1,13,1,1,2,'2019-04-30 09:00:00','19:00:00','20:00:00','1','2019-04-23 02:29:11',NULL,'1'),(431,259,1,13,1,1,2,'2019-05-07 09:00:00','17:00:00','19:00:00','1','2019-04-23 02:29:11',NULL,'1'),(432,259,1,13,1,1,2,'2019-05-07 09:00:00','19:00:00','20:00:00','1','2019-04-23 02:29:11',NULL,'1'),(433,259,1,13,1,1,2,'2019-05-14 09:00:00','18:00:00','19:00:00','1','2019-04-23 02:29:11',NULL,'1'),(434,259,1,13,1,1,2,'2019-05-21 09:00:00','17:00:00','19:00:00','1','2019-04-23 02:29:11',NULL,'1'),(435,259,1,13,1,1,2,'2019-05-21 09:00:00','19:00:00','20:00:00','1','2019-04-23 02:29:11',NULL,'1'),(436,259,1,13,1,1,2,'2019-05-28 09:00:00','17:00:00','19:00:00','1','2019-04-23 02:29:11',NULL,'1'),(437,259,1,13,1,1,2,'2019-05-28 09:00:00','19:00:00','20:00:00','1','2019-04-23 02:29:12',NULL,'1'),(438,259,1,13,1,1,2,'2019-06-04 09:00:00','17:00:00','19:00:00','1','2019-04-23 02:29:12',NULL,'1'),(439,259,1,13,1,1,2,'2019-06-04 09:00:00','19:00:00','20:00:00','1','2019-04-23 02:29:12',NULL,'1'),(440,259,1,13,1,1,2,'2019-06-11 09:00:00','18:00:00','19:00:00','1','2019-04-23 02:29:12',NULL,'1'),(441,21,1,4,1,1,2,'2019-04-23 09:00:00','20:00:00','21:00:00','1','2019-04-23 02:29:12',NULL,'1'),(442,21,1,4,1,1,2,'2019-04-30 09:00:00','20:00:00','21:00:00','1','2019-04-23 02:29:12',NULL,'1'),(443,21,1,4,1,1,2,'2019-05-07 09:00:00','20:00:00','21:00:00','1','2019-04-23 02:29:12',NULL,'1'),(444,21,1,4,1,1,2,'2019-05-21 09:00:00','20:00:00','21:00:00','1','2019-04-23 02:29:13',NULL,'1'),(445,21,1,4,1,1,2,'2019-05-28 09:00:00','20:00:00','21:00:00','1','2019-04-23 02:29:13',NULL,'1'),(446,21,1,4,1,1,2,'2019-06-04 09:00:00','20:00:00','21:00:00','1','2019-04-23 02:29:13',NULL,'1'),(447,216,1,11,1,1,4,'2019-04-18 09:00:00','16:30:00','17:30:00','1','2019-04-23 02:29:13',NULL,'1'),(448,216,1,11,1,1,2,'2019-04-23 09:00:00','21:00:00','22:00:00','1','2019-04-23 02:29:13',NULL,'1'),(449,216,1,11,1,1,5,'2019-04-26 09:00:00','16:30:00','18:30:00','1','2019-04-23 02:29:13',NULL,'1'),(450,216,1,11,1,1,2,'2019-04-30 09:00:00','21:00:00','22:00:00','1','2019-04-23 02:29:13',NULL,'1'),(451,216,1,11,1,1,4,'2019-05-02 09:00:00','16:30:00','18:30:00','1','2019-04-23 02:29:13',NULL,'1'),(452,216,1,11,1,1,2,'2019-05-07 09:00:00','21:00:00','22:00:00','1','2019-04-23 02:29:13',NULL,'1'),(453,216,1,11,1,1,5,'2019-05-10 09:00:00','16:30:00','18:30:00','1','2019-04-23 02:29:13',NULL,'1'),(454,216,1,11,1,1,5,'2019-05-17 09:00:00','16:30:00','17:30:00','1','2019-04-23 02:29:13',NULL,'1'),(455,216,1,11,1,1,2,'2019-05-21 09:00:00','21:00:00','22:00:00','1','2019-04-23 02:29:14',NULL,'1'),(456,216,1,11,1,1,4,'2019-05-23 09:00:00','16:30:00','18:30:00','1','2019-04-23 02:29:14',NULL,'1'),(457,216,1,11,1,1,2,'2019-05-28 09:00:00','21:00:00','22:00:00','1','2019-04-23 02:29:14',NULL,'1'),(458,216,1,11,1,1,5,'2019-05-31 09:00:00','16:30:00','18:30:00','1','2019-04-23 02:29:14',NULL,'1'),(459,216,1,11,1,1,2,'2019-06-04 09:00:00','21:00:00','22:00:00','1','2019-04-23 02:29:14',NULL,'1'),(460,216,1,11,1,1,5,'2019-06-07 09:00:00','16:30:00','18:30:00','1','2019-04-23 02:29:14',NULL,'1'),(461,216,1,11,1,1,5,'2019-06-13 09:00:00','16:30:00','17:30:00','1','2019-04-23 02:29:14',NULL,'1'),(462,51,1,70,1,1,3,'2019-04-24 09:00:00','19:00:00','20:00:00','1','2019-04-23 02:29:14',NULL,'1'),(463,51,1,70,1,1,3,'2019-05-01 09:00:00','19:00:00','20:00:00','1','2019-04-23 02:29:15',NULL,'1'),(464,51,1,70,1,1,3,'2019-05-08 09:00:00','19:00:00','20:00:00','1','2019-04-23 02:29:15',NULL,'1'),(465,51,1,70,1,1,3,'2019-05-22 09:00:00','19:00:00','20:00:00','1','2019-04-23 02:29:16',NULL,'1'),(466,51,1,70,1,1,3,'2019-05-29 09:00:00','19:00:00','20:00:00','1','2019-04-23 02:29:16',NULL,'1'),(467,51,1,70,1,1,3,'2019-06-05 09:00:00','19:00:00','20:00:00','1','2019-04-23 02:29:17',NULL,'1'),(468,51,1,49,1,1,3,'2019-04-24 09:00:00','19:00:00','20:00:00','1','2019-04-23 02:29:18',NULL,'1'),(469,51,1,49,1,1,3,'2019-05-01 09:00:00','19:00:00','20:00:00','1','2019-04-23 02:29:18',NULL,'1'),(470,51,1,49,1,1,3,'2019-05-08 09:00:00','19:00:00','20:00:00','1','2019-04-23 02:29:18',NULL,'1'),(471,51,1,49,1,1,3,'2019-05-22 09:00:00','19:00:00','20:00:00','1','2019-04-23 02:29:18',NULL,'1'),(472,51,1,49,1,1,3,'2019-05-29 09:00:00','19:00:00','20:00:00','1','2019-04-23 02:29:18',NULL,'1'),(473,51,1,49,1,1,3,'2019-06-05 09:00:00','19:00:00','20:00:00','1','2019-04-23 02:29:18',NULL,'1'),(474,51,1,30,1,1,1,'2019-04-22 09:00:00','17:15:00','18:15:00','1','2019-04-23 02:29:18',NULL,'1'),(475,51,1,30,1,1,3,'2019-04-24 09:00:00','19:00:00','20:00:00','1','2019-04-23 02:29:18',NULL,'1'),(476,51,1,30,1,1,1,'2019-04-29 09:00:00','16:15:00','18:15:00','1','2019-04-23 02:29:18',NULL,'1'),(477,51,1,30,1,1,3,'2019-05-01 09:00:00','19:00:00','20:00:00','1','2019-04-23 02:29:19',NULL,'1'),(478,51,1,30,1,1,1,'2019-05-06 09:00:00','16:15:00','18:15:00','1','2019-04-23 02:29:19',NULL,'1'),(479,51,1,30,1,1,3,'2019-05-08 09:00:00','19:00:00','20:00:00','1','2019-04-23 02:29:19',NULL,'1'),(480,51,1,30,1,1,1,'2019-05-13 09:00:00','17:15:00','18:15:00','1','2019-04-23 02:29:19',NULL,'1'),(481,51,1,30,1,1,1,'2019-05-20 09:00:00','16:15:00','18:15:00','1','2019-04-23 02:29:19',NULL,'1'),(482,51,1,30,1,1,3,'2019-05-22 09:00:00','19:00:00','20:00:00','1','2019-04-23 02:29:20',NULL,'1'),(483,51,1,30,1,1,1,'2019-05-27 09:00:00','16:15:00','18:15:00','1','2019-04-23 02:29:20',NULL,'1'),(484,51,1,30,1,1,3,'2019-05-29 09:00:00','19:00:00','20:00:00','1','2019-04-23 02:29:20',NULL,'1'),(485,51,1,30,1,1,1,'2019-06-03 09:00:00','16:15:00','18:15:00','1','2019-04-23 02:29:20',NULL,'1'),(486,51,1,30,1,1,3,'2019-06-05 09:00:00','19:00:00','20:00:00','1','2019-04-23 02:29:20',NULL,'1'),(487,51,1,30,1,1,1,'2019-06-10 09:00:00','17:15:00','18:15:00','1','2019-04-23 02:29:20',NULL,'1'),(488,22,1,4,1,1,3,'2019-04-24 09:00:00','19:00:00','20:00:00','1','2019-04-23 02:29:20',NULL,'1'),(489,22,1,4,1,1,3,'2019-05-01 09:00:00','19:00:00','20:00:00','1','2019-04-23 02:29:21',NULL,'1'),(490,22,1,4,1,1,3,'2019-05-08 09:00:00','19:00:00','20:00:00','1','2019-04-23 02:29:21',NULL,'1'),(491,22,1,4,1,1,3,'2019-05-22 09:00:00','19:00:00','20:00:00','1','2019-04-23 02:29:21',NULL,'1'),(492,22,1,4,1,1,3,'2019-05-29 09:00:00','19:00:00','20:00:00','1','2019-04-23 02:29:21',NULL,'1'),(493,22,1,4,1,1,3,'2019-06-05 09:00:00','19:00:00','20:00:00','1','2019-04-23 02:29:21',NULL,'1'),(494,50,1,8,1,1,3,'2019-04-24 09:00:00','20:00:00','21:00:00','1','2019-04-23 02:29:21',NULL,'1'),(495,50,1,8,1,1,3,'2019-05-01 09:00:00','20:00:00','21:00:00','1','2019-04-23 02:29:21',NULL,'1'),(496,50,1,8,1,1,3,'2019-05-08 09:00:00','20:00:00','21:00:00','1','2019-04-23 02:29:21',NULL,'1'),(497,50,1,8,1,1,3,'2019-05-22 09:00:00','20:00:00','21:00:00','1','2019-04-23 02:29:21',NULL,'1'),(498,50,1,8,1,1,3,'2019-05-29 09:00:00','20:00:00','21:00:00','1','2019-04-23 02:29:21',NULL,'1'),(499,50,1,8,1,1,3,'2019-06-05 09:00:00','20:00:00','21:00:00','1','2019-04-23 02:29:21',NULL,'1'),(500,50,1,8,1,1,3,'2019-04-24 09:00:00','21:00:00','22:00:00','1','2019-04-23 02:29:21',NULL,'1'),(501,50,1,8,1,1,3,'2019-05-01 09:00:00','21:00:00','22:00:00','1','2019-04-23 02:29:22',NULL,'1'),(502,50,1,8,1,1,3,'2019-05-08 09:00:00','21:00:00','22:00:00','1','2019-04-23 02:29:22',NULL,'1'),(503,50,1,8,1,1,3,'2019-05-22 09:00:00','21:00:00','22:00:00','1','2019-04-23 02:29:22',NULL,'1'),(504,50,1,8,1,1,3,'2019-05-29 09:00:00','21:00:00','22:00:00','1','2019-04-23 02:29:22',NULL,'1'),(505,50,1,8,1,1,3,'2019-06-05 09:00:00','21:00:00','22:00:00','1','2019-04-23 02:29:22',NULL,'1'),(506,156,1,13,1,1,4,'2019-04-18 09:00:00','18:00:00','19:00:00','1','2019-04-23 02:29:22',NULL,'1'),(507,156,1,13,1,1,4,'2019-04-25 09:00:00','17:00:00','19:00:00','1','2019-04-23 02:29:22',NULL,'1'),(508,156,1,13,1,1,4,'2019-04-25 09:00:00','19:00:00','20:00:00','1','2019-04-23 02:29:22',NULL,'1'),(509,156,1,13,1,1,4,'2019-05-02 09:00:00','17:00:00','19:00:00','1','2019-04-23 02:29:22',NULL,'1'),(510,156,1,13,1,1,4,'2019-05-02 09:00:00','19:00:00','20:00:00','1','2019-04-23 02:29:22',NULL,'1'),(511,156,1,13,1,1,4,'2019-05-09 09:00:00','17:00:00','19:00:00','1','2019-04-23 02:29:22',NULL,'1'),(512,156,1,13,1,1,4,'2019-05-09 09:00:00','19:00:00','20:00:00','1','2019-04-23 02:29:22',NULL,'1'),(513,156,1,13,1,1,4,'2019-05-16 09:00:00','18:00:00','19:00:00','1','2019-04-23 02:29:23',NULL,'1'),(514,156,1,13,1,1,4,'2019-05-23 09:00:00','17:00:00','19:00:00','1','2019-04-23 02:29:23',NULL,'1'),(515,156,1,13,1,1,4,'2019-05-23 09:00:00','19:00:00','20:00:00','1','2019-04-23 02:29:23',NULL,'1'),(516,156,1,13,1,1,4,'2019-05-30 09:00:00','17:00:00','19:00:00','1','2019-04-23 02:29:23',NULL,'1'),(517,156,1,13,1,1,4,'2019-05-30 09:00:00','19:00:00','20:00:00','1','2019-04-23 02:29:23',NULL,'1'),(518,156,1,13,1,1,4,'2019-06-06 09:00:00','17:00:00','19:00:00','1','2019-04-23 02:29:23',NULL,'1'),(519,156,1,13,1,1,4,'2019-06-06 09:00:00','19:00:00','20:00:00','1','2019-04-23 02:29:23',NULL,'1'),(520,156,1,13,1,1,4,'2019-06-13 09:00:00','18:00:00','19:00:00','1','2019-04-23 02:29:23',NULL,'1'),(521,72,1,68,1,1,4,'2019-04-25 09:00:00','19:00:00','20:15:00','1','2019-04-23 02:29:23',NULL,'1'),(522,72,1,68,1,1,4,'2019-05-02 09:00:00','19:00:00','20:15:00','1','2019-04-23 02:29:23',NULL,'1'),(523,72,1,68,1,1,4,'2019-05-09 09:00:00','19:00:00','20:15:00','1','2019-04-23 02:29:23',NULL,'1'),(524,72,1,68,1,1,4,'2019-05-23 09:00:00','19:00:00','20:15:00','1','2019-04-23 02:29:24',NULL,'1'),(525,72,1,68,1,1,5,'2019-05-30 09:00:00','19:00:00','20:15:00','1','2019-04-23 02:29:24',NULL,'1'),(526,72,1,68,1,1,5,'2019-06-06 09:00:00','19:00:00','20:15:00','1','2019-04-23 02:29:24',NULL,'1'),(527,72,1,68,1,1,4,'2019-04-18 09:00:00','9:30:00','10:30:00','1','2019-04-23 02:29:24',NULL,'1'),(528,72,1,68,1,1,5,'2019-04-26 09:00:00','18:30:00','20:00:00','1','2019-04-23 02:29:24',NULL,'1'),(529,72,1,68,1,1,5,'2019-04-26 09:00:00','21:30:00','22:00:00','1','2019-04-23 02:29:24',NULL,'1'),(530,72,1,68,1,1,4,'2019-05-02 09:00:00','18:00:00','20:00:00','1','2019-04-23 02:29:24',NULL,'1'),(531,72,1,68,1,1,5,'2019-05-10 09:00:00','18:00:00','20:00:00','1','2019-04-23 02:29:24',NULL,'1'),(532,72,1,68,1,1,5,'2019-05-17 09:00:00','19:00:00','20:00:00','1','2019-04-23 02:29:24',NULL,'1'),(533,72,1,68,1,1,4,'2019-05-23 09:00:00','18:00:00','20:00:00','1','2019-04-23 02:29:24',NULL,'1'),(534,72,1,68,1,1,5,'2019-05-31 09:00:00','18:00:00','20:00:00','1','2019-04-23 02:29:24',NULL,'1'),(535,72,1,68,1,1,5,'2019-06-07 09:00:00','18:00:00','20:00:00','1','2019-04-23 02:29:24',NULL,'1'),(536,72,1,68,1,1,5,'2019-06-14 09:00:00','18:00:00','20:00:00','1','2019-04-23 02:29:24',NULL,'1'),(537,51,1,67,1,1,4,'2019-04-25 09:00:00','21:30:00','22:30:00','1','2019-04-23 02:29:25',NULL,'1'),(538,51,1,67,1,1,4,'2019-05-02 09:00:00','21:30:00','22:30:00','1','2019-04-23 02:29:25',NULL,'1'),(539,51,1,67,1,1,4,'2019-05-09 09:00:00','21:30:00','22:30:00','1','2019-04-23 02:29:26',NULL,'1'),(540,51,1,67,1,1,4,'2019-05-23 09:00:00','21:30:00','22:30:00','1','2019-04-23 02:29:27',NULL,'1'),(541,51,1,67,1,1,4,'2019-05-30 09:00:00','21:30:00','22:30:00','1','2019-04-23 02:29:27',NULL,'1'),(542,51,1,67,1,1,4,'2019-06-06 09:00:00','21:30:00','22:30:00','1','2019-04-23 02:29:28',NULL,'1'),(543,102,1,66,1,1,1,'2019-04-22 09:00:00','21:00:00','22:00:00','1','2019-04-23 02:29:28',NULL,'1'),(544,102,1,66,1,1,1,'2019-04-29 09:00:00','21:00:00','22:00:00','1','2019-04-23 02:29:28',NULL,'1'),(545,102,1,66,1,1,1,'2019-05-06 09:00:00','21:00:00','22:00:00','1','2019-04-23 02:29:29',NULL,'1'),(546,102,1,66,1,1,1,'2019-05-20 09:00:00','21:00:00','22:00:00','1','2019-04-23 02:29:29',NULL,'1'),(547,102,1,66,1,1,1,'2019-05-27 09:00:00','21:00:00','22:00:00','1','2019-04-23 02:29:29',NULL,'1'),(548,102,1,66,1,1,1,'2019-06-03 09:00:00','21:00:00','22:00:00','1','2019-04-23 02:29:30',NULL,'1'),(549,50,1,61,1,1,3,'2019-04-24 09:00:00','20:00:00','21:00:00','1','2019-04-23 02:29:30',NULL,'1'),(550,50,1,61,1,1,3,'2019-05-01 09:00:00','20:00:00','21:00:00','1','2019-04-23 02:29:30',NULL,'1'),(551,50,1,61,1,1,3,'2019-05-08 09:00:00','20:00:00','21:00:00','1','2019-04-23 02:29:31',NULL,'1'),(552,50,1,61,1,1,3,'2019-05-22 09:00:00','20:00:00','21:00:00','1','2019-04-23 02:29:32',NULL,'1'),(553,50,1,61,1,1,3,'2019-05-29 09:00:00','20:00:00','21:00:00','1','2019-04-23 02:29:32',NULL,'1'),(554,50,1,61,1,1,3,'2019-06-05 09:00:00','20:00:00','21:00:00','1','2019-04-23 02:29:33',NULL,'1'),(555,39,1,60,1,1,5,'2019-04-26 09:00:00','19:00:00','20:00:00','1','2019-04-23 02:29:35',NULL,'1'),(556,39,1,60,1,1,5,'2019-05-10 09:00:00','19:00:00','20:00:00','1','2019-04-23 02:29:35',NULL,'1'),(557,39,1,60,1,1,5,'2019-05-31 09:00:00','19:00:00','20:00:00','1','2019-04-23 02:29:36',NULL,'1'),(558,39,1,60,1,1,5,'2019-06-07 09:00:00','19:00:00','20:00:00','1','2019-04-23 02:29:36',NULL,'1'),(559,39,1,60,1,1,5,'2019-06-14 09:00:00','19:00:00','20:00:00','1','2019-04-23 02:29:36',NULL,'1');
/*!40000 ALTER TABLE `horario_asignatura_periodo` ENABLE KEYS */;
UNLOCK TABLES;

--
-- Table structure for table `horario_asignatura_periodo_tmp`
--

DROP TABLE IF EXISTS `horario_asignatura_periodo_tmp`;
/*!40101 SET @saved_cs_client     = @@character_set_client */;
 SET character_set_client = utf8mb4 ;
CREATE TABLE `horario_asignatura_periodo_tmp` (
  `hapt_id` bigint(20) NOT NULL AUTO_INCREMENT,
  `asi_id` bigint(20) DEFAULT NULL,
  `paca_id` bigint(20) DEFAULT NULL,
  `pro_id` bigint(20) DEFAULT NULL,
  `uaca_id` bigint(20) DEFAULT NULL,
  `mod_id` bigint(20) DEFAULT NULL,
  `dia_id` bigint(20) DEFAULT NULL,
  `hapt_fecha_clase` varchar(10) DEFAULT NULL,
  `hapt_hora_entrada` varchar(10) DEFAULT NULL,
  `hapt_hora_salida` varchar(10) DEFAULT NULL,
  `usu_id` bigint(20) DEFAULT NULL,
  PRIMARY KEY (`hapt_id`)
) ENGINE=InnoDB DEFAULT CHARSET=utf8;
/*!40101 SET character_set_client = @saved_cs_client */;

--
-- Dumping data for table `horario_asignatura_periodo_tmp`
--

LOCK TABLES `horario_asignatura_periodo_tmp` WRITE;
/*!40000 ALTER TABLE `horario_asignatura_periodo_tmp` DISABLE KEYS */;
/*!40000 ALTER TABLE `horario_asignatura_periodo_tmp` ENABLE KEYS */;
UNLOCK TABLES;

--
-- Table structure for table `malla_academica`
--

DROP TABLE IF EXISTS `malla_academica`;
/*!40101 SET @saved_cs_client     = @@character_set_client */;
 SET character_set_client = utf8mb4 ;
CREATE TABLE `malla_academica` (
  `maca_id` bigint(20) NOT NULL AUTO_INCREMENT,
  `eaca_id` bigint(20) NOT NULL,
  `uaca_id` bigint(20) NOT NULL,
  `mod_id` bigint(20) NOT NULL,
  `maca_tipo` varchar(1) DEFAULT NULL,
  `maca_nombre` varchar(300) NOT NULL,
  `maca_fecha_vigencia_inicio` timestamp NULL DEFAULT NULL,
  `maca_fecha_vigencia_fin` timestamp NULL DEFAULT NULL,
  `maca_usuario_ingreso` bigint(20) NOT NULL,
  `maca_usuario_modifica` bigint(20) DEFAULT NULL,
  `maca_estado` varchar(1) NOT NULL,
  `maca_fecha_creacion` timestamp NOT NULL DEFAULT CURRENT_TIMESTAMP,
  `maca_fecha_modificacion` timestamp NULL DEFAULT NULL,
  `maca_estado_logico` varchar(1) NOT NULL,
  PRIMARY KEY (`maca_id`),
  KEY `eaca_id` (`eaca_id`),
  KEY `uaca_id` (`uaca_id`),
  KEY `mod_id` (`mod_id`),
  CONSTRAINT `malla_academica_ibfk_1` FOREIGN KEY (`eaca_id`) REFERENCES `estudio_academico` (`eaca_id`),
  CONSTRAINT `malla_academica_ibfk_2` FOREIGN KEY (`uaca_id`) REFERENCES `unidad_academica` (`uaca_id`),
  CONSTRAINT `malla_academica_ibfk_3` FOREIGN KEY (`mod_id`) REFERENCES `modalidad` (`mod_id`)
) ENGINE=InnoDB AUTO_INCREMENT=34 DEFAULT CHARSET=utf8;
/*!40101 SET character_set_client = @saved_cs_client */;

--
-- Dumping data for table `malla_academica`
--

LOCK TABLES `malla_academica` WRITE;
/*!40000 ALTER TABLE `malla_academica` DISABLE KEYS */;
INSERT INTO `malla_academica` VALUES (1,1,1,1,'1','Curso de Admisión y Nivelación - Licenciatura en Comercio Exterior - Online','2018-07-01 04:00:00','2018-09-30 04:00:00',1,NULL,'1','2018-10-18 00:12:47',NULL,'1'),(2,2,1,1,'1','Curso de Admisión y Nivelación - Economía - Online','2018-07-01 04:00:00','2018-09-30 04:00:00',1,NULL,'1','2018-10-18 00:12:47',NULL,'1'),(3,3,1,1,'1','Curso de Admisión y Nivelación - Licenciatura en Finanzas - Online','2018-07-01 04:00:00','2018-09-30 04:00:00',1,NULL,'1','2018-10-18 00:12:47',NULL,'1'),(4,4,1,1,'1','Curso de Admisión y Nivelación - Licenciatura en Mercadotecnia - Online','2018-07-01 04:00:00','2018-09-30 04:00:00',1,NULL,'1','2018-10-18 00:12:47',NULL,'1'),(5,5,1,1,'1','Curso de Admisión y Nivelación - Licenciatura en Turismo - Online','2018-07-01 04:00:00','2018-09-30 04:00:00',1,NULL,'1','2018-10-18 00:12:47',NULL,'1'),(6,6,1,1,'1','Curso de Admisión y Nivelación - Licenciatura en Administración de Empresas - Online','2018-07-01 04:00:00','2018-09-30 04:00:00',1,NULL,'1','2018-10-18 00:12:47',NULL,'1'),(7,11,1,2,'1','Curso de Admisión y Nivelación - Ingenieria en Logística y Transporte - Presencial','2018-07-01 04:00:00','2018-09-30 04:00:00',1,NULL,'1','2018-10-18 00:12:47',NULL,'1'),(8,8,1,2,'1','Curso de Admisión y Nivelación - Ingenieria en Telecomunicaciones - Presencial','2018-07-01 04:00:00','2018-09-30 04:00:00',1,NULL,'1','2018-10-18 00:12:47',NULL,'1'),(9,7,1,2,'1','Curso de Admisión y Nivelación - Ingenieria en Software - Presencial','2018-07-01 04:00:00','2018-09-30 04:00:00',1,NULL,'1','2018-10-18 00:12:47',NULL,'1'),(10,10,1,2,'1','Curso de Admisión y Nivelación - Ingenieria en Tecnologias de la Información - Presencial','2018-07-01 04:00:00','2018-09-30 04:00:00',1,NULL,'1','2018-10-18 00:12:47',NULL,'1'),(11,1,1,2,'1','Curso de Admisión y Nivelación - Licenciatura en Comercio Exterior - Presencial','2018-07-01 04:00:00','2018-09-30 04:00:00',1,NULL,'1','2018-10-18 00:12:47',NULL,'1'),(12,5,1,2,'1','Curso de Admisión y Nivelación - Licenciatura en Turismo - Presencial','2018-07-01 04:00:00','2018-09-30 04:00:00',1,NULL,'1','2018-10-18 00:12:47',NULL,'1'),(13,3,1,2,'1','Curso de Admisión y Nivelación - Licenciatura en Finanza - Presencials','2018-07-01 04:00:00','2018-09-30 04:00:00',1,NULL,'1','2018-10-18 00:12:47',NULL,'1'),(14,9,1,2,'1','Curso de Admisión y Nivelación - Licenciatura en Contabilidad y Auditoria - Presencial','2018-07-01 04:00:00','2018-09-30 04:00:00',1,NULL,'1','2018-10-18 00:12:47',NULL,'1'),(15,13,1,2,'1','Curso de Admisión y Nivelación - Licenciatura en Gestión y Talento Humano - Presencial','2018-07-01 04:00:00','2018-09-30 04:00:00',1,NULL,'1','2018-10-18 00:12:47',NULL,'1'),(16,6,1,2,'1','Curso de Admisión y Nivelación - Licenciatura en Administracion de Empresas - Presencial','2018-07-01 04:00:00','2018-09-30 04:00:00',1,NULL,'1','2018-10-18 00:12:47',NULL,'1'),(17,4,1,2,'1','Curso de Admisión y Nivelación - Licenciatura en Mercadotecnia - Presencial','2018-07-01 04:00:00','2018-09-30 04:00:00',1,NULL,'1','2018-10-18 00:12:47',NULL,'1'),(18,14,1,2,'1','Curso de Admisión y Nivelación - Licenciatura en Administración Portuaria y Aduanera - Presencial','2018-07-01 04:00:00','2018-09-30 04:00:00',1,NULL,'1','2018-10-18 00:12:47',NULL,'1'),(19,12,1,3,'1','Curso de Admisión y Nivelación - Licenciatura en Comunicación - Semi - Presencial','2018-07-01 04:00:00','2018-09-30 04:00:00',1,NULL,'1','2018-10-18 00:12:47',NULL,'1'),(20,15,2,3,'1','Curso de Admisión y Nivelación - Administración de Empresas - Semi - Presencial','2018-07-01 04:00:00','2018-09-30 04:00:00',1,NULL,'1','2018-10-18 00:12:47',NULL,'1'),(21,16,2,3,'1','Curso de Admisión y Nivelación - Finanzas - Semi - Presencial','2018-07-01 04:00:00','2018-09-30 04:00:00',1,NULL,'1','2018-10-18 00:12:47',NULL,'1'),(22,17,2,3,'1','Curso de Admisión y Nivelación - Marketing - Semi - Presencial','2018-07-01 04:00:00','2018-09-30 04:00:00',1,NULL,'1','2018-10-18 00:12:47',NULL,'1'),(23,18,2,3,'1','Curso de Admisión y Nivelación - Sistema de Información Gerencial - Semi - Presencial','2018-07-01 04:00:00','2018-09-30 04:00:00',1,NULL,'1','2018-10-18 00:12:47',NULL,'1'),(24,19,2,3,'1','Curso de Admisión y Nivelación - Turismo - Semi - Presencial','2018-07-01 04:00:00','2018-09-30 04:00:00',1,NULL,'1','2018-10-18 00:12:47',NULL,'1'),(25,20,2,3,'1','Curso de Admisión y Nivelación - Talento Humano - Semi - Presencial','2018-07-01 04:00:00','2018-09-30 04:00:00',1,NULL,'1','2018-10-18 00:12:47',NULL,'1'),(26,21,2,3,'1','Curso de Admisión y Nivelación - Empresas Familiares - Semi - Presencial','2018-07-01 04:00:00','2018-09-30 04:00:00',1,NULL,'1','2018-10-18 00:12:47',NULL,'1'),(27,22,2,3,'1','Curso de Admisión y Nivelación - Investigación - Semi - Presencial','2018-07-01 04:00:00','2018-09-30 04:00:00',1,NULL,'1','2018-10-18 00:12:47',NULL,'1'),(28,1,1,4,'1','Curso de Admisión y Nivelación - Licenciatura en Comercio Exterior - Distancia','2018-07-01 04:00:00','2018-09-30 04:00:00',1,NULL,'1','2018-10-18 00:12:47',NULL,'1'),(29,3,1,4,'1','Curso de Admisión y Nivelación - Licenciatura en Finanzas - Distancia','2018-07-01 04:00:00','2018-09-30 04:00:00',1,NULL,'1','2018-10-18 00:12:47',NULL,'1'),(30,4,1,4,'1','Curso de Admisión y Nivelación - Licenciatura en Mercadotecnia - DIstancia','2018-07-01 04:00:00','2018-09-30 04:00:00',1,NULL,'1','2018-10-18 00:12:47',NULL,'1'),(31,6,1,4,'1','Curso de Admisión y Nivelación - Licenciatura en Administración de Empresas - Distancia','2018-07-01 04:00:00','2018-09-30 04:00:00',1,NULL,'1','2018-10-18 00:12:47',NULL,'1'),(32,9,1,4,'1','Curso de Admisión y Nivelación - Licenciatura en Contabilidad y Auditoria - Ditancia','2018-07-01 04:00:00','2018-09-30 04:00:00',1,NULL,'1','2018-10-18 00:12:47',NULL,'1'),(33,13,1,4,'1','Curso de Admisión y Nivelación - Licenciatura en Gestión y Talento Humano - Distancia','2018-07-01 04:00:00','2018-09-30 04:00:00',1,NULL,'1','2018-10-18 00:12:47',NULL,'1');
/*!40000 ALTER TABLE `malla_academica` ENABLE KEYS */;
UNLOCK TABLES;

--
-- Table structure for table `malla_academica_detalle`
--

DROP TABLE IF EXISTS `malla_academica_detalle`;
/*!40101 SET @saved_cs_client     = @@character_set_client */;
 SET character_set_client = utf8mb4 ;
CREATE TABLE `malla_academica_detalle` (
  `made_id` bigint(20) NOT NULL AUTO_INCREMENT,
  `maca_id` bigint(20) NOT NULL,
  `asi_id` bigint(20) NOT NULL,
  `uest_id` bigint(20) NOT NULL,
  `nest_id` bigint(20) NOT NULL,
  `fmac_id` bigint(20) NOT NULL,
  `made_codigo_asignatura` varchar(300) NOT NULL,
  `made_usuario_ingreso` bigint(20) NOT NULL,
  `made_usuario_modifica` bigint(20) DEFAULT NULL,
  `made_estado` varchar(1) NOT NULL,
  `made_fecha_creacion` timestamp NOT NULL DEFAULT CURRENT_TIMESTAMP,
  `made_fecha_modificacion` timestamp NULL DEFAULT NULL,
  `made_estado_logico` varchar(1) NOT NULL,
  PRIMARY KEY (`made_id`),
  KEY `maca_id` (`maca_id`),
  KEY `asi_id` (`asi_id`),
  KEY `uest_id` (`uest_id`),
  KEY `nest_id` (`nest_id`),
  KEY `fmac_id` (`fmac_id`),
  CONSTRAINT `malla_academica_detalle_ibfk_1` FOREIGN KEY (`maca_id`) REFERENCES `malla_academica` (`maca_id`),
  CONSTRAINT `malla_academica_detalle_ibfk_2` FOREIGN KEY (`asi_id`) REFERENCES `asignatura` (`asi_id`),
  CONSTRAINT `malla_academica_detalle_ibfk_3` FOREIGN KEY (`uest_id`) REFERENCES `unidad_estudio` (`uest_id`),
  CONSTRAINT `malla_academica_detalle_ibfk_4` FOREIGN KEY (`nest_id`) REFERENCES `nivel_estudio` (`nest_id`),
  CONSTRAINT `malla_academica_detalle_ibfk_5` FOREIGN KEY (`fmac_id`) REFERENCES `formacion_malla_academica` (`fmac_id`)
) ENGINE=InnoDB AUTO_INCREMENT=166 DEFAULT CHARSET=utf8;
/*!40101 SET character_set_client = @saved_cs_client */;

--
-- Dumping data for table `malla_academica_detalle`
--

LOCK TABLES `malla_academica_detalle` WRITE;
/*!40000 ALTER TABLE `malla_academica_detalle` DISABLE KEYS */;
INSERT INTO `malla_academica_detalle` VALUES (1,1,1,1,1,6,'',1,NULL,'1','2018-10-18 00:12:47',NULL,'1'),(2,1,2,1,1,6,'',1,NULL,'1','2018-10-18 00:12:47',NULL,'1'),(3,1,3,1,1,6,'',1,NULL,'1','2018-10-18 00:12:47',NULL,'1'),(4,1,4,1,1,6,'',1,NULL,'1','2018-10-18 00:12:47',NULL,'1'),(5,1,5,1,1,6,'',1,NULL,'1','2018-10-18 00:12:47',NULL,'1'),(6,2,1,1,1,6,'',1,NULL,'1','2018-10-18 00:12:47',NULL,'1'),(7,2,2,1,1,6,'',1,NULL,'1','2018-10-18 00:12:47',NULL,'1'),(8,2,3,1,1,6,'',1,NULL,'1','2018-10-18 00:12:47',NULL,'1'),(9,2,4,1,1,6,'',1,NULL,'1','2018-10-18 00:12:47',NULL,'1'),(10,2,5,1,1,6,'',1,NULL,'1','2018-10-18 00:12:47',NULL,'1'),(11,3,1,1,1,6,'',1,NULL,'1','2018-10-18 00:12:47',NULL,'1'),(12,3,2,1,1,6,'',1,NULL,'1','2018-10-18 00:12:47',NULL,'1'),(13,3,3,1,1,6,'',1,NULL,'1','2018-10-18 00:12:47',NULL,'1'),(14,3,4,1,1,6,'',1,NULL,'1','2018-10-18 00:12:47',NULL,'1'),(15,3,5,1,1,6,'',1,NULL,'1','2018-10-18 00:12:47',NULL,'1'),(16,4,1,1,1,6,'',1,NULL,'1','2018-10-18 00:12:47',NULL,'1'),(17,4,2,1,1,6,'',1,NULL,'1','2018-10-18 00:12:47',NULL,'1'),(18,4,3,1,1,6,'',1,NULL,'1','2018-10-18 00:12:47',NULL,'1'),(19,4,4,1,1,6,'',1,NULL,'1','2018-10-18 00:12:47',NULL,'1'),(20,4,5,1,1,6,'',1,NULL,'1','2018-10-18 00:12:47',NULL,'1'),(21,5,1,1,1,6,'',1,NULL,'1','2018-10-18 00:12:47',NULL,'1'),(22,5,2,1,1,6,'',1,NULL,'1','2018-10-18 00:12:47',NULL,'1'),(23,5,3,1,1,6,'',1,NULL,'1','2018-10-18 00:12:47',NULL,'1'),(24,5,4,1,1,6,'',1,NULL,'1','2018-10-18 00:12:47',NULL,'1'),(25,5,5,1,1,6,'',1,NULL,'1','2018-10-18 00:12:47',NULL,'1'),(26,6,1,1,1,6,'',1,NULL,'1','2018-10-18 00:12:47',NULL,'1'),(27,6,2,1,1,6,'',1,NULL,'1','2018-10-18 00:12:47',NULL,'1'),(28,6,3,1,1,6,'',1,NULL,'1','2018-10-18 00:12:47',NULL,'1'),(29,6,4,1,1,6,'',1,NULL,'1','2018-10-18 00:12:47',NULL,'1'),(30,6,5,1,1,6,'',1,NULL,'1','2018-10-18 00:12:47',NULL,'1'),(31,7,1,1,1,6,'',1,NULL,'1','2018-10-18 00:12:47',NULL,'1'),(32,7,6,1,1,6,'',1,NULL,'1','2018-10-18 00:12:47',NULL,'1'),(33,7,3,1,1,6,'',1,NULL,'1','2018-10-18 00:12:47',NULL,'1'),(34,7,4,1,1,6,'',1,NULL,'1','2018-10-18 00:12:47',NULL,'1'),(35,7,5,1,1,6,'',1,NULL,'1','2018-10-18 00:12:47',NULL,'1'),(36,8,1,1,1,6,'',1,NULL,'1','2018-10-18 00:12:47',NULL,'1'),(37,8,6,1,1,6,'',1,NULL,'1','2018-10-18 00:12:47',NULL,'1'),(38,8,3,1,1,6,'',1,NULL,'1','2018-10-18 00:12:47',NULL,'1'),(39,8,4,1,1,6,'',1,NULL,'1','2018-10-18 00:12:47',NULL,'1'),(40,8,5,1,1,6,'',1,NULL,'1','2018-10-18 00:12:47',NULL,'1'),(41,9,1,1,1,6,'',1,NULL,'1','2018-10-18 00:12:47',NULL,'1'),(42,9,6,1,1,6,'',1,NULL,'1','2018-10-18 00:12:47',NULL,'1'),(43,9,3,1,1,6,'',1,NULL,'1','2018-10-18 00:12:47',NULL,'1'),(44,9,4,1,1,6,'',1,NULL,'1','2018-10-18 00:12:47',NULL,'1'),(45,9,5,1,1,6,'',1,NULL,'1','2018-10-18 00:12:47',NULL,'1'),(46,10,1,1,1,6,'',1,NULL,'1','2018-10-18 00:12:47',NULL,'1'),(47,10,6,1,1,6,'',1,NULL,'1','2018-10-18 00:12:47',NULL,'1'),(48,10,3,1,1,6,'',1,NULL,'1','2018-10-18 00:12:47',NULL,'1'),(49,10,4,1,1,6,'',1,NULL,'1','2018-10-18 00:12:47',NULL,'1'),(50,10,5,1,1,6,'',1,NULL,'1','2018-10-18 00:12:47',NULL,'1'),(51,11,1,1,1,6,'',1,NULL,'1','2018-10-18 00:12:47',NULL,'1'),(52,11,2,1,1,6,'',1,NULL,'1','2018-10-18 00:12:47',NULL,'1'),(53,11,3,1,1,6,'',1,NULL,'1','2018-10-18 00:12:47',NULL,'1'),(54,11,4,1,1,6,'',1,NULL,'1','2018-10-18 00:12:47',NULL,'1'),(55,11,5,1,1,6,'',1,NULL,'1','2018-10-18 00:12:47',NULL,'1'),(56,12,1,1,1,6,'',1,NULL,'1','2018-10-18 00:12:47',NULL,'1'),(57,12,2,1,1,6,'',1,NULL,'1','2018-10-18 00:12:47',NULL,'1'),(58,12,3,1,1,6,'',1,NULL,'1','2018-10-18 00:12:47',NULL,'1'),(59,12,4,1,1,6,'',1,NULL,'1','2018-10-18 00:12:47',NULL,'1'),(60,12,5,1,1,6,'',1,NULL,'1','2018-10-18 00:12:47',NULL,'1'),(61,13,1,1,1,6,'',1,NULL,'1','2018-10-18 00:12:47',NULL,'1'),(62,13,2,1,1,6,'',1,NULL,'1','2018-10-18 00:12:47',NULL,'1'),(63,13,3,1,1,6,'',1,NULL,'1','2018-10-18 00:12:47',NULL,'1'),(64,13,4,1,1,6,'',1,NULL,'1','2018-10-18 00:12:47',NULL,'1'),(65,13,5,1,1,6,'',1,NULL,'1','2018-10-18 00:12:47',NULL,'1'),(66,14,1,1,1,6,'',1,NULL,'1','2018-10-18 00:12:47',NULL,'1'),(67,14,2,1,1,6,'',1,NULL,'1','2018-10-18 00:12:47',NULL,'1'),(68,14,3,1,1,6,'',1,NULL,'1','2018-10-18 00:12:47',NULL,'1'),(69,14,4,1,1,6,'',1,NULL,'1','2018-10-18 00:12:47',NULL,'1'),(70,14,5,1,1,6,'',1,NULL,'1','2018-10-18 00:12:47',NULL,'1'),(71,15,1,1,1,6,'',1,NULL,'1','2018-10-18 00:12:47',NULL,'1'),(72,15,2,1,1,6,'',1,NULL,'1','2018-10-18 00:12:47',NULL,'1'),(73,15,3,1,1,6,'',1,NULL,'1','2018-10-18 00:12:47',NULL,'1'),(74,15,4,1,1,6,'',1,NULL,'1','2018-10-18 00:12:47',NULL,'1'),(75,15,5,1,1,6,'',1,NULL,'1','2018-10-18 00:12:47',NULL,'1'),(76,16,1,1,1,6,'',1,NULL,'1','2018-10-18 00:12:47',NULL,'1'),(77,16,2,1,1,6,'',1,NULL,'1','2018-10-18 00:12:47',NULL,'1'),(78,16,3,1,1,6,'',1,NULL,'1','2018-10-18 00:12:47',NULL,'1'),(79,16,4,1,1,6,'',1,NULL,'1','2018-10-18 00:12:47',NULL,'1'),(80,16,5,1,1,6,'',1,NULL,'1','2018-10-18 00:12:47',NULL,'1'),(81,17,1,1,1,6,'',1,NULL,'1','2018-10-18 00:12:47',NULL,'1'),(82,17,2,1,1,6,'',1,NULL,'1','2018-10-18 00:12:47',NULL,'1'),(83,17,3,1,1,6,'',1,NULL,'1','2018-10-18 00:12:47',NULL,'1'),(84,17,4,1,1,6,'',1,NULL,'1','2018-10-18 00:12:47',NULL,'1'),(85,17,5,1,1,6,'',1,NULL,'1','2018-10-18 00:12:47',NULL,'1'),(86,18,1,1,1,6,'',1,NULL,'1','2018-10-18 00:12:47',NULL,'1'),(87,18,2,1,1,6,'',1,NULL,'1','2018-10-18 00:12:47',NULL,'1'),(88,18,3,1,1,6,'',1,NULL,'1','2018-10-18 00:12:47',NULL,'1'),(89,18,4,1,1,6,'',1,NULL,'1','2018-10-18 00:12:47',NULL,'1'),(90,18,5,1,1,6,'',1,NULL,'1','2018-10-18 00:12:47',NULL,'1'),(91,19,1,1,1,6,'',1,NULL,'1','2018-10-18 00:12:47',NULL,'1'),(92,19,2,1,1,6,'',1,NULL,'1','2018-10-18 00:12:47',NULL,'1'),(93,19,3,1,1,6,'',1,NULL,'1','2018-10-18 00:12:47',NULL,'1'),(94,19,4,1,1,6,'',1,NULL,'1','2018-10-18 00:12:47',NULL,'1'),(95,19,5,1,1,6,'',1,NULL,'1','2018-10-18 00:12:47',NULL,'1'),(96,20,1,1,1,6,'',1,NULL,'1','2018-10-18 00:12:47',NULL,'1'),(97,20,2,1,1,6,'',1,NULL,'1','2018-10-18 00:12:47',NULL,'1'),(98,20,3,1,1,6,'',1,NULL,'1','2018-10-18 00:12:47',NULL,'1'),(99,20,4,1,1,6,'',1,NULL,'1','2018-10-18 00:12:47',NULL,'1'),(100,20,5,1,1,6,'',1,NULL,'1','2018-10-18 00:12:47',NULL,'1'),(101,21,1,1,1,6,'',1,NULL,'1','2018-10-18 00:12:47',NULL,'1'),(102,21,2,1,1,6,'',1,NULL,'1','2018-10-18 00:12:47',NULL,'1'),(103,21,3,1,1,6,'',1,NULL,'1','2018-10-18 00:12:47',NULL,'1'),(104,21,4,1,1,6,'',1,NULL,'1','2018-10-18 00:12:47',NULL,'1'),(105,21,5,1,1,6,'',1,NULL,'1','2018-10-18 00:12:47',NULL,'1'),(106,22,1,1,1,6,'',1,NULL,'1','2018-10-18 00:12:47',NULL,'1'),(107,22,2,1,1,6,'',1,NULL,'1','2018-10-18 00:12:47',NULL,'1'),(108,22,3,1,1,6,'',1,NULL,'1','2018-10-18 00:12:47',NULL,'1'),(109,22,4,1,1,6,'',1,NULL,'1','2018-10-18 00:12:47',NULL,'1'),(110,22,5,1,1,6,'',1,NULL,'1','2018-10-18 00:12:47',NULL,'1'),(111,23,1,1,1,6,'',1,NULL,'1','2018-10-18 00:12:47',NULL,'1'),(112,23,2,1,1,6,'',1,NULL,'1','2018-10-18 00:12:47',NULL,'1'),(113,23,3,1,1,6,'',1,NULL,'1','2018-10-18 00:12:47',NULL,'1'),(114,23,4,1,1,6,'',1,NULL,'1','2018-10-18 00:12:47',NULL,'1'),(115,23,5,1,1,6,'',1,NULL,'1','2018-10-18 00:12:47',NULL,'1'),(116,24,1,1,1,6,'',1,NULL,'1','2018-10-18 00:12:47',NULL,'1'),(117,24,2,1,1,6,'',1,NULL,'1','2018-10-18 00:12:47',NULL,'1'),(118,24,3,1,1,6,'',1,NULL,'1','2018-10-18 00:12:47',NULL,'1'),(119,24,4,1,1,6,'',1,NULL,'1','2018-10-18 00:12:47',NULL,'1'),(120,24,5,1,1,6,'',1,NULL,'1','2018-10-18 00:12:47',NULL,'1'),(121,25,1,1,1,6,'',1,NULL,'1','2018-10-18 00:12:47',NULL,'1'),(122,25,2,1,1,6,'',1,NULL,'1','2018-10-18 00:12:47',NULL,'1'),(123,25,3,1,1,6,'',1,NULL,'1','2018-10-18 00:12:47',NULL,'1'),(124,25,4,1,1,6,'',1,NULL,'1','2018-10-18 00:12:47',NULL,'1'),(125,25,5,1,1,6,'',1,NULL,'1','2018-10-18 00:12:47',NULL,'1'),(126,26,1,1,1,6,'',1,NULL,'1','2018-10-18 00:12:47',NULL,'1'),(127,26,2,1,1,6,'',1,NULL,'1','2018-10-18 00:12:47',NULL,'1'),(128,26,3,1,1,6,'',1,NULL,'1','2018-10-18 00:12:47',NULL,'1'),(129,26,4,1,1,6,'',1,NULL,'1','2018-10-18 00:12:47',NULL,'1'),(130,26,5,1,1,6,'',1,NULL,'1','2018-10-18 00:12:47',NULL,'1'),(131,27,1,1,1,6,'',1,NULL,'1','2018-10-18 00:12:47',NULL,'1'),(132,27,2,1,1,6,'',1,NULL,'1','2018-10-18 00:12:47',NULL,'1'),(133,27,3,1,1,6,'',1,NULL,'1','2018-10-18 00:12:47',NULL,'1'),(134,27,4,1,1,6,'',1,NULL,'1','2018-10-18 00:12:47',NULL,'1'),(135,27,5,1,1,6,'',1,NULL,'1','2018-10-18 00:12:47',NULL,'1'),(136,28,1,1,1,6,'',1,NULL,'1','2018-10-18 00:12:47',NULL,'1'),(137,28,2,1,1,6,'',1,NULL,'1','2018-10-18 00:12:47',NULL,'1'),(138,28,3,1,1,6,'',1,NULL,'1','2018-10-18 00:12:47',NULL,'1'),(139,28,4,1,1,6,'',1,NULL,'1','2018-10-18 00:12:47',NULL,'1'),(140,28,5,1,1,6,'',1,NULL,'1','2018-10-18 00:12:47',NULL,'1'),(141,29,1,1,1,6,'',1,NULL,'1','2018-10-18 00:12:47',NULL,'1'),(142,29,2,1,1,6,'',1,NULL,'1','2018-10-18 00:12:47',NULL,'1'),(143,29,3,1,1,6,'',1,NULL,'1','2018-10-18 00:12:47',NULL,'1'),(144,29,4,1,1,6,'',1,NULL,'1','2018-10-18 00:12:47',NULL,'1'),(145,29,5,1,1,6,'',1,NULL,'1','2018-10-18 00:12:47',NULL,'1'),(146,30,1,1,1,6,'',1,NULL,'1','2018-10-18 00:12:47',NULL,'1'),(147,30,2,1,1,6,'',1,NULL,'1','2018-10-18 00:12:47',NULL,'1'),(148,30,3,1,1,6,'',1,NULL,'1','2018-10-18 00:12:47',NULL,'1'),(149,30,4,1,1,6,'',1,NULL,'1','2018-10-18 00:12:47',NULL,'1'),(150,30,5,1,1,6,'',1,NULL,'1','2018-10-18 00:12:47',NULL,'1'),(151,31,1,1,1,6,'',1,NULL,'1','2018-10-18 00:12:47',NULL,'1'),(152,31,2,1,1,6,'',1,NULL,'1','2018-10-18 00:12:47',NULL,'1'),(153,31,3,1,1,6,'',1,NULL,'1','2018-10-18 00:12:47',NULL,'1'),(154,31,4,1,1,6,'',1,NULL,'1','2018-10-18 00:12:47',NULL,'1'),(155,31,5,1,1,6,'',1,NULL,'1','2018-10-18 00:12:47',NULL,'1'),(156,32,1,1,1,6,'',1,NULL,'1','2018-10-18 00:12:47',NULL,'1'),(157,32,2,1,1,6,'',1,NULL,'1','2018-10-18 00:12:47',NULL,'1'),(158,32,3,1,1,6,'',1,NULL,'1','2018-10-18 00:12:47',NULL,'1'),(159,32,4,1,1,6,'',1,NULL,'1','2018-10-18 00:12:47',NULL,'1'),(160,32,5,1,1,6,'',1,NULL,'1','2018-10-18 00:12:47',NULL,'1'),(161,33,1,1,1,6,'',1,NULL,'1','2018-10-18 00:12:47',NULL,'1'),(162,33,2,1,1,6,'',1,NULL,'1','2018-10-18 00:12:47',NULL,'1'),(163,33,3,1,1,6,'',1,NULL,'1','2018-10-18 00:12:47',NULL,'1'),(164,33,4,1,1,6,'',1,NULL,'1','2018-10-18 00:12:47',NULL,'1'),(165,33,5,1,1,6,'',1,NULL,'1','2018-10-18 00:12:47',NULL,'1');
/*!40000 ALTER TABLE `malla_academica_detalle` ENABLE KEYS */;
UNLOCK TABLES;

--
-- Table structure for table `matriculacion`
--

DROP TABLE IF EXISTS `matriculacion`;
/*!40101 SET @saved_cs_client     = @@character_set_client */;
 SET character_set_client = utf8mb4 ;
CREATE TABLE `matriculacion` (
  `mat_id` bigint(20) NOT NULL AUTO_INCREMENT,
  `peac_id` bigint(20) DEFAULT NULL,
  `adm_id` bigint(20) DEFAULT NULL,
  `est_id` bigint(20) DEFAULT NULL,
  `sins_id` bigint(20) DEFAULT NULL,
  `mat_fecha_matriculacion` timestamp NULL DEFAULT NULL,
  `mat_usuario_ingreso` bigint(20) NOT NULL,
  `mat_usuario_modifica` bigint(20) DEFAULT NULL,
  `mat_estado` varchar(1) NOT NULL,
  `mat_fecha_creacion` timestamp NOT NULL DEFAULT CURRENT_TIMESTAMP,
  `mat_fecha_modificacion` timestamp NULL DEFAULT NULL,
  `mat_estado_logico` varchar(1) NOT NULL,
  PRIMARY KEY (`mat_id`),
  KEY `peac_id` (`peac_id`),
  KEY `est_id` (`est_id`),
  CONSTRAINT `matriculacion_ibfk_1` FOREIGN KEY (`peac_id`) REFERENCES `planificacion_estudio_academico` (`peac_id`),
  CONSTRAINT `matriculacion_ibfk_2` FOREIGN KEY (`est_id`) REFERENCES `estudiante` (`est_id`)
) ENGINE=InnoDB AUTO_INCREMENT=264 DEFAULT CHARSET=utf8;
/*!40101 SET character_set_client = @saved_cs_client */;

--
-- Dumping data for table `matriculacion`
--

LOCK TABLES `matriculacion` WRITE;
/*!40000 ALTER TABLE `matriculacion` DISABLE KEYS */;
INSERT INTO `matriculacion` VALUES (1,1,1,NULL,1,'2017-10-11 05:22:45',1,NULL,'1','2017-10-11 05:22:45',NULL,'1'),(2,5,2,NULL,2,'2017-10-12 05:22:27',1,NULL,'1','2017-10-12 05:22:27',NULL,'1'),(3,1,4,NULL,4,'2017-10-14 01:14:02',1,NULL,'1','2017-10-14 01:14:02',NULL,'1'),(4,1,6,NULL,6,'2017-10-15 01:15:17',1,NULL,'1','2017-10-15 01:15:17',NULL,'1'),(5,5,5,NULL,5,'2017-10-15 01:23:17',1,NULL,'1','2017-10-15 01:23:17',NULL,'1'),(6,5,7,NULL,7,'2017-10-17 07:03:17',1,NULL,'1','2017-10-17 07:03:17',NULL,'1'),(7,4,8,NULL,8,'2017-10-18 05:53:23',1,NULL,'1','2017-10-18 05:53:23',NULL,'1'),(8,1,9,NULL,9,'2017-10-19 05:16:40',1,NULL,'1','2017-10-19 05:16:40',NULL,'1'),(9,10,11,NULL,10,'2017-11-01 04:52:50',1,NULL,'1','2017-11-01 04:52:50',NULL,'1'),(10,7,13,NULL,15,'2017-11-11 05:11:47',1,NULL,'1','2017-11-11 05:11:47',NULL,'1'),(11,11,15,NULL,13,'2017-11-14 01:37:15',1,NULL,'1','2017-11-14 01:37:15',NULL,'1'),(12,9,22,NULL,20,'2017-11-14 07:09:18',1,NULL,'1','2017-11-14 07:09:18',NULL,'1'),(13,9,20,NULL,21,'2017-11-19 02:24:30',1,NULL,'1','2017-11-19 02:24:30',NULL,'1'),(14,9,24,NULL,22,'2017-11-21 00:15:51',1,NULL,'1','2017-11-21 00:15:51',NULL,'1'),(15,11,18,NULL,17,'2017-11-23 03:52:58',1,NULL,'1','2017-11-23 03:52:58',NULL,'1'),(16,7,23,NULL,23,'2017-11-29 07:49:32',1,NULL,'1','2017-11-29 07:49:32',NULL,'1'),(17,7,16,NULL,16,'2017-11-29 07:52:05',1,NULL,'1','2017-11-29 07:52:05',NULL,'1'),(18,7,25,NULL,24,'2017-11-30 00:36:25',1,NULL,'1','2017-11-30 00:36:25',NULL,'1'),(19,8,14,NULL,12,'2017-11-30 01:10:45',1,NULL,'1','2017-11-30 01:10:45',NULL,'1'),(20,8,17,NULL,14,'2017-11-30 01:11:46',1,NULL,'1','2017-11-30 01:11:46',NULL,'1'),(21,11,21,NULL,19,'2017-11-30 01:18:29',1,NULL,'1','2017-11-30 01:18:29',NULL,'1'),(22,1,3,NULL,3,'2017-11-30 03:48:09',1,NULL,'1','2017-11-30 03:48:09',NULL,'1'),(23,17,28,NULL,28,'2018-01-10 02:14:55',1,NULL,'1','2018-01-10 02:14:55',NULL,'1'),(24,13,31,NULL,29,'2018-01-13 06:02:01',1,NULL,'1','2018-01-13 06:02:01',NULL,'1'),(25,17,30,NULL,30,'2018-01-14 00:02:10',1,NULL,'1','2018-01-14 00:02:10',NULL,'1'),(26,13,35,NULL,33,'2018-01-19 19:02:30',1,NULL,'1','2018-01-19 19:02:30',NULL,'1'),(27,26,37,NULL,36,'2018-01-31 02:53:57',1,NULL,'1','2018-01-31 02:53:57',NULL,'1'),(28,18,29,NULL,27,'2018-01-31 02:55:40',1,NULL,'1','2018-01-31 02:55:40',NULL,'1'),(29,15,27,NULL,26,'2018-01-31 02:55:50',1,NULL,'1','2018-01-31 02:55:50',NULL,'1'),(30,17,36,NULL,34,'2018-01-31 02:56:03',1,NULL,'1','2018-01-31 02:56:03',NULL,'1'),(31,29,39,NULL,37,'2018-02-06 01:46:15',1,NULL,'1','2018-02-06 01:46:15',NULL,'1'),(32,30,38,NULL,35,'2018-02-06 01:46:32',1,NULL,'1','2018-02-06 01:46:32',NULL,'1'),(33,27,43,NULL,40,'2018-02-16 21:22:06',1,NULL,'1','2018-02-16 21:22:06',NULL,'1'),(34,25,44,NULL,42,'2018-02-17 03:16:02',1,NULL,'1','2018-02-17 03:16:02',NULL,'1'),(35,29,40,NULL,39,'2018-02-19 23:35:49',1,NULL,'1','2018-02-19 23:35:49',NULL,'1'),(36,28,45,NULL,43,'2018-02-19 23:45:21',1,NULL,'1','2018-02-19 23:45:21',NULL,'1'),(37,30,41,NULL,38,'2018-02-20 02:08:38',1,NULL,'1','2018-02-20 02:08:38',NULL,'1'),(38,25,34,NULL,45,'2018-02-20 02:26:19',1,NULL,'1','2018-02-20 02:26:19',NULL,'1'),(39,25,46,NULL,44,'2018-02-20 21:39:25',1,NULL,'1','2018-02-20 21:39:25',NULL,'1'),(40,30,48,NULL,46,'2018-02-21 05:40:19',1,NULL,'1','2018-02-21 05:40:19',NULL,'1'),(41,25,42,NULL,41,'2018-02-21 05:43:47',1,NULL,'1','2018-02-21 05:43:47',NULL,'1'),(42,25,47,NULL,47,'2018-02-23 21:44:47',1,NULL,'1','2018-02-23 21:44:47',NULL,'1'),(43,18,33,NULL,32,'2018-02-24 00:21:41',1,NULL,'1','2018-02-24 00:21:41',NULL,'1'),(44,39,12,NULL,11,'2018-02-27 03:06:30',1,NULL,'1','2018-02-27 03:06:30',NULL,'1'),(45,45,49,NULL,48,'2018-02-28 19:02:59',1,NULL,'1','2018-02-28 19:02:59',NULL,'1'),(46,45,52,NULL,51,'2018-03-05 20:18:58',1,NULL,'1','2018-03-05 20:18:58',NULL,'1'),(47,47,51,NULL,50,'2018-03-05 20:20:10',1,NULL,'1','2018-03-05 20:20:10',NULL,'1'),(48,47,50,NULL,49,'2018-03-06 19:42:46',1,NULL,'1','2018-03-06 19:42:46',NULL,'1'),(49,45,53,NULL,52,'2018-03-06 19:45:29',1,NULL,'1','2018-03-06 19:45:29',NULL,'1'),(50,43,55,NULL,54,'2018-03-09 19:40:14',1,NULL,'1','2018-03-09 19:40:14',NULL,'1'),(51,47,58,NULL,57,'2018-03-12 23:46:20',1,NULL,'1','2018-03-12 23:46:20',NULL,'1'),(52,43,60,NULL,59,'2018-03-12 23:46:37',1,NULL,'1','2018-03-12 23:46:37',NULL,'1'),(53,45,59,NULL,58,'2018-03-12 23:47:17',1,NULL,'1','2018-03-12 23:47:17',NULL,'1'),(54,43,54,NULL,55,'2018-03-13 18:27:53',1,NULL,'1','2018-03-13 18:27:53',NULL,'1'),(55,53,57,NULL,56,'2018-03-15 01:10:31',1,NULL,'1','2018-03-15 01:10:31',NULL,'1'),(56,47,56,NULL,53,'2018-03-15 01:12:06',1,NULL,'1','2018-03-15 01:12:06',NULL,'1'),(57,53,64,NULL,60,'2018-03-16 20:57:17',1,NULL,'1','2018-03-16 20:57:17',NULL,'1'),(58,49,66,NULL,61,'2018-03-16 20:57:38',1,NULL,'1','2018-03-16 20:57:38',NULL,'1'),(59,52,65,NULL,63,'2018-03-16 20:58:35',1,NULL,'1','2018-03-16 20:58:35',NULL,'1'),(60,54,76,NULL,69,'2018-03-19 18:39:47',1,NULL,'1','2018-03-19 18:39:47',NULL,'1'),(61,51,68,NULL,65,'2018-03-19 18:40:25',1,NULL,'1','2018-03-19 18:40:25',NULL,'1'),(62,52,71,NULL,68,'2018-03-19 18:40:42',1,NULL,'1','2018-03-19 18:40:42',NULL,'1'),(63,49,67,NULL,64,'2018-03-19 18:41:25',1,NULL,'1','2018-03-19 18:41:25',NULL,'1'),(64,49,77,NULL,74,'2018-03-19 23:45:54',1,NULL,'1','2018-03-19 23:45:54',NULL,'1'),(65,51,73,NULL,70,'2018-03-19 23:52:39',1,NULL,'1','2018-03-19 23:52:39',NULL,'1'),(66,49,72,NULL,67,'2018-03-20 00:01:06',1,NULL,'1','2018-03-20 00:01:06',NULL,'1'),(67,53,74,NULL,72,'2018-03-20 02:41:50',1,NULL,'1','2018-03-20 02:41:50',NULL,'1'),(68,53,75,NULL,73,'2018-03-20 02:41:59',1,NULL,'1','2018-03-20 02:41:59',NULL,'1'),(69,49,69,NULL,75,'2018-03-20 18:35:00',1,NULL,'1','2018-03-20 18:35:00',NULL,'1'),(70,51,63,NULL,71,'2018-03-20 19:40:57',1,NULL,'1','2018-03-20 19:40:57',NULL,'1'),(71,51,78,NULL,77,'2018-03-22 01:43:59',1,NULL,'1','2018-03-22 01:43:59',NULL,'1'),(72,54,79,NULL,76,'2018-03-22 01:44:11',1,NULL,'1','2018-03-22 01:44:11',NULL,'1'),(73,51,80,NULL,78,'2018-03-22 20:06:26',1,NULL,'1','2018-03-22 20:06:26',NULL,'1'),(74,51,81,NULL,79,'2018-03-23 18:07:15',1,NULL,'1','2018-03-23 18:07:15',NULL,'1'),(75,47,70,NULL,66,'2018-04-03 02:24:13',1,NULL,'1','2018-04-03 02:24:13',NULL,'1'),(76,58,90,NULL,83,'2018-04-07 02:36:50',1,NULL,'1','2018-04-07 02:36:50',NULL,'1'),(77,61,86,NULL,89,'2018-04-10 00:11:26',1,NULL,'1','2018-04-10 00:11:26',NULL,'1'),(78,63,84,NULL,82,'2018-04-10 00:11:46',1,NULL,'1','2018-04-10 00:11:46',NULL,'1'),(79,65,85,NULL,81,'2018-04-10 00:11:58',1,NULL,'1','2018-04-10 00:11:58',NULL,'1'),(80,61,83,NULL,80,'2018-04-10 00:12:07',1,NULL,'1','2018-04-10 00:12:07',NULL,'1'),(81,64,87,NULL,85,'2018-04-10 18:26:21',1,NULL,'1','2018-04-10 18:26:21',NULL,'1'),(82,61,100,NULL,93,'2018-04-11 02:57:37',1,NULL,'1','2018-04-11 02:57:37',NULL,'1'),(83,61,98,NULL,94,'2018-04-11 02:57:45',1,NULL,'1','2018-04-11 02:57:45',NULL,'1'),(84,61,97,NULL,92,'2018-04-11 02:57:53',1,NULL,'1','2018-04-11 02:57:53',NULL,'1'),(85,65,89,NULL,88,'2018-04-11 02:58:01',1,NULL,'1','2018-04-11 02:58:01',NULL,'1'),(86,63,88,NULL,86,'2018-04-11 02:58:09',1,NULL,'1','2018-04-11 02:58:09',NULL,'1'),(87,61,96,NULL,97,'2018-04-13 04:20:09',1,NULL,'1','2018-04-13 04:20:09',NULL,'1'),(88,65,101,NULL,99,'2018-04-13 05:01:34',1,NULL,'1','2018-04-13 05:01:34',NULL,'1'),(89,63,102,NULL,95,'2018-04-13 05:01:43',1,NULL,'1','2018-04-13 05:01:43',NULL,'1'),(90,65,99,NULL,101,'2018-04-13 05:01:54',1,NULL,'1','2018-04-13 05:01:54',NULL,'1'),(91,66,94,NULL,100,'2018-04-13 05:08:30',1,NULL,'1','2018-04-13 05:08:30',NULL,'1'),(92,61,105,NULL,98,'2018-04-14 01:40:40',1,NULL,'1','2018-04-14 01:40:40',NULL,'1'),(93,61,91,NULL,84,'2018-04-14 01:41:01',1,NULL,'1','2018-04-14 01:41:01',NULL,'1'),(94,65,92,NULL,87,'2018-04-16 19:41:41',1,NULL,'1','2018-04-16 19:41:41',NULL,'1'),(95,63,104,NULL,102,'2018-04-16 20:01:12',1,NULL,'1','2018-04-16 20:01:12',NULL,'1'),(96,65,103,NULL,96,'2018-04-17 01:32:49',1,NULL,'1','2018-04-17 01:32:49',NULL,'1'),(97,65,108,NULL,107,'2018-04-17 23:45:07',1,NULL,'1','2018-04-17 23:45:07',NULL,'1'),(98,65,109,NULL,106,'2018-04-17 23:45:30',1,NULL,'1','2018-04-17 23:45:30',NULL,'1'),(99,61,112,NULL,103,'2018-04-17 23:45:40',1,NULL,'1','2018-04-17 23:45:40',NULL,'1'),(100,59,110,NULL,108,'2018-04-17 23:46:01',1,NULL,'1','2018-04-17 23:46:01',NULL,'1'),(101,61,107,NULL,105,'2018-04-17 23:46:10',1,NULL,'1','2018-04-17 23:46:10',NULL,'1'),(102,65,106,NULL,109,'2018-04-17 23:46:17',1,NULL,'1','2018-04-17 23:46:17',NULL,'1'),(103,65,62,NULL,112,'2018-04-18 01:34:41',1,NULL,'1','2018-04-18 01:34:41',NULL,'1'),(104,65,114,NULL,111,'2018-04-18 01:34:52',1,NULL,'1','2018-04-18 01:34:52',NULL,'1'),(105,66,111,NULL,110,'2018-04-18 01:35:09',1,NULL,'1','2018-04-18 01:35:09',NULL,'1'),(106,65,113,NULL,104,'2018-04-18 01:35:40',1,NULL,'1','2018-04-18 01:35:40',NULL,'1'),(107,65,116,NULL,114,'2018-04-18 19:06:55',1,NULL,'1','2018-04-18 19:06:55',NULL,'1'),(108,61,115,NULL,113,'2018-04-18 19:52:11',1,NULL,'1','2018-04-18 19:52:11',NULL,'1'),(109,65,117,NULL,115,'2018-04-19 22:36:44',1,NULL,'1','2018-04-19 22:36:44',NULL,'1'),(110,64,119,NULL,117,'2018-04-19 22:46:04',1,NULL,'1','2018-04-19 22:46:04',NULL,'1'),(111,53,82,NULL,119,'2018-04-26 01:41:47',1,NULL,'1','2018-04-26 01:41:47',NULL,'1'),(112,63,95,NULL,90,'2018-04-26 01:46:10',1,NULL,'1','2018-04-26 01:46:10',NULL,'1'),(113,61,61,NULL,62,'2018-04-26 01:46:58',1,NULL,'1','2018-04-26 01:46:58',NULL,'1'),(114,63,118,NULL,116,'2018-05-08 01:14:13',1,NULL,'1','2018-05-08 01:14:13',NULL,'1'),(115,70,127,NULL,123,'2018-05-10 20:36:09',1,NULL,'1','2018-05-10 20:36:09',NULL,'1'),(116,71,124,NULL,121,'2018-05-10 20:36:16',1,NULL,'1','2018-05-10 20:36:16',NULL,'1'),(117,68,125,NULL,120,'2018-05-10 20:36:24',1,NULL,'1','2018-05-10 20:36:24',NULL,'1'),(118,72,120,NULL,118,'2018-05-14 18:50:35',1,NULL,'1','2018-05-14 18:50:35',NULL,'1'),(119,71,126,NULL,122,'2018-05-14 18:50:43',1,NULL,'1','2018-05-14 18:50:43',NULL,'1'),(120,67,128,NULL,124,'2018-05-14 18:50:50',1,NULL,'1','2018-05-14 18:50:50',NULL,'1'),(121,69,10,NULL,127,'2018-05-14 18:50:57',1,NULL,'1','2018-05-14 18:50:57',NULL,'1'),(122,71,129,NULL,125,'2018-05-14 19:34:00',1,NULL,'1','2018-05-14 19:34:00',NULL,'1'),(123,11,19,NULL,18,'2018-05-14 20:02:07',1,NULL,'1','2018-05-14 20:02:07',NULL,'1'),(124,71,26,NULL,25,'2018-05-14 20:02:23',1,NULL,'1','2018-05-14 20:02:23',NULL,'1'),(125,71,122,NULL,129,'2018-05-15 22:48:26',1,NULL,'1','2018-05-15 22:48:26',NULL,'1'),(126,67,131,NULL,130,'2018-05-17 01:11:04',1,NULL,'1','2018-05-17 01:11:04',NULL,'1'),(127,69,123,NULL,128,'2018-05-17 03:10:52',1,NULL,'1','2018-05-17 03:10:52',NULL,'1'),(128,69,132,NULL,131,'2018-05-18 19:48:08',1,NULL,'1','2018-05-18 19:48:08',NULL,'1'),(129,69,130,NULL,126,'2018-05-28 19:25:44',1,NULL,'1','2018-05-28 19:25:44',NULL,'1'),(130,78,136,NULL,134,'2018-05-31 02:19:50',1,NULL,'1','2018-05-31 02:19:50',NULL,'1'),(131,77,138,NULL,137,'2018-06-01 01:12:57',1,NULL,'1','2018-06-01 01:12:57',NULL,'1'),(132,77,137,NULL,135,'2018-06-05 18:37:45',1,NULL,'1','2018-06-05 18:37:45',NULL,'1'),(133,77,133,NULL,132,'2018-06-05 18:44:30',1,NULL,'1','2018-06-05 18:44:30',NULL,'1'),(134,76,143,NULL,142,'2018-06-05 18:49:20',1,NULL,'1','2018-06-05 18:49:20',NULL,'1'),(135,75,142,NULL,141,'2018-06-05 18:54:31',1,NULL,'1','2018-06-05 18:54:31',NULL,'1'),(136,77,141,NULL,140,'2018-06-05 19:18:11',1,NULL,'1','2018-06-05 19:18:11',NULL,'1'),(137,73,139,NULL,138,'2018-06-05 19:29:07',1,NULL,'1','2018-06-05 19:29:07',NULL,'1'),(138,75,144,NULL,143,'2018-06-06 00:45:28',1,NULL,'1','2018-06-06 00:45:28',NULL,'1'),(139,74,135,NULL,133,'2018-06-07 23:11:39',1,NULL,'1','2018-06-07 23:11:39',NULL,'1'),(140,73,140,NULL,139,'2018-06-08 00:40:52',1,NULL,'1','2018-06-08 00:40:52',NULL,'1'),(141,73,134,NULL,136,'2018-06-08 01:42:29',1,NULL,'1','2018-06-08 01:42:29',NULL,'1'),(142,77,145,NULL,144,'2018-06-08 19:53:56',1,NULL,'1','2018-06-08 19:53:56',NULL,'1'),(143,77,146,NULL,146,'2018-06-08 23:53:00',1,NULL,'1','2018-06-08 23:53:00',NULL,'1'),(144,76,147,NULL,145,'2018-06-11 19:08:52',1,NULL,'1','2018-06-11 19:08:52',NULL,'1'),(145,76,149,NULL,148,'2018-06-11 19:08:58',1,NULL,'1','2018-06-11 19:08:58',NULL,'1'),(146,77,150,NULL,149,'2018-06-12 02:33:08',1,NULL,'1','2018-06-12 02:33:08',NULL,'1'),(147,77,151,NULL,150,'2018-06-13 01:03:19',1,NULL,'1','2018-06-13 01:03:19',NULL,'1'),(148,78,121,NULL,151,'2018-06-13 18:27:53',1,NULL,'1','2018-06-13 18:27:53',NULL,'1'),(149,77,148,NULL,147,'2018-06-18 18:41:00',1,NULL,'1','2018-06-18 18:41:00',NULL,'1'),(150,79,153,NULL,152,'2018-06-27 21:00:15',1,NULL,'1','2018-06-27 21:00:15',NULL,'1'),(151,81,154,NULL,153,'2018-06-27 21:00:23',1,NULL,'1','2018-06-27 21:00:23',NULL,'1'),(152,83,156,NULL,154,'2018-06-29 02:35:31',1,NULL,'1','2018-06-29 02:35:31',NULL,'1'),(153,79,155,NULL,156,'2018-06-29 02:35:38',1,NULL,'1','2018-06-29 02:35:38',NULL,'1'),(154,84,152,NULL,158,'2018-07-04 20:32:06',1,NULL,'1','2018-07-04 20:32:06',NULL,'1'),(155,84,158,NULL,155,'2018-07-04 20:32:14',1,NULL,'1','2018-07-04 20:32:14',NULL,'1'),(156,83,161,NULL,161,'2018-07-12 20:00:40',1,NULL,'1','2018-07-12 20:00:40',NULL,'1'),(157,83,160,NULL,160,'2018-07-14 00:48:33',1,NULL,'1','2018-07-14 00:48:33',NULL,'1'),(158,84,165,NULL,164,'2018-07-16 17:56:42',1,NULL,'1','2018-07-16 17:56:42',NULL,'1'),(159,83,163,NULL,163,'2018-07-16 17:56:49',1,NULL,'1','2018-07-16 17:56:49',NULL,'1'),(160,79,157,NULL,157,'2018-07-16 18:18:41',1,NULL,'1','2018-07-16 18:18:41',NULL,'1'),(161,86,167,NULL,166,'2018-07-17 19:39:41',1,NULL,'1','2018-07-17 19:39:41',NULL,'1'),(162,80,166,NULL,165,'2018-07-17 19:39:56',1,NULL,'1','2018-07-17 19:39:56',NULL,'1'),(163,83,162,NULL,162,'2018-07-18 01:40:31',1,NULL,'1','2018-07-18 01:40:31',NULL,'1'),(164,83,171,NULL,168,'2018-07-18 02:04:19',1,NULL,'1','2018-07-18 02:04:19',NULL,'1'),(165,86,172,NULL,170,'2018-07-18 02:04:28',1,NULL,'1','2018-07-18 02:04:28',NULL,'1'),(166,83,176,NULL,169,'2018-07-18 02:11:34',1,NULL,'1','2018-07-18 02:11:34',NULL,'1'),(167,85,169,NULL,171,'2018-07-23 19:44:46',1,NULL,'1','2018-07-23 19:44:46',NULL,'1'),(168,86,178,NULL,172,'2018-07-23 19:45:01',1,NULL,'1','2018-07-23 19:45:01',NULL,'1'),(169,85,175,NULL,174,'2018-07-23 19:45:13',1,NULL,'1','2018-07-23 19:45:13',NULL,'1'),(170,88,179,NULL,175,'2018-07-23 19:45:36',1,NULL,'1','2018-07-23 19:45:36',NULL,'1'),(171,89,181,NULL,176,'2018-07-23 19:45:45',1,NULL,'1','2018-07-23 19:45:45',NULL,'1'),(172,90,183,NULL,179,'2018-07-23 19:45:53',1,NULL,'1','2018-07-23 19:45:53',NULL,'1'),(173,86,187,NULL,180,'2018-07-23 19:46:40',1,NULL,'1','2018-07-23 19:46:40',NULL,'1'),(174,87,182,NULL,182,'2018-07-23 19:46:49',1,NULL,'1','2018-07-23 19:46:49',NULL,'1'),(175,81,184,NULL,178,'2018-07-23 19:47:06',1,NULL,'1','2018-07-23 19:47:06',NULL,'1'),(176,83,192,NULL,181,'2018-07-23 19:58:15',1,NULL,'1','2018-07-23 19:58:15',NULL,'1'),(177,85,174,NULL,177,'2018-07-23 23:16:04',1,NULL,'1','2018-07-23 23:16:04',NULL,'1'),(178,86,177,NULL,173,'2018-07-23 23:16:16',1,NULL,'1','2018-07-23 23:16:16',NULL,'1'),(179,79,93,NULL,91,'2018-07-24 00:34:12',1,NULL,'1','2018-07-24 00:34:12',NULL,'1'),(180,89,173,NULL,184,'2018-07-26 23:28:44',1,NULL,'1','2018-07-26 23:28:44',NULL,'1'),(181,85,193,NULL,183,'2018-07-26 23:28:52',1,NULL,'1','2018-07-26 23:28:52',NULL,'1'),(182,89,195,NULL,185,'2018-07-26 23:28:59',1,NULL,'1','2018-07-26 23:28:59',NULL,'1'),(183,90,190,NULL,186,'2018-07-26 23:29:08',1,NULL,'1','2018-07-26 23:29:08',NULL,'1'),(184,89,199,NULL,189,'2018-07-26 23:29:16',1,NULL,'1','2018-07-26 23:29:16',NULL,'1'),(185,90,188,NULL,190,'2018-07-26 23:29:23',1,NULL,'1','2018-07-26 23:29:23',NULL,'1'),(186,87,186,NULL,188,'2018-07-26 23:29:31',1,NULL,'1','2018-07-26 23:29:31',NULL,'1'),(187,85,200,NULL,187,'2018-07-30 20:13:07',1,NULL,'1','2018-07-30 20:13:07',NULL,'1'),(188,87,201,NULL,191,'2018-07-30 20:13:23',1,NULL,'1','2018-07-30 20:13:23',NULL,'1'),(189,87,168,NULL,193,'2018-07-30 20:13:32',1,NULL,'1','2018-07-30 20:13:32',NULL,'1'),(190,89,180,NULL,192,'2018-07-30 20:13:40',1,NULL,'1','2018-07-30 20:13:40',NULL,'1'),(191,86,198,NULL,194,'2018-07-30 20:13:48',1,NULL,'1','2018-07-30 20:13:48',NULL,'1'),(192,85,191,NULL,197,'2018-07-31 21:07:07',1,NULL,'1','2018-07-31 21:07:07',NULL,'1'),(193,90,189,NULL,205,'2018-07-31 21:07:14',1,NULL,'1','2018-07-31 21:07:14',NULL,'1'),(194,85,211,NULL,208,'2018-07-31 21:07:28',1,NULL,'1','2018-07-31 21:07:28',NULL,'1'),(195,88,209,NULL,209,'2018-07-31 21:14:15',1,NULL,'1','2018-07-31 21:14:15',NULL,'1'),(196,87,207,NULL,207,'2018-07-31 21:14:22',1,NULL,'1','2018-07-31 21:14:22',NULL,'1'),(197,87,196,NULL,210,'2018-07-31 21:14:29',1,NULL,'1','2018-07-31 21:14:29',NULL,'1'),(198,85,185,NULL,206,'2018-07-31 21:14:37',1,NULL,'1','2018-07-31 21:14:37',NULL,'1'),(199,87,205,NULL,204,'2018-07-31 21:14:45',1,NULL,'1','2018-07-31 21:14:45',NULL,'1'),(200,89,197,NULL,202,'2018-07-31 22:20:27',1,NULL,'1','2018-07-31 22:20:27',NULL,'1'),(201,89,208,NULL,203,'2018-07-31 22:20:39',1,NULL,'1','2018-07-31 22:20:39',NULL,'1'),(202,89,170,NULL,201,'2018-07-31 22:20:49',1,NULL,'1','2018-07-31 22:20:49',NULL,'1'),(203,87,206,NULL,200,'2018-07-31 22:20:59',1,NULL,'1','2018-07-31 22:20:59',NULL,'1'),(204,90,202,NULL,199,'2018-07-31 22:21:07',1,NULL,'1','2018-07-31 22:21:07',NULL,'1'),(205,86,204,NULL,196,'2018-07-31 22:21:16',1,NULL,'1','2018-07-31 22:21:16',NULL,'1'),(206,85,194,NULL,198,'2018-07-31 22:21:25',1,NULL,'1','2018-07-31 22:21:25',NULL,'1'),(207,87,203,NULL,195,'2018-07-31 22:21:33',1,NULL,'1','2018-07-31 22:21:33',NULL,'1'),(208,101,164,NULL,167,'2018-07-31 22:29:02',1,NULL,'1','2018-07-31 22:29:02',NULL,'1'),(209,94,212,NULL,212,'2018-08-13 19:59:11',1,NULL,'1','2018-08-13 19:59:11',NULL,'1'),(210,91,210,NULL,211,'2018-08-15 20:03:02',1,NULL,'1','2018-08-15 20:03:02',NULL,'1'),(211,96,214,NULL,214,'2018-08-15 20:03:13',1,NULL,'1','2018-08-15 20:03:13',NULL,'1'),(212,94,215,NULL,215,'2018-08-17 01:20:17',1,NULL,'1','2018-08-17 01:20:17',NULL,'1'),(215,79,213,NULL,213,'2018-11-19 21:19:39',27,NULL,'1','2018-11-19 21:19:39',NULL,'1'),(216,106,216,NULL,254,'2018-11-19 21:22:01',27,NULL,'1','2018-11-19 21:22:01',NULL,'1'),(217,114,222,NULL,306,'2018-11-19 21:34:11',27,NULL,'1','2018-11-19 21:34:11',NULL,'1'),(218,104,224,NULL,279,'2018-11-19 21:42:02',27,NULL,'1','2018-11-19 21:42:02',NULL,'1'),(219,103,223,NULL,278,'2018-11-19 21:43:52',27,NULL,'1','2018-11-19 21:43:52',NULL,'1'),(220,108,236,NULL,260,'2018-11-19 21:48:05',27,NULL,'1','2018-11-19 21:48:05',NULL,'1'),(221,112,233,NULL,289,'2018-11-19 22:00:25',27,NULL,'1','2018-11-19 22:00:25',NULL,'1'),(222,113,225,NULL,291,'2018-11-19 22:02:32',27,NULL,'1','2018-11-19 22:02:32',NULL,'1'),(223,104,220,NULL,299,'2018-11-19 22:04:19',27,NULL,'1','2018-11-19 22:04:19',NULL,'1'),(224,114,221,NULL,307,'2018-11-19 22:08:33',27,NULL,'1','2018-11-19 22:08:33',NULL,'1'),(225,109,217,NULL,283,'2018-11-19 22:12:12',27,NULL,'1','2018-11-19 22:12:12',NULL,'1'),(226,112,218,NULL,312,'2018-11-19 22:25:50',27,NULL,'1','2018-11-19 22:25:50',NULL,'1'),(227,116,219,NULL,314,'2018-11-22 16:03:07',27,NULL,'1','2018-11-22 16:03:07',NULL,'1'),(228,117,253,NULL,371,'2018-11-22 16:03:40',27,NULL,'1','2018-11-22 16:03:40',NULL,'1'),(229,126,239,NULL,359,'2018-11-22 16:07:29',27,NULL,'1','2018-11-22 16:07:29',NULL,'1'),(230,126,275,NULL,320,'2018-11-22 16:08:50',27,NULL,'1','2018-11-22 16:08:50',NULL,'1'),(231,125,274,NULL,341,'2018-11-22 16:09:16',27,NULL,'1','2018-11-22 16:09:16',NULL,'1'),(232,118,276,NULL,363,'2018-11-22 16:09:59',27,NULL,'1','2018-11-22 16:09:59',NULL,'1'),(233,116,272,NULL,366,'2018-11-22 16:11:36',27,NULL,'1','2018-11-22 16:11:36',NULL,'1'),(234,116,273,NULL,388,'2018-11-22 16:12:07',27,NULL,'1','2018-11-22 16:12:07',NULL,'1'),(235,119,271,NULL,396,'2018-11-22 16:12:33',27,NULL,'1','2018-11-22 16:12:33',NULL,'1'),(236,122,278,NULL,356,'2018-11-22 16:40:14',27,NULL,'1','2018-11-22 16:40:14',NULL,'1'),(237,120,277,NULL,318,'2018-11-22 16:41:03',27,NULL,'1','2018-11-22 16:41:03',NULL,'1'),(238,125,310,NULL,428,'2018-12-27 17:18:58',27,NULL,'1','2018-12-27 17:18:58',NULL,'1'),(239,121,312,NULL,408,'2018-12-27 17:20:05',27,NULL,'1','2018-12-27 17:20:05',NULL,'1'),(240,136,311,NULL,415,'2018-12-27 21:00:39',27,NULL,'1','2018-12-27 21:00:39',NULL,'1'),(241,77,159,NULL,159,'2019-01-08 21:16:43',27,NULL,'1','2019-01-08 21:16:43',NULL,'1'),(242,131,325,NULL,280,'2019-02-11 15:59:54',27,NULL,'1','2019-02-11 15:59:54',NULL,'1'),(243,128,324,NULL,476,'2019-02-11 16:01:54',27,NULL,'1','2019-02-11 16:01:54',NULL,'1'),(244,130,323,NULL,477,'2019-02-11 16:04:37',27,NULL,'1','2019-02-11 16:04:37',NULL,'1'),(245,130,320,NULL,489,'2019-02-11 16:05:05',27,NULL,'1','2019-02-11 16:05:05',NULL,'1'),(246,132,326,NULL,449,'2019-02-11 16:05:41',27,NULL,'1','2019-02-11 16:05:41',NULL,'1'),(247,128,319,NULL,491,'2019-02-11 16:06:07',27,NULL,'1','2019-02-11 16:06:07',NULL,'1'),(248,82,335,NULL,413,'2019-02-18 19:03:20',27,NULL,'1','2019-02-18 19:03:20',NULL,'1'),(249,82,336,NULL,551,'2019-02-18 19:03:35',27,NULL,'1','2019-02-18 19:03:35',NULL,'1'),(250,83,337,NULL,549,'2019-02-18 19:03:56',27,NULL,'1','2019-02-18 19:03:56',NULL,'1'),(251,82,338,NULL,552,'2019-02-18 19:04:18',27,NULL,'1','2019-02-18 19:04:18',NULL,'1'),(252,79,339,NULL,556,'2019-02-18 19:04:34',27,NULL,'1','2019-02-18 19:04:34',NULL,'1'),(253,92,340,NULL,574,'2019-02-18 19:04:58',27,NULL,'1','2019-02-18 19:04:58',NULL,'1'),(254,91,341,NULL,584,'2019-02-18 19:05:24',27,NULL,'1','2019-02-18 19:05:24',NULL,'1'),(255,101,342,NULL,583,'2019-02-18 19:05:39',27,NULL,'1','2019-02-18 19:05:39',NULL,'1'),(256,94,343,NULL,597,'2019-02-18 19:06:31',27,NULL,'1','2019-02-18 19:06:31',NULL,'1'),(257,108,344,NULL,598,'2019-02-18 19:18:24',27,NULL,'1','2019-02-18 19:18:24',NULL,'1'),(258,106,345,NULL,602,'2019-02-18 19:18:42',27,NULL,'1','2019-02-18 19:18:42',NULL,'1'),(259,108,346,NULL,603,'2019-02-18 19:18:59',27,NULL,'1','2019-02-18 19:18:59',NULL,'1'),(260,108,347,NULL,604,'2019-02-18 19:19:24',27,NULL,'1','2019-02-18 19:19:24',NULL,'1'),(261,103,348,NULL,607,'2019-02-18 19:19:42',27,NULL,'1','2019-02-18 19:19:42',NULL,'1'),(262,106,349,NULL,609,'2019-02-18 19:19:58',27,NULL,'1','2019-02-18 19:19:58',NULL,'1'),(263,105,350,NULL,610,'2019-02-18 19:20:22',27,NULL,'1','2019-02-18 19:20:22',NULL,'1');
/*!40000 ALTER TABLE `matriculacion` ENABLE KEYS */;
UNLOCK TABLES;

--
-- Table structure for table `modalidad`
--

DROP TABLE IF EXISTS `modalidad`;
/*!40101 SET @saved_cs_client     = @@character_set_client */;
 SET character_set_client = utf8mb4 ;
CREATE TABLE `modalidad` (
  `mod_id` bigint(20) NOT NULL AUTO_INCREMENT,
  `mod_nombre` varchar(300) NOT NULL,
  `mod_descripcion` varchar(500) NOT NULL,
  `mod_usuario_ingreso` bigint(20) NOT NULL,
  `mod_usuario_modifica` bigint(20) DEFAULT NULL,
  `mod_estado` varchar(1) NOT NULL,
  `mod_fecha_creacion` timestamp NOT NULL DEFAULT CURRENT_TIMESTAMP,
  `mod_fecha_modificacion` timestamp NULL DEFAULT NULL,
  `mod_estado_logico` varchar(1) NOT NULL,
  PRIMARY KEY (`mod_id`)
) ENGINE=InnoDB AUTO_INCREMENT=5 DEFAULT CHARSET=utf8;
/*!40101 SET character_set_client = @saved_cs_client */;

--
-- Dumping data for table `modalidad`
--

LOCK TABLES `modalidad` WRITE;
/*!40000 ALTER TABLE `modalidad` DISABLE KEYS */;
INSERT INTO `modalidad` VALUES (1,'Online','Online',1,NULL,'1','2018-10-18 00:12:39',NULL,'1'),(2,'Presencial','Presencial',1,NULL,'1','2018-10-18 00:12:39',NULL,'1'),(3,'Semipresencial','Semipresencial',1,NULL,'1','2018-10-18 00:12:39',NULL,'1'),(4,'Distancia','Distancia',1,NULL,'1','2018-10-18 00:12:39',NULL,'1');
/*!40000 ALTER TABLE `modalidad` ENABLE KEYS */;
UNLOCK TABLES;

--
-- Table structure for table `modalidad_estudio_unidad`
--

DROP TABLE IF EXISTS `modalidad_estudio_unidad`;
/*!40101 SET @saved_cs_client     = @@character_set_client */;
 SET character_set_client = utf8mb4 ;
CREATE TABLE `modalidad_estudio_unidad` (
  `meun_id` bigint(20) NOT NULL AUTO_INCREMENT,
  `uaca_id` bigint(20) NOT NULL,
  `mod_id` bigint(20) NOT NULL,
  `eaca_id` bigint(20) NOT NULL,
  `emp_id` bigint(20) NOT NULL,
  `meun_usuario_ingreso` bigint(20) NOT NULL,
  `meun_usuario_modifica` bigint(20) DEFAULT NULL,
  `meun_estado` varchar(1) NOT NULL,
  `meun_fecha_creacion` timestamp NOT NULL DEFAULT CURRENT_TIMESTAMP,
  `meun_fecha_modificacion` timestamp NULL DEFAULT NULL,
  `meun_estado_logico` varchar(1) NOT NULL,
  PRIMARY KEY (`meun_id`),
  KEY `uaca_id` (`uaca_id`),
  KEY `mod_id` (`mod_id`),
  KEY `eaca_id` (`eaca_id`),
  CONSTRAINT `modalidad_estudio_unidad_ibfk_1` FOREIGN KEY (`uaca_id`) REFERENCES `unidad_academica` (`uaca_id`),
  CONSTRAINT `modalidad_estudio_unidad_ibfk_2` FOREIGN KEY (`mod_id`) REFERENCES `modalidad` (`mod_id`),
  CONSTRAINT `modalidad_estudio_unidad_ibfk_3` FOREIGN KEY (`eaca_id`) REFERENCES `estudio_academico` (`eaca_id`)
) ENGINE=InnoDB AUTO_INCREMENT=36 DEFAULT CHARSET=utf8;
/*!40101 SET character_set_client = @saved_cs_client */;

--
-- Dumping data for table `modalidad_estudio_unidad`
--

LOCK TABLES `modalidad_estudio_unidad` WRITE;
/*!40000 ALTER TABLE `modalidad_estudio_unidad` DISABLE KEYS */;
INSERT INTO `modalidad_estudio_unidad` VALUES (1,1,1,1,1,1,NULL,'1','2017-02-01 23:10:00',NULL,'1'),(2,1,1,2,1,1,NULL,'1','2017-02-01 23:10:00',NULL,'1'),(3,1,1,3,1,1,NULL,'1','2017-02-01 23:10:00',NULL,'1'),(4,1,1,4,1,1,NULL,'1','2017-02-01 23:10:00',NULL,'1'),(5,1,1,5,1,1,NULL,'1','2017-02-01 23:10:00',NULL,'1'),(6,1,1,6,1,1,NULL,'1','2017-02-01 23:10:00',NULL,'1'),(7,1,2,11,1,1,NULL,'1','2017-02-01 23:10:00',NULL,'1'),(8,1,2,8,1,1,NULL,'1','2017-02-01 23:10:00',NULL,'1'),(9,1,2,7,1,1,NULL,'1','2017-02-01 23:10:00',NULL,'1'),(10,1,2,10,1,1,NULL,'1','2017-02-01 23:10:00',NULL,'1'),(11,1,2,1,1,1,NULL,'1','2017-02-01 23:10:00',NULL,'1'),(12,1,2,5,1,1,NULL,'1','2017-02-01 23:10:00',NULL,'1'),(13,1,2,3,1,1,NULL,'1','2017-02-01 23:10:00',NULL,'1'),(14,1,2,9,1,1,NULL,'1','2017-02-01 23:10:00',NULL,'1'),(15,1,2,13,1,1,NULL,'1','2017-02-01 23:10:00',NULL,'1'),(16,1,2,6,1,1,NULL,'1','2017-02-01 23:10:00',NULL,'1'),(17,1,2,4,1,1,NULL,'1','2017-02-01 23:10:00',NULL,'1'),(18,1,2,14,1,1,NULL,'1','2017-02-01 23:10:00',NULL,'1'),(19,1,2,2,1,1,NULL,'1','2017-02-01 23:10:00',NULL,'1'),(20,1,3,12,1,1,NULL,'1','2017-02-01 23:10:00',NULL,'1'),(21,1,4,1,1,1,NULL,'1','2017-02-01 23:10:00',NULL,'1'),(22,1,4,3,1,1,NULL,'1','2017-02-01 23:10:00',NULL,'1'),(23,1,4,9,1,1,NULL,'1','2017-02-01 23:10:00',NULL,'1'),(24,1,4,13,1,1,NULL,'1','2017-02-01 23:10:00',NULL,'1'),(25,1,4,6,1,1,NULL,'1','2017-02-01 23:10:00',NULL,'1'),(26,1,4,4,1,1,NULL,'1','2017-02-01 23:10:00',NULL,'1'),(27,2,3,15,1,1,NULL,'1','2017-02-01 23:10:00',NULL,'1'),(28,2,3,16,1,1,NULL,'1','2017-02-01 23:10:00',NULL,'1'),(29,2,3,17,1,1,NULL,'1','2017-02-01 23:10:00',NULL,'1'),(30,2,3,18,1,1,NULL,'1','2017-02-01 23:10:00',NULL,'1'),(31,2,3,19,1,1,NULL,'1','2017-02-01 23:10:00',NULL,'1'),(32,2,3,20,1,1,NULL,'1','2017-02-01 23:10:00',NULL,'1'),(33,2,3,21,1,1,NULL,'1','2017-02-01 23:10:00',NULL,'1'),(34,2,2,22,1,1,NULL,'1','2017-02-01 23:10:00',NULL,'1'),(35,2,2,23,1,1,NULL,'1','2019-02-11 23:00:00',NULL,'1');
/*!40000 ALTER TABLE `modalidad_estudio_unidad` ENABLE KEYS */;
UNLOCK TABLES;

--
-- Table structure for table `modalidad_unidad_academico`
--

DROP TABLE IF EXISTS `modalidad_unidad_academico`;
/*!40101 SET @saved_cs_client     = @@character_set_client */;
 SET character_set_client = utf8mb4 ;
CREATE TABLE `modalidad_unidad_academico` (
  `muac_id` bigint(20) NOT NULL AUTO_INCREMENT,
  `uaca_id` bigint(20) NOT NULL,
  `mod_id` bigint(20) NOT NULL,
  `emp_id` bigint(20) NOT NULL,
  `muac_usuario_ingreso` bigint(20) NOT NULL,
  `muac_usuario_modifica` bigint(20) DEFAULT NULL,
  `muac_estado` varchar(1) NOT NULL,
  `muac_fecha_creacion` timestamp NOT NULL DEFAULT CURRENT_TIMESTAMP,
  `muac_fecha_modificacion` timestamp NULL DEFAULT NULL,
  `muac_estado_logico` varchar(1) NOT NULL,
  PRIMARY KEY (`muac_id`),
  KEY `uaca_id` (`uaca_id`),
  KEY `mod_id` (`mod_id`),
  CONSTRAINT `modalidad_unidad_academico_ibfk_1` FOREIGN KEY (`uaca_id`) REFERENCES `unidad_academica` (`uaca_id`),
  CONSTRAINT `modalidad_unidad_academico_ibfk_2` FOREIGN KEY (`mod_id`) REFERENCES `modalidad` (`mod_id`)
) ENGINE=InnoDB AUTO_INCREMENT=18 DEFAULT CHARSET=utf8;
/*!40101 SET character_set_client = @saved_cs_client */;

--
-- Dumping data for table `modalidad_unidad_academico`
--

LOCK TABLES `modalidad_unidad_academico` WRITE;
/*!40000 ALTER TABLE `modalidad_unidad_academico` DISABLE KEYS */;
INSERT INTO `modalidad_unidad_academico` VALUES (1,1,1,1,1,NULL,'1','2018-09-17 18:35:00',NULL,'1'),(2,1,2,1,1,NULL,'1','2018-09-17 18:35:00',NULL,'1'),(3,1,3,1,1,NULL,'1','2018-09-17 18:35:00',NULL,'1'),(4,1,4,1,1,NULL,'1','2018-09-17 18:35:00',NULL,'1'),(5,2,3,1,1,NULL,'1','2018-09-17 18:35:00',NULL,'1'),(6,3,1,1,1,NULL,'0','2017-02-01 19:35:00',NULL,'0'),(7,3,2,1,1,NULL,'0','2017-02-01 19:35:00',NULL,'0'),(8,3,1,3,1,NULL,'0','2018-09-29 18:35:00',NULL,'0'),(9,3,2,3,1,NULL,'1','2018-09-29 18:35:00',NULL,'1'),(10,3,1,2,1,NULL,'0','2017-02-01 19:35:00',NULL,'1'),(11,5,1,2,1,NULL,'0','2017-02-01 19:35:00',NULL,'1'),(12,1,1,2,1,NULL,'0','2017-02-01 19:35:00',NULL,'1'),(13,2,1,2,1,NULL,'0','2018-10-01 18:35:00',NULL,'1'),(14,2,2,1,1,NULL,'1','2018-10-19 20:30:00',NULL,'1'),(15,7,1,2,1,NULL,'1','2018-12-10 15:55:00',NULL,'1'),(16,8,2,2,1,NULL,'1','2018-12-10 15:55:00',NULL,'1'),(17,9,1,2,1,NULL,'1','2018-12-10 15:55:00',NULL,'1');
/*!40000 ALTER TABLE `modalidad_unidad_academico` ENABLE KEYS */;
UNLOCK TABLES;

--
-- Table structure for table `modulo_estudio`
--

DROP TABLE IF EXISTS `modulo_estudio`;
/*!40101 SET @saved_cs_client     = @@character_set_client */;
 SET character_set_client = utf8mb4 ;
CREATE TABLE `modulo_estudio` (
  `mest_id` bigint(20) NOT NULL AUTO_INCREMENT,
  `uaca_id` bigint(20) NOT NULL,
  `mod_id` bigint(20) NOT NULL,
  `mest_codigo` varchar(20) NOT NULL,
  `mest_nombre` varchar(300) NOT NULL,
  `mest_descripcion` varchar(300) NOT NULL,
  `mest_alias` varchar(300) NOT NULL,
  `mest_usuario_ingreso` bigint(20) NOT NULL,
  `mest_usuario_modifica` bigint(20) DEFAULT NULL,
  `mest_estado` varchar(1) NOT NULL,
  `mest_fecha_creacion` timestamp NOT NULL DEFAULT CURRENT_TIMESTAMP,
  `mest_fecha_modificacion` timestamp NULL DEFAULT NULL,
  `mest_estado_logico` varchar(1) NOT NULL,
  PRIMARY KEY (`mest_id`),
  KEY `uaca_id` (`uaca_id`),
  KEY `mod_id` (`mod_id`),
  CONSTRAINT `modulo_estudio_ibfk_1` FOREIGN KEY (`uaca_id`) REFERENCES `unidad_academica` (`uaca_id`),
  CONSTRAINT `modulo_estudio_ibfk_2` FOREIGN KEY (`mod_id`) REFERENCES `modalidad` (`mod_id`)
) ENGINE=InnoDB AUTO_INCREMENT=147 DEFAULT CHARSET=utf8;
/*!40101 SET character_set_client = @saved_cs_client */;

--
-- Dumping data for table `modulo_estudio`
--

LOCK TABLES `modulo_estudio` WRITE;
/*!40000 ALTER TABLE `modulo_estudio` DISABLE KEYS */;
INSERT INTO `modulo_estudio` VALUES (1,3,2,'SM1-EMVE01','Emprendimiento y Ventas reales','Emprendimiento y Ventas reales','emprendimiento_y_ventas',1,NULL,'1','2017-02-01 08:43:48',NULL,'1'),(2,3,2,'SM2-EXAV01','Excel Avanzado','Excel Avanzado','excel_Avanzado',1,NULL,'1','2017-02-01 08:43:48',NULL,'1'),(3,3,2,'SM3-FOTO01','Fotografía','Fotografía','fotografia',1,NULL,'1','2017-02-01 08:43:48',NULL,'1'),(4,3,2,'SM4-EVPL01','Event Planner','Event Planner','event_planner',1,NULL,'1','2017-02-01 08:43:48',NULL,'1'),(5,3,2,'SM5-PGET01','Programa Gerencia Estratégica del TH (4 módulos)','Programa Gerencia Estratégica del TH (4 módulos)','programa_gerencia_estratégica_del_th_(4_módulos)',1,NULL,'0','2017-02-01 08:43:48',NULL,'1'),(6,3,2,'SM6-PEDA01','Pedagogía','Pedagogía','pedagogia',1,NULL,'0','2017-02-01 08:43:48',NULL,'1'),(7,3,2,'SM7-RECI01','Programa para docentes:  Redacción Científica','Programa para docentes:  Redacción Científica','programa_para_docentes:_redacción_científica',1,NULL,'0','2017-02-01 08:43:48',NULL,'1'),(8,3,2,'SM8-DHCR01','Desarrollo Habilidades Comerciales para Retail','Desarrollo Habilidades Comerciales para Retail','desarrollo_habilidades_comerciales_para_retail',1,NULL,'0','2017-02-01 08:43:48',NULL,'1'),(9,3,1,'SM9-CUON01','Cursos Online','Cursos Online','cursos_online',1,NULL,'0','2017-02-01 08:43:48',NULL,'1'),(10,4,2,'SM10-IDIF01','Idioma Inglés, Francés','Idioma Inglés, Francés','idioma_inglés,_francés',1,NULL,'0','2017-02-01 08:43:48',NULL,'1'),(11,3,2,'SM11-PTHA01','Programa de Talento Humano: Actualidad Laboral','Programa de Talento Humano: Actualidad Laboral','programa_de_talento_humano:_actualidad_laboral',1,NULL,'0','2017-02-01 20:15:00',NULL,'1'),(12,3,2,'SM12-ESDI01','Programa de habilidades Gerenciales: Estrategias directivas','Programa de habilidades Gerenciales: Estrategias directivas','programa_de_habilidades_gerenciales:_estrategias_directivas',1,NULL,'0','2017-02-01 20:15:00',NULL,'1'),(13,3,2,'SM13-IFIN01','Illustrator y fotoshop: intermedio','Illustrator y fotoshop: intermedio','illustrator_y_fotoshop:_intermedio',1,NULL,'1','2017-02-01 20:15:00',NULL,'1'),(14,3,2,'SM14-TNCV01','Técnicas de negociación y cierre de ventas','Técnicas de negociación y cierre de ventas','técnicas_de_negociación_y_cierre_de_ventas',1,NULL,'0','2017-02-01 20:15:00',NULL,'1'),(15,3,2,'SM15-NEMA01','Neuromarketing','Neuromarketing','neuromarketing',1,NULL,'0','2017-02-01 20:15:00',NULL,'1'),(16,3,2,'SM16-DCYC01','Programa de Talento Humano: Descripción de cargos y selección por competencias (módulo 2)','Programa de Talento Humano: Descripción de cargos y selección por competencias (módulo 2)','programa_de_talento_humano:_descripción_de_cargos_y_selección_por_competencias_(módulo_2)',1,NULL,'0','2017-02-01 20:15:00',NULL,'1'),(17,3,2,'SM17-MCDI01','Técnicas de ventas:  Manejo de clientes difíciles','Técnicas de ventas: Manejo de clientes difíciles','técnicas_de_ventas:_manejo_de_clientes_difíciles',1,NULL,'0','2017-02-01 20:15:00',NULL,'1'),(18,3,2,'SM18-NEEF01','Programa de habilidades Gerenciales: Negociación efectiva','Programa de habilidades Gerenciales: Negociación efectiva','programa_de_habilidades_gerenciales:_negociación_efectiva',1,NULL,'0','2017-02-01 20:15:00',NULL,'1'),(19,3,2,'SM19-PYDI01','Dirección en Finanzas: Presupuesto y diferenciación de ingresos','Dirección en Finanzas: Presupuesto y diferenciación de ingresos','dirección_en_finanzas:_presupuesto_y_diferenciación_de_ingresos',1,NULL,'0','2017-02-01 20:15:00',NULL,'1'),(20,3,2,'SM20-VAEM01','Valoración aduanera para empresarios','Valoración aduanera para empresarios','valoración_aduanera_para_empresarios',1,NULL,'0','2017-02-01 20:15:00',NULL,'1'),(21,3,2,'SM21-CUSE01','Curso de seguros','Curso de seguros','curso_de_seguros',1,NULL,'0','2017-02-01 20:15:00',NULL,'1'),(22,3,2,'SM22-PETH01','Programa de Talento Humano:  Plan estratégico del Talento Humano (módulo 3)','Programa de Talento Humano: Plan estratégico del Talento Humano (módulo 3)','programa_de_talento_humano:_plan_estratégico_del_talento_humano_(módulo_3)',1,NULL,'0','2017-02-01 20:15:00',NULL,'1'),(23,3,2,'SM23-TLMC01','Taller de liderazgo y manejo de conflictos','Taller de liderazgo y manejo de conflictos','taller_de_liderazgo_y_manejo_de_conflictos',1,NULL,'0','2017-02-01 20:15:00',NULL,'1'),(24,3,2,'SM24-HAPE01','Programa para docentes: Habilidades pedagógicas','Programa para docentes: Habilidades pedagógicas','programa_para_docentes:_habilidades _pedagógicas',1,NULL,'0','2017-02-01 20:15:00',NULL,'1'),(25,3,2,'SM25-PPTH01','Promoción programa talento humano','Promoción programa talento humano','promoción_programa_talento_humano',1,NULL,'0','2017-02-01 20:15:00',NULL,'1'),(26,3,2,'SM26-PPPD01','Promoción programa para docentes','Promoción programa para docentes','oromoción_programa para_docentes',1,NULL,'0','2017-02-01 20:15:00',NULL,'1'),(27,7,1,'UL58-AGCG01','Alta Gerencia y control de gestión','Alta Gerencia y control de gestión','alta_gerencia_y_control_de_gestion',1,NULL,'1','2018-12-10 17:15:48',NULL,'1'),(28,7,1,'UL59-CMNN01','Culture Management: nuevas formas de hacer negocios','Culture Management: nuevas formas de hacer negocios.','culture_management_nuevas_formas_de_hacer_negocios',1,NULL,'1','2018-12-10 17:15:48',NULL,'1'),(29,7,1,'UL60-TICI01','Turismo inteligente y competitividad internacional','Turismo inteligente y competitividad internacional','turismo_inteligente_y_competitividad_internacional',1,NULL,'1','2018-12-10 17:15:48',NULL,'1'),(30,7,1,'UL61-GTBCI01','Gestión del talento humano basado en competencias','Gestión del talento humano basado en competencias','gestion_del_talento_humano_basado_en_competencias',1,NULL,'1','2018-12-10 17:15:48',NULL,'1'),(31,8,2,'UL62-EINP01','Entorno internacional de los negocios (taller práctico)','Entorno internacional de los negocios (taller práctico)','entorno_internacional_de_los_negocios_(taller_practico)',1,NULL,'1','2018-12-10 17:15:48',NULL,'1'),(32,8,2,'UL63-CMNN01','Planificación de cursos en línea','Planificación de cursos en línea','planificacion_de_cursos_en_linea',1,NULL,'1','2018-12-10 17:15:48',NULL,'1'),(33,8,2,'UL64-WSIE01','Workshop sobre Inteligencia Emocional en el trabajo','Workshop sobre Inteligencia Emocional en el trabajo','workshop_sobre_inteligencia_emocional_en_el_trabajo',1,NULL,'1','2018-12-10 17:15:48',NULL,'1'),(34,8,2,'UL65-APCC01','Análisis de peligros y puntos críticos de control (HACCP)','Análisis de peligros y puntos críticos de control (HACCP)','analisis_de_peligros_y_puntos_criticos_de_control_(HACCP)',1,NULL,'1','2018-12-10 17:15:48',NULL,'1'),(35,9,1,'UL66-PEPP01','Planificación estratégica para PYMES','Planificación estratégica para PYMES','planificacion_estrategica_para_pymes',1,NULL,'1','2018-12-10 17:15:48',NULL,'1'),(36,9,1,'UL67-MPEP01','Marketing para emprendedores','Marketing para emprendedores','marketing_para_emprendedores',1,NULL,'1','2018-12-10 17:15:48',NULL,'1'),(37,9,1,'UL68-WEBU01','Web building','Web building','web_building',1,NULL,'1','2018-12-10 17:15:48',NULL,'1'),(38,9,1,'UL69-COMA01','Community Manager','Community Manager','community_manager',1,NULL,'1','2018-12-10 17:15:48',NULL,'1'),(39,9,1,'UL70-MEIL01','Método Estrella de Inserción laboral de personas con discapacidad','Método Estrella de Inserción laboral de personas con discapacidad','metodo_estrella_de_insercion_laboral_de_personas_con_discapacidad',1,NULL,'1','2018-12-10 17:15:48',NULL,'1'),(40,9,1,'UL71-EPNE01','Economía para no economistas','Economía para no economistas','economia_para_no_economistas',1,NULL,'1','2018-12-10 17:15:48',NULL,'1'),(41,9,1,'UL72-AGCP01','Aplicación de la gestión de calidad en PYMES','Aplicación de la gestión de calidad en PYMES','aplicacion_de_la_gestion_de_calidad_en_pymes',1,NULL,'1','2018-12-10 17:15:48',NULL,'1'),(42,9,1,'UL73-01','Correcta aplicación de las herramientas de control','Correcta aplicación de las herramientas de control','correcta_aplicacion_de_las_herramientas_de_control',1,NULL,'1','2018-12-10 17:15:48',NULL,'1'),(43,9,1,'UL74-CGVE01','Como generar valor a la empresa a través de la responsabilidad social corporativa','Como generar valor a la empresa a través de la responsabilidad social corporativa','Como generar valor a la empresa a través de la responsabilidad social corporativa',1,NULL,'1','2018-12-10 17:15:48',NULL,'1'),(44,9,1,'UL75-GPTM01','Guía práctica para las técnicas de muestreo en la investigación comercial','Guía práctica para las técnicas de muestreo en la investigación comercial','guia_practica_para_las_tecnicas_de_muestreo_en_la_investigación_comercial',1,NULL,'1','2018-12-10 17:15:48',NULL,'1'),(45,9,1,'UL76-DHPC01','Desarrollo de habilidades del pensamiento cognitivo','Desarrollo de habilidades del pensamiento cognitivo','desarrollo_de_habilidades_del_pensamiento_cognitivo',1,NULL,'1','2018-12-10 17:15:48',NULL,'1'),(46,9,1,'UL77-NAIR01','Normas APA para la investigación y redacción de artículos','Normas APA para la investigación y redacción de artículos','normas_apa_para_la_investigacion_y_redaccion_de_articulos',1,NULL,'1','2018-12-10 17:15:48',NULL,'1'),(47,9,1,'UL78-CSPD01','Construcción de saberes pedagógicos en la formación de docentes','Construcción de saberes pedagógicos en la formación de docentes','construccion_de_saberes_pedagogicos en la formación de docentes',1,NULL,'1','2018-12-10 17:15:48',NULL,'1'),(48,9,1,'UL79-01','¿Cómo citar con normas APA?','¿Cómo citar con normas APA?','como_citar_con_normas_apa?',1,NULL,'1','2018-12-10 17:15:48',NULL,'1'),(49,9,1,'UL80-MASE01','Marketing de servicios','Marketing de servicios','marketing_de_servicios',1,NULL,'1','2018-12-10 17:15:48',NULL,'1'),(50,9,1,'UL81-CIAM01','Comunicaciones integradas al marketing','Comunicaciones integradas al marketing','comunicaciones_integradas_al_marketing',1,NULL,'1','2018-12-10 17:15:48',NULL,'1'),(51,9,1,'UL82-MAWA01','Marketing Way','Marketing Way','marketing_way ',1,NULL,'1','2018-12-10 17:15:48',NULL,'1'),(52,9,1,'UL83-COMA01','Community Manager - Aprenda desde cero a experto','Community Manager - Aprenda desde cero a experto','community_manager_aprenda_desde_cero_a_experto',1,NULL,'1','2018-12-10 17:15:48',NULL,'1'),(53,9,1,'UL84-GAPE01','Google ads para emprendedores','Google ads para emprendedores','google_ads_para_emprendedores',1,NULL,'1','2018-12-10 17:15:48',NULL,'1'),(54,9,1,'UL85-FPME01','Fotografia para marcas emprendedoras','Fotografia para marcas emprendedoras','fotografia_para_marcas_emprendedoras',1,NULL,'1','2018-12-10 17:15:48',NULL,'1'),(55,9,1,'UL86-ELPN01','Elaboración de un plan de negocios','Elaboración de un plan de negocios','elaboracion_de_un_plan_de_negocios',1,NULL,'1','2018-12-10 17:15:48',NULL,'1'),(56,9,1,'UL87-GMPI01','Guía práctica para la redacción del marco teórico de un proyecto de investigación',' .','guia_practica_para_la_redaccion_del_marco_teorico_de_un_proyecto_de_investigacion',1,NULL,'1','2018-12-10 17:15:48',NULL,'1'),(57,9,1,'UL88-AERP01','Aprende a establecer y redactar el esquema de un proyecto','Aprende a establecer y redactar el esquema de un proyecto','aprende_a_establecer_y_redactar_el_esquema_de_un_proyecto',1,NULL,'1','2018-12-10 17:15:48',NULL,'1'),(58,9,1,'UL89-CEPN01','¿Como evaluar un proyecto de inversión y crear un negocio?','¿Como evaluar un proyecto de inversión y crear un negocio?','como_evaluar_un_proyecto_de_inversión_y_crear_un_negocio',1,NULL,'1','2018-12-10 17:15:48',NULL,'1'),(59,9,1,'UL90-GPPB01','Gestión de proyectos usando MS Project básico','Gestión de proyectos usando MS Project básico','gestión_de_proyectos_usando_ms_project_básico',1,NULL,'1','2018-12-10 17:15:48',NULL,'1'),(60,9,1,'UL91-CFAC01','Curso de Formación de Assessment Center','Curso de Formación de Assessment Center','curso_de_formación_de_assessment_center',1,NULL,'1','2018-12-10 17:15:48',NULL,'1'),(61,9,1,'UL92-FRPS01','Factores de riesgo psicosociales','Factores de riesgo psicosociales','factores_de_riesgo_psicosociales',1,NULL,'1','2018-12-10 17:15:48',NULL,'1'),(62,9,1,'UL93-DCRR01','Diseño y desarrollo de base de datos en SQL server','Diseño y desarrollo de base de datos en SQL server','diseño_y_desarrollo_de_base_de_datos_en_sql_server',1,NULL,'1','2018-12-10 17:15:48',NULL,'1'),(63,9,1,'UL100-CUEC01','Cómo utilizar efectivamente la información contable en la toma de decisiones','Cómo utilizar efectivamente la información contable en la toma de decisiones','como_utilizar_efectivamente_la_información_contable_en_la_toma_de_decisiones',1,NULL,'1','2018-12-10 17:15:48',NULL,'1'),(64,9,1,'UL101-CICD01','La correcta interpretación de los costos para tomar decisiones gerenciales','La correcta interpretación de los costos para tomar decisiones gerenciales','la_correcta_interpretación_de_los_costos_para_tomar_decisiones_gerenciales',1,NULL,'1','2018-12-10 17:15:48',NULL,'1'),(65,9,1,'UL102-IMCU01','Importancia del Modelo Costo - Volumen - Utilidad en el diseño de estrategias','Importancia del Modelo Costo - Volumen - Utilidad en el diseño de estrategias','importancia_del_modelo_osto_volumen_utilidad en_el_diseño_de_estrategias',1,NULL,'1','2018-12-10 17:15:48',NULL,'1'),(66,9,1,'UL103-EPIC01','El Presupuesto y su importancia para el control de gestión','El Presupuesto y su importancia para el control de gestión','el_presupuesto_y_su_importancia_para_el_control_de_gestión',1,NULL,'1','2018-12-10 17:15:48',NULL,'1'),(67,9,1,'UL104-CCGC01','Cómo contribuye el Gobierno Corporativo a consolidar organizaciones saludables','Cómo contribuye el Gobierno Corporativo a consolidar organizaciones saludables','como_contribuye_el_gobierno_corporativo_a_consolidar_organizaciones_saludables',1,NULL,'1','2018-12-10 17:15:48',NULL,'1'),(68,9,1,'UL105-IETO01','La importancia de la Ética en la transparecia de las organizaciones','La importancia de la Ética en la transparecia de las organizaciones','la_importancia_de_la_etica_en_la_transparecia_de_las_organizaciones',1,NULL,'1','2018-12-10 17:15:48',NULL,'1'),(69,9,1,'UL106-RSEC01','Responsabilidad Social Empresarial y Conciencia Ecológica, herramientas para la imagen empresarial','Responsabilidad Social Empresarial y Conciencia Ecológica, herramientas para la imagen empresarial','responsabilidad_social_empresarial_y_conciencia_ecológica_herramientas_para_la_imagen_empresarial',1,NULL,'1','2018-12-10 17:15:48',NULL,'1'),(70,9,1,'UL107-CPOR01','Controles y políticas en la organización, claves para el éxito empresarial','Controles y políticas en la organización, claves para el éxito empresarial','controles_y_políticas_en_la_organización_claves_para_el_éxito_empresarial',1,NULL,'1','2018-12-10 17:15:48',NULL,'1'),(71,9,1,'UL108-AIER01','Análisis e interpretación de estados y ratios financieros','Análisis e interpretación de estados y ratios financieros','análisis_e_interpretación_de_estados_y_ratios_financieros',1,NULL,'1','2018-12-10 17:15:48',NULL,'1'),(72,9,1,'UL109-CARI01','Cálculo y análisis de la rentabilidad sobre la inversión','Cálculo y análisis de la rentabilidad sobre la inversión','cálculo_y_análisis_de_la_rentabilidad_sobre_la_inversión',1,NULL,'1','2018-12-10 17:15:48',NULL,'1'),(73,9,1,'UL110-01ACSC','Administración de costos y sistemas de costeo','Administración de costos y sistemas de costeo','administración_de_costos_y_sistemas_de_costeo',1,NULL,'1','2018-12-10 17:15:48',NULL,'1'),(74,9,1,'UL111-SCIE01','Sistemas de control e indicadores para el éxito de la empresa','Sistemas de control e indicadores para el éxito de la empresa','sistemas_de_control_e_indicadores_para_el_éxito_de_la_empresa',1,NULL,'1','2018-12-10 17:15:48',NULL,'1'),(75,9,1,'UL112-QVEM01','¿Qué es la valoración de empresas? ¿Para qué sirve? ¿Cómo se hace?','¿Qué es la valoración de empresas? ¿Para qué sirve? ¿Cómo se hace?','qué_es_la_valoración_de_empresas_para_qué_sirve_cómo_se_hace?',1,NULL,'1','2018-12-10 17:15:48',NULL,'1'),(76,9,1,'UL113-PEFV01','Proyección de Estados Financieros y Valoración por Metodologías de Flujos de Caja Descontados','Proyección de Estados Financieros y Valoración por Metodologías de Flujos de Caja Descontados','proyección_de_estados_financieros_y_valoración_por_metodologías_de_flujos_de_caja_descontados',1,NULL,'1','2018-12-10 17:15:48',NULL,'1'),(77,9,1,'UL114-MVAF01','Metodologías de Valoración Alternativas a la de flujo de caja descontados','Metodologías de Valoración Alternativas a la de flujo de caja descontados','metodologías_de_valoración_alternativas_a_la_de_flujo_de_caja_descontados',1,NULL,'1','2018-12-10 17:15:48',NULL,'1'),(78,9,1,'UL115-ASTD01','Análisis de Sensibilización y toma de decisiones financieras','Análisis de Sensibilización y toma de decisiones financieras','análisis_de_sensibilización_y_toma_de_decisiones_financieras',1,NULL,'1','2018-12-10 17:15:48',NULL,'1'),(79,9,1,'UL116-IMGH01','Inteligencia de mercados globales y herramientas básicas para recolectar información','Inteligencia de mercados globales y herramientas básicas para recolectar información','inteligencia_de_mercados_globales_y_herramientas_básicas_para_recolectar_información',1,NULL,'1','2018-12-10 17:15:48',NULL,'1'),(80,9,1,'UL117-ICEM01','Inteligencia Competitiva y estrategias de mercado','Inteligencia Competitiva y estrategias de mercado','inteligencia_competitiva_y_estrategias_de_mercado',1,NULL,'1','2018-12-10 17:15:48',NULL,'1'),(81,9,1,'UL118-BIBA01','Business Intelligence (BI) básico','Business Intelligence (BI) básico','business_intelligence_(bi)_básico',1,NULL,'1','2018-12-10 17:15:48',NULL,'1'),(82,9,1,'UL119-CRIM01','Cómo realizar una Investigación de Mercado','Cómo realizar una Investigación de Mercado','cómo_realizar_una_investigación_de_mercado',1,NULL,'1','2018-12-10 17:15:48',NULL,'1'),(83,9,1,'UL120-DAPE01','Desarrollando las Actitudes para Emprender','Desarrollando las Actitudes para Emprender','desarrollando_las_actitudes_para_emprender',1,NULL,'1','2018-12-10 17:15:48',NULL,'1'),(84,9,1,'UL121-COCI01','Capturar las Oportunidades para Crear e Innovar','Capturar las Oportunidades para Crear e Innovar','capturar_las_oportunidades_para_crear_e_innovar',1,NULL,'1','2018-12-10 17:15:48',NULL,'1'),(85,9,1,'UL122-CDSD01','Como desarrollar la Sinergia del Desarrollo Socioeconómico mediante el trabajo en redes','Como desarrollar la Sinergia del Desarrollo Socioeconómico mediante el trabajo en redes','como_desarrollar_la_sinergia_del_desarrollo_socioeconómico_mediante_el_trabajo_en_redes',1,NULL,'1','2018-12-10 17:15:48',NULL,'1'),(86,9,1,'UL123-PCTE01','Planificando la Creación de tu Empresa','Planificando la Creación de tu Empresa','planificando_la_creación_de_tu_empresa',1,NULL,'1','2018-12-10 17:15:48',NULL,'1'),(87,9,1,'UL124-ICDT01','Importancia y clasificación del turismo','Importancia y clasificación del turismo','importancia_y_clasificación_del_turismo',1,NULL,'1','2018-12-10 17:15:48',NULL,'1'),(88,9,1,'UL125-CTST01','Calidad en el turismo: Servucción Turística','Calidad en el turismo: Servucción Turística','calidad_en_el_turismo_servucción_turística',1,NULL,'1','2018-12-10 17:15:48',NULL,'1'),(89,9,1,'UL126-TICB01','Turismo Inteligente: conceptos básicos','Turismo Inteligente: conceptos básicos','turismo_inteligente_conceptos_básicos',1,NULL,'1','2018-12-10 17:15:48',NULL,'1'),(90,9,1,'UL127-TSGA01','Turismo Sostenible y gestión ambiental','Turismo Sostenible y gestión ambiental','turismo_sostenible_y_gestión_ambiental',1,NULL,'1','2018-12-10 17:15:48',NULL,'1'),(91,9,1,'UL128-CAVT01','Como aprovechar la vocación turística de un territorio','Como aprovechar la vocación turística de un territorio','como_aprovechar_la_vocación_turística_de_un_territorio',1,NULL,'1','2018-12-10 17:15:48',NULL,'1'),(92,9,1,'UL129-PTDI01','Planificación turística de destinos inteligentes','Planificación turística de destinos inteligentes','planificación_turística_de_destinos_inteligentes',1,NULL,'1','2018-12-10 17:15:48',NULL,'1'),(93,9,1,'UL130-EPDT01','Elaboración de un plan de desarrollo turístico en base a las potencialidades del destino','Elaboración de un plan de desarrollo turístico en base a las potencialidades del destino','elaboración_de_un_plan_de_desarrollo_turístico_en_base_a_las_potencialidades_del_destino',1,NULL,'1','2018-12-10 17:15:48',NULL,'1'),(94,9,1,'UL131-GPDT01','La Gobernanza y Planificación de Destinos Turísticos Inteligentes','La Gobernanza y Planificación de Destinos Turísticos Inteligentes','la_gobernanza_y_planificación_de_destinos_turísticos_inteligentes',1,NULL,'1','2018-12-10 17:15:48',NULL,'1'),(95,9,1,'UL132-PCCT01','Planificación y control de la calidad en turismo','Planificación y control de la calidad en turismo','planificación_y_control_de_la_calidad_en_turismo',1,NULL,'1','2018-12-10 17:15:48',NULL,'1'),(96,9,1,'UL133-CSVA01','Calidad, sostenibilidad y valor agregado en empresas turísticas','Calidad, sostenibilidad y valor agregado en empresas turísticas','calidad_sostenibilidad_y_valor_agregado_en_empresas_turísticas',1,NULL,'1','2018-12-10 17:15:48',NULL,'1'),(97,9,1,'UL134-HDMC01','Herramientas para el diagnóstico y la mejora de la calidad de empresas de turismo','Herramientas para el diagnóstico y la mejora de la calidad de empresas de turismo','herramientas_para_el_diagnóstico_y_la_mejora_de_la_calidad_de_empresas_de_turismo',1,NULL,'1','2018-12-10 17:15:48',NULL,'1'),(98,9,1,'UL135-ICST01','Introducción a la calidad en el sector turístico','Introducción a la calidad en el sector turístico','introducción_a_la_calidad_en_el_sector_turístico',1,NULL,'1','2018-12-10 17:15:48',NULL,'1'),(99,9,1,'UL136-MCIT01','Marketing  comunicacional inteligente para turismo sostenible','Marketing  comunicacional inteligente para turismo sostenible','marketing_comunicacional_inteligente_para_turismo_sostenible',1,NULL,'1','2018-12-10 17:15:48',NULL,'1'),(100,9,1,'UL137-EPDP01','Estrategias para promover destinos y productos turísticos con principios sostenibles','Estrategias para promover destinos y productos turísticos con principios sostenibles','estrategias_para_promover_destinos_y_productos_turísticos_con_principios_sostenibles',1,NULL,'1','2018-12-10 17:15:48',NULL,'1'),(101,9,1,'UL138-01IMDT','El inbound marketing de los destinos turísticos','El inbound marketing de los destinos turísticos','el_inbound_marketing_de_los_destinos_turísticos',1,NULL,'1','2018-12-10 17:15:48',NULL,'1'),(102,9,1,'UL139-01GSCM','Gestión sostenible, control y monitorización de un destino','Gestión sostenible, control y monitorización de un destino','gestión_sostenible_control_y_monitorización_de_un_destino',1,NULL,'1','2018-12-10 17:15:48',NULL,'1'),(103,9,1,'UL140-01IDMC','Introducción al Data Mining –conceptos básicos','Introducción al Data Mining –conceptos básicos','introducción_al_data_mining_conceptos_básicos',1,NULL,'1','2018-12-10 17:15:48',NULL,'1'),(104,9,1,'UL141-01MHDM','Métodos y herramientas del Data Mining','Métodos y herramientas del Data Mining','métodos_y_herramientas_del_data_mining',1,NULL,'1','2018-12-10 17:15:48',NULL,'1'),(105,9,1,'UL142-01ADMC','Aplicación del  Data Mining en el campo turístico','Aplicación del  Data Mining en el campo turístico','aplicación_del_data_mining_en_el_campo_turístico',1,NULL,'1','2018-12-10 17:15:48',NULL,'1'),(106,9,1,'UL143-01TISM','Turismo inteligente 4.0 y data mining','Turismo inteligente 4.0 y data mining','turismo_inteligente_4.0_y_data_mining',1,NULL,'1','2018-12-10 17:15:48',NULL,'1'),(107,9,1,'UL144-01TTCI','Términos y teorías del comercio internacional','Términos y teorías del comercio internacional','términos_y_teorías_del_comercio_internacional',1,NULL,'1','2018-12-10 17:15:48',NULL,'1'),(108,9,1,'UL145-01ROIE','Rol de los organismos internacionales en la economía de los países','Rol de los organismos internacionales en la economía de los países','rol_de_los_organismos_internacionales_en_la_economía_de_los_países',1,NULL,'1','2018-12-10 17:15:48',NULL,'1'),(109,9,1,'UL146-01PASE','Políticas y acciones de sectores empresariales para el logro de una mayor productividad y competitividad','Políticas y acciones de sectores empresariales para el logro de una mayor productividad y competitividad','políticas_y_acciones_de_sectores_empresariales_para_el_logro_de_una_mayor_productividad_y_competitividad',1,NULL,'1','2018-12-10 17:15:48',NULL,'1'),(110,9,1,'UL147-01CDCP','Conozca los desafíos culturales en los procesos de integración comercial','Conozca los desafíos culturales en los procesos de integración comercial','conozca_los_desafíos_culturales_en_los_procesos_de_integración_comercial',1,NULL,'1','2018-12-10 17:15:48',NULL,'1'),(111,9,1,'UL148-01CSMO','Como seleccionar un mercado objetivo y establecer un marketing mix acorde al mismo','Como seleccionar un mercado objetivo y establecer un marketing mix acorde al mismo','como_seleccionar_un_mercado_objetivo_y_establecer_un_marketing_mix_acorde_al_mismo',1,NULL,'1','2018-12-10 17:15:48',NULL,'1'),(112,9,1,'UL149-01SMIE','Selección de mercados para internacionalización  de la empresa','Selección de mercados para internacionalización  de la empresa','selección_de_mercados_para_internacionalización_de_la_empresa',1,NULL,'1','2018-12-10 17:15:48',NULL,'1'),(113,9,1,'UL150-01EMMG','Estrategias de marca para crear marcas globales','Estrategias de marca para crear marcas globales','estrategias_de_marca_para_crear_marcas_globales',1,NULL,'1','2018-12-10 17:15:48',NULL,'1'),(114,9,1,'UL151-01TDMC','Tomar decisiones de marketing en un contexto global','Tomar decisiones de marketing en un contexto global','tomar_decisiones_de_marketing_en_un_contexto_global',1,NULL,'1','2018-12-10 17:15:48',NULL,'1'),(115,9,1,'UL152-01HGEX','Herramientas para la gestión de exportación','Herramientas para la gestión de exportación','herramientas_para_la_gestión_de_exportación',1,NULL,'1','2018-12-10 17:15:48',NULL,'1'),(116,9,1,'UL153-01ESEX','Estrategias de exportación','Estrategias de exportación','estrategias_de_exportación',1,NULL,'1','2018-12-10 17:15:48',NULL,'1'),(117,9,1,'UL154-01CEME','Cómo escoger los mercados para exportación','Cómo escoger los mercados para exportación','cómo_escoger_los_mercados_para_exportación',1,NULL,'1','2018-12-10 17:15:48',NULL,'1'),(118,9,1,'UL155-01CIPE','Como internacionalizar un producto exportable','Como internacionalizar un producto exportable','como_internacionalizar_un_producto_exportable',1,NULL,'1','2018-12-10 17:15:48',NULL,'1'),(119,9,1,'UL156-01GCIE','La gestión por competencias y su importancia en la eficiencia','La gestión por competencias y su importancia en la eficiencia','la_gestión_por_competencias_y_su_importancia_en_la_eficiencia',1,NULL,'1','2018-12-10 17:15:48',NULL,'1'),(120,9,1,'UL157-01EMGC','Como escoger el modelo de gestión de competencias acorde a su empresa','Como escoger el modelo de gestión de competencias acorde a su empresa','como_escoger_el_modelo_de_gestión_de_competencias_acorde_a_su_empresa',1,NULL,'1','2018-12-10 17:15:48',NULL,'1'),(121,9,1,'UL158-01TDCE','Técnicas para determinar competencias en su empresa','Técnicas para determinar competencias en su empresa','técnicas_para_determinar_competencias_en_su_empresa',1,NULL,'1','2018-12-10 17:15:48',NULL,'1'),(122,9,1,'UL159-01ISCO','Cómo implementar un sistema por competencias','Cómo implementar un sistema por competencias','cómo_implementar_un_sistema_por_competencias',1,NULL,'1','2018-12-10 17:15:48',NULL,'1'),(123,9,1,'UL160-01RHTI','Recursos humanos y las tics, nuevos ambientes de trabajo','Recursos humanos y las tics, nuevos ambientes de trabajo','recursos_humanos_y_las_tics_nuevos_ambientes_de_trabajo',1,NULL,'1','2018-12-10 17:15:48',NULL,'1'),(124,9,1,'UL161-01FPIO','Los factores psicosociales 2.0 y su influencia en la organización','Los factores psicosociales 2.0 y su influencia en la organización','los_factores_psicosociales_2.0_y_su_influencia_en_la_organización',1,NULL,'1','2018-12-10 17:15:48',NULL,'1'),(125,9,1,'UL162-01COAW','El Comportamiento organizacional aplicado a la web 2.0','El Comportamiento organizacional aplicado a la web 2.0','el_comportamiento_organizacional_aplicado_a_la_web_2.0',1,NULL,'1','2018-12-10 17:15:48',NULL,'1'),(126,9,1,'UL163-01COEM','La Comunicación 2.0 en la empresa','La Comunicación 2.0 en la empresa','la_comunicación_2.0_en_la_empresa',1,NULL,'1','2018-12-10 17:15:48',NULL,'1'),(127,9,1,'UL164-01ERSC','Estrategias de Reclutamiento y Selección por competencias','Estrategias de Reclutamiento y Selección por competencias','estrategias_de_reclutamiento_y_selección_por_competencias',1,NULL,'1','2018-12-10 17:15:48',NULL,'1'),(128,9,1,'UL165-01VPCR','Valoración de perfiles de candidatos y su reclutamiento','Valoración de perfiles de candidatos y su reclutamiento','valoración_de_perfiles_de_candidatos_y_su_reclutamiento',1,NULL,'1','2018-12-10 17:15:48',NULL,'1'),(129,9,1,'UL166-01MTEP','Métodos y técnicas para la elección del personal','Métodos y técnicas para la elección del personal','métodos_y_técnicas_para_la_elección_del_personal',1,NULL,'1','2018-12-10 17:15:48',NULL,'1'),(130,9,1,'UL167-01ADSP','Análisis de datos de la selección del personal para gestionar el talento humano','Análisis de datos de la selección del personal para gestionar el talento humano','análisis_de_datos_de_la_selección_del_personal_para_gestionar_el_talento_humano',1,NULL,'1','2018-12-10 17:15:48',NULL,'1'),(131,9,1,'UL168-01HBDL','Habilidades blandas para el desarrollo de liderazgo ejecutivo','Habilidades blandas para el desarrollo de liderazgo ejecutivo','habilidades_blandas_para_el_desarrollo_de_liderazgo_ejecutivo',1,NULL,'1','2018-12-10 17:15:48',NULL,'1'),(132,9,1,'UL169-01CCEG','Clasificación de competencias y los estilos de gestión','Clasificación de competencias y los estilos de gestión','clasificación_de_competencias_y_los_estilos_de_gestión',1,NULL,'1','2018-12-10 17:15:48',NULL,'1'),(133,9,1,'UL170-01DCAP','Desarrollo de Competencias de Autogestión personal','Desarrollo de Competencias de Autogestión personal','desarrollo_de_competencias_de_autogestión_personal',1,NULL,'1','2018-12-10 17:15:48',NULL,'1'),(134,9,1,'UL171-DCIN01','Desarrollo de Competencias interpersonales','Desarrollo de Competencias interpersonales','desarrollo_de_competencias_interpersonales',1,NULL,'1','2018-12-10 17:15:48',NULL,'1'),(135,9,1,'UL172-MACO01','Métodos para el análisis del comportamiento organizacional','Métodos para el análisis del comportamiento organizacional','métodos_para_el_análisis_del_comportamiento_organizacional',1,NULL,'1','2018-12-10 17:15:48',NULL,'1'),(136,9,1,'UL173LLEG-01','Legislación laboral Ecuatoriana y gobierno corporativo','Legislación laboral Ecuatoriana y gobierno corporativo','legislación_laboral_ecuatoriana_y_gobierno_corporativo',1,NULL,'1','2018-12-10 17:15:48',NULL,'1'),(137,9,1,'UL174IFPE-01','El impacto de la filosofía y política empresarial en la organización','El impacto de la filosofía y política empresarial en la organización','el_impacto_de_la_filosofía_y_política_empresarial_en_la_organización',1,NULL,'1','2018-12-10 17:15:48',NULL,'1'),(138,9,1,'UL175DPPG-01','Diseño de políticas de personal en la gestión estratégica del talento humano basado en competencias','Diseño de políticas de personal en la gestión estratégica del talento humano basado en competencias','diseño_de_políticas_de_personal_en_la_gestión_estratégica_del_talento_humano_basado_en_competencias',1,NULL,'1','2018-12-10 17:15:48',NULL,'1'),(139,9,1,'UL176DCRR-01','Diseño y configuración de redes en router','Diseño y configuración de redes en router','diseño_y_configuración_de_redes_en_router',1,NULL,'1','2018-12-10 17:15:48',NULL,'1'),(140,9,1,'UL177UAMA-01','Uso y aplicaciones de mathcad','Uso y aplicaciones de mathcad','uso_y_aplicaciones_de_mathcad',1,NULL,'1','2018-12-10 17:15:48',NULL,'1'),(141,9,1,'UL178CSAL-01','Configuración e implementación de un servidor apache basado en distribuciones Linux','Configuración e implementación de un servidor apache basado en distribuciones Linux','configuración_e_implementación_de_un_servidor_apache_basado_en_distribuciones_linux',1,NULL,'1','2018-12-10 17:15:48',NULL,'1'),(142,9,1,'UL179DAWP-01','Desarrollo de Aplicaciones Web con Python','Desarrollo de Aplicaciones Web con Python','desarrollo_de_aplicaciones_web_con_python',1,NULL,'1','2018-12-10 17:15:48',NULL,'1'),(143,9,1,'UL180DPCB-01','Desarrollo de procesos con BIZAGI','Desarrollo de procesos con BIZAGI','desarrollo_de_procesos_con_bizagi',1,NULL,'1','2018-12-10 17:15:48',NULL,'1'),(144,9,1,'UL181BPPR-01','Bootstrap para principiantes','Bootstrap para principiantes','bootstrap_para_principiantes',1,NULL,'1','2018-12-10 17:15:48',NULL,'1'),(145,3,2,'SM145-ANLA01','Actualización Normativa Laboral','Actualización Normativa Laboral','actualización_normativa_laboral',1,NULL,'1','2019-03-26 16:15:48',NULL,'1'),(146,3,2,'SM146-SSOC01','Seguridad y Salud Ocupacional','Seguridad y Salud Ocupacional','seguridad_salud',1,NULL,'1','2019-03-26 16:15:48',NULL,'1');
/*!40000 ALTER TABLE `modulo_estudio` ENABLE KEYS */;
UNLOCK TABLES;

--
-- Table structure for table `modulo_estudio_empresa`
--

DROP TABLE IF EXISTS `modulo_estudio_empresa`;
/*!40101 SET @saved_cs_client     = @@character_set_client */;
 SET character_set_client = utf8mb4 ;
CREATE TABLE `modulo_estudio_empresa` (
  `meem_id` bigint(20) NOT NULL AUTO_INCREMENT,
  `mest_id` bigint(20) DEFAULT NULL,
  `emp_id` bigint(20) DEFAULT NULL,
  `meem_fecha_inicio` timestamp NULL DEFAULT NULL,
  `meem_fecha_fin` timestamp NULL DEFAULT NULL,
  `meem_usuario_ingreso` bigint(20) NOT NULL,
  `meem_usuario_modifica` bigint(20) DEFAULT NULL,
  `meem_estado_gestion` varchar(1) NOT NULL,
  `meem_estado` varchar(1) NOT NULL,
  `meem_fecha_creacion` timestamp NOT NULL DEFAULT CURRENT_TIMESTAMP,
  `meem_fecha_modificacion` timestamp NULL DEFAULT NULL,
  `meem_estado_logico` varchar(1) NOT NULL,
  PRIMARY KEY (`meem_id`),
  KEY `mest_id` (`mest_id`),
  CONSTRAINT `modulo_estudio_empresa_ibfk_1` FOREIGN KEY (`mest_id`) REFERENCES `modulo_estudio` (`mest_id`)
) ENGINE=InnoDB AUTO_INCREMENT=147 DEFAULT CHARSET=utf8;
/*!40101 SET character_set_client = @saved_cs_client */;

--
-- Dumping data for table `modulo_estudio_empresa`
--

LOCK TABLES `modulo_estudio_empresa` WRITE;
/*!40000 ALTER TABLE `modulo_estudio_empresa` DISABLE KEYS */;
INSERT INTO `modulo_estudio_empresa` VALUES (1,1,3,'2018-09-01 09:00:00','2018-12-31 10:00:00',1,NULL,'1','1','2018-09-02 03:30:00',NULL,'1'),(2,2,3,'2018-09-01 09:00:00','2018-12-31 10:00:00',1,NULL,'1','1','2018-09-02 03:30:00',NULL,'1'),(3,3,3,'2018-09-01 09:00:00','2018-12-31 10:00:00',1,NULL,'1','1','2018-09-02 03:30:00',NULL,'1'),(4,4,3,'2018-09-01 09:00:00','2018-12-31 10:00:00',1,NULL,'1','1','2018-09-02 03:30:00',NULL,'1'),(5,5,3,'2018-09-01 09:00:00','2018-12-31 10:00:00',1,NULL,'1','1','2018-09-02 03:30:00',NULL,'1'),(6,6,3,'2018-09-01 09:00:00','2018-12-31 10:00:00',1,NULL,'1','1','2018-09-02 03:30:00',NULL,'1'),(7,7,3,'2018-09-01 09:00:00','2018-12-31 10:00:00',1,NULL,'1','1','2018-09-02 03:30:00',NULL,'1'),(8,8,3,'2018-09-01 09:00:00','2018-12-31 10:00:00',1,NULL,'1','1','2018-09-02 03:30:00',NULL,'1'),(9,9,3,'2018-09-01 09:00:00','2018-12-31 10:00:00',1,NULL,'1','1','2018-09-02 03:30:00',NULL,'1'),(10,10,3,'2018-09-01 09:00:00','2018-12-31 10:00:00',1,NULL,'1','1','2018-09-02 03:30:00',NULL,'1'),(11,11,3,'2018-09-01 09:00:00','2018-12-31 10:00:00',1,NULL,'1','1','2018-09-02 03:30:00',NULL,'1'),(12,12,3,'2018-09-01 09:00:00','2018-12-31 10:00:00',1,NULL,'1','1','2018-09-02 03:30:00',NULL,'1'),(13,13,3,'2018-09-01 09:00:00','2018-12-31 10:00:00',1,NULL,'1','1','2018-09-02 03:30:00',NULL,'1'),(14,14,3,'2018-09-01 09:00:00','2018-12-31 10:00:00',1,NULL,'1','1','2018-09-02 03:30:00',NULL,'1'),(15,15,3,'2018-09-01 09:00:00','2018-12-31 10:00:00',1,NULL,'1','1','2018-09-02 03:30:00',NULL,'1'),(16,16,3,'2018-09-01 09:00:00','2018-12-31 10:00:00',1,NULL,'1','1','2018-09-02 03:30:00',NULL,'1'),(17,17,3,'2018-09-01 09:00:00','2018-12-31 10:00:00',1,NULL,'1','1','2018-09-02 03:30:00',NULL,'1'),(18,18,3,'2018-09-01 09:00:00','2018-12-31 10:00:00',1,NULL,'1','1','2018-09-02 03:30:00',NULL,'1'),(19,19,3,'2018-09-01 09:00:00','2018-12-31 10:00:00',1,NULL,'1','1','2018-09-02 03:30:00',NULL,'1'),(20,20,3,'2018-09-01 09:00:00','2018-12-31 10:00:00',1,NULL,'1','1','2018-09-02 03:30:00',NULL,'1'),(21,21,3,'2018-09-01 09:00:00','2018-12-31 10:00:00',1,NULL,'1','1','2018-09-02 03:30:00',NULL,'1'),(22,22,3,'2018-09-01 09:00:00','2018-12-31 10:00:00',1,NULL,'1','1','2018-09-02 03:30:00',NULL,'1'),(23,23,3,'2018-09-01 09:00:00','2018-12-31 10:00:00',1,NULL,'1','1','2018-09-02 03:30:00',NULL,'1'),(24,24,3,'2018-09-01 09:00:00','2018-12-31 10:00:00',1,NULL,'1','1','2018-09-02 03:30:00',NULL,'1'),(25,25,3,'2018-09-01 09:00:00','2018-12-31 10:00:00',1,NULL,'1','1','2018-09-02 03:30:00',NULL,'1'),(26,26,3,'2018-09-01 09:00:00','2018-12-31 10:00:00',1,NULL,'1','1','2018-09-02 03:30:00',NULL,'1'),(27,27,2,'2018-09-01 09:00:00','2018-12-31 10:00:00',1,NULL,'1','1','2018-12-10 18:30:00',NULL,'1'),(28,28,2,'2018-09-01 09:00:00','2018-12-31 10:00:00',1,NULL,'1','1','2018-12-10 18:30:00',NULL,'1'),(29,29,2,'2018-09-01 09:00:00','2018-12-31 10:00:00',1,NULL,'1','1','2018-12-10 18:30:00',NULL,'1'),(30,30,2,'2018-09-01 09:00:00','2018-12-31 10:00:00',1,NULL,'1','1','2018-12-10 18:30:00',NULL,'1'),(31,31,2,'2018-09-01 09:00:00','2018-12-31 10:00:00',1,NULL,'1','1','2018-12-10 18:30:00',NULL,'1'),(32,32,2,'2018-09-01 09:00:00','2018-12-31 10:00:00',1,NULL,'1','1','2018-12-10 18:30:00',NULL,'1'),(33,33,2,'2018-09-01 09:00:00','2018-12-31 10:00:00',1,NULL,'1','1','2018-12-10 18:30:00',NULL,'1'),(34,34,2,'2018-09-01 09:00:00','2018-12-31 10:00:00',1,NULL,'1','1','2018-12-10 18:30:00',NULL,'1'),(35,35,2,'2018-09-01 09:00:00','2018-12-31 10:00:00',1,NULL,'1','1','2018-12-10 18:30:00',NULL,'1'),(36,36,2,'2018-09-01 09:00:00','2018-12-31 10:00:00',1,NULL,'1','1','2018-12-10 18:30:00',NULL,'1'),(37,37,2,'2018-09-01 09:00:00','2018-12-31 10:00:00',1,NULL,'1','1','2018-12-10 18:30:00',NULL,'1'),(38,38,2,'2018-09-01 09:00:00','2018-12-31 10:00:00',1,NULL,'1','1','2018-12-10 18:30:00',NULL,'1'),(39,39,2,'2018-09-01 09:00:00','2018-12-31 10:00:00',1,NULL,'1','1','2018-12-10 18:30:00',NULL,'1'),(40,40,2,'2018-09-01 09:00:00','2018-12-31 10:00:00',1,NULL,'1','1','2018-12-10 18:30:00',NULL,'1'),(41,41,2,'2018-09-01 09:00:00','2018-12-31 10:00:00',1,NULL,'1','1','2018-12-10 18:30:00',NULL,'1'),(42,42,2,'2018-09-01 09:00:00','2018-12-31 10:00:00',1,NULL,'1','1','2018-12-10 18:30:00',NULL,'1'),(43,43,2,'2018-09-01 09:00:00','2018-12-31 10:00:00',1,NULL,'1','1','2018-12-10 18:30:00',NULL,'1'),(44,44,2,'2018-09-01 09:00:00','2018-12-31 10:00:00',1,NULL,'1','1','2018-12-10 18:30:00',NULL,'1'),(45,45,2,'2018-09-01 09:00:00','2018-12-31 10:00:00',1,NULL,'1','1','2018-12-10 18:30:00',NULL,'1'),(46,46,2,'2018-09-01 09:00:00','2018-12-31 10:00:00',1,NULL,'1','1','2018-12-10 18:30:00',NULL,'1'),(47,47,2,'2018-09-01 09:00:00','2018-12-31 10:00:00',1,NULL,'1','1','2018-12-10 18:30:00',NULL,'1'),(48,48,2,'2018-09-01 09:00:00','2018-12-31 10:00:00',1,NULL,'1','1','2018-12-10 18:30:00',NULL,'1'),(49,49,2,'2018-09-01 09:00:00','2018-12-31 10:00:00',1,NULL,'1','1','2018-12-10 18:30:00',NULL,'1'),(50,50,2,'2018-09-01 09:00:00','2018-12-31 10:00:00',1,NULL,'1','1','2018-12-10 18:30:00',NULL,'1'),(51,51,2,'2018-09-01 09:00:00','2018-12-31 10:00:00',1,NULL,'1','1','2018-12-10 18:30:00',NULL,'1'),(52,52,2,'2018-09-01 09:00:00','2018-12-31 10:00:00',1,NULL,'1','1','2018-12-10 18:30:00',NULL,'1'),(53,53,2,'2018-09-01 09:00:00','2018-12-31 10:00:00',1,NULL,'1','1','2018-12-10 18:30:00',NULL,'1'),(54,54,2,'2018-09-01 09:00:00','2018-12-31 10:00:00',1,NULL,'1','1','2018-12-10 18:30:00',NULL,'1'),(55,55,2,'2018-09-01 09:00:00','2018-12-31 10:00:00',1,NULL,'1','1','2018-12-10 18:30:00',NULL,'1'),(56,56,2,'2018-09-01 09:00:00','2018-12-31 10:00:00',1,NULL,'1','1','2018-12-10 18:30:00',NULL,'1'),(57,57,2,'2018-09-01 09:00:00','2018-12-31 10:00:00',1,NULL,'1','1','2018-12-10 18:30:00',NULL,'1'),(58,58,2,'2018-09-01 09:00:00','2018-12-31 10:00:00',1,NULL,'1','1','2018-12-10 18:30:00',NULL,'1'),(59,59,2,'2018-09-01 09:00:00','2018-12-31 10:00:00',1,NULL,'1','1','2018-12-10 18:30:00',NULL,'1'),(60,60,2,'2018-09-01 09:00:00','2018-12-31 10:00:00',1,NULL,'1','1','2018-12-10 18:30:00',NULL,'1'),(61,61,2,'2018-09-01 09:00:00','2018-12-31 10:00:00',1,NULL,'1','1','2018-12-10 18:30:00',NULL,'1'),(62,62,2,'2018-09-01 09:00:00','2018-12-31 10:00:00',1,NULL,'1','1','2018-12-10 18:30:00',NULL,'1'),(63,63,2,'2018-09-01 09:00:00','2018-12-31 10:00:00',1,NULL,'1','1','2018-12-10 18:30:00',NULL,'1'),(64,64,2,'2018-09-01 09:00:00','2018-12-31 10:00:00',1,NULL,'1','1','2018-12-10 18:30:00',NULL,'1'),(65,65,2,'2018-09-01 09:00:00','2018-12-31 10:00:00',1,NULL,'1','1','2018-12-10 18:30:00',NULL,'1'),(66,66,2,'2018-09-01 09:00:00','2018-12-31 10:00:00',1,NULL,'1','1','2018-12-10 18:30:00',NULL,'1'),(67,67,2,'2018-09-01 09:00:00','2018-12-31 10:00:00',1,NULL,'1','1','2018-12-10 18:30:00',NULL,'1'),(68,68,2,'2018-09-01 09:00:00','2018-12-31 10:00:00',1,NULL,'1','1','2018-12-10 18:30:00',NULL,'1'),(69,69,2,'2018-09-01 09:00:00','2018-12-31 10:00:00',1,NULL,'1','1','2018-12-10 18:30:00',NULL,'1'),(70,70,2,'2018-09-01 09:00:00','2018-12-31 10:00:00',1,NULL,'1','1','2018-12-10 18:30:00',NULL,'1'),(71,71,2,'2018-09-01 09:00:00','2018-12-31 10:00:00',1,NULL,'1','1','2018-12-10 18:30:00',NULL,'1'),(72,72,2,'2018-09-01 09:00:00','2018-12-31 10:00:00',1,NULL,'1','1','2018-12-10 18:30:00',NULL,'1'),(73,73,2,'2018-09-01 09:00:00','2018-12-31 10:00:00',1,NULL,'1','1','2018-12-10 18:30:00',NULL,'1'),(74,74,2,'2018-09-01 09:00:00','2018-12-31 10:00:00',1,NULL,'1','1','2018-12-10 18:30:00',NULL,'1'),(75,75,2,'2018-09-01 09:00:00','2018-12-31 10:00:00',1,NULL,'1','1','2018-12-10 18:30:00',NULL,'1'),(76,76,2,'2018-09-01 09:00:00','2018-12-31 10:00:00',1,NULL,'1','1','2018-12-10 18:30:00',NULL,'1'),(77,77,2,'2018-09-01 09:00:00','2018-12-31 10:00:00',1,NULL,'1','1','2018-12-10 18:30:00',NULL,'1'),(78,78,2,'2018-09-01 09:00:00','2018-12-31 10:00:00',1,NULL,'1','1','2018-12-10 18:30:00',NULL,'1'),(79,79,2,'2018-09-01 09:00:00','2018-12-31 10:00:00',1,NULL,'1','1','2018-12-10 18:30:00',NULL,'1'),(80,80,2,'2018-09-01 09:00:00','2018-12-31 10:00:00',1,NULL,'1','1','2018-12-10 18:30:00',NULL,'1'),(81,81,2,'2018-09-01 09:00:00','2018-12-31 10:00:00',1,NULL,'1','1','2018-12-10 18:30:00',NULL,'1'),(82,82,2,'2018-09-01 09:00:00','2018-12-31 10:00:00',1,NULL,'1','1','2018-12-10 18:30:00',NULL,'1'),(83,83,2,'2018-09-01 09:00:00','2018-12-31 10:00:00',1,NULL,'1','1','2018-12-10 18:30:00',NULL,'1'),(84,84,2,'2018-09-01 09:00:00','2018-12-31 10:00:00',1,NULL,'1','1','2018-12-10 18:30:00',NULL,'1'),(85,85,2,'2018-09-01 09:00:00','2018-12-31 10:00:00',1,NULL,'1','1','2018-12-10 18:30:00',NULL,'1'),(86,86,2,'2018-09-01 09:00:00','2018-12-31 10:00:00',1,NULL,'1','1','2018-12-10 18:30:00',NULL,'1'),(87,87,2,'2018-09-01 09:00:00','2018-12-31 10:00:00',1,NULL,'1','1','2018-12-10 18:30:00',NULL,'1'),(88,88,2,'2018-09-01 09:00:00','2018-12-31 10:00:00',1,NULL,'1','1','2018-12-10 18:30:00',NULL,'1'),(89,89,2,'2018-09-01 09:00:00','2018-12-31 10:00:00',1,NULL,'1','1','2018-12-10 18:30:00',NULL,'1'),(90,90,2,'2018-09-01 09:00:00','2018-12-31 10:00:00',1,NULL,'1','1','2018-12-10 18:30:00',NULL,'1'),(91,91,2,'2018-09-01 09:00:00','2018-12-31 10:00:00',1,NULL,'1','1','2018-12-10 18:30:00',NULL,'1'),(92,92,2,'2018-09-01 09:00:00','2018-12-31 10:00:00',1,NULL,'1','1','2018-12-10 18:30:00',NULL,'1'),(93,93,2,'2018-09-01 09:00:00','2018-12-31 10:00:00',1,NULL,'1','1','2018-12-10 18:30:00',NULL,'1'),(94,94,2,'2018-09-01 09:00:00','2018-12-31 10:00:00',1,NULL,'1','1','2018-12-10 18:30:00',NULL,'1'),(95,95,2,'2018-09-01 09:00:00','2018-12-31 10:00:00',1,NULL,'1','1','2018-12-10 18:30:00',NULL,'1'),(96,96,2,'2018-09-01 09:00:00','2018-12-31 10:00:00',1,NULL,'1','1','2018-12-10 18:30:00',NULL,'1'),(97,97,2,'2018-09-01 09:00:00','2018-12-31 10:00:00',1,NULL,'1','1','2018-12-10 18:30:00',NULL,'1'),(98,98,2,'2018-09-01 09:00:00','2018-12-31 10:00:00',1,NULL,'1','1','2018-12-10 18:30:00',NULL,'1'),(99,99,2,'2018-09-01 09:00:00','2018-12-31 10:00:00',1,NULL,'1','1','2018-12-10 18:30:00',NULL,'1'),(100,100,2,'2018-09-01 09:00:00','2018-12-31 10:00:00',1,NULL,'1','1','2018-12-10 18:30:00',NULL,'1'),(101,101,2,'2018-09-01 09:00:00','2018-12-31 10:00:00',1,NULL,'1','1','2018-12-10 18:30:00',NULL,'1'),(102,102,2,'2018-09-01 09:00:00','2018-12-31 10:00:00',1,NULL,'1','1','2018-12-10 18:30:00',NULL,'1'),(103,103,2,'2018-09-01 09:00:00','2018-12-31 10:00:00',1,NULL,'1','1','2018-12-10 18:30:00',NULL,'1'),(104,104,2,'2018-09-01 09:00:00','2018-12-31 10:00:00',1,NULL,'1','1','2018-12-10 18:30:00',NULL,'1'),(105,105,2,'2018-09-01 09:00:00','2018-12-31 10:00:00',1,NULL,'1','1','2018-12-10 18:30:00',NULL,'1'),(106,106,2,'2018-09-01 09:00:00','2018-12-31 10:00:00',1,NULL,'1','1','2018-12-10 18:30:00',NULL,'1'),(107,107,2,'2018-09-01 09:00:00','2018-12-31 10:00:00',1,NULL,'1','1','2018-12-10 18:30:00',NULL,'1'),(108,108,2,'2018-09-01 09:00:00','2018-12-31 10:00:00',1,NULL,'1','1','2018-12-10 18:30:00',NULL,'1'),(109,109,2,'2018-09-01 09:00:00','2018-12-31 10:00:00',1,NULL,'1','1','2018-12-10 18:30:00',NULL,'1'),(110,110,2,'2018-09-01 09:00:00','2018-12-31 10:00:00',1,NULL,'1','1','2018-12-10 18:30:00',NULL,'1'),(111,111,2,'2018-09-01 09:00:00','2018-12-31 10:00:00',1,NULL,'1','1','2018-12-10 18:30:00',NULL,'1'),(112,112,2,'2018-09-01 09:00:00','2018-12-31 10:00:00',1,NULL,'1','1','2018-12-10 18:30:00',NULL,'1'),(113,113,2,'2018-09-01 09:00:00','2018-12-31 10:00:00',1,NULL,'1','1','2018-12-10 18:30:00',NULL,'1'),(114,114,2,'2018-09-01 09:00:00','2018-12-31 10:00:00',1,NULL,'1','1','2018-12-10 18:30:00',NULL,'1'),(115,115,2,'2018-09-01 09:00:00','2018-12-31 10:00:00',1,NULL,'1','1','2018-12-10 18:30:00',NULL,'1'),(116,116,2,'2018-09-01 09:00:00','2018-12-31 10:00:00',1,NULL,'1','1','2018-12-10 18:30:00',NULL,'1'),(117,117,2,'2018-09-01 09:00:00','2018-12-31 10:00:00',1,NULL,'1','1','2018-12-10 18:30:00',NULL,'1'),(118,118,2,'2018-09-01 09:00:00','2018-12-31 10:00:00',1,NULL,'1','1','2018-12-10 18:30:00',NULL,'1'),(119,119,2,'2018-09-01 09:00:00','2018-12-31 10:00:00',1,NULL,'1','1','2018-12-10 18:30:00',NULL,'1'),(120,120,2,'2018-09-01 09:00:00','2018-12-31 10:00:00',1,NULL,'1','1','2018-12-10 18:30:00',NULL,'1'),(121,121,2,'2018-09-01 09:00:00','2018-12-31 10:00:00',1,NULL,'1','1','2018-12-10 18:30:00',NULL,'1'),(122,122,2,'2018-09-01 09:00:00','2018-12-31 10:00:00',1,NULL,'1','1','2018-12-10 18:30:00',NULL,'1'),(123,123,2,'2018-09-01 09:00:00','2018-12-31 10:00:00',1,NULL,'1','1','2018-12-10 18:30:00',NULL,'1'),(124,124,2,'2018-09-01 09:00:00','2018-12-31 10:00:00',1,NULL,'1','1','2018-12-10 18:30:00',NULL,'1'),(125,125,2,'2018-09-01 09:00:00','2018-12-31 10:00:00',1,NULL,'1','1','2018-12-10 18:30:00',NULL,'1'),(126,126,2,'2018-09-01 09:00:00','2018-12-31 10:00:00',1,NULL,'1','1','2018-12-10 18:30:00',NULL,'1'),(127,127,2,'2018-09-01 09:00:00','2018-12-31 10:00:00',1,NULL,'1','1','2018-12-10 18:30:00',NULL,'1'),(128,128,2,'2018-09-01 09:00:00','2018-12-31 10:00:00',1,NULL,'1','1','2018-12-10 18:30:00',NULL,'1'),(129,129,2,'2018-09-01 09:00:00','2018-12-31 10:00:00',1,NULL,'1','1','2018-12-10 18:30:00',NULL,'1'),(130,130,2,'2018-09-01 09:00:00','2018-12-31 10:00:00',1,NULL,'1','1','2018-12-10 18:30:00',NULL,'1'),(131,131,2,'2018-09-01 09:00:00','2018-12-31 10:00:00',1,NULL,'1','1','2018-12-10 18:30:00',NULL,'1'),(132,132,2,'2018-09-01 09:00:00','2018-12-31 10:00:00',1,NULL,'1','1','2018-12-10 18:30:00',NULL,'1'),(133,133,2,'2018-09-01 09:00:00','2018-12-31 10:00:00',1,NULL,'1','1','2018-12-10 18:30:00',NULL,'1'),(134,134,2,'2018-09-01 09:00:00','2018-12-31 10:00:00',1,NULL,'1','1','2018-12-10 18:30:00',NULL,'1'),(135,135,2,'2018-09-01 09:00:00','2018-12-31 10:00:00',1,NULL,'1','1','2018-12-10 18:30:00',NULL,'1'),(136,136,2,'2018-09-01 09:00:00','2018-12-31 10:00:00',1,NULL,'1','1','2018-12-10 18:30:00',NULL,'1'),(137,137,2,'2018-09-01 09:00:00','2018-12-31 10:00:00',1,NULL,'1','1','2018-12-10 18:30:00',NULL,'1'),(138,138,2,'2018-09-01 09:00:00','2018-12-31 10:00:00',1,NULL,'1','1','2018-12-10 18:30:00',NULL,'1'),(139,139,2,'2018-09-01 09:00:00','2018-12-31 10:00:00',1,NULL,'1','1','2018-12-10 18:30:00',NULL,'1'),(140,140,2,'2018-09-01 09:00:00','2018-12-31 10:00:00',1,NULL,'1','1','2018-12-10 18:30:00',NULL,'1'),(141,141,2,'2018-09-01 09:00:00','2018-12-31 10:00:00',1,NULL,'1','1','2018-12-10 18:30:00',NULL,'1'),(142,142,2,'2018-09-01 09:00:00','2018-12-31 10:00:00',1,NULL,'1','1','2018-12-10 18:30:00',NULL,'1'),(143,143,2,'2018-09-01 09:00:00','2018-12-31 10:00:00',1,NULL,'1','1','2018-12-10 18:30:00',NULL,'1'),(144,144,2,'2018-09-01 09:00:00','2018-12-31 10:00:00',1,NULL,'1','1','2018-12-10 18:30:00',NULL,'1'),(145,145,3,'2019-03-26 19:30:00','2020-01-01 04:59:59',1,NULL,'1','1','2019-03-26 19:30:00',NULL,'1'),(146,146,3,'2019-03-26 19:30:00','2020-01-01 04:59:59',1,NULL,'1','1','2019-03-26 19:30:00',NULL,'1');
/*!40000 ALTER TABLE `modulo_estudio_empresa` ENABLE KEYS */;
UNLOCK TABLES;

--
-- Table structure for table `nivel_estudio`
--

DROP TABLE IF EXISTS `nivel_estudio`;
/*!40101 SET @saved_cs_client     = @@character_set_client */;
 SET character_set_client = utf8mb4 ;
CREATE TABLE `nivel_estudio` (
  `nest_id` bigint(20) NOT NULL AUTO_INCREMENT,
  `nest_nombre` varchar(150) DEFAULT NULL,
  `nest_descripcion` varchar(500) DEFAULT NULL,
  `nest_usuario_ingreso` bigint(20) NOT NULL,
  `nest_usuario_modifica` bigint(20) DEFAULT NULL,
  `nest_estado` varchar(1) NOT NULL,
  `nest_fecha_creacion` timestamp NOT NULL DEFAULT CURRENT_TIMESTAMP,
  `nest_fecha_modificacion` timestamp NULL DEFAULT NULL,
  `nest_estado_logico` varchar(1) NOT NULL,
  PRIMARY KEY (`nest_id`)
) ENGINE=InnoDB AUTO_INCREMENT=11 DEFAULT CHARSET=utf8;
/*!40101 SET character_set_client = @saved_cs_client */;

--
-- Dumping data for table `nivel_estudio`
--

LOCK TABLES `nivel_estudio` WRITE;
/*!40000 ALTER TABLE `nivel_estudio` DISABLE KEYS */;
INSERT INTO `nivel_estudio` VALUES (1,'Nivel 0','Nivel 0 PreAcadémico',1,NULL,'1','2018-10-18 00:12:38',NULL,'1'),(2,'1','Nivel 1',1,NULL,'1','2018-10-18 00:12:38',NULL,'1'),(3,'2','Nivel 2',1,NULL,'1','2018-10-18 00:12:38',NULL,'1'),(4,'3','Nivel 3',1,NULL,'1','2018-10-18 00:12:38',NULL,'1'),(5,'4','Nivel 4',1,NULL,'1','2018-10-18 00:12:38',NULL,'1'),(6,'5','Nivel 5',1,NULL,'1','2018-10-18 00:12:38',NULL,'1'),(7,'6','Nivel 6',1,NULL,'1','2018-10-18 00:12:38',NULL,'1'),(8,'7','Nivel 7',1,NULL,'1','2018-10-18 00:12:38',NULL,'1'),(9,'8','Nivel 8',1,NULL,'1','2018-10-18 00:12:38',NULL,'1'),(10,'9','Nivel 9',1,NULL,'1','2018-10-18 00:12:38',NULL,'1');
/*!40000 ALTER TABLE `nivel_estudio` ENABLE KEYS */;
UNLOCK TABLES;

--
-- Table structure for table `nivel_instruccion`
--

DROP TABLE IF EXISTS `nivel_instruccion`;
/*!40101 SET @saved_cs_client     = @@character_set_client */;
 SET character_set_client = utf8mb4 ;
CREATE TABLE `nivel_instruccion` (
  `nins_id` bigint(20) NOT NULL AUTO_INCREMENT,
  `nins_nombre` varchar(250) DEFAULT NULL,
  `nins_descripcion` varchar(500) DEFAULT NULL,
  `nins_estado` varchar(1) NOT NULL,
  `nins_fecha_creacion` timestamp NOT NULL DEFAULT CURRENT_TIMESTAMP,
  `nins_fecha_modificacion` timestamp NULL DEFAULT NULL,
  `nins_estado_logico` varchar(1) NOT NULL,
  PRIMARY KEY (`nins_id`)
) ENGINE=InnoDB AUTO_INCREMENT=6 DEFAULT CHARSET=utf8;
/*!40101 SET character_set_client = @saved_cs_client */;

--
-- Dumping data for table `nivel_instruccion`
--

LOCK TABLES `nivel_instruccion` WRITE;
/*!40000 ALTER TABLE `nivel_instruccion` DISABLE KEYS */;
INSERT INTO `nivel_instruccion` VALUES (1,'Sin estudios ','Sin estudios ','1','2018-10-18 00:12:38',NULL,'1'),(2,'Primarios','Primarios','1','2018-10-18 00:12:38',NULL,'1'),(3,'Secundarios','Secundarios','1','2018-10-18 00:12:38',NULL,'1'),(4,'Tercer Nivel','Tercer Nivel','1','2018-10-18 00:12:38',NULL,'1'),(5,'Cuarto Nivel','Cuarto Nivel','1','2018-10-18 00:12:38',NULL,'1');
/*!40000 ALTER TABLE `nivel_instruccion` ENABLE KEYS */;
UNLOCK TABLES;

--
-- Table structure for table `paralelo`
--

DROP TABLE IF EXISTS `paralelo`;
/*!40101 SET @saved_cs_client     = @@character_set_client */;
 SET character_set_client = utf8mb4 ;
CREATE TABLE `paralelo` (
  `par_id` bigint(20) NOT NULL AUTO_INCREMENT,
  `paca_id` bigint(20) DEFAULT NULL,
  `pami_id` bigint(20) DEFAULT NULL,
  `par_nombre` varchar(300) NOT NULL,
  `par_descripcion` varchar(500) NOT NULL,
  `par_num_cupo` int(11) DEFAULT NULL,
  `par_usuario_ingreso` bigint(20) NOT NULL,
  `par_usuario_modifica` bigint(20) DEFAULT NULL,
  `par_estado` varchar(1) NOT NULL,
  `par_fecha_creacion` timestamp NOT NULL DEFAULT CURRENT_TIMESTAMP,
  `par_fecha_modificacion` timestamp NULL DEFAULT NULL,
  `par_estado_logico` varchar(1) NOT NULL,
  PRIMARY KEY (`par_id`),
  KEY `paca_id` (`paca_id`),
  KEY `pami_id` (`pami_id`),
  CONSTRAINT `paralelo_ibfk_1` FOREIGN KEY (`paca_id`) REFERENCES `periodo_academico` (`paca_id`),
  CONSTRAINT `paralelo_ibfk_2` FOREIGN KEY (`pami_id`) REFERENCES `periodo_academico_met_ingreso` (`pami_id`)
) ENGINE=InnoDB AUTO_INCREMENT=27 DEFAULT CHARSET=utf8;
/*!40101 SET character_set_client = @saved_cs_client */;

--
-- Dumping data for table `paralelo`
--

LOCK TABLES `paralelo` WRITE;
/*!40000 ALTER TABLE `paralelo` DISABLE KEYS */;
INSERT INTO `paralelo` VALUES (1,NULL,1,'Paralelo 1','Paralelo 1',25,1,NULL,'1','2018-01-23 04:59:53',NULL,'1'),(2,NULL,2,'Paralelo 1','Paralelo 1',25,1,NULL,'1','2018-01-23 04:59:53',NULL,'1'),(3,NULL,3,'Paralelo 1','Paralelo 1',25,1,NULL,'1','2018-01-23 04:59:53',NULL,'1'),(4,NULL,4,'Paralelo 1','Paralelo 1',20,27,NULL,'1','2018-01-23 20:31:56',NULL,'1'),(5,NULL,5,'Paralelo 1','Paralelo 1',20,27,NULL,'1','2018-01-31 02:53:42',NULL,'1'),(6,NULL,6,'Paralelo 1','Paralelo 1',5,27,NULL,'1','2018-02-27 02:53:05',NULL,'1'),(7,NULL,6,'Paralelo 2','Paralelo 2',5,27,NULL,'1','2018-02-27 03:06:08',NULL,'1'),(8,NULL,7,'Paralelo 1','Paralelo 1',10,27,NULL,'1','2018-02-28 19:02:46',NULL,'1'),(9,NULL,7,'Paralelo 2','Paralelo 2',10,27,NULL,'1','2018-03-15 01:10:12',NULL,'1'),(10,NULL,8,'Paralelo 1','Paralelo 1',10,27,NULL,'1','2018-04-07 02:36:25',NULL,'1'),(11,NULL,9,'Paralelo 1','Paralelo 1',20,27,NULL,'1','2018-04-10 00:10:47',NULL,'1'),(12,NULL,10,'Paralelo 1','Paralelo 1',50,27,NULL,'1','2018-05-10 20:35:56',NULL,'1'),(13,NULL,11,'Paralelo 1','Paralelo 1',30,27,NULL,'1','2018-05-31 02:19:37',NULL,'1'),(14,NULL,12,'Paralelo 1','Paralelo 1',40,27,NULL,'1','2018-06-27 21:00:02',NULL,'1'),(15,NULL,13,'Paralelo 1','Paralelo 1',10,27,NULL,'1','2018-07-17 19:36:10',NULL,'1'),(16,NULL,14,'Paralelo 1','Paralelo 1',30,27,NULL,'1','2018-07-30 20:12:54',NULL,'1'),(17,NULL,15,'Paralelo 1','Paralelo 1',10,27,NULL,'1','2018-07-31 22:27:30',NULL,'1'),(18,NULL,16,'Paralelo 1','Paralelo 1',50,27,NULL,'1','2018-08-29 18:43:14',NULL,'1'),(19,NULL,17,'Paralelo 1','Paralelo 1',40,27,NULL,'1','2018-09-13 21:19:45',NULL,'1'),(20,NULL,18,'Paralelo 1','Paralelo 1',30,27,NULL,'1','2018-10-02 00:02:23',NULL,'1'),(21,NULL,18,'002','002',30,27,NULL,'1','2018-11-19 21:20:39',NULL,'1'),(22,NULL,19,'001','001',20,27,NULL,'1','2018-11-19 21:33:38',NULL,'1'),(23,NULL,20,'001','001',30,27,NULL,'1','2018-11-22 16:02:34',NULL,'1'),(24,NULL,21,'001','001',30,27,NULL,'1','2018-11-22 16:05:33',NULL,'1'),(25,NULL,23,'001','001',30,27,NULL,'1','2018-12-27 21:00:16',NULL,'1'),(26,NULL,22,'001','001',30,27,NULL,'1','2019-02-11 15:59:39',NULL,'1');
/*!40000 ALTER TABLE `paralelo` ENABLE KEYS */;
UNLOCK TABLES;

--
-- Table structure for table `periodo_academico`
--

DROP TABLE IF EXISTS `periodo_academico`;
/*!40101 SET @saved_cs_client     = @@character_set_client */;
 SET character_set_client = utf8mb4 ;
CREATE TABLE `periodo_academico` (
  `paca_id` bigint(20) NOT NULL AUTO_INCREMENT,
  `saca_id` bigint(20) NOT NULL,
  `baca_id` bigint(20) NOT NULL,
  `paca_anio_academico` varchar(10) NOT NULL,
  `paca_activo` varchar(1) DEFAULT NULL,
  `paca_fecha_inicio` timestamp NULL DEFAULT NULL,
  `paca_fecha_fin` timestamp NULL DEFAULT NULL,
  `paca_usuario_ingreso` bigint(20) NOT NULL,
  `paca_usuario_modifica` bigint(20) DEFAULT NULL,
  `paca_estado` varchar(1) NOT NULL,
  `paca_fecha_creacion` timestamp NOT NULL DEFAULT CURRENT_TIMESTAMP,
  `paca_fecha_modificacion` timestamp NULL DEFAULT NULL,
  `paca_estado_logico` varchar(1) NOT NULL,
  PRIMARY KEY (`paca_id`),
  KEY `saca_id` (`saca_id`),
  KEY `baca_id` (`baca_id`),
  CONSTRAINT `periodo_academico_ibfk_1` FOREIGN KEY (`saca_id`) REFERENCES `semestre_academico` (`saca_id`),
  CONSTRAINT `periodo_academico_ibfk_2` FOREIGN KEY (`baca_id`) REFERENCES `bloque_academico` (`baca_id`)
) ENGINE=InnoDB AUTO_INCREMENT=9 DEFAULT CHARSET=utf8;
/*!40101 SET character_set_client = @saved_cs_client */;

--
-- Dumping data for table `periodo_academico`
--

LOCK TABLES `periodo_academico` WRITE;
/*!40000 ALTER TABLE `periodo_academico` DISABLE KEYS */;
INSERT INTO `periodo_academico` VALUES (1,1,1,'2019','A','2019-04-13 04:00:00','2019-06-30 03:59:59',1,NULL,'1','2019-04-11 20:03:41',NULL,'1');
/*!40000 ALTER TABLE `periodo_academico` ENABLE KEYS */;
UNLOCK TABLES;

--
-- Table structure for table `periodo_academico_met_ingreso`
--

DROP TABLE IF EXISTS `periodo_academico_met_ingreso`;
/*!40101 SET @saved_cs_client     = @@character_set_client */;
 SET character_set_client = utf8mb4 ;
CREATE TABLE `periodo_academico_met_ingreso` (
  `pami_id` bigint(20) NOT NULL AUTO_INCREMENT,
  `pami_anio` bigint(20) DEFAULT NULL,
  `pami_mes` bigint(20) DEFAULT NULL,
  `uaca_id` bigint(20) DEFAULT NULL,
  `mod_id` bigint(20) DEFAULT NULL,
  `ming_id` bigint(20) DEFAULT NULL,
  `pami_fecha_inicio` timestamp NULL DEFAULT NULL,
  `pami_fecha_fin` timestamp NULL DEFAULT NULL,
  `pami_codigo` varchar(10) NOT NULL,
  `pami_usuario_ingreso` bigint(20) NOT NULL,
  `pami_usuario_modifica` bigint(20) DEFAULT NULL,
  `pami_estado` varchar(1) NOT NULL,
  `pami_fecha_creacion` timestamp NOT NULL DEFAULT CURRENT_TIMESTAMP,
  `pami_fecha_modificacion` timestamp NULL DEFAULT NULL,
  `pami_estado_logico` varchar(1) NOT NULL,
  PRIMARY KEY (`pami_id`)
) ENGINE=InnoDB AUTO_INCREMENT=24 DEFAULT CHARSET=utf8;
/*!40101 SET character_set_client = @saved_cs_client */;

--
-- Dumping data for table `periodo_academico_met_ingreso`
--

LOCK TABLES `periodo_academico_met_ingreso` WRITE;
/*!40000 ALTER TABLE `periodo_academico_met_ingreso` DISABLE KEYS */;
INSERT INTO `periodo_academico_met_ingreso` VALUES (1,2017,10,1,1,1,'2017-10-17 09:00:00','2017-12-08 10:00:00','CANONL1017',1,NULL,'1','2018-01-23 04:59:53',NULL,'1'),(2,2017,11,1,1,1,'2017-12-13 10:00:00','2018-01-05 10:00:00','CANONL1117',1,NULL,'1','2018-01-23 04:59:53',NULL,'1'),(3,2018,1,1,1,1,'2018-01-15 10:00:00','2018-03-09 10:00:00','CANONL0118',1,NULL,'1','2018-01-23 04:59:53',NULL,'1'),(4,2018,2,1,1,2,'2018-02-19 10:00:00','2018-02-19 10:00:00','EXAONL0218',1,NULL,'1','2018-01-23 20:31:56',NULL,'1'),(5,2018,2,1,1,1,'2018-02-19 10:00:00','2018-04-15 09:00:00','CANONL0218',27,NULL,'1','2018-01-31 02:53:42',NULL,'1'),(6,2018,1,1,1,2,'2018-01-31 10:00:00','2018-01-01 10:00:00','EXAONL0118',27,NULL,'1','2018-02-27 02:53:05',NULL,'1'),(7,2018,3,1,1,1,'2018-03-05 10:00:00','2018-04-01 09:00:00','CANONL0318',27,NULL,'1','2018-02-27 03:06:08',NULL,'1'),(8,2018,4,1,1,2,'2018-04-06 09:00:00','2018-04-30 09:00:00','EXAONL0418',27,NULL,'1','2018-02-28 19:02:46',NULL,'1'),(9,2018,4,1,1,1,'2018-04-01 09:00:00','2018-04-30 09:00:00','CANONL0418',27,NULL,'1','2018-03-15 01:10:12',NULL,'1'),(10,2018,5,1,1,1,'2018-05-01 09:00:00','2018-05-31 09:00:00','CANONL0518',27,NULL,'1','2018-04-07 02:36:25',NULL,'1'),(11,2018,6,1,1,1,'2018-05-01 09:00:00','2018-06-03 09:00:00','CANONL0618',27,NULL,'1','2018-04-10 00:10:47',NULL,'1'),(12,2018,7,1,1,1,'2018-06-18 09:00:00','2018-07-23 09:00:00','CANONL0718',27,NULL,'1','2018-05-10 20:35:56',NULL,'1'),(13,2018,8,1,1,2,'2018-08-06 09:00:00','2018-08-06 09:00:00','EXAONL0818',27,NULL,'1','2018-05-31 02:19:37',NULL,'1'),(14,2018,8,1,1,1,'2018-07-28 09:00:00','2018-08-13 09:00:00','CANONL0818',27,NULL,'1','2018-06-27 21:00:02',NULL,'1'),(15,2018,7,1,1,2,'2018-07-01 09:00:00','2018-07-31 09:00:00','EXAONL0718',27,NULL,'1','2018-07-17 19:36:10',NULL,'1'),(16,2018,9,1,1,1,'2018-08-25 09:00:00','2018-09-22 09:00:00','CANONL0918',27,NULL,'1','2018-07-30 20:12:54',NULL,'1'),(17,2018,9,1,1,2,'2018-09-01 09:00:00','2018-09-30 09:00:00','EXAONL0918',27,NULL,'1','2018-07-31 22:27:30',NULL,'1'),(18,2018,10,1,1,1,'2018-10-01 09:00:00','2018-10-31 09:00:00','CANONL1018',27,NULL,'1','2018-08-29 18:43:14',NULL,'1'),(19,2018,10,1,1,2,'2018-10-01 04:00:00','2018-10-30 04:00:00','EXAONL1018',27,NULL,'1','2018-11-19 21:33:26',NULL,'1'),(20,2018,11,1,1,1,'2018-11-01 04:00:00','2018-11-30 05:00:00','CANONL1118',27,NULL,'1','2018-11-22 16:02:21',NULL,'1'),(21,2018,11,1,1,2,'2018-11-01 04:00:00','2018-11-30 05:00:00','EXAONL1118',27,NULL,'1','2018-11-22 16:05:21',NULL,'1'),(22,2019,1,1,1,1,'2019-01-01 05:00:00','2019-01-31 05:00:00','CANONL0119',27,NULL,'1','2018-12-27 17:30:54',NULL,'1'),(23,2019,1,1,1,2,'2019-01-01 05:00:00','2019-01-31 05:00:00','EXAONL0119',27,NULL,'1','2018-12-27 20:59:59',NULL,'1');
/*!40000 ALTER TABLE `periodo_academico_met_ingreso` ENABLE KEYS */;
UNLOCK TABLES;

--
-- Table structure for table `planificacion_estudio_academico`
--

DROP TABLE IF EXISTS `planificacion_estudio_academico`;
/*!40101 SET @saved_cs_client     = @@character_set_client */;
 SET character_set_client = utf8mb4 ;
CREATE TABLE `planificacion_estudio_academico` (
  `peac_id` bigint(20) NOT NULL AUTO_INCREMENT,
  `uaca_id` bigint(20) NOT NULL,
  `mod_id` bigint(20) NOT NULL,
  `paca_id` bigint(20) DEFAULT NULL,
  `pami_id` bigint(20) DEFAULT NULL,
  `maca_id` bigint(20) NOT NULL,
  `peac_usuario_ingreso` bigint(20) NOT NULL,
  `peac_usuario_modifica` bigint(20) DEFAULT NULL,
  `peac_estado` varchar(1) NOT NULL,
  `peac_fecha_creacion` timestamp NOT NULL DEFAULT CURRENT_TIMESTAMP,
  `peac_fecha_modificacion` timestamp NULL DEFAULT NULL,
  `peac_estado_logico` varchar(1) NOT NULL,
  PRIMARY KEY (`peac_id`),
  KEY `uaca_id` (`uaca_id`),
  KEY `mod_id` (`mod_id`),
  KEY `paca_id` (`paca_id`),
  KEY `maca_id` (`maca_id`),
  KEY `pami_id` (`pami_id`),
  CONSTRAINT `planificacion_estudio_academico_ibfk_1` FOREIGN KEY (`uaca_id`) REFERENCES `unidad_academica` (`uaca_id`),
  CONSTRAINT `planificacion_estudio_academico_ibfk_2` FOREIGN KEY (`mod_id`) REFERENCES `modalidad` (`mod_id`),
  CONSTRAINT `planificacion_estudio_academico_ibfk_3` FOREIGN KEY (`paca_id`) REFERENCES `periodo_academico` (`paca_id`),
  CONSTRAINT `planificacion_estudio_academico_ibfk_4` FOREIGN KEY (`maca_id`) REFERENCES `malla_academica` (`maca_id`),
  CONSTRAINT `planificacion_estudio_academico_ibfk_5` FOREIGN KEY (`pami_id`) REFERENCES `periodo_academico_met_ingreso` (`pami_id`)
) ENGINE=InnoDB AUTO_INCREMENT=139 DEFAULT CHARSET=utf8;
/*!40101 SET character_set_client = @saved_cs_client */;

--
-- Dumping data for table `planificacion_estudio_academico`
--

LOCK TABLES `planificacion_estudio_academico` WRITE;
/*!40000 ALTER TABLE `planificacion_estudio_academico` DISABLE KEYS */;
INSERT INTO `planificacion_estudio_academico` VALUES (1,1,1,NULL,1,1,1,NULL,'1','2018-10-04 23:33:26',NULL,'1'),(2,1,1,NULL,1,2,1,NULL,'1','2018-10-04 23:33:26',NULL,'1'),(3,1,1,NULL,1,3,1,NULL,'1','2018-10-04 23:33:26',NULL,'1'),(4,1,1,NULL,1,4,1,NULL,'1','2018-10-04 23:33:26',NULL,'1'),(5,1,1,NULL,1,5,1,NULL,'1','2018-10-04 23:33:26',NULL,'1'),(6,1,1,NULL,1,6,1,NULL,'1','2018-10-04 23:33:26',NULL,'1'),(7,1,1,NULL,2,1,1,NULL,'1','2018-10-04 23:33:26',NULL,'1'),(8,1,1,NULL,2,2,1,NULL,'1','2018-10-04 23:33:26',NULL,'1'),(9,1,1,NULL,2,3,1,NULL,'1','2018-10-04 23:33:26',NULL,'1'),(10,1,1,NULL,2,4,1,NULL,'1','2018-10-04 23:33:26',NULL,'1'),(11,1,1,NULL,2,5,1,NULL,'1','2018-10-04 23:33:26',NULL,'1'),(12,1,1,NULL,2,6,1,NULL,'1','2018-10-04 23:33:26',NULL,'1'),(13,1,1,NULL,3,1,1,NULL,'1','2018-10-04 23:33:26',NULL,'1'),(14,1,1,NULL,3,2,1,NULL,'1','2018-10-04 23:33:26',NULL,'1'),(15,1,1,NULL,3,3,1,NULL,'1','2018-10-04 23:33:26',NULL,'1'),(16,1,1,NULL,3,4,1,NULL,'1','2018-10-04 23:33:26',NULL,'1'),(17,1,1,NULL,3,5,1,NULL,'1','2018-10-04 23:33:26',NULL,'1'),(18,1,1,NULL,3,6,1,NULL,'1','2018-10-04 23:33:26',NULL,'1'),(19,1,1,NULL,4,1,1,NULL,'1','2018-10-04 23:33:26',NULL,'1'),(20,1,1,NULL,4,2,1,NULL,'1','2018-10-04 23:33:26',NULL,'1'),(21,1,1,NULL,4,3,1,NULL,'1','2018-10-04 23:33:26',NULL,'1'),(22,1,1,NULL,4,4,1,NULL,'1','2018-10-04 23:33:26',NULL,'1'),(23,1,1,NULL,4,5,1,NULL,'1','2018-10-04 23:33:26',NULL,'1'),(24,1,1,NULL,4,6,1,NULL,'1','2018-10-04 23:33:26',NULL,'1'),(25,1,1,NULL,5,1,1,NULL,'1','2018-10-04 23:33:26',NULL,'1'),(26,1,1,NULL,5,2,1,NULL,'1','2018-10-04 23:33:26',NULL,'1'),(27,1,1,NULL,5,3,1,NULL,'1','2018-10-04 23:33:26',NULL,'1'),(28,1,1,NULL,5,4,1,NULL,'1','2018-10-04 23:33:26',NULL,'1'),(29,1,1,NULL,5,5,1,NULL,'1','2018-10-04 23:33:26',NULL,'1'),(30,1,1,NULL,5,6,1,NULL,'1','2018-10-04 23:33:26',NULL,'1'),(31,1,1,NULL,6,1,1,NULL,'1','2018-10-04 23:33:26',NULL,'1'),(32,1,1,NULL,6,2,1,NULL,'1','2018-10-04 23:33:26',NULL,'1'),(33,1,1,NULL,6,3,1,NULL,'1','2018-10-04 23:33:26',NULL,'1'),(34,1,1,NULL,6,4,1,NULL,'1','2018-10-04 23:33:26',NULL,'1'),(35,1,1,NULL,6,5,1,NULL,'1','2018-10-04 23:33:26',NULL,'1'),(36,1,1,NULL,6,6,1,NULL,'1','2018-10-04 23:33:26',NULL,'1'),(37,1,1,NULL,7,1,1,NULL,'1','2018-10-04 23:33:26',NULL,'1'),(38,1,1,NULL,7,2,1,NULL,'1','2018-10-04 23:33:26',NULL,'1'),(39,1,1,NULL,7,3,1,NULL,'1','2018-10-04 23:33:26',NULL,'1'),(40,1,1,NULL,7,4,1,NULL,'1','2018-10-04 23:33:26',NULL,'1'),(41,1,1,NULL,7,5,1,NULL,'1','2018-10-04 23:33:26',NULL,'1'),(42,1,1,NULL,7,6,1,NULL,'1','2018-10-04 23:33:26',NULL,'1'),(43,1,1,NULL,8,1,1,NULL,'1','2018-10-04 23:33:26',NULL,'1'),(44,1,1,NULL,8,2,1,NULL,'1','2018-10-04 23:33:26',NULL,'1'),(45,1,1,NULL,8,3,1,NULL,'1','2018-10-04 23:33:26',NULL,'1'),(46,1,1,NULL,8,4,1,NULL,'1','2018-10-04 23:33:26',NULL,'1'),(47,1,1,NULL,8,5,1,NULL,'1','2018-10-04 23:33:26',NULL,'1'),(48,1,1,NULL,8,6,1,NULL,'1','2018-10-04 23:33:26',NULL,'1'),(49,1,1,NULL,9,1,1,NULL,'1','2018-10-04 23:33:26',NULL,'1'),(50,1,1,NULL,9,2,1,NULL,'1','2018-10-04 23:33:26',NULL,'1'),(51,1,1,NULL,9,3,1,NULL,'1','2018-10-04 23:33:26',NULL,'1'),(52,1,1,NULL,9,4,1,NULL,'1','2018-10-04 23:33:26',NULL,'1'),(53,1,1,NULL,9,5,1,NULL,'1','2018-10-04 23:33:26',NULL,'1'),(54,1,1,NULL,9,6,1,NULL,'1','2018-10-04 23:33:26',NULL,'1'),(55,1,1,NULL,10,1,1,NULL,'1','2018-10-04 23:33:26',NULL,'1'),(56,1,1,NULL,10,2,1,NULL,'1','2018-10-04 23:33:26',NULL,'1'),(57,1,1,NULL,10,3,1,NULL,'1','2018-10-04 23:33:26',NULL,'1'),(58,1,1,NULL,10,4,1,NULL,'1','2018-10-04 23:33:26',NULL,'1'),(59,1,1,NULL,10,5,1,NULL,'1','2018-10-04 23:33:26',NULL,'1'),(60,1,1,NULL,10,6,1,NULL,'1','2018-10-04 23:33:26',NULL,'1'),(61,1,1,NULL,11,1,1,NULL,'1','2018-10-04 23:33:26',NULL,'1'),(62,1,1,NULL,11,2,1,NULL,'1','2018-10-04 23:33:26',NULL,'1'),(63,1,1,NULL,11,3,1,NULL,'1','2018-10-04 23:33:26',NULL,'1'),(64,1,1,NULL,11,4,1,NULL,'1','2018-10-04 23:33:26',NULL,'1'),(65,1,1,NULL,11,5,1,NULL,'1','2018-10-04 23:33:26',NULL,'1'),(66,1,1,NULL,11,6,1,NULL,'1','2018-10-04 23:33:26',NULL,'1'),(67,1,1,NULL,12,1,1,NULL,'1','2018-10-04 23:33:26',NULL,'1'),(68,1,1,NULL,12,2,1,NULL,'1','2018-10-04 23:33:26',NULL,'1'),(69,1,1,NULL,12,3,1,NULL,'1','2018-10-04 23:33:26',NULL,'1'),(70,1,1,NULL,12,4,1,NULL,'1','2018-10-04 23:33:26',NULL,'1'),(71,1,1,NULL,12,5,1,NULL,'1','2018-10-04 23:33:26',NULL,'1'),(72,1,1,NULL,12,6,1,NULL,'1','2018-10-04 23:33:26',NULL,'1'),(73,1,1,NULL,13,1,1,NULL,'1','2018-10-04 23:33:26',NULL,'1'),(74,1,1,NULL,13,2,1,NULL,'1','2018-10-04 23:33:26',NULL,'1'),(75,1,1,NULL,13,3,1,NULL,'1','2018-10-04 23:33:26',NULL,'1'),(76,1,1,NULL,13,4,1,NULL,'1','2018-10-04 23:33:26',NULL,'1'),(77,1,1,NULL,13,5,1,NULL,'1','2018-10-04 23:33:26',NULL,'1'),(78,1,1,NULL,13,6,1,NULL,'1','2018-10-04 23:33:26',NULL,'1'),(79,1,1,NULL,14,1,1,NULL,'1','2018-10-04 23:33:26',NULL,'1'),(80,1,1,NULL,14,2,1,NULL,'1','2018-10-04 23:33:26',NULL,'1'),(81,1,1,NULL,14,3,1,NULL,'1','2018-10-04 23:33:26',NULL,'1'),(82,1,1,NULL,14,4,1,NULL,'1','2018-10-04 23:33:26',NULL,'1'),(83,1,1,NULL,14,5,1,NULL,'1','2018-10-04 23:33:26',NULL,'1'),(84,1,1,NULL,14,6,1,NULL,'1','2018-10-04 23:33:26',NULL,'1'),(85,1,1,NULL,15,1,1,NULL,'1','2018-10-04 23:33:26',NULL,'1'),(86,1,1,NULL,15,2,1,NULL,'1','2018-10-04 23:33:26',NULL,'1'),(87,1,1,NULL,15,3,1,NULL,'1','2018-10-04 23:33:26',NULL,'1'),(88,1,1,NULL,15,4,1,NULL,'1','2018-10-04 23:33:26',NULL,'1'),(89,1,1,NULL,15,5,1,NULL,'1','2018-10-04 23:33:26',NULL,'1'),(90,1,1,NULL,15,6,1,NULL,'1','2018-10-04 23:33:26',NULL,'1'),(91,1,1,NULL,16,1,1,NULL,'1','2018-10-04 23:33:26',NULL,'1'),(92,1,1,NULL,16,2,1,NULL,'1','2018-10-04 23:33:26',NULL,'1'),(93,1,1,NULL,16,3,1,NULL,'1','2018-10-04 23:33:26',NULL,'1'),(94,1,1,NULL,16,4,1,NULL,'1','2018-10-04 23:33:26',NULL,'1'),(95,1,1,NULL,16,5,1,NULL,'1','2018-10-04 23:33:26',NULL,'1'),(96,1,1,NULL,16,6,1,NULL,'1','2018-10-04 23:33:26',NULL,'1'),(97,1,1,NULL,17,1,1,NULL,'1','2018-10-04 23:33:26',NULL,'1'),(98,1,1,NULL,17,2,1,NULL,'1','2018-10-04 23:33:26',NULL,'1'),(99,1,1,NULL,17,3,1,NULL,'1','2018-10-04 23:33:26',NULL,'1'),(100,1,1,NULL,17,4,1,NULL,'1','2018-10-04 23:33:26',NULL,'1'),(101,1,1,NULL,17,5,1,NULL,'1','2018-10-04 23:33:26',NULL,'1'),(102,1,1,NULL,17,6,1,NULL,'1','2018-10-04 23:33:26',NULL,'1'),(103,1,1,NULL,18,1,1,NULL,'1','2018-10-04 23:33:26',NULL,'1'),(104,1,1,NULL,18,2,1,NULL,'1','2018-10-04 23:33:26',NULL,'1'),(105,1,1,NULL,18,3,1,NULL,'1','2018-10-04 23:33:26',NULL,'1'),(106,1,1,NULL,18,4,1,NULL,'1','2018-10-04 23:33:26',NULL,'1'),(107,1,1,NULL,18,5,1,NULL,'1','2018-10-04 23:33:26',NULL,'1'),(108,1,1,NULL,18,6,1,NULL,'1','2018-10-04 23:33:26',NULL,'1'),(109,1,1,NULL,19,1,27,NULL,'1','2018-11-19 21:33:26',NULL,'1'),(110,1,1,NULL,19,2,27,NULL,'1','2018-11-19 21:33:26',NULL,'1'),(111,1,1,NULL,19,3,27,NULL,'1','2018-11-19 21:33:26',NULL,'1'),(112,1,1,NULL,19,4,27,NULL,'1','2018-11-19 21:33:26',NULL,'1'),(113,1,1,NULL,19,5,27,NULL,'1','2018-11-19 21:33:26',NULL,'1'),(114,1,1,NULL,19,6,27,NULL,'1','2018-11-19 21:33:26',NULL,'1'),(115,1,1,NULL,20,1,27,NULL,'1','2018-11-22 16:02:21',NULL,'1'),(116,1,1,NULL,20,2,27,NULL,'1','2018-11-22 16:02:21',NULL,'1'),(117,1,1,NULL,20,3,27,NULL,'1','2018-11-22 16:02:21',NULL,'1'),(118,1,1,NULL,20,4,27,NULL,'1','2018-11-22 16:02:21',NULL,'1'),(119,1,1,NULL,20,5,27,NULL,'1','2018-11-22 16:02:21',NULL,'1'),(120,1,1,NULL,20,6,27,NULL,'1','2018-11-22 16:02:21',NULL,'1'),(121,1,1,NULL,21,1,27,NULL,'1','2018-11-22 16:05:21',NULL,'1'),(122,1,1,NULL,21,2,27,NULL,'1','2018-11-22 16:05:21',NULL,'1'),(123,1,1,NULL,21,3,27,NULL,'1','2018-11-22 16:05:21',NULL,'1'),(124,1,1,NULL,21,4,27,NULL,'1','2018-11-22 16:05:21',NULL,'1'),(125,1,1,NULL,21,5,27,NULL,'1','2018-11-22 16:05:21',NULL,'1'),(126,1,1,NULL,21,6,27,NULL,'1','2018-11-22 16:05:21',NULL,'1'),(127,1,1,NULL,22,1,27,NULL,'1','2018-12-27 17:30:54',NULL,'1'),(128,1,1,NULL,22,2,27,NULL,'1','2018-12-27 17:30:54',NULL,'1'),(129,1,1,NULL,22,3,27,NULL,'1','2018-12-27 17:30:54',NULL,'1'),(130,1,1,NULL,22,4,27,NULL,'1','2018-12-27 17:30:54',NULL,'1'),(131,1,1,NULL,22,5,27,NULL,'1','2018-12-27 17:30:54',NULL,'1'),(132,1,1,NULL,22,6,27,NULL,'1','2018-12-27 17:30:54',NULL,'1'),(133,1,1,NULL,23,1,27,NULL,'1','2018-12-27 20:59:59',NULL,'1'),(134,1,1,NULL,23,2,27,NULL,'1','2018-12-27 20:59:59',NULL,'1'),(135,1,1,NULL,23,3,27,NULL,'1','2018-12-27 20:59:59',NULL,'1'),(136,1,1,NULL,23,4,27,NULL,'1','2018-12-27 20:59:59',NULL,'1'),(137,1,1,NULL,23,5,27,NULL,'1','2018-12-27 20:59:59',NULL,'1'),(138,1,1,NULL,23,6,27,NULL,'1','2018-12-27 20:59:59',NULL,'1');
/*!40000 ALTER TABLE `planificacion_estudio_academico` ENABLE KEYS */;
UNLOCK TABLES;

--
-- Table structure for table `profesor`
--

DROP TABLE IF EXISTS `profesor`;
/*!40101 SET @saved_cs_client     = @@character_set_client */;
 SET character_set_client = utf8mb4 ;
CREATE TABLE `profesor` (
  `pro_id` bigint(20) NOT NULL AUTO_INCREMENT,
  `per_id` bigint(20) NOT NULL,
  `pro_usuario_ingreso` bigint(20) NOT NULL,
  `pro_usuario_modifica` bigint(20) DEFAULT NULL,
  `pro_estado` varchar(1) NOT NULL,
  `pro_fecha_creacion` timestamp NOT NULL DEFAULT CURRENT_TIMESTAMP,
  `pro_fecha_modificacion` timestamp NULL DEFAULT NULL,
  `pro_estado_logico` varchar(1) NOT NULL,
  PRIMARY KEY (`pro_id`)
) ENGINE=InnoDB AUTO_INCREMENT=71 DEFAULT CHARSET=utf8;
/*!40101 SET character_set_client = @saved_cs_client */;

--
-- Dumping data for table `profesor`
--

LOCK TABLES `profesor` WRITE;
/*!40000 ALTER TABLE `profesor` DISABLE KEYS */;
INSERT INTO `profesor` VALUES (1,30,1,NULL,'1','2019-04-11 19:51:06',NULL,'1'),(2,53,1,NULL,'1','2019-04-11 19:51:06',NULL,'1'),(3,48,1,NULL,'1','2019-04-11 19:51:06',NULL,'1'),(4,36,1,NULL,'1','2019-04-11 19:51:06',NULL,'1'),(5,51,1,NULL,'1','2019-04-11 19:51:06',NULL,'1'),(6,3,1,NULL,'1','2019-04-11 19:51:06',NULL,'1'),(7,50,1,NULL,'1','2019-04-11 19:51:06',NULL,'1'),(8,52,1,NULL,'1','2019-04-11 19:51:06',NULL,'1'),(9,33,1,NULL,'1','2019-04-11 19:51:06',NULL,'1'),(10,47,1,NULL,'1','2019-04-11 19:51:06',NULL,'1'),(11,49,1,NULL,'1','2019-04-11 19:51:06',NULL,'1'),(12,37,1,NULL,'1','2019-04-11 19:51:06',NULL,'1'),(13,54,1,NULL,'1','2019-04-12 22:15:55',NULL,'1'),(14,55,1,NULL,'1','2019-04-12 22:15:55',NULL,'1'),(15,56,1,NULL,'1','2019-04-12 22:15:55',NULL,'1'),(16,57,1,NULL,'1','2019-04-12 22:15:55',NULL,'1'),(17,58,1,NULL,'1','2019-04-12 22:15:55',NULL,'1'),(18,59,1,NULL,'1','2019-04-12 22:15:55',NULL,'1'),(19,60,1,NULL,'1','2019-04-12 22:15:55',NULL,'1'),(20,61,1,NULL,'1','2019-04-12 22:15:55',NULL,'1'),(21,62,1,NULL,'1','2019-04-12 22:15:55',NULL,'1'),(22,63,1,NULL,'1','2019-04-12 22:15:55',NULL,'1'),(23,64,1,NULL,'1','2019-04-12 22:15:55',NULL,'1'),(24,65,1,NULL,'1','2019-04-12 22:15:55',NULL,'1'),(25,66,1,NULL,'1','2019-04-12 22:15:55',NULL,'1'),(26,67,1,NULL,'1','2019-04-12 22:15:55',NULL,'1'),(27,68,1,NULL,'1','2019-04-12 22:15:55',NULL,'1'),(28,69,1,NULL,'1','2019-04-12 22:15:55',NULL,'1'),(29,70,1,NULL,'1','2019-04-12 22:15:55',NULL,'1'),(30,71,1,NULL,'1','2019-04-12 22:15:55',NULL,'1'),(31,72,1,NULL,'1','2019-04-12 22:15:55',NULL,'1'),(32,73,1,NULL,'1','2019-04-12 22:15:55',NULL,'1'),(33,74,1,NULL,'1','2019-04-12 22:15:55',NULL,'1'),(34,75,1,NULL,'1','2019-04-12 22:15:55',NULL,'1'),(35,76,1,NULL,'1','2019-04-12 22:15:55',NULL,'1'),(36,77,1,NULL,'1','2019-04-12 22:15:55',NULL,'1'),(37,78,1,NULL,'1','2019-04-12 22:15:55',NULL,'1'),(38,79,1,NULL,'1','2019-04-12 22:15:55',NULL,'1'),(39,80,1,NULL,'1','2019-04-12 22:15:55',NULL,'1'),(40,81,1,NULL,'1','2019-04-12 22:15:55',NULL,'1'),(41,82,1,NULL,'1','2019-04-12 22:15:55',NULL,'1'),(42,83,1,NULL,'1','2019-04-12 22:15:55',NULL,'1'),(43,84,1,NULL,'1','2019-04-12 22:15:55',NULL,'1'),(44,85,1,NULL,'1','2019-04-12 22:15:55',NULL,'1'),(45,86,1,NULL,'1','2019-04-12 22:15:55',NULL,'1'),(46,87,1,NULL,'1','2019-04-12 22:15:55',NULL,'1'),(47,2,1,NULL,'1','2019-04-12 22:15:55',NULL,'1'),(48,24,1,NULL,'1','2019-04-12 22:15:55',NULL,'1'),(49,26,1,NULL,'1','2019-04-12 22:15:55',NULL,'1'),(50,88,1,NULL,'1','2019-04-12 22:15:56',NULL,'1'),(51,28,1,NULL,'1','2019-04-12 22:15:56',NULL,'1'),(52,34,1,NULL,'1','2019-04-12 22:15:56',NULL,'1'),(53,89,1,NULL,'1','2019-04-13 03:10:16',NULL,'1'),(54,90,1,NULL,'1','2019-04-13 03:10:16',NULL,'1'),(55,91,1,NULL,'1','2019-04-13 03:10:16',NULL,'1'),(56,92,1,NULL,'1','2019-04-13 03:10:16',NULL,'1'),(57,93,1,NULL,'1','2019-04-13 03:10:16',NULL,'1'),(58,94,1,NULL,'1','2019-04-13 03:10:16',NULL,'1'),(59,95,1,NULL,'1','2019-04-13 03:10:16',NULL,'1'),(60,96,1,NULL,'1','2019-04-13 03:10:16',NULL,'1'),(61,97,1,NULL,'1','2019-04-13 03:10:16',NULL,'1'),(62,98,1,NULL,'1','2019-04-13 03:10:16',NULL,'1'),(63,99,1,NULL,'1','2019-04-13 03:10:16',NULL,'1'),(64,100,1,NULL,'1','2019-04-13 03:10:16',NULL,'1'),(65,101,1,NULL,'1','2019-04-17 20:15:00',NULL,'1'),(66,102,1,NULL,'1','2019-04-22 19:05:10',NULL,'1'),(67,103,1,NULL,'1','2019-04-22 19:05:10',NULL,'1'),(68,104,1,NULL,'1','2019-04-22 19:05:10',NULL,'1'),(69,5,1,NULL,'1','2019-04-22 19:05:10',NULL,'1'),(70,41,1,NULL,'1','2019-04-22 19:05:10',NULL,'1');
/*!40000 ALTER TABLE `profesor` ENABLE KEYS */;
UNLOCK TABLES;

--
-- Table structure for table `registro_marcacion`
--

DROP TABLE IF EXISTS `registro_marcacion`;
/*!40101 SET @saved_cs_client     = @@character_set_client */;
 SET character_set_client = utf8mb4 ;
CREATE TABLE `registro_marcacion` (
  `rmar_id` bigint(20) NOT NULL AUTO_INCREMENT,
  `rmar_tipo` varchar(1) NOT NULL,
  `pro_id` bigint(20) NOT NULL,
  `hape_id` bigint(20) NOT NULL,
  `rmar_fecha_hora_entrada` timestamp NULL DEFAULT NULL,
  `rmar_fecha_hora_salida` timestamp NULL DEFAULT NULL,
  `rmar_direccion_ip` varchar(20) NOT NULL,
  `usu_id` bigint(20) NOT NULL,
  `rmar_idingreso` bigint(20) DEFAULT NULL,
  `rmar_estado` varchar(1) NOT NULL,
  `rmar_fecha_creacion` timestamp NOT NULL DEFAULT CURRENT_TIMESTAMP,
  `rmar_fecha_modificacion` timestamp NULL DEFAULT NULL,
  `rmar_estado_logico` varchar(1) NOT NULL,
  PRIMARY KEY (`rmar_id`),
  KEY `pro_id` (`pro_id`),
  KEY `hape_id` (`hape_id`),
  CONSTRAINT `registro_marcacion_ibfk_1` FOREIGN KEY (`pro_id`) REFERENCES `profesor` (`pro_id`),
  CONSTRAINT `registro_marcacion_ibfk_2` FOREIGN KEY (`hape_id`) REFERENCES `horario_asignatura_periodo` (`hape_id`)
) ENGINE=InnoDB AUTO_INCREMENT=258 DEFAULT CHARSET=utf8;
/*!40101 SET character_set_client = @saved_cs_client */;

--
-- Dumping data for table `registro_marcacion`
--

LOCK TABLES `registro_marcacion` WRITE;
/*!40000 ALTER TABLE `registro_marcacion` DISABLE KEYS */;
INSERT INTO `registro_marcacion` VALUES (2,'E',54,257,'2019-04-13 11:03:59',NULL,'MTg2LjY4LjE0My4xMDY=',90,NULL,'1','2019-04-13 11:03:59',NULL,'1'),(3,'E',58,259,'2019-04-13 11:06:34',NULL,'MTg2LjY4LjE0My4xMDY=',94,NULL,'1','2019-04-13 11:06:34',NULL,'1'),(4,'E',7,2,'2019-04-13 11:09:25',NULL,'MTg2LjY4LjE0My4xMDY=',50,NULL,'1','2019-04-13 11:09:25',NULL,'1'),(5,'E',52,260,'2019-04-13 11:10:03',NULL,'MTg2LjY4LjE0My4xMDY=',34,NULL,'1','2019-04-13 11:10:03',NULL,'1'),(6,'E',11,1,'2019-04-13 11:10:06',NULL,'MTg2LjY4LjE0My4xMDY=',49,NULL,'1','2019-04-13 11:10:06',NULL,'1'),(7,'E',63,265,'2019-04-13 11:13:11',NULL,'MTg2LjY4LjE0My4xMDY=',99,NULL,'1','2019-04-13 11:13:11',NULL,'1'),(8,'E',59,258,'2019-04-13 11:18:30',NULL,'MTg2LjY4LjE0My4xMDY=',95,NULL,'1','2019-04-13 11:18:30',NULL,'1'),(9,'E',37,264,'2019-04-13 11:21:39',NULL,'MTg2LjY4LjE0My4xMDY=',78,NULL,'1','2019-04-13 11:21:39',NULL,'1'),(10,'E',20,262,'2019-04-13 11:30:29',NULL,'MTg2LjY4LjE0My4xMDY=',61,NULL,'1','2019-04-13 11:30:29',NULL,'1'),(11,'E',2,3,'2019-04-13 11:46:04',NULL,'MTg2LjUuNzYuMTM5',53,NULL,'1','2019-04-13 11:46:04',NULL,'1'),(12,'E',55,261,'2019-04-13 11:51:25',NULL,'MTg2LjY4LjE0My4xMDY=',91,NULL,'1','2019-04-13 11:51:25',NULL,'1'),(13,'E',62,263,'2019-04-13 11:54:49',NULL,'MTg2LjY4LjE0My4xMDY=',98,NULL,'1','2019-04-13 11:54:49',NULL,'1'),(14,'E',19,267,'2019-04-13 14:06:08',NULL,'MTg2LjY4LjE0My4xMDY=',60,NULL,'1','2019-04-13 14:06:08',NULL,'1'),(15,'S',2,3,NULL,'2019-04-13 14:15:47','MTg2LjUuNzYuMTM5',53,11,'1','2019-04-13 14:15:47',NULL,'1'),(16,'S',59,258,NULL,'2019-04-13 14:16:17','MTg2LjUuNzYuMTM5',95,8,'1','2019-04-13 14:16:17',NULL,'1'),(17,'S',58,259,NULL,'2019-04-13 14:16:42','MTg2LjY4LjE0My4xMDY=',94,3,'1','2019-04-13 14:16:42',NULL,'1'),(18,'S',37,264,NULL,'2019-04-13 14:16:54','MTg2LjUuNzYuMTM5',78,9,'1','2019-04-13 14:16:54',NULL,'1'),(19,'E',37,268,'2019-04-13 14:17:02',NULL,'MTg2LjUuNzYuMTM5',78,NULL,'1','2019-04-13 14:17:02',NULL,'1'),(20,'S',11,1,NULL,'2019-04-13 14:17:48','MTgxLjE5OC4xMC4xNzI=',49,6,'1','2019-04-13 14:17:48',NULL,'1'),(21,'E',11,7,'2019-04-13 14:17:55',NULL,'MTgxLjE5OC4xMC4xNzI=',49,NULL,'1','2019-04-13 14:17:55',NULL,'1'),(22,'S',62,263,NULL,'2019-04-13 14:18:25','MTgxLjE5OC4xMC4xNjE=',98,13,'1','2019-04-13 14:18:25',NULL,'1'),(23,'E',5,8,'2019-04-13 14:18:48',NULL,'MTgxLjE5OC4xMC4xNzI=',51,NULL,'1','2019-04-13 14:18:48',NULL,'1'),(24,'S',54,257,NULL,'2019-04-13 14:18:48','MTgxLjE5OC4xMC4xNjI=',90,2,'1','2019-04-13 14:18:48',NULL,'1'),(25,'E',41,269,'2019-04-13 14:19:03',NULL,'MTg2LjY4LjE0My4xMDY=',82,NULL,'1','2019-04-13 14:19:03',NULL,'1'),(26,'S',7,2,NULL,'2019-04-13 14:19:41','MTgxLjE5OC4xMC4xNzI=',50,4,'1','2019-04-13 14:19:41',NULL,'1'),(27,'S',52,260,NULL,'2019-04-13 14:24:42','MTgxLjE5OC4xMC4xNzQ=',0,5,'1','2019-04-13 14:24:42',NULL,'1'),(28,'E',9,4,'2019-04-13 14:25:21',NULL,'MTgxLjE5OC4xMC4xNjc=',33,NULL,'1','2019-04-13 14:25:21',NULL,'1'),(29,'E',57,266,'2019-04-13 14:33:07',NULL,'MTg2LjY4LjE0My4xMDY=',93,NULL,'1','2019-04-13 14:33:07',NULL,'1'),(30,'E',2,5,'2019-04-13 14:45:40',NULL,'MTg2LjUuNzYuMTM5',53,NULL,'1','2019-04-13 14:45:40',NULL,'1'),(31,'S',57,266,NULL,'2019-04-13 17:30:02','MTg2LjY4LjE0My4xMDY=',93,29,'1','2019-04-13 17:30:02',NULL,'1'),(32,'S',5,8,NULL,'2019-04-13 17:30:13','MTgxLjE5OC4xMC4xNzI=',51,23,'1','2019-04-13 17:30:13',NULL,'1'),(33,'S',37,268,NULL,'2019-04-13 17:30:30','MTgxLjE5OC4xMC4xNjc=',78,19,'1','2019-04-13 17:30:30',NULL,'1'),(34,'S',2,5,NULL,'2019-04-13 17:35:24','MTg2LjUuNzYuMTM5',53,30,'1','2019-04-13 17:35:24',NULL,'1'),(35,'E',60,276,'2019-04-13 18:03:39',NULL,'MTg2LjY4LjE0My4xMDY=',96,NULL,'1','2019-04-13 18:03:39',NULL,'1'),(36,'E',6,9,'2019-04-13 18:05:59',NULL,'MTg2LjY4LjE0My4xMDY=',3,NULL,'1','2019-04-13 18:05:59',NULL,'1'),(37,'E',56,279,'2019-04-13 18:28:22',NULL,'MTg2LjY4LjE0My4xMDY=',92,NULL,'1','2019-04-13 18:28:22',NULL,'1'),(38,'E',61,271,'2019-04-13 18:31:53',NULL,'MTgxLjE5OC4xMC4xNzQ=',97,NULL,'1','2019-04-13 18:31:53',NULL,'1'),(39,'S',61,271,NULL,'2019-04-13 21:31:07','MTgxLjE5OC4xMC4xNzQ=',97,38,'1','2019-04-13 21:31:07',NULL,'1'),(40,'S',6,9,NULL,'2019-04-13 21:37:14','MTg2LjUuNzYuMTM5',3,36,'1','2019-04-13 21:37:14',NULL,'1'),(41,'E',7,60,'2019-04-15 12:50:04',NULL,'MTg2LjY4LjE0My4xMDY=',50,NULL,'1','2019-04-15 12:50:04',NULL,'1'),(42,'E',41,68,'2019-04-15 12:51:54',NULL,'MTg2LjY4LjE0My4xMDY=',82,NULL,'1','2019-04-15 12:51:54',NULL,'1'),(43,'E',39,38,'2019-04-15 12:59:34',NULL,'MTg2LjUuNzYuMTM5',80,NULL,'1','2019-04-15 12:59:34',NULL,'1'),(44,'E',30,53,'2019-04-15 12:59:47',NULL,'MTg2LjY4LjE0My4xMDY=',71,NULL,'1','2019-04-15 12:59:47',NULL,'1'),(45,'E',6,35,'2019-04-15 13:58:30',NULL,'MTg2LjUuNzYuMTM5',3,NULL,'1','2019-04-15 13:58:30',NULL,'1'),(46,'E',40,50,'2019-04-15 14:30:12',NULL,'MTg2LjY4LjE0My4xMDY=',81,NULL,'1','2019-04-15 14:30:12',NULL,'1'),(47,'E',3,47,'2019-04-15 14:53:49',NULL,'MTg2LjY4LjE0My4xMDY=',48,NULL,'1','2019-04-15 14:53:49',NULL,'1'),(48,'E',10,41,'2019-04-15 14:59:19',NULL,'MTg2LjY4LjE0My4xMDY=',47,NULL,'1','2019-04-15 14:59:19',NULL,'1'),(49,'E',48,25,'2019-04-15 15:00:01',NULL,'MTgxLjE5OC4xMC4xNjY=',24,NULL,'1','2019-04-15 15:00:01',NULL,'1'),(50,'S',39,38,NULL,'2019-04-15 15:00:10','MTg2LjUuNzYuMTM5',80,43,'1','2019-04-15 15:00:10',NULL,'1'),(51,'S',30,53,NULL,'2019-04-15 15:00:31','MTg2LjUuNzYuMTM5',71,44,'1','2019-04-15 15:00:31',NULL,'1'),(52,'S',7,60,NULL,'2019-04-15 15:01:11','MTg2LjY4LjE0My4xMDY=',50,41,'1','2019-04-15 15:01:11',NULL,'1'),(53,'S',6,35,NULL,'2019-04-15 15:01:41','MTg2LjUuNzYuMTM5',3,45,'1','2019-04-15 15:01:41',NULL,'1'),(54,'E',1,44,'2019-04-15 15:02:02',NULL,'MTg2LjY4LjE0My4xMDY=',30,NULL,'1','2019-04-15 15:02:02',NULL,'1'),(55,'S',41,68,NULL,'2019-04-15 15:04:06','MTg2LjY4LjE0My4xMDY=',82,42,'1','2019-04-15 15:04:06',NULL,'1'),(56,'E',47,19,'2019-04-15 15:07:35',NULL,'MTg2LjY4LjE0My4xMDY=',2,NULL,'1','2019-04-15 15:07:35',NULL,'1'),(57,'E',22,56,'2019-04-15 15:10:35',NULL,'MTg2LjUuNzYuMTM5',63,NULL,'1','2019-04-15 15:10:35',NULL,'1'),(58,'S',22,56,NULL,'2019-04-15 17:00:03','MTg2LjUuNzYuMTM5',63,57,'1','2019-04-15 17:00:03',NULL,'1'),(59,'S',3,47,NULL,'2019-04-15 17:00:32','MTg2LjY4LjE0My4xMDY=',48,47,'1','2019-04-15 17:00:32',NULL,'1'),(60,'S',48,25,NULL,'2019-04-15 17:01:25','MTgxLjE5OC4xMC4xNjY=',24,49,'1','2019-04-15 17:01:25',NULL,'1'),(61,'S',40,50,NULL,'2019-04-15 17:05:19','MTg2LjY4LjE0My4xMDY=',81,46,'1','2019-04-15 17:05:19',NULL,'1'),(62,'S',47,19,NULL,'2019-04-15 17:05:57','MTgxLjE5OC4xMC4xNjQ=',2,56,'1','2019-04-15 17:05:57',NULL,'1'),(63,'S',1,44,NULL,'2019-04-15 17:07:08','MTg2LjY4LjE0My4xMDY=',30,54,'1','2019-04-15 17:07:08',NULL,'1'),(64,'E',26,65,'2019-04-15 19:28:29',NULL,'MTg2LjY4LjE0My4xMDY=',67,NULL,'1','2019-04-15 19:28:29',NULL,'1'),(65,'S',26,65,NULL,'2019-04-15 19:30:01','MTg2LjY4LjE0My4xMDY=',67,64,'1','2019-04-15 19:30:01',NULL,'1'),(66,'E',19,100,'2019-04-15 22:08:52',NULL,'MTg2LjUuNzYuMTM5',60,NULL,'1','2019-04-15 22:08:52',NULL,'1'),(67,'E',44,123,'2019-04-15 22:11:52',NULL,'MTg2LjY4LjE0My4xMDY=',85,NULL,'1','2019-04-15 22:11:52',NULL,'1'),(68,'E',30,144,'2019-04-15 22:15:02',NULL,'MTg2LjY4LjE0My4xMDY=',71,NULL,'1','2019-04-15 22:15:02',NULL,'1'),(69,'E',5,160,'2019-04-15 22:17:23',NULL,'MTg2LjY4LjE0My4xMDY=',51,NULL,'1','2019-04-15 22:17:23',NULL,'1'),(70,'E',52,157,'2019-04-15 22:20:30',NULL,'MTg2LjY4LjE0My4xMDY=',34,NULL,'1','2019-04-15 22:20:30',NULL,'1'),(71,'E',26,86,'2019-04-15 22:24:07',NULL,'MTg2LjUuNzYuMTM5',67,NULL,'1','2019-04-15 22:24:07',NULL,'1'),(72,'E',34,138,'2019-04-16 00:05:33',NULL,'MTg2LjY4LjE0My4xMDY=',75,NULL,'1','2019-04-16 00:05:33',NULL,'1'),(73,'E',23,94,'2019-04-16 00:08:10',NULL,'MTg2LjY4LjE0My4xMDY=',64,NULL,'1','2019-04-16 00:08:10',NULL,'1'),(74,'E',13,163,'2019-04-16 00:19:41',NULL,'MTgxLjE5OC4xMC4xNjc=',54,NULL,'1','2019-04-16 00:19:41',NULL,'1'),(75,'S',26,86,NULL,'2019-04-16 00:20:04','MTg2LjUuNzYuMTM5',67,71,'1','2019-04-16 00:20:04',NULL,'1'),(76,'S',30,144,NULL,'2019-04-16 00:20:38','MTgxLjE5OC4xMC4xNjc=',71,68,'1','2019-04-16 00:20:38',NULL,'1'),(77,'S',52,157,NULL,'2019-04-16 00:26:33','MTg2LjY4LjE0My4xMDY=',34,70,'1','2019-04-16 00:26:33',NULL,'1'),(78,'E',2,126,'2019-04-16 00:33:42',NULL,'MTg2LjUuNzYuMTM5',53,NULL,'1','2019-04-16 00:33:42',NULL,'1'),(79,'E',37,129,'2019-04-16 00:34:30',NULL,'MTgxLjE5OC4xMC4xNjc=',78,NULL,'1','2019-04-16 00:34:30',NULL,'1'),(80,'S',44,123,NULL,'2019-04-16 00:36:18','MTg2LjY4LjE0My4xMDY=',85,67,'1','2019-04-16 00:36:18',NULL,'1'),(81,'S',34,138,NULL,'2019-04-16 02:20:05','MTg2LjY4LjE0My4xMDY=',75,72,'1','2019-04-16 02:20:05',NULL,'1'),(82,'S',2,126,NULL,'2019-04-16 02:20:09','MTg2LjUuNzYuMTM5',53,78,'1','2019-04-16 02:20:09',NULL,'1'),(83,'S',13,163,NULL,'2019-04-16 02:22:43','MTgxLjE5OC4xMC4xNjc=',54,74,'1','2019-04-16 02:22:43',NULL,'1'),(84,'E',39,39,'2019-04-16 12:54:08',NULL,'MTkwLjExMS44Mi4yNDA=',80,NULL,'1','2019-04-16 12:54:08',NULL,'1'),(85,'E',41,69,'2019-04-16 12:55:54',NULL,'MTg2LjY4LjE0My4xMDY=',82,NULL,'1','2019-04-16 12:55:54',NULL,'1'),(86,'E',30,54,'2019-04-16 12:58:24',NULL,'MTg2LjY4LjE0My4xMDY=',71,NULL,'1','2019-04-16 12:58:24',NULL,'1'),(87,'E',7,61,'2019-04-16 12:59:15',NULL,'MTg2LjY4LjE0My4xMDY=',50,NULL,'1','2019-04-16 12:59:15',NULL,'1'),(88,'E',6,36,'2019-04-16 13:03:20',NULL,'MTg2LjY4LjE0My4xMDY=',3,NULL,'1','2019-04-16 13:03:20',NULL,'1'),(89,'E',40,51,'2019-04-16 14:31:42',NULL,'MTg2LjY4LjE0My4xMDY=',81,NULL,'1','2019-04-16 14:31:42',NULL,'1'),(90,'E',1,45,'2019-04-16 14:51:44',NULL,'MTkwLjIxNi4xMDguMjY=',30,NULL,'1','2019-04-16 14:51:44',NULL,'1'),(91,'E',3,48,'2019-04-16 14:54:27',NULL,'MTg2LjY4LjE0My4xMDY=',48,NULL,'1','2019-04-16 14:54:27',NULL,'1'),(92,'E',48,26,'2019-04-16 14:57:44',NULL,'MTgxLjE5OC4xMC4xNjY=',24,NULL,'1','2019-04-16 14:57:44',NULL,'1'),(93,'E',47,20,'2019-04-16 15:00:00',NULL,'MTg2LjY4LjE0My4xMDY=',2,NULL,'1','2019-04-16 15:00:00',NULL,'1'),(94,'S',7,61,NULL,'2019-04-16 15:00:08','MTg2LjY4LjE0My4xMDY=',50,87,'1','2019-04-16 15:00:08',NULL,'1'),(95,'S',30,54,NULL,'2019-04-16 15:00:27','MTg2LjUuNzYuMTM5',71,86,'1','2019-04-16 15:00:27',NULL,'1'),(96,'S',39,39,NULL,'2019-04-16 15:01:07','MTg2LjUuNzYuMTM5',80,84,'1','2019-04-16 15:01:07',NULL,'1'),(97,'S',41,69,NULL,'2019-04-16 15:02:04','MTg2LjUuNzYuMTM5',82,85,'1','2019-04-16 15:02:04',NULL,'1'),(98,'S',6,36,NULL,'2019-04-16 15:05:40','MTg2LjUuNzYuMTM5',3,88,'1','2019-04-16 15:05:40',NULL,'1'),(99,'E',22,58,'2019-04-16 15:07:11',NULL,'MTg2LjUuNzYuMTM5',63,NULL,'1','2019-04-16 15:07:11',NULL,'1'),(100,'S',48,26,NULL,'2019-04-16 17:00:45','MTgxLjE5OC4xMC4xNjY=',24,92,'1','2019-04-16 17:00:45',NULL,'1'),(101,'S',22,58,NULL,'2019-04-16 17:01:30','MTg2LjUuNzYuMTM5',63,99,'1','2019-04-16 17:01:30',NULL,'1'),(102,'S',3,48,NULL,'2019-04-16 17:05:53','MTg2LjY4LjE0My4xMDY=',48,91,'1','2019-04-16 17:05:53',NULL,'1'),(103,'S',40,51,NULL,'2019-04-16 17:11:10','MTg2LjY4LjE0My4xMDY=',81,89,'1','2019-04-16 17:11:10',NULL,'1'),(104,'S',1,45,NULL,'2019-04-16 17:16:29','MTg2LjY4LjE0My4xMDY=',30,90,'1','2019-04-16 17:16:29',NULL,'1'),(105,'E',26,66,'2019-04-16 17:31:48',NULL,'MTg2LjUuNzYuMTM5',67,NULL,'1','2019-04-16 17:31:48',NULL,'1'),(106,'E',14,63,'2019-04-16 17:40:55',NULL,'MTg2LjUuNzYuMTM5',55,NULL,'1','2019-04-16 17:40:55',NULL,'1'),(107,'S',47,20,NULL,'2019-04-16 17:29:45','MTg2LjY4LjE0My4xMDY=',2,93,'1','2019-04-16 17:29:45',NULL,'1'),(108,'S',26,66,NULL,'2019-04-16 19:30:07','MTg2LjUuNzYuMTM5',67,105,'1','2019-04-16 19:30:07',NULL,'1'),(109,'S',14,63,NULL,'2019-04-16 20:30:35','MTgxLjE5OC4xMC4xNjU=',55,106,'1','2019-04-16 20:30:35',NULL,'1'),(110,'E',44,124,'2019-04-16 21:57:08',NULL,'MTg2LjY4LjE0My4xMDY=',85,NULL,'1','2019-04-16 21:57:08',NULL,'1'),(111,'E',29,84,'2019-04-16 21:58:46',NULL,'MTg2LjY4LjE0My4xMDY=',70,NULL,'1','2019-04-16 21:58:46',NULL,'1'),(112,'E',5,161,'2019-04-16 22:02:57',NULL,'MTg2LjY4LjE0My4xMDY=',51,NULL,'1','2019-04-16 22:02:57',NULL,'1'),(113,'E',19,101,'2019-04-16 22:10:20',NULL,'MTg2LjUuNzYuMTM5',60,NULL,'1','2019-04-16 22:10:20',NULL,'1'),(114,'E',30,145,'2019-04-16 22:11:20',NULL,'MTg2LjY4LjE0My4xMDY=',71,NULL,'1','2019-04-16 22:11:20',NULL,'1'),(115,'E',26,87,'2019-04-16 22:17:34',NULL,'MTg2LjUuNzYuMTM5',67,NULL,'1','2019-04-16 22:17:34',NULL,'1'),(116,'E',52,158,'2019-04-16 22:40:07',NULL,'MTg2LjY4LjE0My4xMDY=',34,NULL,'1','2019-04-16 22:40:07',NULL,'1'),(117,'E',23,95,'2019-04-17 00:03:46',NULL,'MTg2LjY4LjE0My4xMDY=',64,NULL,'1','2019-04-17 00:03:46',NULL,'1'),(118,'S',29,84,NULL,'2019-04-17 00:13:36','MTg2LjY4LjE0My4xMDY=',70,111,'1','2019-04-17 00:13:36',NULL,'1'),(119,'E',13,164,'2019-04-17 00:17:41',NULL,'MTgxLjE5OC4xMC4xNzQ=',54,NULL,'1','2019-04-17 00:17:41',NULL,'1'),(120,'S',30,145,NULL,'2019-04-17 00:20:04','MTgxLjE5OC4xMC4xNzA=',71,114,'1','2019-04-17 00:20:04',NULL,'1'),(121,'E',2,127,'2019-04-17 00:20:05',NULL,'MTg2LjUuNzYuMTM5',53,NULL,'1','2019-04-17 00:20:05',NULL,'1'),(122,'S',26,87,NULL,'2019-04-17 00:20:16','MTg2LjUuNzYuMTM5',67,115,'1','2019-04-17 00:20:16',NULL,'1'),(123,'S',5,161,NULL,'2019-04-17 00:20:45','MTg2LjY4LjE0My4xMDY=',51,112,'1','2019-04-17 00:20:45',NULL,'1'),(124,'S',52,158,NULL,'2019-04-17 00:21:40','MTg2LjY4LjE0My4xMDY=',34,116,'1','2019-04-17 00:21:40',NULL,'1'),(125,'S',44,124,NULL,'2019-04-17 00:23:04','MTg2LjY4LjE0My4xMDY=',85,110,'1','2019-04-17 00:23:04',NULL,'1'),(126,'E',37,130,'2019-04-17 00:24:03',NULL,'MTgxLjE5OC4xMC4xNzA=',78,NULL,'1','2019-04-17 00:24:03',NULL,'1'),(127,'E',18,167,'2019-04-17 00:27:57',NULL,'MTg2LjUuNzYuMTM5',59,NULL,'1','2019-04-17 00:27:57',NULL,'1'),(128,'S',2,127,NULL,'2019-04-17 02:12:18','MTg2LjY4LjE0My4xMDY=',53,121,'1','2019-04-17 02:12:18',NULL,'1'),(129,'S',18,167,NULL,'2019-04-17 02:12:49','MTg2LjUuNzYuMTM5',59,127,'1','2019-04-17 02:12:49',NULL,'1'),(130,'S',13,164,NULL,'2019-04-17 02:18:05','MTgxLjE5OC4xMC4xNzQ=',54,119,'1','2019-04-17 02:18:05',NULL,'1'),(131,'E',38,28,'2019-04-17 13:19:43',NULL,'MTg2LjUuNzYuMTM5',79,NULL,'1','2019-04-17 13:19:43',NULL,'1'),(132,'S',38,28,NULL,'2019-04-17 16:00:30','MTg2LjUuNzYuMTM5',79,131,'1','2019-04-17 16:00:30',NULL,'1'),(133,'E',51,116,'2019-04-17 22:16:29',NULL,'MTg2LjY4LjE0My4xMDY=',28,NULL,'1','2019-04-17 22:16:29',NULL,'1'),(134,'E',6,155,'2019-04-17 22:21:57',NULL,'MTg2LjY4LjE0My4xMDY=',3,NULL,'1','2019-04-17 22:21:57',NULL,'1'),(135,'E',20,78,'2019-04-17 22:22:31',NULL,'MTkwLjYzLjE1MC4xNTk=',61,NULL,'1','2019-04-17 22:22:31',NULL,'1'),(136,'E',42,71,'2019-04-17 22:24:53',NULL,'MTgxLjE5OC4xMC4xNzA=',83,NULL,'1','2019-04-17 22:24:53',NULL,'1'),(137,'E',35,171,'2019-04-17 22:27:43',NULL,'MTg2LjY4LjE0My4xMDY=',76,NULL,'1','2019-04-17 22:27:43',NULL,'1'),(138,'S',35,171,NULL,'2019-04-18 01:20:48','MTg2LjY4LjE0My4xMDY=',76,137,'1','2019-04-18 01:20:48',NULL,'1'),(139,'S',51,116,NULL,'2019-04-18 01:22:19','MTg2LjY4LjE0My4xMDY=',28,133,'1','2019-04-18 01:22:19',NULL,'1'),(140,'S',6,155,NULL,'2019-04-18 01:24:37','MTg2LjUuNzYuMTM5',3,134,'1','2019-04-18 01:24:37',NULL,'1'),(141,'S',42,71,NULL,'2019-04-18 01:26:26','MTg2LjY4LjE0My4xMDY=',83,136,'1','2019-04-18 01:26:26',NULL,'1'),(142,'S',20,78,NULL,'2019-04-18 01:32:27','MTkwLjYzLjExNy4xOTc=',61,135,'1','2019-04-18 01:32:27',NULL,'1'),(143,'E',39,40,'2019-04-18 12:53:29',NULL,'MTkwLjYzLjExOS4xMTk=',80,NULL,'1','2019-04-18 12:53:29',NULL,'1'),(144,'E',41,70,'2019-04-18 12:53:39',NULL,'MTg2LjY4LjE0My4xMDY=',82,NULL,'1','2019-04-18 12:53:39',NULL,'1'),(145,'E',30,55,'2019-04-18 12:54:24',NULL,'MTg2LjY4LjE0My4xMDY=',71,NULL,'1','2019-04-18 12:54:24',NULL,'1'),(146,'E',7,62,'2019-04-18 12:54:30',NULL,'MTg2LjY4LjE0My4xMDY=',50,NULL,'1','2019-04-18 12:54:30',NULL,'1'),(147,'E',6,37,'2019-04-18 13:00:13',NULL,'MTgxLjE5OC4xMC4xNjU=',3,NULL,'1','2019-04-18 13:00:13',NULL,'1'),(148,'E',40,52,'2019-04-18 14:34:45',NULL,'MTg2LjY4LjE0My4xMDY=',81,NULL,'1','2019-04-18 14:34:45',NULL,'1'),(149,'E',47,21,'2019-04-18 14:58:54',NULL,'MTg2LjY4LjE0My4xMDY=',2,NULL,'1','2019-04-18 14:58:54',NULL,'1'),(150,'S',6,37,NULL,'2019-04-18 14:59:43','MTgxLjE5OC4xMC4xNjU=',3,147,'1','2019-04-18 14:59:43',NULL,'1'),(151,'S',39,40,NULL,'2019-04-18 15:00:05','MTkwLjYzLjExNi4xNTQ=',80,143,'1','2019-04-18 15:00:05',NULL,'1'),(152,'S',30,55,NULL,'2019-04-18 15:00:06','MTg2LjY4LjE0My4xMDY=',71,145,'1','2019-04-18 15:00:06',NULL,'1'),(153,'E',3,49,'2019-04-18 15:00:23',NULL,'MTg2LjY4LjE0My4xMDY=',48,NULL,'1','2019-04-18 15:00:23',NULL,'1'),(154,'S',41,70,NULL,'2019-04-18 15:02:30','MTg2LjY4LjE0My4xMDY=',82,144,'1','2019-04-18 15:02:30',NULL,'1'),(155,'E',22,59,'2019-04-18 15:04:11',NULL,'MTg2LjUuNzYuMTM5',63,NULL,'1','2019-04-18 15:04:11',NULL,'1'),(156,'S',7,62,NULL,'2019-04-18 15:04:46','MTg2LjY4LjE0My4xMDY=',50,146,'1','2019-04-18 15:04:46',NULL,'1'),(157,'E',1,46,'2019-04-18 15:04:53',NULL,'MTg2LjY4LjE0My4xMDY=',30,NULL,'1','2019-04-18 15:04:53',NULL,'1'),(158,'E',48,27,'2019-04-18 16:54:35',NULL,'MTgxLjE5OC4xMC4xNjU=',24,NULL,'1','2019-04-18 16:54:35',NULL,'1'),(159,'S',48,27,NULL,'2019-04-18 16:54:40','MTgxLjE5OC4xMC4xNjU=',24,158,'1','2019-04-18 16:54:40',NULL,'1'),(160,'S',22,59,NULL,'2019-04-18 17:01:03','MTg2LjUuNzYuMTM5',63,155,'1','2019-04-18 17:01:03',NULL,'1'),(161,'S',1,46,NULL,'2019-04-18 17:03:27','MTg2LjY4LjE0My4xMDY=',30,157,'1','2019-04-18 17:03:27',NULL,'1'),(162,'S',40,52,NULL,'2019-04-18 17:06:05','MTg2LjY4LjE0My4xMDY=',81,148,'1','2019-04-18 17:06:05',NULL,'1'),(163,'E',26,67,'2019-04-18 17:17:19',NULL,'MTg2LjUuNzYuMTM5',67,NULL,'1','2019-04-18 17:17:19',NULL,'1'),(164,'E',51,34,'2019-04-18 17:26:50',NULL,'MTg2LjY4LjE0My4xMDY=',28,NULL,'1','2019-04-18 17:26:50',NULL,'1'),(165,'S',47,21,NULL,'2019-04-18 17:28:31','MTg2LjY4LjE0My4xMDY=',2,149,'1','2019-04-18 17:28:31',NULL,'1'),(166,'S',26,67,NULL,'2019-04-18 19:31:19','MTg2LjUuNzYuMTM5',0,163,'1','2019-04-18 19:31:19',NULL,'1'),(167,'S',51,34,NULL,'2019-04-18 19:34:12','MTg2LjY4LjE0My4xMDY=',28,164,'1','2019-04-18 19:34:12',NULL,'1'),(168,'E',65,283,'2019-04-18 22:02:01',NULL,'MTg2LjY4LjE0My4xMDY=',101,NULL,'1','2019-04-18 22:02:01',NULL,'1'),(169,'E',44,125,'2019-04-18 22:15:12',NULL,'MTg2LjY4LjE0My4xMDY=',85,NULL,'1','2019-04-18 22:15:12',NULL,'1'),(170,'E',29,85,'2019-04-18 22:17:13',NULL,'MTg2LjY4LjE0My4xMDY=',70,NULL,'1','2019-04-18 22:17:13',NULL,'1'),(171,'E',30,146,'2019-04-18 22:17:49',NULL,'MTg2LjY4LjE0My4xMDY=',71,NULL,'1','2019-04-18 22:17:49',NULL,'1'),(172,'E',5,162,'2019-04-18 22:18:52',NULL,'MTgxLjM5Ljk5LjE5OA==',51,NULL,'1','2019-04-18 22:18:52',NULL,'1'),(173,'E',25,177,'2019-04-18 22:22:10',NULL,'MTg2LjY4LjE0My4xMDY=',66,NULL,'1','2019-04-18 22:22:10',NULL,'1'),(174,'E',52,159,'2019-04-18 22:30:43',NULL,'MTg2LjY4LjE0My4xMDY=',34,NULL,'1','2019-04-18 22:30:43',NULL,'1'),(175,'E',19,102,'2019-04-18 22:40:02',NULL,'MTg2LjUuNzYuMTM5',60,NULL,'1','2019-04-18 22:40:02',NULL,'1'),(176,'S',29,85,NULL,'2019-04-19 00:12:57','MTg2LjY4LjE0My4xMDY=',70,170,'1','2019-04-19 00:12:57',NULL,'1'),(177,'S',30,146,NULL,'2019-04-19 00:20:06','MTg2LjY4LjE0My4xMDY=',71,171,'1','2019-04-19 00:20:06',NULL,'1'),(178,'S',5,162,NULL,'2019-04-19 00:20:46','MTg2LjY4LjE0My4xMDY=',51,172,'1','2019-04-19 00:20:46',NULL,'1'),(179,'S',65,283,NULL,'2019-04-19 00:21:22','MTg2LjY4LjE0My4xMDY=',101,168,'1','2019-04-19 00:21:22',NULL,'1'),(180,'E',2,128,'2019-04-19 00:21:25',NULL,'MTg2LjUuNzYuMTM5',53,NULL,'1','2019-04-19 00:21:25',NULL,'1'),(181,'S',52,159,NULL,'2019-04-19 00:21:49','MTg2LjY4LjE0My4xMDY=',34,174,'1','2019-04-19 00:21:49',NULL,'1'),(182,'E',12,77,'2019-04-19 00:23:02',NULL,'MTg2LjY4LjE0My4xMDY=',37,NULL,'1','2019-04-19 00:23:02',NULL,'1'),(183,'S',25,177,NULL,'2019-04-19 00:24:12','MTgxLjE5OC4xMC4xNjE=',66,173,'1','2019-04-19 00:24:12',NULL,'1'),(184,'E',23,96,'2019-04-19 00:25:21',NULL,'MTgxLjE5OC4xMC4xNjE=',64,NULL,'1','2019-04-19 00:25:21',NULL,'1'),(185,'E',18,168,'2019-04-19 00:26:15',NULL,'MTgxLjE5OC4xMC4xNjU=',59,NULL,'1','2019-04-19 00:26:15',NULL,'1'),(186,'S',44,125,NULL,'2019-04-19 00:31:04','MTg2LjY4LjE0My4xMDY=',85,169,'1','2019-04-19 00:31:04',NULL,'1'),(187,'S',2,128,NULL,'2019-04-19 02:10:03','MTg2LjY4LjE0My4xMDY=',53,180,'1','2019-04-19 02:10:03',NULL,'1'),(188,'S',18,168,NULL,'2019-04-19 02:16:09','MTg2LjUuNzYuMTM5',59,185,'1','2019-04-19 02:16:09',NULL,'1'),(189,'E',30,53,'2019-04-22 12:52:42',NULL,'MTg2LjUuNzYuMTM5',71,NULL,'1','2019-04-22 12:52:42',NULL,'1'),(190,'E',7,60,'2019-04-22 12:53:18',NULL,'MTg2LjUuNzYuMTM5',50,NULL,'1','2019-04-22 12:53:18',NULL,'1'),(191,'E',39,38,'2019-04-22 13:01:38',NULL,'MTkwLjYzLjExNS41NA==',80,NULL,'1','2019-04-22 13:01:38',NULL,'1'),(192,'E',6,35,'2019-04-22 13:02:58',NULL,'MTgxLjE5OC4xMC4xNjU=',3,NULL,'1','2019-04-22 13:02:58',NULL,'1'),(193,'E',41,68,'2019-04-22 13:06:46',NULL,'MTg2LjY4LjE0My4xMDY=',82,NULL,'1','2019-04-22 13:06:46',NULL,'1'),(194,'E',40,50,'2019-04-22 14:30:20',NULL,'MTg2LjY4LjE0My4xMDY=',81,NULL,'1','2019-04-22 14:30:20',NULL,'1'),(195,'E',3,47,'2019-04-22 14:56:06',NULL,'MTg2LjY4LjE0My4xMDY=',48,NULL,'1','2019-04-22 14:56:06',NULL,'1'),(196,'S',30,53,NULL,'2019-04-22 15:00:07','MTg2LjY4LjE0My4xMDY=',71,189,'1','2019-04-22 15:00:07',NULL,'1'),(197,'S',39,38,NULL,'2019-04-22 15:00:44','MTkwLjYzLjExNS41NA==',80,191,'1','2019-04-22 15:00:44',NULL,'1'),(198,'E',47,19,'2019-04-22 15:01:07',NULL,'MTg2LjY4LjE0My4xMDY=',2,NULL,'1','2019-04-22 15:01:07',NULL,'1'),(199,'S',41,68,NULL,'2019-04-22 15:03:01','MTg2LjY4LjE0My4xMDY=',82,193,'1','2019-04-22 15:03:01',NULL,'1'),(200,'E',1,44,'2019-04-22 15:03:04',NULL,'MTkwLjIxNi4xMDguMjY=',30,NULL,'1','2019-04-22 15:03:04',NULL,'1'),(201,'E',48,25,'2019-04-22 15:05:09',NULL,'MTgxLjE4OC4yMDAuMTk1',24,NULL,'1','2019-04-22 15:05:09',NULL,'1'),(202,'S',7,60,NULL,'2019-04-22 15:06:40','MTg2LjY4LjE0My4xMDY=',50,190,'1','2019-04-22 15:06:40',NULL,'1'),(203,'E',22,56,'2019-04-22 15:06:58',NULL,'MTg2LjUuNzYuMTM5',63,NULL,'1','2019-04-22 15:06:58',NULL,'1'),(204,'S',6,35,NULL,'2019-04-22 15:07:02','MTgxLjE5OC4xMC4xNjU=',3,192,'1','2019-04-22 15:07:02',NULL,'1'),(205,'S',40,50,NULL,'2019-04-22 17:02:01','MTg2LjY4LjE0My4xMDY=',81,194,'1','2019-04-22 17:02:01',NULL,'1'),(206,'S',22,56,NULL,'2019-04-22 17:02:13','MTg2LjUuNzYuMTM5',63,203,'1','2019-04-22 17:02:13',NULL,'1'),(207,'S',3,47,NULL,'2019-04-22 17:05:43','MTg2LjY4LjE0My4xMDY=',48,195,'1','2019-04-22 17:05:43',NULL,'1'),(208,'S',48,25,NULL,'2019-04-22 17:06:29','MTgxLjE5OC4xMC4xNjQ=',0,201,'1','2019-04-22 17:06:29',NULL,'1'),(209,'S',1,44,NULL,'2019-04-22 17:12:37','MTg2LjY4LjE0My4xMDY=',30,200,'1','2019-04-22 17:12:37',NULL,'1'),(210,'E',26,65,'2019-04-22 17:25:29',NULL,'MTg2LjUuNzYuMTM5',67,NULL,'1','2019-04-22 17:25:29',NULL,'1'),(211,'E',51,32,'2019-04-22 17:27:42',NULL,'MTg2LjY4LjE0My4xMDY=',28,NULL,'1','2019-04-22 17:27:42',NULL,'1'),(212,'S',26,65,NULL,'2019-04-22 19:30:54','MTg2LjUuNzYuMTM5',0,210,'1','2019-04-22 19:30:54',NULL,'1'),(213,'S',51,32,NULL,'2019-04-22 19:31:15','MTg2LjY4LjE0My4xMDY=',28,211,'1','2019-04-22 19:31:15',NULL,'1'),(214,'S',47,19,NULL,'2019-04-22 17:28:45','MTg2LjY4LjE0My4xMDY=',2,198,'1','2019-04-22 17:28:45','0000-00-00 00:00:00','1'),(215,'E',5,160,'2019-04-22 21:52:21',NULL,'MTgxLjM5Ljk5LjE5OA==',51,NULL,'1','2019-04-22 21:52:21',NULL,'1'),(216,'E',65,281,'2019-04-22 22:00:23',NULL,'MTg2LjY4LjE0My4xMDY=',101,NULL,'1','2019-04-22 22:00:23',NULL,'1'),(217,'E',29,83,'2019-04-22 22:05:23',NULL,'MTg2LjY4LjE0My4xMDY=',70,NULL,'1','2019-04-22 22:05:23',NULL,'1'),(218,'E',44,123,'2019-04-22 22:06:28',NULL,'MTg2LjY4LjE0My4xMDY=',85,NULL,'1','2019-04-22 22:06:28',NULL,'1'),(219,'E',26,86,'2019-04-22 22:14:30',NULL,'MTg2LjY4LjE0My4xMDY=',67,NULL,'1','2019-04-22 22:14:30',NULL,'1'),(220,'E',30,144,'2019-04-22 22:15:03',NULL,'MTg2LjY4LjE0My4xMDY=',71,NULL,'1','2019-04-22 22:15:03',NULL,'1'),(221,'E',25,175,'2019-04-22 22:21:05',NULL,'MTg2LjY4LjE0My4xMDY=',66,NULL,'1','2019-04-22 22:21:05',NULL,'1'),(222,'E',52,157,'2019-04-22 22:22:15',NULL,'MTg2LjY4LjE0My4xMDY=',34,NULL,'1','2019-04-22 22:22:15',NULL,'1'),(223,'E',23,94,'2019-04-23 00:13:00',NULL,'MTgxLjE5OC4xMC4xNjE=',64,NULL,'1','2019-04-23 00:13:00',NULL,'1'),(224,'S',5,160,NULL,'2019-04-23 00:16:57','MTg2LjY4LjE0My4xMDY=',51,215,'1','2019-04-23 00:16:57',NULL,'1'),(225,'S',25,175,NULL,'2019-04-23 00:18:21','MTg2LjY4LjE0My4xMDY=',66,221,'1','2019-04-23 00:18:21',NULL,'1'),(226,'S',30,144,NULL,'2019-04-23 00:20:06','MTg2LjY4LjE0My4xMDY=',71,220,'1','2019-04-23 00:20:06',NULL,'1'),(227,'E',18,166,'2019-04-23 00:20:10',NULL,'MTgxLjE4OC4yMDAuMjY=',59,NULL,'1','2019-04-23 00:20:10',NULL,'1'),(228,'E',37,129,'2019-04-23 00:20:59',NULL,'MTgxLjE5OC4xMC4xNzA=',78,NULL,'1','2019-04-23 00:20:59',NULL,'1'),(229,'S',52,157,NULL,'2019-04-23 00:21:17','MTg2LjY4LjE0My4xMDY=',34,222,'1','2019-04-23 00:21:17',NULL,'1'),(230,'S',44,123,NULL,'2019-04-23 00:22:03','MTg2LjY4LjE0My4xMDY=',85,218,'1','2019-04-23 00:22:03',NULL,'1'),(231,'S',26,86,NULL,'2019-04-23 00:22:43','MTg2LjY4LjE0My4xMDY=',67,219,'1','2019-04-23 00:22:43',NULL,'1'),(232,'S',65,281,NULL,'2019-04-23 00:23:10','MTg2LjY4LjE0My4xMDY=',101,216,'1','2019-04-23 00:23:10',NULL,'1'),(233,'E',2,126,'2019-04-23 00:28:20',NULL,'MTg2LjY4LjE0My4xMDY=',53,NULL,'1','2019-04-23 00:28:20',NULL,'1'),(234,'S',2,126,NULL,'2019-04-23 02:15:53','MTg2LjUuNzYuMTM5',53,233,'1','2019-04-23 02:15:53',NULL,'1'),(235,'S',18,166,NULL,'2019-04-23 02:18:39','MTg2LjUuNzYuMTM5',59,227,'1','2019-04-23 02:18:39',NULL,'1'),(236,'E',7,61,'2019-04-23 12:54:02',NULL,'MTkwLjExMS44Mi4yMjU=',50,NULL,'1','2019-04-23 12:54:02',NULL,'1'),(237,'E',41,69,'2019-04-23 12:55:13',NULL,'MTg2LjY4LjE0My4xMDY=',82,NULL,'1','2019-04-23 12:55:13',NULL,'1'),(238,'E',30,54,'2019-04-23 12:57:09',NULL,'MTg2LjY4LjE0My4xMDY=',71,NULL,'1','2019-04-23 12:57:09',NULL,'1'),(239,'E',39,39,'2019-04-23 13:01:01',NULL,'MTg2LjUuNzYuMTM5',80,NULL,'1','2019-04-23 13:01:01',NULL,'1'),(240,'E',6,36,'2019-04-23 13:10:11',NULL,'MTg2LjY4LjE0My4xMDY=',3,NULL,'1','2019-04-23 13:10:11',NULL,'1'),(241,'E',3,48,'2019-04-23 14:51:43',NULL,'MTg2LjY4LjE0My4xMDY=',48,NULL,'1','2019-04-23 14:51:43',NULL,'1'),(242,'E',22,58,'2019-04-23 14:59:45',NULL,'MTg2LjUuNzYuMTM5',63,NULL,'1','2019-04-23 14:59:45',NULL,'1'),(243,'S',39,39,NULL,'2019-04-23 15:00:06','MTg2LjUuNzYuMTM5',80,239,'1','2019-04-23 15:00:06',NULL,'1'),(244,'S',7,61,NULL,'2019-04-23 15:02:08','MTg2LjUuNzYuMTM5',50,236,'1','2019-04-23 15:02:08',NULL,'1'),(245,'E',47,20,'2019-04-23 15:02:28',NULL,'MTg2LjY4LjE0My4xMDY=',2,NULL,'1','2019-04-23 15:02:28',NULL,'1'),(246,'S',6,36,NULL,'2019-04-23 15:03:51','MTgxLjE5OC4xMC4xNjU=',3,240,'1','2019-04-23 15:03:51',NULL,'1'),(247,'S',41,69,NULL,'2019-04-23 15:04:07','MTg2LjY4LjE0My4xMDY=',82,237,'1','2019-04-23 15:04:07',NULL,'1'),(248,'S',30,54,NULL,'2019-04-23 15:07:48','MTg2LjY4LjE0My4xMDY=',71,238,'1','2019-04-23 15:07:48',NULL,'1'),(249,'E',40,51,'2019-04-23 15:08:15',NULL,'MTg2LjY4LjE0My4xMDY=',81,NULL,'1','2019-04-23 15:08:15',NULL,'1'),(250,'S',3,48,NULL,'2019-04-23 17:01:26','MTg2LjY4LjE0My4xMDY=',48,241,'1','2019-04-23 17:01:26',NULL,'1'),(251,'S',22,58,NULL,'2019-04-23 17:02:19','MTg2LjUuNzYuMTM5',63,242,'1','2019-04-23 17:02:19',NULL,'1'),(252,'E',26,66,'2019-04-23 17:14:24',NULL,'MTg2LjUuNzYuMTM5',67,NULL,'1','2019-04-23 17:14:24',NULL,'1'),(253,'S',40,51,NULL,'2019-04-23 17:20:15','MTg2LjY4LjE0My4xMDY=',81,249,'1','2019-04-23 17:20:15',NULL,'1'),(254,'E',51,33,'2019-04-23 17:21:42',NULL,'MTg2LjY4LjE0My4xMDY=',28,NULL,'1','2019-04-23 17:21:42',NULL,'1'),(255,'S',47,20,NULL,'2019-04-23 17:22:40','MTgxLjE5OC4xMC4xNjI=',2,245,'1','2019-04-23 17:22:40',NULL,'1'),(256,'S',26,66,NULL,'2019-04-23 19:30:26','MTg2LjUuNzYuMTM5',67,252,'1','2019-04-23 19:30:26',NULL,'1'),(257,'S',51,33,NULL,'2019-04-23 19:32:13','MTg2LjY4LjE0My4xMDY=',28,254,'1','2019-04-23 19:32:13',NULL,'1');
/*!40000 ALTER TABLE `registro_marcacion` ENABLE KEYS */;
UNLOCK TABLES;

--
-- Table structure for table `semestre_academico`
--

DROP TABLE IF EXISTS `semestre_academico`;
/*!40101 SET @saved_cs_client     = @@character_set_client */;
 SET character_set_client = utf8mb4 ;
CREATE TABLE `semestre_academico` (
  `saca_id` bigint(20) NOT NULL AUTO_INCREMENT,
  `saca_nombre` varchar(300) NOT NULL,
  `saca_descripcion` varchar(300) NOT NULL,
  `saca_fecha_registro` timestamp NULL DEFAULT NULL,
  `saca_usuario_ingreso` bigint(20) NOT NULL,
  `saca_usuario_modifica` bigint(20) DEFAULT NULL,
  `saca_estado` varchar(1) NOT NULL,
  `saca_fecha_creacion` timestamp NOT NULL DEFAULT CURRENT_TIMESTAMP,
  `saca_fecha_modificacion` timestamp NULL DEFAULT NULL,
  `saca_estado_logico` varchar(1) NOT NULL,
  PRIMARY KEY (`saca_id`)
) ENGINE=InnoDB AUTO_INCREMENT=3 DEFAULT CHARSET=utf8;
/*!40101 SET character_set_client = @saved_cs_client */;

--
-- Dumping data for table `semestre_academico`
--

LOCK TABLES `semestre_academico` WRITE;
/*!40000 ALTER TABLE `semestre_academico` DISABLE KEYS */;
INSERT INTO `semestre_academico` VALUES (1,'Abril - Agosto','Abril - Agosto',NULL,1,1,'1','2018-10-18 00:12:47',NULL,'1'),(2,'Octubre - Febrero','Octubre - Febrero',NULL,1,1,'1','2018-10-18 00:12:47',NULL,'1');
/*!40000 ALTER TABLE `semestre_academico` ENABLE KEYS */;
UNLOCK TABLES;

--
-- Table structure for table `subarea_conocimiento`
--

DROP TABLE IF EXISTS `subarea_conocimiento`;
/*!40101 SET @saved_cs_client     = @@character_set_client */;
 SET character_set_client = utf8mb4 ;
CREATE TABLE `subarea_conocimiento` (
  `scon_id` bigint(20) NOT NULL AUTO_INCREMENT,
  `acon_id` bigint(20) NOT NULL,
  `scon_nombre` varchar(300) NOT NULL,
  `scon_descripcion` varchar(500) NOT NULL,
  `scon_usuario_ingreso` bigint(20) NOT NULL,
  `scon_usuario_modifica` bigint(20) DEFAULT NULL,
  `scon_estado` varchar(1) NOT NULL,
  `scon_fecha_creacion` timestamp NOT NULL DEFAULT CURRENT_TIMESTAMP,
  `scon_fecha_modificacion` timestamp NULL DEFAULT NULL,
  `scon_estado_logico` varchar(1) NOT NULL,
  PRIMARY KEY (`scon_id`),
  KEY `acon_id` (`acon_id`),
  CONSTRAINT `subarea_conocimiento_ibfk_1` FOREIGN KEY (`acon_id`) REFERENCES `area_conocimiento` (`acon_id`)
) ENGINE=InnoDB AUTO_INCREMENT=26 DEFAULT CHARSET=utf8;
/*!40101 SET character_set_client = @saved_cs_client */;

--
-- Dumping data for table `subarea_conocimiento`
--

LOCK TABLES `subarea_conocimiento` WRITE;
/*!40000 ALTER TABLE `subarea_conocimiento` DISABLE KEYS */;
INSERT INTO `subarea_conocimiento` VALUES (1,1,'Programas básicos','Descripción de subárea de conocimiento',1,NULL,'1','2018-10-18 00:12:39',NULL,'1'),(2,1,'Programas de alfabetización y de aritmética','Descripción de subárea de conocimiento',1,NULL,'1','2018-10-18 00:12:39',NULL,'1'),(3,1,'Desarrollo personal','Descripción de subárea de conocimiento',1,NULL,'1','2018-10-18 00:12:39',NULL,'1'),(4,2,'Formación de personal docente y ciencias de la educación','Descripción de subárea de conocimiento',1,NULL,'1','2018-10-18 00:12:39',NULL,'1'),(5,3,'Artes','Descripción de subárea de conocimiento',1,NULL,'1','2018-10-18 00:12:39',NULL,'1'),(6,3,'Humanidades','Descripción de subárea de conocimiento',1,NULL,'1','2018-10-18 00:12:39',NULL,'1'),(7,4,'Ciencias sociales y del comportamiento','Descripción de subárea de conocimiento',1,NULL,'1','2018-10-18 00:12:39',NULL,'1'),(8,4,'Periodismo e información','Descripción de subárea de conocimiento',1,NULL,'1','2018-10-18 00:12:39',NULL,'1'),(9,4,'Educación comercial y administración','Descripción de subárea de conocimiento',1,NULL,'1','2018-10-18 00:12:39',NULL,'1'),(10,4,'Derecho','Descripción de subárea de conocimiento',1,NULL,'1','2018-10-18 00:12:39',NULL,'1'),(11,5,'Ciencias de la vida','Descripción de subárea de conocimiento',1,NULL,'1','2018-10-18 00:12:39',NULL,'1'),(12,5,'Ciencias físicas','Descripción de subárea de conocimiento',1,NULL,'1','2018-10-18 00:12:39',NULL,'1'),(13,5,'Matemáticas y estadística','Descripción de subárea de conocimiento',1,NULL,'1','2018-10-18 00:12:39',NULL,'1'),(14,5,'Informática','Descripción de subárea de conocimiento',1,NULL,'1','2018-10-18 00:12:39',NULL,'1'),(15,6,'Ingeniería y profesiones afines','Descripción de subárea de conocimiento',1,NULL,'1','2018-10-18 00:12:39',NULL,'1'),(16,6,'Industria y producción','Descripción de subárea de conocimiento',1,NULL,'1','2018-10-18 00:12:39',NULL,'1'),(17,6,'Arquitectura y construcción','Descripción de subárea de conocimiento',1,NULL,'1','2018-10-18 00:12:39',NULL,'1'),(18,7,'Agricultura, silvicultura y pesca','Descripción de subárea de conocimiento',1,NULL,'1','2018-10-18 00:12:39',NULL,'1'),(19,7,'Veterinaria','Descripción de subárea de conocimiento',1,NULL,'1','2018-10-18 00:12:39',NULL,'1'),(20,8,'Medicina','Descripción de subárea de conocimiento',1,NULL,'1','2018-10-18 00:12:39',NULL,'1'),(21,8,'Servicios sociales','Descripción de subárea de conocimiento',1,NULL,'1','2018-10-18 00:12:39',NULL,'1'),(22,9,'Servicios personales','Descripción de subárea de conocimiento',1,NULL,'1','2018-10-18 00:12:39',NULL,'1'),(23,9,'Servicios de transporte','Descripción de subárea de conocimiento',1,NULL,'1','2018-10-18 00:12:39',NULL,'1'),(24,9,'Protección del medio ambiente','Descripción de subárea de conocimiento',1,NULL,'1','2018-10-18 00:12:39',NULL,'1'),(25,9,'Servicios de seguridad','Descripción de subárea de conocimiento',1,NULL,'1','2018-10-18 00:12:39',NULL,'1');
/*!40000 ALTER TABLE `subarea_conocimiento` ENABLE KEYS */;
UNLOCK TABLES;

--
-- Table structure for table `tipo_estudio_academico`
--

DROP TABLE IF EXISTS `tipo_estudio_academico`;
/*!40101 SET @saved_cs_client     = @@character_set_client */;
 SET character_set_client = utf8mb4 ;
CREATE TABLE `tipo_estudio_academico` (
  `teac_id` bigint(20) NOT NULL AUTO_INCREMENT,
  `teac_nombre` varchar(300) NOT NULL,
  `teac_descripcion` varchar(500) NOT NULL,
  `teac_usuario_ingreso` bigint(20) NOT NULL,
  `teac_usuario_modifica` bigint(20) DEFAULT NULL,
  `teac_estado` varchar(1) NOT NULL,
  `teac_fecha_creacion` timestamp NOT NULL DEFAULT CURRENT_TIMESTAMP,
  `teac_fecha_modificacion` timestamp NULL DEFAULT NULL,
  `teac_estado_logico` varchar(1) NOT NULL,
  PRIMARY KEY (`teac_id`)
) ENGINE=InnoDB AUTO_INCREMENT=4 DEFAULT CHARSET=utf8;
/*!40101 SET character_set_client = @saved_cs_client */;

--
-- Dumping data for table `tipo_estudio_academico`
--

LOCK TABLES `tipo_estudio_academico` WRITE;
/*!40000 ALTER TABLE `tipo_estudio_academico` DISABLE KEYS */;
INSERT INTO `tipo_estudio_academico` VALUES (1,'Carrera','Carrera',1,NULL,'1','2018-10-18 00:12:39',NULL,'1'),(2,'Programa','Programa',1,NULL,'1','2018-10-18 00:12:39',NULL,'1'),(3,'Diplomado','Diplomado',1,NULL,'1','2018-10-18 00:12:39',NULL,'1');
/*!40000 ALTER TABLE `tipo_estudio_academico` ENABLE KEYS */;
UNLOCK TABLES;

--
-- Table structure for table `tipo_institucion_aca`
--

DROP TABLE IF EXISTS `tipo_institucion_aca`;
/*!40101 SET @saved_cs_client     = @@character_set_client */;
 SET character_set_client = utf8mb4 ;
CREATE TABLE `tipo_institucion_aca` (
  `tiac_id` bigint(20) NOT NULL AUTO_INCREMENT,
  `tiac_nombre` varchar(250) DEFAULT NULL,
  `tiac_descripcion` varchar(500) DEFAULT NULL,
  `tiac_estado` varchar(1) NOT NULL,
  `tiac_fecha_creacion` timestamp NOT NULL DEFAULT CURRENT_TIMESTAMP,
  `tiac_fecha_modificacion` timestamp NULL DEFAULT NULL,
  `tiac_estado_logico` varchar(1) NOT NULL,
  PRIMARY KEY (`tiac_id`)
) ENGINE=InnoDB AUTO_INCREMENT=4 DEFAULT CHARSET=utf8;
/*!40101 SET character_set_client = @saved_cs_client */;

--
-- Dumping data for table `tipo_institucion_aca`
--

LOCK TABLES `tipo_institucion_aca` WRITE;
/*!40000 ALTER TABLE `tipo_institucion_aca` DISABLE KEYS */;
INSERT INTO `tipo_institucion_aca` VALUES (1,'Pública','Pública','1','2018-10-18 00:12:38',NULL,'1'),(2,'Privada','Privada','1','2018-10-18 00:12:38',NULL,'1'),(3,'Fiscomisional','Fiscomisional','1','2018-10-18 00:12:38',NULL,'1');
/*!40000 ALTER TABLE `tipo_institucion_aca` ENABLE KEYS */;
UNLOCK TABLES;

--
-- Table structure for table `unidad_academica`
--

DROP TABLE IF EXISTS `unidad_academica`;
/*!40101 SET @saved_cs_client     = @@character_set_client */;
 SET character_set_client = utf8mb4 ;
CREATE TABLE `unidad_academica` (
  `uaca_id` bigint(20) NOT NULL AUTO_INCREMENT,
  `uaca_nombre` varchar(300) NOT NULL,
  `uaca_descripcion` varchar(500) NOT NULL,
  `uaca_usuario_ingreso` bigint(20) NOT NULL,
  `uaca_usuario_modifica` bigint(20) DEFAULT NULL,
  `uaca_estado` varchar(1) NOT NULL,
  `uaca_inscripcion` varchar(1) NOT NULL,
  `uaca_fecha_creacion` timestamp NOT NULL DEFAULT CURRENT_TIMESTAMP,
  `uaca_fecha_modificacion` timestamp NULL DEFAULT NULL,
  `uaca_estado_logico` varchar(1) NOT NULL,
  PRIMARY KEY (`uaca_id`)
) ENGINE=InnoDB AUTO_INCREMENT=10 DEFAULT CHARSET=utf8;
/*!40101 SET character_set_client = @saved_cs_client */;

--
-- Dumping data for table `unidad_academica`
--

LOCK TABLES `unidad_academica` WRITE;
/*!40000 ALTER TABLE `unidad_academica` DISABLE KEYS */;
INSERT INTO `unidad_academica` VALUES (1,'Grado','Grado',1,NULL,'1','1','2018-10-18 00:12:39',NULL,'1'),(2,'Posgrado','Posgrado',1,NULL,'1','1','2018-10-18 00:12:39',NULL,'1'),(3,'Educación Continua','Educación Continua',1,NULL,'1','0','2018-10-18 00:12:39',NULL,'1'),(4,'Centro de Idiomas','Centro de Idiomas',1,NULL,'1','0','2018-10-18 00:12:39',NULL,'1'),(5,'Diplomado','Diplomado',1,NULL,'1','0','2018-10-18 00:12:39',NULL,'1'),(6,'Curso Nivelación','Curso Nivelación',1,NULL,'1','0','2018-10-18 00:12:39',NULL,'1'),(7,'Micromasters','Micromasters',1,NULL,'1','1','2018-12-10 15:50:00',NULL,'1'),(8,'Ulive','Ulive',1,NULL,'1','1','2018-12-10 15:50:00',NULL,'1'),(9,'Uwork','Uwork',1,NULL,'1','1','2018-12-10 15:50:00',NULL,'1');
/*!40000 ALTER TABLE `unidad_academica` ENABLE KEYS */;
UNLOCK TABLES;

--
-- Table structure for table `unidad_estudio`
--

DROP TABLE IF EXISTS `unidad_estudio`;
/*!40101 SET @saved_cs_client     = @@character_set_client */;
 SET character_set_client = utf8mb4 ;
CREATE TABLE `unidad_estudio` (
  `uest_id` bigint(20) NOT NULL AUTO_INCREMENT,
  `uest_nombre` varchar(300) NOT NULL,
  `uest_descripcion` varchar(500) NOT NULL,
  `uest_usuario_ingreso` bigint(20) NOT NULL,
  `uest_usuario_modifica` bigint(20) DEFAULT NULL,
  `uest_estado` varchar(1) NOT NULL,
  `uest_fecha_creacion` timestamp NOT NULL DEFAULT CURRENT_TIMESTAMP,
  `uest_fecha_modificacion` timestamp NULL DEFAULT NULL,
  `uest_estado_logico` varchar(1) NOT NULL,
  PRIMARY KEY (`uest_id`)
) ENGINE=InnoDB AUTO_INCREMENT=5 DEFAULT CHARSET=utf8;
/*!40101 SET character_set_client = @saved_cs_client */;

--
-- Dumping data for table `unidad_estudio`
--

LOCK TABLES `unidad_estudio` WRITE;
/*!40000 ALTER TABLE `unidad_estudio` DISABLE KEYS */;
INSERT INTO `unidad_estudio` VALUES (1,'Ingreso','Ingreso',1,NULL,'1','2018-10-18 00:12:39',NULL,'1'),(2,'Básica','Básica',1,NULL,'1','2018-10-18 00:12:39',NULL,'1'),(3,'Profesional','Profesional',1,NULL,'1','2018-10-18 00:12:39',NULL,'1'),(4,'Titulación','Titulación',1,NULL,'1','2018-10-18 00:12:39',NULL,'1');
/*!40000 ALTER TABLE `unidad_estudio` ENABLE KEYS */;
UNLOCK TABLES;
/*!40103 SET TIME_ZONE=@OLD_TIME_ZONE */;

/*!40101 SET SQL_MODE=@OLD_SQL_MODE */;
/*!40014 SET FOREIGN_KEY_CHECKS=@OLD_FOREIGN_KEY_CHECKS */;
/*!40014 SET UNIQUE_CHECKS=@OLD_UNIQUE_CHECKS */;
/*!40101 SET CHARACTER_SET_CLIENT=@OLD_CHARACTER_SET_CLIENT */;
/*!40101 SET CHARACTER_SET_RESULTS=@OLD_CHARACTER_SET_RESULTS */;
/*!40101 SET COLLATION_CONNECTION=@OLD_COLLATION_CONNECTION */;
/*!40111 SET SQL_NOTES=@OLD_SQL_NOTES */;

-- Dump completed on 2019-04-25 12:39:01
