--
-- Base de datos: `db_facturacion`
--
use `db_facturacion`;

-- --------------------------------------------------------
--
-- Volcado de datos para la tabla `orden_pago` 
--
insert into `orden_pago` (`opag_id`, `sins_id`, `sgen_id`, `com_id`, `opag_subtotal`, `opag_iva`, `opag_total`, `opag_valor_pagado`, `opag_fecha_generacion`, `opag_estado_pago`, `opag_fecha_pago_total`,`opag_observacion`, `opag_usu_ingreso`, `opag_usu_modifica`, `opag_estado`, `opag_fecha_creacion`, `opag_fecha_modificacion`, `opag_estado_logico`)
VALUES (1,1,NULL,NULL,150,0,150,150,'2017-10-03 03:57:02','S','2017-10-07 05:17:59',NULL,11,NULL,'1','2017-10-03 03:57:02','2017-10-11 06:22:45','1'),
(2,2,NULL,NULL,150 ,0,150,150,'2017-10-04 21:34:19','S','2017-10-12 01:22:27',NULL,12,NULL,'1','2017-10-04 21:34:19','2017-10-12 06:22:27','1'),
(3,3,NULL,NULL,150,0,150,NULL,'2017-10-10 21:11:37','P',NULL,NULL,1,NULL,'1','2017-10-10 21:11:37',NULL,'1'),
(4,6,NULL,NULL,150,0,150,150,'2017-10-12 03:22:51','S','2017-10-13 21:14:02',NULL,12,NULL,'1','2017-10-12 03:22:51','2017-11-29 17:48:09','1'),
(5,9,NULL,NULL,150,0,150,NULL,'2017-10-13 20:56:35','P',NULL,NULL,12,NULL,'1','2017-10-13 20:56:35',NULL,'1'),
(6,10,NULL,NULL,150,0,150,150,'2017-10-13 21:00:05','S','2017-10-14 21:15:17',NULL,12,NULL,'1','2017-10-13 21:00:05','2017-10-14 02:14:02','1'),
(7,12,NULL,NULL,150,0,150,150,'2017-10-14 21:08:58','S','2017-10-14 21:23:17',NULL,12,NULL,'1','2017-10-14 21:08:58','2017-10-15 02:15:17','1'),
(8,11,NULL,NULL,150,0,150,150,'2017-10-14 21:21:25','S','2017-10-17 02:50:41',NULL,12,NULL,'1','2017-10-14 21:21:25','2017-10-15 02:23:17','1'),
(9,14,NULL,NULL,150,0,150,150,'2017-10-17 02:47:34','S','2017-10-17 22:37:32',NULL,11,NULL,'1','2017-10-17 02:47:34','2017-10-17 08:03:17','1'),
(10,15,NULL,NULL,150,0,150,NULL,'2017-10-17 03:46:24','P',NULL,NULL,12,NULL,'1','2017-10-17 03:46:24',NULL,'1'),
(11,16,NULL,NULL,150,0,150,NULL,'2017-10-17 21:36:05','P',NULL,NULL,11,NULL,'1','2017-10-17 21:36:05',NULL,'1'),
(12,17,NULL,NULL,150,0,150,150,'2017-10-18 13:30:21','S','2017-10-18 17:12:51',NULL,12,NULL,'1','2017-10-18 13:30:21','2017-10-19 01:16:40','1'),
(13,22,NULL,NULL,150,0,150,NULL,'2017-10-26 18:49:21','P',NULL,NULL,11,NULL,'1','2017-10-26 18:49:21',NULL,'1'),
(14,21,NULL,NULL,150,0,150,150,'2017-10-26 19:32:26','S','2017-10-31 18:52:34',NULL,11,NULL,'1','2017-10-26 19:32:26','2017-11-01 00:52:50','1'),
(15,23,NULL,NULL,90,0,90,NULL,'2017-11-01 16:55:44','P',NULL,NULL,12,NULL,'1','2017-11-01 16:55:44',NULL,'1'),
(16,25,NULL,NULL,150,0,150,150,'2017-11-06 22:30:13','S','2017-11-09 10:40:12',NULL,11,NULL,'1','2017-11-06 22:30:13','2017-11-29 15:10:45','1'),
(17,29,NULL,NULL,150,0,150,150,'2017-11-08 17:55:44','S','2017-11-11 11:11:31',NULL,11,NULL,'1','2017-11-08 17:55:44','2017-11-13 15:37:15','1'),
(18,32,NULL,NULL,150,0,150,150,'2017-11-08 23:33:57','S','2017-11-13 14:43:24',NULL,11,NULL,'1','2017-11-08 23:33:57','2017-11-29 15:11:46','1'),
(19,33,NULL,NULL,150,0,150,150,'2017-11-08 23:36:57','S','2017-11-16 20:45:14',NULL,11,NULL,'1','2017-11-08 23:36:57','2017-11-10 19:11:46','1'),
(20,34,NULL,NULL,150,0,150,NULL,'2017-11-09 21:44:49','P',NULL,NULL,11,NULL,'1','2017-11-09 21:44:49',NULL,'1'),
(21,35,NULL,NULL,150,0,150,NULL,'2017-11-09 22:38:39','P',NULL,NULL,11,NULL,'0','2017-11-09 22:38:39',NULL,'0'),
(22,35,NULL,NULL,150,0,150,NULL,'2017-11-09 22:39:20','P',NULL,NULL,11,NULL,'1','2017-11-09 22:39:20',NULL,'1'),
(23,36,NULL,NULL,150,0,150,NULL,'2017-11-09 22:39:59','P',NULL,NULL,12,NULL,'1','2017-11-09 22:39:59',NULL,'1'),
(24,37,NULL,NULL,150,0,150,150,'2017-11-10 21:32:49','S','2017-11-19 12:09:11',NULL,11,NULL,'1','2017-11-10 21:32:49','2017-11-28 21:52:05','1'),
(25,38,NULL,NULL,150,0,150,150,'2017-11-10 22:04:37','S','2017-11-13 16:27:05',NULL,11,NULL,'1','2017-11-10 22:04:37','2017-11-22 17:52:58','1'),
(26,41,NULL,NULL,150,0,150,150,'2017-11-13 14:38:27','S','2017-11-28 16:49:32',NULL,11,NULL,'1','2017-11-13 14:38:27','2017-11-29 15:18:29','1'),
(27,40,NULL,NULL,150,0,150,NULL,'2017-11-13 14:49:51','P',NULL,NULL,12,NULL,'1','2017-11-13 14:49:51',NULL,'1'),
(28,42,NULL,NULL,150,0,150,150,'2017-11-13 19:10:20','S','2017-11-28 15:05:56',NULL,12,NULL,'1','2017-11-13 19:10:20','2017-11-13 21:09:18','1'),
(29,43,NULL,NULL,150,0,150,150,'2017-11-15 16:23:18','S','2017-11-28 19:24:00',NULL,12,NULL,'1','2017-11-15 16:23:18','2017-11-18 16:24:30','1'),
(30,44,NULL,NULL,150,0,150,150,'2017-11-19 17:02:34','S','2017-11-29 10:10:45',NULL,12,NULL,'1','2017-11-19 17:02:34','2017-11-20 14:15:51','1'),
(32,47,NULL,NULL,150,0,150,150,'2017-11-22 17:05:50','S','2017-11-29 10:18:29',NULL,12,NULL,'1','2017-11-22 17:05:50','2017-11-28 21:49:32','1'),
(33,50,NULL,NULL,150,0,150,150,'2017-11-29 00:17:05','S','2017-11-29 12:39:40',NULL,12,NULL,'1','2017-11-29 00:17:05','2017-11-29 14:36:25','1'),
(34,51,NULL,NULL,150,0,150,NULL,'2017-12-04 21:27:50','P',NULL,NULL,11,NULL,'1','2017-12-04 21:27:50',NULL,'1'),
(35,52,NULL,NULL,150,0,150,NULL,'2017-12-14 14:04:53','P',NULL,NULL,11,NULL,'1','2017-12-14 14:04:53',NULL,'1');

-- --------------------------------------------------------
--
-- Volcado de datos para la tabla `desglose_pago` 
--

insert into `desglose_pago`(`dpag_id`, `opag_id`, `dpag_subtotal`, `dpag_iva`, `dpag_total`, `dpag_fecha_ini_vigencia`, `dpag_fecha_fin_vigencia`, `dpag_estado_pago`, `dpag_usu_ingreso`, `dpag_usu_modifica`, `dpag_estado`, `dpag_fecha_creacion`, `dpag_fecha_modificacion`, `dpag_estado_logico`)
VALUES (1,1,150,0,150,'2017-10-03 03:57:02',NULL,'S',11,NULL,'1','2017-10-03 03:57:02','2017-10-11 06:22:45','1'),
(2,2,150,0,150,'2017-10-04 21:34:19',NULL,'S',12,NULL,'1','2017-10-04 21:34:19','2017-10-12 06:22:27','1'),
(3,3,150,0,150,'2017-10-10 21:11:37',NULL,'P',1,NULL,'1','2017-10-10 21:11:37',NULL,'1'),
(4,4,150,0,150,'2017-10-12 03:22:51',NULL,'S',12,NULL,'1','2017-10-12 03:22:51','2017-11-29 17:48:09','1'),
(5,5,150,0,150,'2017-10-13 20:56:35',NULL,'P',12,NULL,'1','2017-10-13 20:56:35',NULL,'1'),
(6,6,150,0,150,'2017-10-13 21:00:05',NULL,'S',12,NULL,'1','2017-10-13 21:00:05','2017-10-14 02:14:02','1'),
(7,7,150,0,150,'2017-10-14 21:08:58',NULL,'S',12,NULL,'1','2017-10-14 21:08:58','2017-10-15 02:15:17','1'),
(8,8,150,0,150,'2017-10-14 21:21:25',NULL,'S',12,NULL,'1','2017-10-14 21:21:25','2017-10-15 02:23:17','1'),
(9,9,150,0,150,'2017-10-17 02:47:34',NULL,'S',11,NULL,'1','2017-10-17 02:47:34','2017-10-17 08:03:17','1'),
(10,10,150,0,150,'2017-10-17 03:46:24',NULL,'P',12,NULL,'1','2017-10-17 03:46:24',NULL,'1'),
(11,11,150,0,150,'2017-10-17 21:36:05',NULL,'P',11,NULL,'1','2017-10-17 21:36:05',NULL,'1'),
(12,12,150,0,150,'2017-10-18 13:30:21',NULL,'S',12,NULL,'1','2017-10-18 13:30:21','2017-10-19 01:16:40','1'),
(13,13,150,0,150,'2017-10-26 18:49:21',NULL,'P',11,NULL,'1','2017-10-26 18:49:21',NULL,'1'),
(14,14,150,0,150,'2017-10-26 19:32:26',NULL,'S',11,NULL,'1','2017-10-26 19:32:26','2017-11-01 00:52:50','1'),
(15,15,90,0,90,'2017-11-01 16:55:44',NULL,'P',12,NULL,'1','2017-11-01 16:55:44',NULL,'1'),
(16,16,150,0,150,'2017-11-06 22:30:13',NULL,'S',11,NULL,'1','2017-11-06 22:30:13','2017-11-29 15:10:45','1'),
(17,17,150,0,150,'2017-11-08 17:55:44',NULL,'S',11,NULL,'1','2017-11-08 17:55:44','2017-11-13 15:37:15','1'),
(18,18,150,0,150,'2017-11-08 23:33:57',NULL,'S',11,NULL,'1','2017-11-08 23:33:57','2017-11-29 15:11:46','1'),
(19,19,150,0,150,'2017-11-08 23:36:57',NULL,'S',11,NULL,'1','2017-11-08 23:36:57','2017-11-10 19:11:46','1'),
(20,20,150,0,150,'2017-11-09 21:44:49',NULL,'P',11,NULL,'1','2017-11-09 21:44:49',NULL,'1'),
(21,21,150,0,150,'2017-11-09 22:38:39',NULL,'P',11,NULL,'0','2017-11-09 22:38:39',NULL,'0'),
(22,22,150,0,150,'2017-11-09 22:39:20',NULL,'P',11,NULL,'1','2017-11-09 22:39:20',NULL,'1'),
(23,23,150,0,150,'2017-11-09 22:39:59',NULL,'P',12,NULL,'1','2017-11-09 22:39:59',NULL,'1'),
(24,24,150,0,150,'2017-11-10 21:32:49',NULL,'S',11,NULL,'1','2017-11-10 21:32:49','2017-11-28 21:52:05','1'),
(25,25,150,0,150,'2017-11-10 22:04:37',NULL,'S',11,NULL,'1','2017-11-10 22:04:37','2017-11-22 17:52:58','1'),
(26,26,150,0,150,'2017-11-13 14:38:27',NULL,'S',11,NULL,'1','2017-11-13 14:38:27','2017-11-29 15:18:29','1'),
(27,27,150,0,150,'2017-11-13 14:49:51',NULL,'P',12,NULL,'1','2017-11-13 14:49:51',NULL,'1'),
(28,28,150,0,150,'2017-11-13 19:10:20',NULL,'S',12,NULL,'1','2017-11-13 19:10:20','2017-11-13 21:09:18','1'),
(29,29,150,0,150,'2017-11-15 16:23:18',NULL,'S',12,NULL,'1','2017-11-15 16:23:18','2017-11-18 16:24:30','1'),
(30,30,150,0,150,'2017-11-19 17:02:34',NULL,'S',12,NULL,'1','2017-11-19 17:02:34','2017-11-20 14:15:51','1'),
(32,32,150,0,150,'2017-11-22 17:05:50',NULL,'S',12,NULL,'1','2017-11-22 17:05:50','2017-11-28 21:49:32','1'),
(33,33,150,0,150,'2017-11-29 00:17:05',NULL,'S',12,NULL,'1','2017-11-29 00:17:05','2017-11-29 14:36:25','1'),
(34,34,150,0,150,'2017-12-04 21:27:50',NULL,'P',11,NULL,'1','2017-12-04 21:27:50',NULL,'1'),
(35,35,150,0,150,'2017-12-14 14:04:53',NULL,'P',11,NULL,'1','2017-12-14 14:04:53',NULL,'1');

-- --------------------------------------------------------
--
-- Volcado de datos para la tabla `registro_pago` 
--

insert into `registro_pago`(`rpag_id`, `dpag_id`, `fpag_id`, `rpag_valor`,  `rpag_fecha_pago`, `rpag_imagen`, `rpag_observacion`, `rpag_revisado`, `rpag_resultado`, `rpag_num_transaccion`, `rpag_fecha_transaccion`, `rpag_usuario_transaccion`, `rpag_codigo_autorizacion`, `rpag_estado`, `rpag_fecha_creacion`, `rpag_fecha_modificacion`, `rpag_estado_logico`)
VALUES (1,1,4,150,'2017-10-05 05:00:00','pago_26-2017-10-06 19:17:26.pdf',NULL,'RE','AP','1612507768','2017-10-05 05:00:00',20,NUll,'1','2017-10-10 20:22:45',NULL,'1'),
(2,2,2,150,'2017-10-11 05:00:00',NULL,NULL,'RE','AP','139491','2017-10-11 05:00:00',20,NUll,'1','2017-10-11 20:22:27',NULL,'1'),
(3,3,1,150,'2017-10-13 05:00:00',NULL,NULL,'RE','AP','1086223140','2017-10-13 05:00:00',20,NUll,'1','2017-10-13 16:14:02',NULL,'1'),
(4,4,2,150,'2017-10-14 05:00:00',NULL,NULL,'RE','AP','139655','2017-10-14 05:00:00',20,NUll,'1','2017-10-14 16:15:17',NULL,'1'),
(5,5,1,150,'2017-10-14 05:00:00',NULL,NULL,'RE','AP','1371940','2017-10-14 05:00:00',20,NUll,'1','2017-10-14 16:23:17',NULL,'1'),
(6,6,5,150,'2017-10-16 05:00:00','pago_63-2017-10-16 16:53:55.pdf',NULL,'RE','AP','013753','2017-10-16 05:00:00',20,NUll,'1','2017-10-16 22:03:17',NULL,'1'),
(7,7,4,150,'2017-10-17 05:00:00','pago_67-2017-10-17 12:37:25.pdf',NULL,'RE','AP','1','2017-10-17 05:00:00',20,NUll,'1','2017-10-17 20:53:23',NULL,'1'),
(8,8,5,150,'2017-10-16 00:00:00','pago_68-2017-10-18 15:10:42.pdf',NULL,'RE','AP','14454140','2017-10-16 00:00:00',20,NUll,'1','2017-10-18 15:16:40',NULL,'1'),
(9,9,5,150,'2017-10-31 00:00:00','pago_106-2017-10-31 13:50:47.jpg',NULL,'RE','AP','5386624','2017-10-31 00:00:00',1,NUll,'1','2017-10-31 14:52:50',NULL,'1'),
(10,10,4,150,'2017-11-09 00:00:00','pago_104-2017-11-9 10:37:55.png',NULL,'RE','AP','2498237','2017-11-09 00:00:00',112,NUll,'1','2017-11-10 14:11:46',NULL,'1'),
(11,11,5,150,'2017-10-22 00:00:00','pago_95-2017-11-11 11:10:42.pdf',NULL,'RE','AP','014258','2017-10-22 00:00:00',112,NUll,'1','2017-11-13 10:37:15',NULL,'1'),
(12,12,5,150,'2017-11-13 00:00:00','pago_149-2017-11-13 14:42:35.pdf',NULL,'RE','AP','13966213','2017-11-13 00:00:00',112,NUll,'1','2017-11-13 16:09:18',NULL,'1'),
(13,13,5,150,'2017-11-16 00:00:00','pago_144-2017-11-17 19:14:03.pdf',NULL,'RE','AP','2100078117','2017-11-16 00:00:00',112,NUll,'1','2017-11-18 11:24:30',NULL,'1'),
(14,14,4,150,'2017-11-19 00:00:00','pago_156-2017-11-19 12:08:38.pdf',NULL,'RE','AP','0030490129','2017-11-19 00:00:00',112,NUll,'1','2017-11-20 09:15:51',NULL,'1'),
(15,15,5,150,'2017-11-13 00:00:00','pago_135-2017-11-13 16:26:13.pdf',NULL,'RE','AP','14072252','2017-11-13 00:00:00',112,NUll,'1','2017-11-22 12:52:58',NULL,'1'),
(16,16,1,150,'2017-11-20 00:00:00',NULL,NULL,'RE','AP','141107','2017-11-20 00:00:00',112,NUll,'1','2017-11-28 16:49:32',NULL,'1'),
(17,17,4,150,'2017-11-10 00:00:00','pago_130-2017-11-28 15:05:48.jpg',NULL,'RE','AP','31705250','2017-11-10 00:00:00',112,NUll,'1','2017-11-28 16:52:05',NULL,'1'),
(18,18,4,150,'2017-11-20 00:00:00','pago_162-2017-11-28 19:23:47.pdf',NULL,'RE','AP','016275642','2017-11-20 00:00:00',112,NUll,'1','2017-11-29 09:36:25',NULL,'1'),
(19,19,2,150,'2017-11-07 00:00:00',NULl,NULL,'RE','AP','140419','2017-11-07 00:00:00',112,NUll,'1','2017-11-29 10:10:45',NULL,'1'),
(20,20,2,150,'2017-11-07 00:00:00',NULl,NULL,'RE','AP','140403','2017-11-07 00:00:00',112,NUll,'1','2017-11-29 10:11:46',NULL,'1'),
(21,21,1,150,'2017-11-12 00:00:00',NULl,NULL,'RE','AP','140932','2017-11-12 00:00:00',112,NUll,'1','2017-11-29 10:18:29',NULL,'1'),
(22,22,5,150,'2017-11-12 00:00:00','pago_36-2017-11-29 12:44:33.jpg',NULL,'RE','AP','4334161','2017-11-12 00:00:00',112,NUll,'1','2017-11-29 12:48:09',NULL,'1');

-- --------------------------------------------------------
--
-- Volcado de datos para la tabla `info_carga_prepago` 
--
insert into `info_carga_prepago`(`icpr_id`, `opag_id`, `fpag_id`, `icpr_valor`, `icpr_valor_pagado`, `icpr_fecha_registro`, `icpr_fecha_pago`, `icpr_imagen`, `icpr_observacion`, `icpr_revisado`, `icpr_resultado`, `icpr_num_transaccion`, `icpr_fecha_transaccion`, `icpr_usuario_transaccion`, `icpr_estado`, `icpr_fecha_creacion`, `icpr_fecha_modificacion`, `icpr_estado_logico`)
VALUES (1,1,4,150,150,'2017-10-07 00:17:59','2017-10-07 05:17:59','pago_26-2017-10-06 19:17:26.pdf',NULL,'RE','AP','1612507768','2017-10-05 05:00:00',20,'1','2017-10-07 00:17:59','2017-10-11 01:22:45','1'),
(2,1,4,150,NULL,'2017-10-07 00:19:23',NULL,'pago_26-2017-10-06 19:19:18.pdf','Pago Duplicado','RE','RE','1612507768','2017-10-05 05:00:00',20,'1','2017-10-07 00:19:23','2017-10-11 19:15:06','1'),
(3,2,2,150,150,'2017-10-11 20:22:27','2017-10-12 01:22:27',NULL,NULL,'RE','AP','139491','2017-10-11 05:00:00',20,'1','2017-10-11 20:22:27','2017-10-12 01:22:27','1'),
(4,6,1,150,150,'2017-10-13 16:14:02','2017-10-13 21:14:02',NULL,NULL,'RE','AP','1086223140','2017-10-13 05:00:00',20,'1','2017-10-13 16:14:02','2017-10-13 21:14:02','1'),
(5,7,2,150,150,'2017-10-14 16:15:17','2017-10-14 21:15:17',NULL,NULL,'RE','AP','139655','2017-10-14 05:00:00',20,'1','2017-10-14 16:15:17','2017-10-14 21:15:17','1'),
(6,8,1,150,150,'2017-10-14 16:23:17','2017-10-14 21:23:17',NULL,NULL,'RE','AP','1371940','2017-10-14 05:00:00',20,'1','2017-10-14 16:23:17','2017-10-14 21:23:17','1'),
(7,9,5,150,150,'2017-10-16 21:50:41','2017-10-17 02:50:41','pago_63-2017-10-16 16:53:55.pdf',NULL,'RE','AP','013753','2017-10-16 05:00:00',20,'1','2017-10-16 21:50:41','2017-10-17 03:03:17','1'),
(8,11,4,150,150,'2017-10-17 17:37:32','2017-10-17 22:37:32','pago_67-2017-10-17 12:37:25.pdf',NULL,'PE',NULL,'1','2017-10-17 05:00:00',20,'1','2017-10-17 17:37:32',NULL,'1'),
(9,12,4,150,NULL,'2017-10-18 12:12:51',NULL,NULL,'Pago Ilegible','RE','RE','14454140','2017-10-16 00:00:00',20,'1','2017-10-18 12:12:51','2017-10-18 19:15:43','1'), 
(10,10,5,150,150,'2017-10-18 14:13:53','2017-10-18 19:13:53','Pago Ilegible',NULL,'RE','RE','5273197','2017-10-18 00:00:00',20,'1','2017-10-18 14:13:53','2017-10-18 19:57:30','1'),
(11,12,5,150,150,'2017-10-18 15:10:47','2017-10-18 17:12:51','pago_68-2017-10-18 15:10:42.pdf',NULL,'RE','AP','14454140','2017-10-16 00:00:00',20,'1','2017-10-18 15:10:47','2017-10-18 20:16:40','1'), 
(12,14,5,150,150,'2017-10-31 13:52:34','2017-10-31 18:52:34','pago_106-2017-10-31 13:50:47.jpg',NULL,'RE','AP','5386624','2017-10-31 00:00:00',NULL,'1','2017-10-31 13:52:34','2017-10-31 19:52:50','1'),
(13,19,4,150,150,'2017-11-09 10:40:12','2017-11-09 10:40:12','pago_104-2017-11-9 10:37:55.png',NULL,'RE','AP','2498237','2017-11-09 00:00:00',112,'1','2017-11-09 10:40:12','2017-11-10 14:11:46','1'),
(14,17,5,150,150,'2017-11-11 11:11:31','2017-11-11 11:11:31','pago_95-2017-11-11 11:10:42.pdf',NULL,'RE','AP','014258','2017-10-22 00:00:00',112,'1','2017-11-11 11:11:31','2017-11-13 10:37:15','1'),
(15,28,5,150,150,'2017-11-13 14:43:24','2017-11-13 14:43:24','pago_149-2017-11-13 14:42:35.pdf',NULL,'RE','AP','13966213','2017-11-13 00:00:00',112,'1','2017-11-13 14:43:24','2017-11-13 16:09:18','1'),
(16,25,5,150,150,'2017-11-13 16:27:05','2017-11-13 16:27:05','pago_135-2017-11-13 16:26:13.pdf',NULL,'RE','AP','14072252','2017-11-13 00:00:00',112,'1','2017-11-13 16:27:05','2017-11-22 12:52:58','1'),
(17,29,5,150,NULL,'2017-11-16 20:45:14',NULL,'pago_144-2017-11-16 20:42:55.pdf',NULL,'PE',NULL,'2100078117','2017-11-16 00:00:00',NULL,'1','2017-11-16 20:45:14',NULL,'1'), 
(18,29,5,150,150,'2017-11-17 19:15:58','2017-11-16 20:45:14','pago_144-2017-11-17 19:14:03.pdf',NULL,'RE','AP','2100078117','2017-11-16 00:00:00',112,'1','2017-11-17 19:15:58','2017-11-18 11:24:30','1'), 
(19,30,4,150,150,'2017-11-19 12:09:11','2017-11-19 12:09:11','pago_156-2017-11-19 12:08:38.pdf',NULL,'RE','AP','0030490129','2017-11-19 00:00:00',112,'1','2017-11-19 12:09:11','2017-11-20 09:15:51','1'),
(20,24,4,150,150,'2017-11-28 15:05:56','2017-11-28 15:05:56','pago_130-2017-11-28 15:05:48.jpg',NULL,'RE','AP','31705250','2017-11-10 00:00:00',112,'1','2017-11-28 15:05:56','2017-11-28 16:52:05','1'),
(21,32,1,150,150,'2017-11-28 16:49:32','2017-11-28 16:49:32',NULL,NULL,'RE','AP','141107','2017-11-20 00:00:00',112,'1','2017-11-28 16:49:32','2017-11-28 16:49:32','1'),
(22,33,4,150,150,'2017-11-28 19:24:00','2017-11-28 19:24:00','pago_162-2017-11-28 19:23:47.pdf',NULL,'RE','AP','016275642','2017-11-20 00:00:00',112,'1','2017-11-28 19:24:00','2017-11-29 09:36:25','1'),
(23,16,2,150,150,'2017-11-29 10:10:45','2017-11-29 10:10:45',NULL,NULL,'RE','AP','140419','2017-11-07 00:00:00',112,'1','2017-11-29 10:10:45','2017-11-29 10:10:45','1'),
(24,18,2,150,150,'2017-11-29 10:11:46','2017-11-29 10:11:46',NULL,NULL,'RE','AP','140403','2017-11-07 00:00:00',112,'1','2017-11-29 10:11:46','2017-11-29 10:11:46','1'),
(25,26,1,150,150,'2017-11-29 10:18:29','2017-11-29 10:18:29',NULL,NULL,'RE','AP','140932','2017-11-12 00:00:00',112,'1','2017-11-29 10:18:29','2017-11-29 10:18:29','1'),
(26,4,5,150,NULL,'2017-11-29 12:39:40',NULL,NULL,NULL,'PE',NULL,'4334161','2017-10-12 00:00:00',NULL,'1','2017-11-29 12:39:40',NULL,'1'), 
(27,4,5,150,NULL,'2017-11-29 12:40:35',NULL,NULL,NULL,'PE',NULL,'4334161','2017-10-12 00:00:00',NULL,'1','2017-11-29 12:40:35',NULL,'1'), 
(28,4,5,150,NULL,'2017-11-29 12:40:38',NULL,NULL,NULL,'PE',NULL,'4334161','2017-10-12 00:00:00',NULL,'1','2017-11-29 12:40:38',NULL,'1'), 
(29,4,5,150,NULL,'2017-11-29 12:40:39',NULL,NULL,'Pago Ilegible','RE','RE','4334161','2017-10-12 00:00:00',112,'1','2017-11-29 12:40:39','2017-11-29 12:46:36','1'), 
(30,4,5,150,150,'2017-11-29 12:45:25','2017-11-29 12:39:40','pago_36-2017-11-29 12:44:33.jpg',NULL,'RE','AP','4334161','2017-11-12 00:00:00',112,'1','2017-11-29 12:45:25','2017-11-29 12:48:09','1');  