--
-- Base de datos: `db_asgard`
--
USE `db_asgard`;

--
-- Volcado de datos para la tabla `usuario`
--


INSERT INTO `usuario` (`usu_id`, `per_id`, `usu_user`, `usu_sha`, `usu_password`, `usu_time_pass`, `usu_session`, `usu_last_login`, `usu_link_activo`, `usu_estado`, `usu_fecha_creacion`, `usu_fecha_modificacion`, `usu_estado_logico`) VALUES
(1, 1, 'dlopez@uteg.edu.ec', 'jkYnLjpgwzse50H4VbKE7zsbvTnC2uIb', '+Y97uXDhL0F9CQaHKKLcbjdmOGUyYTZkZWQxYWYyOGI0ZjhiNzViNDNkM2JkODlkMDMxZGMwYzg1MWM5NjhkMWIxMDI1YzlhY2M3YjUxZTSaXXoLsPecZttR73ENLIgbcsBkgGJ0huoMwIynpIoZv1mEbcqHxwiqBU8ryDMUPNGYoA/M0XhPLYH7dtlD6otV', NULL, NULL, NULL, NULL, '1', '2017-09-01 05:14:00', NULL, '1'),
(2, 2, 'jefedesarrollo@uteg.edu.ec', 'aP0XxgvEdoBZ8sr19fnN34L_PxTqu3wd', 'HiafLl62OR9qInOO705nwDI3NTczY2Q5MDViYjM5NWFlYTFlZGZkZTdlNTA2MThhMTUzNjc1MjhlYTlkZGZjMDBhMjA2ZTZhMDFmMThkZTcbj9uW0LIhjc0Z1IwPfDMMAfqHOfxNRiKCxVPFWrGNLxzaIPDXaUGGCQH8cyM00AFArFj4MpKR7+fCPiSxXVuF', NULL, NULL, NULL, NULL, '1', '2017-09-01 02:53:00', NULL, '1'),
(3, 3, 'analistadesarrollo01@uteg.edu.ec', 'aP0XxgvEdoBZ8sr19fnN34L_PxTqu3wd', 'HiafLl62OR9qInOO705nwDI3NTczY2Q5MDViYjM5NWFlYTFlZGZkZTdlNTA2MThhMTUzNjc1MjhlYTlkZGZjMDBhMjA2ZTZhMDFmMThkZTcbj9uW0LIhjc0Z1IwPfDMMAfqHOfxNRiKCxVPFWrGNLxzaIPDXaUGGCQH8cyM00AFArFj4MpKR7+fCPiSxXVuF', NULL, NULL, NULL, NULL, '1', '2017-09-01 02:53:00', NULL, '1'),
(4, 4, 'analistadesarrollo02@uteg.edu.ec', 'aP0XxgvEdoBZ8sr19fnN34L_PxTqu3wd', 'HiafLl62OR9qInOO705nwDI3NTczY2Q5MDViYjM5NWFlYTFlZGZkZTdlNTA2MThhMTUzNjc1MjhlYTlkZGZjMDBhMjA2ZTZhMDFmMThkZTcbj9uW0LIhjc0Z1IwPfDMMAfqHOfxNRiKCxVPFWrGNLxzaIPDXaUGGCQH8cyM00AFArFj4MpKR7+fCPiSxXVuF', NULL, NULL, NULL, NULL, '1', '2017-09-01 02:53:00', NULL, '1'),
(5, 5, 'analistadesarrollo03@uteg.edu.ec', 'aP0XxgvEdoBZ8sr19fnN34L_PxTqu3wd', 'HiafLl62OR9qInOO705nwDI3NTczY2Q5MDViYjM5NWFlYTFlZGZkZTdlNTA2MThhMTUzNjc1MjhlYTlkZGZjMDBhMjA2ZTZhMDFmMThkZTcbj9uW0LIhjc0Z1IwPfDMMAfqHOfxNRiKCxVPFWrGNLxzaIPDXaUGGCQH8cyM00AFArFj4MpKR7+fCPiSxXVuF', NULL, NULL, NULL, NULL, '1', '2017-09-01 02:53:00', NULL, '1'),
(6, 6, 'coordinacionadmisiones@uteg.edu.ec', 'aP0XxgvEdoBZ8sr19fnN34L_PxTqu3wd', 'HiafLl62OR9qInOO705nwDI3NTczY2Q5MDViYjM5NWFlYTFlZGZkZTdlNTA2MThhMTUzNjc1MjhlYTlkZGZjMDBhMjA2ZTZhMDFmMThkZTcbj9uW0LIhjc0Z1IwPfDMMAfqHOfxNRiKCxVPFWrGNLxzaIPDXaUGGCQH8cyM00AFArFj4MpKR7+fCPiSxXVuF', NULL, NULL, NULL, NULL, '1', '2017-09-01 02:53:00', NULL, '1'),
(7, 7, 'info@ulink.us', '60sU04pqQwiP0I5NLm0pbLFhU8x_eUJw', 'PMLFqAeA3TjsRNVHHkSrEzMwZDI4OTVlNjU1YzBjMTgxNzQ2NWM3YTQ3NTk1MjcwZWMzZjYxYThlMGFlZjgyZGQ3YzA5MjM1ZWFjMTY3MWXB0IJRlKOw/a2OCww0lEq+NsDMShqFj8ufvXsVXRlIqUwkv6yvkFcw0Y9+adGlvMMfTI/GXubd9+VqnfYSfdjl', NULL, NULL, NULL, NULL, '1', '2018-05-17 23:20:00', NULL, '1'),
(8, 8, 'educacioncontinua@uteg.edu.ec', '60sU04pqQwiP0I5NLm0pbLFhU8x_eUJw', 'PMLFqAeA3TjsRNVHHkSrEzMwZDI4OTVlNjU1YzBjMTgxNzQ2NWM3YTQ3NTk1MjcwZWMzZjYxYThlMGFlZjgyZGQ3YzA5MjM1ZWFjMTY3MWXB0IJRlKOw/a2OCww0lEq+NsDMShqFj8ufvXsVXRlIqUwkv6yvkFcw0Y9+adGlvMMfTI/GXubd9+VqnfYSfdjl', NULL, NULL, NULL, NULL, '1', '2017-09-01 02:53:00', NULL, '1'),
(9, 9, 'admisiones01@uteg.edu.ec', '60sU04pqQwiP0I5NLm0pbLFhU8x_eUJw', 'PMLFqAeA3TjsRNVHHkSrEzMwZDI4OTVlNjU1YzBjMTgxNzQ2NWM3YTQ3NTk1MjcwZWMzZjYxYThlMGFlZjgyZGQ3YzA5MjM1ZWFjMTY3MWXB0IJRlKOw/a2OCww0lEq+NsDMShqFj8ufvXsVXRlIqUwkv6yvkFcw0Y9+adGlvMMfTI/GXubd9+VqnfYSfdjl', NULL, NULL, NULL, NULL, '1', '2017-09-01 02:53:00', NULL, '1'),
(10, 10, 'admisiones02@uteg.edu.ec', '60sU04pqQwiP0I5NLm0pbLFhU8x_eUJw', 'PMLFqAeA3TjsRNVHHkSrEzMwZDI4OTVlNjU1YzBjMTgxNzQ2NWM3YTQ3NTk1MjcwZWMzZjYxYThlMGFlZjgyZGQ3YzA5MjM1ZWFjMTY3MWXB0IJRlKOw/a2OCww0lEq+NsDMShqFj8ufvXsVXRlIqUwkv6yvkFcw0Y9+adGlvMMfTI/GXubd9+VqnfYSfdjl', NULL, NULL, NULL, NULL, '1', '2017-09-01 02:53:00', NULL, '1'),
(11, 11, 'admisiones03@uteg.edu.ec', '60sU04pqQwiP0I5NLm0pbLFhU8x_eUJw', 'PMLFqAeA3TjsRNVHHkSrEzMwZDI4OTVlNjU1YzBjMTgxNzQ2NWM3YTQ3NTk1MjcwZWMzZjYxYThlMGFlZjgyZGQ3YzA5MjM1ZWFjMTY3MWXB0IJRlKOw/a2OCww0lEq+NsDMShqFj8ufvXsVXRlIqUwkv6yvkFcw0Y9+adGlvMMfTI/GXubd9+VqnfYSfdjl', NULL, NULL, NULL, NULL, '1', '2017-09-01 02:53:00', NULL, '1'),
(12, 12, 'admisiones04@uteg.edu.ec', '60sU04pqQwiP0I5NLm0pbLFhU8x_eUJw', 'PMLFqAeA3TjsRNVHHkSrEzMwZDI4OTVlNjU1YzBjMTgxNzQ2NWM3YTQ3NTk1MjcwZWMzZjYxYThlMGFlZjgyZGQ3YzA5MjM1ZWFjMTY3MWXB0IJRlKOw/a2OCww0lEq+NsDMShqFj8ufvXsVXRlIqUwkv6yvkFcw0Y9+adGlvMMfTI/GXubd9+VqnfYSfdjl', NULL, NULL, NULL, NULL, '1', '2017-09-01 02:53:00', NULL, '1'),
(13, 13, 'ventasposgrado01@uteg.edu.ec', '60sU04pqQwiP0I5NLm0pbLFhU8x_eUJw', 'PMLFqAeA3TjsRNVHHkSrEzMwZDI4OTVlNjU1YzBjMTgxNzQ2NWM3YTQ3NTk1MjcwZWMzZjYxYThlMGFlZjgyZGQ3YzA5MjM1ZWFjMTY3MWXB0IJRlKOw/a2OCww0lEq+NsDMShqFj8ufvXsVXRlIqUwkv6yvkFcw0Y9+adGlvMMfTI/GXubd9+VqnfYSfdjl', NULL, NULL, NULL, NULL, '1', '2017-09-01 02:53:00', NULL, '1'),
(14, 14, 'ventasposgrado02@uteg.edu.ec', '60sU04pqQwiP0I5NLm0pbLFhU8x_eUJw', 'PMLFqAeA3TjsRNVHHkSrEzMwZDI4OTVlNjU1YzBjMTgxNzQ2NWM3YTQ3NTk1MjcwZWMzZjYxYThlMGFlZjgyZGQ3YzA5MjM1ZWFjMTY3MWXB0IJRlKOw/a2OCww0lEq+NsDMShqFj8ufvXsVXRlIqUwkv6yvkFcw0Y9+adGlvMMfTI/GXubd9+VqnfYSfdjl', NULL, NULL, NULL, NULL, '1', '2017-09-01 02:53:00', NULL, '1'),
(15, 15, 'ventasposgrado03@uteg.edu.ec', '60sU04pqQwiP0I5NLm0pbLFhU8x_eUJw', 'PMLFqAeA3TjsRNVHHkSrEzMwZDI4OTVlNjU1YzBjMTgxNzQ2NWM3YTQ3NTk1MjcwZWMzZjYxYThlMGFlZjgyZGQ3YzA5MjM1ZWFjMTY3MWXB0IJRlKOw/a2OCww0lEq+NsDMShqFj8ufvXsVXRlIqUwkv6yvkFcw0Y9+adGlvMMfTI/GXubd9+VqnfYSfdjl', NULL, NULL, NULL, NULL, '1', '2017-09-01 02:53:00', NULL, '1'),
(16, 16, 'lidercontactcenter@uteg.edu.ec', '60sU04pqQwiP0I5NLm0pbLFhU8x_eUJw', 'PMLFqAeA3TjsRNVHHkSrEzMwZDI4OTVlNjU1YzBjMTgxNzQ2NWM3YTQ3NTk1MjcwZWMzZjYxYThlMGFlZjgyZGQ3YzA5MjM1ZWFjMTY3MWXB0IJRlKOw/a2OCww0lEq+NsDMShqFj8ufvXsVXRlIqUwkv6yvkFcw0Y9+adGlvMMfTI/GXubd9+VqnfYSfdjl', NULL, NULL, NULL, NULL, '1', '2017-09-01 02:53:00', NULL, '1'),
(17, 17, 'contactcenter01@uteg.edu.ec', '60sU04pqQwiP0I5NLm0pbLFhU8x_eUJw', 'PMLFqAeA3TjsRNVHHkSrEzMwZDI4OTVlNjU1YzBjMTgxNzQ2NWM3YTQ3NTk1MjcwZWMzZjYxYThlMGFlZjgyZGQ3YzA5MjM1ZWFjMTY3MWXB0IJRlKOw/a2OCww0lEq+NsDMShqFj8ufvXsVXRlIqUwkv6yvkFcw0Y9+adGlvMMfTI/GXubd9+VqnfYSfdjl', NULL, NULL, NULL, NULL, '1', '2017-09-01 02:53:00', NULL, '1'),
(18, 18, 'contactcenter02@uteg.edu.ec', '60sU04pqQwiP0I5NLm0pbLFhU8x_eUJw', 'PMLFqAeA3TjsRNVHHkSrEzMwZDI4OTVlNjU1YzBjMTgxNzQ2NWM3YTQ3NTk1MjcwZWMzZjYxYThlMGFlZjgyZGQ3YzA5MjM1ZWFjMTY3MWXB0IJRlKOw/a2OCww0lEq+NsDMShqFj8ufvXsVXRlIqUwkv6yvkFcw0Y9+adGlvMMfTI/GXubd9+VqnfYSfdjl', NULL, NULL, NULL, NULL, '1', '2017-09-01 02:53:00', NULL, '1'),
(19, 19, 'contactcenter03@uteg.edu.ec', '60sU04pqQwiP0I5NLm0pbLFhU8x_eUJw', 'PMLFqAeA3TjsRNVHHkSrEzMwZDI4OTVlNjU1YzBjMTgxNzQ2NWM3YTQ3NTk1MjcwZWMzZjYxYThlMGFlZjgyZGQ3YzA5MjM1ZWFjMTY3MWXB0IJRlKOw/a2OCww0lEq+NsDMShqFj8ufvXsVXRlIqUwkv6yvkFcw0Y9+adGlvMMfTI/GXubd9+VqnfYSfdjl', NULL, NULL, NULL, NULL, '1', '2017-09-01 02:53:00', NULL, '1'),
(20, 20, 'contactcenter04@uteg.edu.ec', '60sU04pqQwiP0I5NLm0pbLFhU8x_eUJw', 'PMLFqAeA3TjsRNVHHkSrEzMwZDI4OTVlNjU1YzBjMTgxNzQ2NWM3YTQ3NTk1MjcwZWMzZjYxYThlMGFlZjgyZGQ3YzA5MjM1ZWFjMTY3MWXB0IJRlKOw/a2OCww0lEq+NsDMShqFj8ufvXsVXRlIqUwkv6yvkFcw0Y9+adGlvMMfTI/GXubd9+VqnfYSfdjl', NULL, NULL, NULL, NULL, '1', '2017-09-01 02:53:00', NULL, '1'),
(21, 21, 'supervisorcolecturia@uteg.edu.ec', 'rpvwbGDLI7ilrqY_FwySkKJ4jTnDh3Wb', 'at0l/8F1Iql4VdQzARfFZzkxYzE4ODM3OWNmNTVkN2U5OThhODE4YjZjZjZmNDM4MjU0ZWVjYzE5NDFlZWUwOTg5YjU2MjdkNmNjMjczMjnTjulnuDx09CqSNXcAf3Ch6rKAlCnMls6WeVJdq5heXynGF5kJKIUGZrFLnMMGM18ujL4bkh3tGMd1zWbPbsSu', NULL, NULL, NULL, NULL, '1', '2017-09-01 02:53:00', NULL, '1'),
(22, 22, 'colecturia@uteg.edu.ec', '5ZSDLiC_OFlbibkEQ7ILDbUULNJjYpOX', 'EN/O1jrjQgSHZE6w+bd/nzI0MzJiYzFmZmMzNWMyNzRlMzIyZjdlZjdiMWJhYjJkNzkwMDYzNTAwZmFkMzljY2JiZGFmNWQ5MDI5MWI3Nzc1IMolYpiaYr9M2WC5m5c0JWGU5kQqWtB2gqoQ7gaGsJqiyn7F6x3hpOz5AUU0QrLmerh67ejvhUAAow9Pjefb', NULL, NULL, NULL, NULL, '1', '2017-09-01 02:53:00', NULL, '1'),
(23, 23, 'aalcivar@uteg.edu.ec', 'DI8IHwXsfNeFrNwdwI_cSwb_Gu7MmFf4', 'uGiTkVrUkRBXTiO2ktA4WTcwMTI1OWI0MTM4YzYwYjBlNDAyODVmMDA2NmZhZjc0MWNmMmZjNGI2OTdjNzEwYWE2M2RjYmI3ZWYxYzQ1MTSui71RbleQi0pTbykQBgrrfDnwAgJkDbij0mICOqkZK1UGn9stLQKZt4TYXU/lQKW9PVWZ9DfiW5KOPHR67Zov', NULL, NULL, NULL, NULL, '1', '2017-09-01 02:53:00', NULL, '1'),
(24, 24, 'xmosquera@uteg.edu.ec', '60sU04pqQwiP0I5NLm0pbLFhU8x_eUJw', 'PMLFqAeA3TjsRNVHHkSrEzMwZDI4OTVlNjU1YzBjMTgxNzQ2NWM3YTQ3NTk1MjcwZWMzZjYxYThlMGFlZjgyZGQ3YzA5MjM1ZWFjMTY3MWXB0IJRlKOw/a2OCww0lEq+NsDMShqFj8ufvXsVXRlIqUwkv6yvkFcw0Y9+adGlvMMfTI/GXubd9+VqnfYSfdjl', NULL, NULL, NULL, NULL, '1', '2017-09-01 02:53:00', NULL, '1'),
(25, 25, 'decanasemipresencial@uteg.edu.ec', '60sU04pqQwiP0I5NLm0pbLFhU8x_eUJw', 'PMLFqAeA3TjsRNVHHkSrEzMwZDI4OTVlNjU1YzBjMTgxNzQ2NWM3YTQ3NTk1MjcwZWMzZjYxYThlMGFlZjgyZGQ3YzA5MjM1ZWFjMTY3MWXB0IJRlKOw/a2OCww0lEq+NsDMShqFj8ufvXsVXRlIqUwkv6yvkFcw0Y9+adGlvMMfTI/GXubd9+VqnfYSfdjl', NULL, NULL, NULL, NULL, '1', '2017-09-01 02:53:00', NULL, '1'),
(26, 26, 'decanoposgrado@uteg.edu.ec', '60sU04pqQwiP0I5NLm0pbLFhU8x_eUJw', 'PMLFqAeA3TjsRNVHHkSrEzMwZDI4OTVlNjU1YzBjMTgxNzQ2NWM3YTQ3NTk1MjcwZWMzZjYxYThlMGFlZjgyZGQ3YzA5MjM1ZWFjMTY3MWXB0IJRlKOw/a2OCww0lEq+NsDMShqFj8ufvXsVXRlIqUwkv6yvkFcw0Y9+adGlvMMfTI/GXubd9+VqnfYSfdjl', NULL, NULL, NULL, NULL, '1', '2017-09-01 02:53:00', NULL, '1'),
(27, 27, 'secretariaonline@uteg.edu.ec', 'Zso9HhfUjWAo4oTOqx3dx6bJkab3yOhp', 'VXu9Ab+jhCp7EQLtSjtnPTcwZGM5MjVmODc5MmFlN2I3ZmQ3Nzk3NGNjOWMyZGVjN2NjYWM5OWM3OGZjMzIxNmFlYmVlY2QxMGVjNWNhOWIL04zbRKowoUHAejOfzVcXsbXouO37UTxuNnOeKuWgT+W3IvNSYiGC/l1ej3FB7z/DUzjQXD6p9VR7viiYqYX+', NULL, NULL, NULL, NULL, '1', '2017-09-01 02:53:00', NULL, '1'),
(28, 28, 'ahernandez@uteg.edu.ec', '60sU04pqQwiP0I5NLm0pbLFhU8x_eUJw', 'PMLFqAeA3TjsRNVHHkSrEzMwZDI4OTVlNjU1YzBjMTgxNzQ2NWM3YTQ3NTk1MjcwZWMzZjYxYThlMGFlZjgyZGQ3YzA5MjM1ZWFjMTY3MWXB0IJRlKOw/a2OCww0lEq+NsDMShqFj8ufvXsVXRlIqUwkv6yvkFcw0Y9+adGlvMMfTI/GXubd9+VqnfYSfdjl', NULL, NULL, NULL, NULL, '1', '2017-09-01 02:53:00', NULL, '1'),
(29, 29, 'administradorplataforma@uteg.edu.ec', '60sU04pqQwiP0I5NLm0pbLFhU8x_eUJw', 'PMLFqAeA3TjsRNVHHkSrEzMwZDI4OTVlNjU1YzBjMTgxNzQ2NWM3YTQ3NTk1MjcwZWMzZjYxYThlMGFlZjgyZGQ3YzA5MjM1ZWFjMTY3MWXB0IJRlKOw/a2OCww0lEq+NsDMShqFj8ufvXsVXRlIqUwkv6yvkFcw0Y9+adGlvMMfTI/GXubd9+VqnfYSfdjl', NULL, NULL, NULL, NULL, '1', '2017-09-01 02:53:00', NULL, '1'),

(30, 30, 'daguirre@uteg.edu.ec', '60sU04pqQwiP0I5NLm0pbLFhU8x_eUJw', 'PMLFqAeA3TjsRNVHHkSrEzMwZDI4OTVlNjU1YzBjMTgxNzQ2NWM3YTQ3NTk1MjcwZWMzZjYxYThlMGFlZjgyZGQ3YzA5MjM1ZWFjMTY3MWXB0IJRlKOw/a2OCww0lEq+NsDMShqFj8ufvXsVXRlIqUwkv6yvkFcw0Y9+adGlvMMfTI/GXubd9+VqnfYSfdjl', NULL, NULL, NULL, NULL, '1', '2017-09-01 02:53:00', NULL, '1'),
(31, 31, 'cvelez@uteg.edu.ec', '60sU04pqQwiP0I5NLm0pbLFhU8x_eUJw', 'PMLFqAeA3TjsRNVHHkSrEzMwZDI4OTVlNjU1YzBjMTgxNzQ2NWM3YTQ3NTk1MjcwZWMzZjYxYThlMGFlZjgyZGQ3YzA5MjM1ZWFjMTY3MWXB0IJRlKOw/a2OCww0lEq+NsDMShqFj8ufvXsVXRlIqUwkv6yvkFcw0Y9+adGlvMMfTI/GXubd9+VqnfYSfdjl', NULL, NULL, NULL, NULL, '1', '2017-09-01 02:53:00', NULL, '1'),
(32, 32, 'cbarros@uteg.edu.ec', '60sU04pqQwiP0I5NLm0pbLFhU8x_eUJw', 'PMLFqAeA3TjsRNVHHkSrEzMwZDI4OTVlNjU1YzBjMTgxNzQ2NWM3YTQ3NTk1MjcwZWMzZjYxYThlMGFlZjgyZGQ3YzA5MjM1ZWFjMTY3MWXB0IJRlKOw/a2OCww0lEq+NsDMShqFj8ufvXsVXRlIqUwkv6yvkFcw0Y9+adGlvMMfTI/GXubd9+VqnfYSfdjl', NULL, NULL, NULL, NULL, '1', '2017-09-01 02:53:00', NULL, '1'),
(33, 33, 'kmunoz@uteg.edu.ec', '60sU04pqQwiP0I5NLm0pbLFhU8x_eUJw', 'PMLFqAeA3TjsRNVHHkSrEzMwZDI4OTVlNjU1YzBjMTgxNzQ2NWM3YTQ3NTk1MjcwZWMzZjYxYThlMGFlZjgyZGQ3YzA5MjM1ZWFjMTY3MWXB0IJRlKOw/a2OCww0lEq+NsDMShqFj8ufvXsVXRlIqUwkv6yvkFcw0Y9+adGlvMMfTI/GXubd9+VqnfYSfdjl', NULL, NULL, NULL, NULL, '1', '2017-09-01 02:53:00', NULL, '1'),
(34, 34, 'gmoran@uteg.edu.ec', '60sU04pqQwiP0I5NLm0pbLFhU8x_eUJw', 'PMLFqAeA3TjsRNVHHkSrEzMwZDI4OTVlNjU1YzBjMTgxNzQ2NWM3YTQ3NTk1MjcwZWMzZjYxYThlMGFlZjgyZGQ3YzA5MjM1ZWFjMTY3MWXB0IJRlKOw/a2OCww0lEq+NsDMShqFj8ufvXsVXRlIqUwkv6yvkFcw0Y9+adGlvMMfTI/GXubd9+VqnfYSfdjl', NULL, NULL, NULL, NULL, '1', '2017-09-01 02:53:00', NULL, '1'),
(35, 35, 'jhoyos@uteg.edu.ec', '60sU04pqQwiP0I5NLm0pbLFhU8x_eUJw', 'PMLFqAeA3TjsRNVHHkSrEzMwZDI4OTVlNjU1YzBjMTgxNzQ2NWM3YTQ3NTk1MjcwZWMzZjYxYThlMGFlZjgyZGQ3YzA5MjM1ZWFjMTY3MWXB0IJRlKOw/a2OCww0lEq+NsDMShqFj8ufvXsVXRlIqUwkv6yvkFcw0Y9+adGlvMMfTI/GXubd9+VqnfYSfdjl', NULL, NULL, NULL, NULL, '1', '2017-09-01 02:53:00', NULL, '1'),
(36, 36, 'mviteri@uteg.edu.ec', '60sU04pqQwiP0I5NLm0pbLFhU8x_eUJw', 'PMLFqAeA3TjsRNVHHkSrEzMwZDI4OTVlNjU1YzBjMTgxNzQ2NWM3YTQ3NTk1MjcwZWMzZjYxYThlMGFlZjgyZGQ3YzA5MjM1ZWFjMTY3MWXB0IJRlKOw/a2OCww0lEq+NsDMShqFj8ufvXsVXRlIqUwkv6yvkFcw0Y9+adGlvMMfTI/GXubd9+VqnfYSfdjl', NULL, NULL, NULL, NULL, '1', '2017-09-01 02:53:00', NULL, '1'),
(37, 37, 'sgarcia@uteg.edu.ec', '60sU04pqQwiP0I5NLm0pbLFhU8x_eUJw', 'PMLFqAeA3TjsRNVHHkSrEzMwZDI4OTVlNjU1YzBjMTgxNzQ2NWM3YTQ3NTk1MjcwZWMzZjYxYThlMGFlZjgyZGQ3YzA5MjM1ZWFjMTY3MWXB0IJRlKOw/a2OCww0lEq+NsDMShqFj8ufvXsVXRlIqUwkv6yvkFcw0Y9+adGlvMMfTI/GXubd9+VqnfYSfdjl', NULL, NULL, NULL, NULL, '1', '2017-09-01 02:53:00', NULL, '1'),

(38, 38, 'aleyton@uteg.edu.ec', '60sU04pqQwiP0I5NLm0pbLFhU8x_eUJw', 'PMLFqAeA3TjsRNVHHkSrEzMwZDI4OTVlNjU1YzBjMTgxNzQ2NWM3YTQ3NTk1MjcwZWMzZjYxYThlMGFlZjgyZGQ3YzA5MjM1ZWFjMTY3MWXB0IJRlKOw/a2OCww0lEq+NsDMShqFj8ufvXsVXRlIqUwkv6yvkFcw0Y9+adGlvMMfTI/GXubd9+VqnfYSfdjl', NULL, NULL, NULL, NULL, '1', '2017-09-01 02:53:00', NULL, '1'),
(39, 39, 'malvarado@cranea.com.ec', '60sU04pqQwiP0I5NLm0pbLFhU8x_eUJw', 'PMLFqAeA3TjsRNVHHkSrEzMwZDI4OTVlNjU1YzBjMTgxNzQ2NWM3YTQ3NTk1MjcwZWMzZjYxYThlMGFlZjgyZGQ3YzA5MjM1ZWFjMTY3MWXB0IJRlKOw/a2OCww0lEq+NsDMShqFj8ufvXsVXRlIqUwkv6yvkFcw0Y9+adGlvMMfTI/GXubd9+VqnfYSfdjl', NULL, NULL, NULL, NULL, '1', '2017-09-01 02:53:00', NULL, '1'),
(40, 40, 'community@cranea.com.ec', '60sU04pqQwiP0I5NLm0pbLFhU8x_eUJw', 'PMLFqAeA3TjsRNVHHkSrEzMwZDI4OTVlNjU1YzBjMTgxNzQ2NWM3YTQ3NTk1MjcwZWMzZjYxYThlMGFlZjgyZGQ3YzA5MjM1ZWFjMTY3MWXB0IJRlKOw/a2OCww0lEq+NsDMShqFj8ufvXsVXRlIqUwkv6yvkFcw0Y9+adGlvMMfTI/GXubd9+VqnfYSfdjl', NULL, NULL, NULL, NULL, '1', '2017-09-01 02:53:00', NULL, '1'),
(41, 41, 'coordinadministrativa@uteg.edu.ec', '60sU04pqQwiP0I5NLm0pbLFhU8x_eUJw', 'PMLFqAeA3TjsRNVHHkSrEzMwZDI4OTVlNjU1YzBjMTgxNzQ2NWM3YTQ3NTk1MjcwZWMzZjYxYThlMGFlZjgyZGQ3YzA5MjM1ZWFjMTY3MWXB0IJRlKOw/a2OCww0lEq+NsDMShqFj8ufvXsVXRlIqUwkv6yvkFcw0Y9+adGlvMMfTI/GXubd9+VqnfYSfdjl', NULL, NULL, NULL, NULL, '1', '2018-11-14 18:00:00', NULL, '1'),
(42, 42, 'msubia@cranea.com.ec', '60sU04pqQwiP0I5NLm0pbLFhU8x_eUJw', 'PMLFqAeA3TjsRNVHHkSrEzMwZDI4OTVlNjU1YzBjMTgxNzQ2NWM3YTQ3NTk1MjcwZWMzZjYxYThlMGFlZjgyZGQ3YzA5MjM1ZWFjMTY3MWXB0IJRlKOw/a2OCww0lEq+NsDMShqFj8ufvXsVXRlIqUwkv6yvkFcw0Y9+adGlvMMfTI/GXubd9+VqnfYSfdjl', NULL, NULL, NULL, NULL, '1', '2018-11-14 18:45:00', NULL, '1'),

(43, 43, 'asistentecontable@uteg.edu.ec', '60sU04pqQwiP0I5NLm0pbLFhU8x_eUJw', 'PMLFqAeA3TjsRNVHHkSrEzMwZDI4OTVlNjU1YzBjMTgxNzQ2NWM3YTQ3NTk1MjcwZWMzZjYxYThlMGFlZjgyZGQ3YzA5MjM1ZWFjMTY3MWXB0IJRlKOw/a2OCww0lEq+NsDMShqFj8ufvXsVXRlIqUwkv6yvkFcw0Y9+adGlvMMfTI/GXubd9+VqnfYSfdjl', NULL, NULL, NULL, NULL, '1', '2018-11-22 13:45:00', NULL, '1'),

(44, 44, 'caja01@uteg.edu.ec', '60sU04pqQwiP0I5NLm0pbLFhU8x_eUJw', 'PMLFqAeA3TjsRNVHHkSrEzMwZDI4OTVlNjU1YzBjMTgxNzQ2NWM3YTQ3NTk1MjcwZWMzZjYxYThlMGFlZjgyZGQ3YzA5MjM1ZWFjMTY3MWXB0IJRlKOw/a2OCww0lEq+NsDMShqFj8ufvXsVXRlIqUwkv6yvkFcw0Y9+adGlvMMfTI/GXubd9+VqnfYSfdjl', NULL, NULL, NULL, NULL, '1', '2018-12-20 10:30:00', NULL, '1'),
(45, 45, 'caja02@uteg.edu.ec', '60sU04pqQwiP0I5NLm0pbLFhU8x_eUJw', 'PMLFqAeA3TjsRNVHHkSrEzMwZDI4OTVlNjU1YzBjMTgxNzQ2NWM3YTQ3NTk1MjcwZWMzZjYxYThlMGFlZjgyZGQ3YzA5MjM1ZWFjMTY3MWXB0IJRlKOw/a2OCww0lEq+NsDMShqFj8ufvXsVXRlIqUwkv6yvkFcw0Y9+adGlvMMfTI/GXubd9+VqnfYSfdjl', NULL, NULL, NULL, NULL, '1', '2018-12-20 10:30:00', NULL, '1'),

(46, 46, 'webmastermkt@uteg.edu.ec', '60sU04pqQwiP0I5NLm0pbLFhU8x_eUJw', 'PMLFqAeA3TjsRNVHHkSrEzMwZDI4OTVlNjU1YzBjMTgxNzQ2NWM3YTQ3NTk1MjcwZWMzZjYxYThlMGFlZjgyZGQ3YzA5MjM1ZWFjMTY3MWXB0IJRlKOw/a2OCww0lEq+NsDMShqFj8ufvXsVXRlIqUwkv6yvkFcw0Y9+adGlvMMfTI/GXubd9+VqnfYSfdjl', NULL, NULL, NULL, NULL, '1', '2019-02-09 11:30:00', NULL, '1'),

/* profesores */
(47, 47, 'favio_aguiarm@yahoo.com', '60sU04pqQwiP0I5NLm0pbLFhU8x_eUJw', 'PMLFqAeA3TjsRNVHHkSrEzMwZDI4OTVlNjU1YzBjMTgxNzQ2NWM3YTQ3NTk1MjcwZWMzZjYxYThlMGFlZjgyZGQ3YzA5MjM1ZWFjMTY3MWXB0IJRlKOw/a2OCww0lEq+NsDMShqFj8ufvXsVXRlIqUwkv6yvkFcw0Y9+adGlvMMfTI/GXubd9+VqnfYSfdjl', NULL, NULL, NULL, NULL, '1', '2019-02-09 11:30:00', NULL, '1'),
(48, 48, 'pedritoandrade@gmail.com', '60sU04pqQwiP0I5NLm0pbLFhU8x_eUJw', 'PMLFqAeA3TjsRNVHHkSrEzMwZDI4OTVlNjU1YzBjMTgxNzQ2NWM3YTQ3NTk1MjcwZWMzZjYxYThlMGFlZjgyZGQ3YzA5MjM1ZWFjMTY3MWXB0IJRlKOw/a2OCww0lEq+NsDMShqFj8ufvXsVXRlIqUwkv6yvkFcw0Y9+adGlvMMfTI/GXubd9+VqnfYSfdjl', NULL, NULL, NULL, NULL, '1', '2019-02-09 11:30:00', NULL, '1'),
(49, 49, 'manazco03@yahoo.es', '60sU04pqQwiP0I5NLm0pbLFhU8x_eUJw', 'PMLFqAeA3TjsRNVHHkSrEzMwZDI4OTVlNjU1YzBjMTgxNzQ2NWM3YTQ3NTk1MjcwZWMzZjYxYThlMGFlZjgyZGQ3YzA5MjM1ZWFjMTY3MWXB0IJRlKOw/a2OCww0lEq+NsDMShqFj8ufvXsVXRlIqUwkv6yvkFcw0Y9+adGlvMMfTI/GXubd9+VqnfYSfdjl', NULL, NULL, NULL, NULL, 1, '2019-02-12 13:40:00', NULL, 1),
(50, 50, 'mabambari@hotmail.com', '60sU04pqQwiP0I5NLm0pbLFhU8x_eUJw', 'PMLFqAeA3TjsRNVHHkSrEzMwZDI4OTVlNjU1YzBjMTgxNzQ2NWM3YTQ3NTk1MjcwZWMzZjYxYThlMGFlZjgyZGQ3YzA5MjM1ZWFjMTY3MWXB0IJRlKOw/a2OCww0lEq+NsDMShqFj8ufvXsVXRlIqUwkv6yvkFcw0Y9+adGlvMMfTI/GXubd9+VqnfYSfdjl', NULL, NULL, NULL, NULL, 1, '2019-02-12 13:40:00', NULL, 1),
(51, 51, 'alimayi@hotmail.com', '61sU04pqQwiP0I5NLm0pbLFhU8x_eUJw', 'PMLFqAeA3TjsRNVHHkSrEzMwZDI4OTVlNjU1YzBjMTgxNzQ2NWM3YTQ3NTk1MjcwZWMzZjYxYThlMGFlZjgyZGQ3YzA5MjM1ZWFjMTY3MWXB0IJRlKOw/a2OCww0lEq+NsDMShqFj8ufvXsVXRlIqUwkv6yvkFcw0Y9+adGlvMMfTI/GXubd9+VqnfYSfdjl', NULL, NULL, NULL, NULL, 1, '2019-02-12 13:40:00', NULL, 1),
(52, 52, 'acugam2319@gmail.com', '61sU04pqQwiP0I5NLm0pbLFhU8x_eUJw', 'PMLFqAeA3TjsRNVHHkSrEzMwZDI4OTVlNjU1YzBjMTgxNzQ2NWM3YTQ3NTk1MjcwZWMzZjYxYThlMGFlZjgyZGQ3YzA5MjM1ZWFjMTY3MWXB0IJRlKOw/a2OCww0lEq+NsDMShqFj8ufvXsVXRlIqUwkv6yvkFcw0Y9+adGlvMMfTI/GXubd9+VqnfYSfdjl', NULL, NULL, NULL, NULL, 1, '2019-02-12 13:40:00', NULL, 1),
(53, 53, 'gaguirre@uteg.edu.ec', '62sU04pqQwiP0I5NLm0pbLFhU8x_eUJw', 'PMLFqAeA3TjsRNVHHkSrEzMwZDI4OTVlNjU1YzBjMTgxNzQ2NWM3YTQ3NTk1MjcwZWMzZjYxYThlMGFlZjgyZGQ3YzA5MjM1ZWFjMTY3MWXB0IJRlKOw/a2OCww0lEq+NsDMShqFj8ufvXsVXRlIqUwkv6yvkFcw0Y9+adGlvMMfTI/GXubd9+VqnfYSfdjl', NULL, NULL, NULL, NULL, 1, '2019-02-12 13:40:00', NULL, 1),
(54, 54, 'dannyguns144@hotmail.com', '62sU04pqQwiP0I5NLm0pbLFhU8x_eUJw', 'PMLFqAeA3TjsRNVHHkSrEzMwZDI4OTVlNjU1YzBjMTgxNzQ2NWM3YTQ3NTk1MjcwZWMzZjYxYThlMGFlZjgyZGQ3YzA5MjM1ZWFjMTY3MWXB0IJRlKOw/a2OCww0lEq+NsDMShqFj8ufvXsVXRlIqUwkv6yvkFcw0Y9+adGlvMMfTI/GXubd9+VqnfYSfdjl', NULL, NULL, NULL, NULL, 1, '2019-02-12 13:40:00', NULL, 1),
(55, 55, 'alvaradokarina66@gmail.com', '63sU04pqQwiP0I5NLm0pbLFhU8x_eUJw', 'PMLFqAeA3TjsRNVHHkSrEzMwZDI4OTVlNjU1YzBjMTgxNzQ2NWM3YTQ3NTk1MjcwZWMzZjYxYThlMGFlZjgyZGQ3YzA5MjM1ZWFjMTY3MWXB0IJRlKOw/a2OCww0lEq+NsDMShqFj8ufvXsVXRlIqUwkv6yvkFcw0Y9+adGlvMMfTI/GXubd9+VqnfYSfdjl', NULL, NULL, NULL, NULL, 1, '2019-02-12 13:40:00', NULL, 1),
(56, 56, 'fx.ampuero@gmail.com', '63sU04pqQwiP0I5NLm0pbLFhU8x_eUJw', 'PMLFqAeA3TjsRNVHHkSrEzMwZDI4OTVlNjU1YzBjMTgxNzQ2NWM3YTQ3NTk1MjcwZWMzZjYxYThlMGFlZjgyZGQ3YzA5MjM1ZWFjMTY3MWXB0IJRlKOw/a2OCww0lEq+NsDMShqFj8ufvXsVXRlIqUwkv6yvkFcw0Y9+adGlvMMfTI/GXubd9+VqnfYSfdjl', NULL, NULL, NULL, NULL, 1, '2019-02-12 13:40:00', NULL, 1),
(57, 57, 'paoauria@espol.edu.ec', '64sU04pqQwiP0I5NLm0pbLFhU8x_eUJw', 'PMLFqAeA3TjsRNVHHkSrEzMwZDI4OTVlNjU1YzBjMTgxNzQ2NWM3YTQ3NTk1MjcwZWMzZjYxYThlMGFlZjgyZGQ3YzA5MjM1ZWFjMTY3MWXB0IJRlKOw/a2OCww0lEq+NsDMShqFj8ufvXsVXRlIqUwkv6yvkFcw0Y9+adGlvMMfTI/GXubd9+VqnfYSfdjl', NULL, NULL, NULL, NULL, 1, '2019-02-12 13:40:00', NULL, 1),
(58, 58, 'xavier_avalos@yahoo.com.mx', '64sU04pqQwiP0I5NLm0pbLFhU8x_eUJw', 'PMLFqAeA3TjsRNVHHkSrEzMwZDI4OTVlNjU1YzBjMTgxNzQ2NWM3YTQ3NTk1MjcwZWMzZjYxYThlMGFlZjgyZGQ3YzA5MjM1ZWFjMTY3MWXB0IJRlKOw/a2OCww0lEq+NsDMShqFj8ufvXsVXRlIqUwkv6yvkFcw0Y9+adGlvMMfTI/GXubd9+VqnfYSfdjl', NULL, NULL, NULL, NULL, 1, '2019-02-12 13:40:00', NULL, 1),
(59, 59, 'gaznaran_c@yahoo.com', '65sU04pqQwiP0I5NLm0pbLFhU8x_eUJw', 'PMLFqAeA3TjsRNVHHkSrEzMwZDI4OTVlNjU1YzBjMTgxNzQ2NWM3YTQ3NTk1MjcwZWMzZjYxYThlMGFlZjgyZGQ3YzA5MjM1ZWFjMTY3MWXB0IJRlKOw/a2OCww0lEq+NsDMShqFj8ufvXsVXRlIqUwkv6yvkFcw0Y9+adGlvMMfTI/GXubd9+VqnfYSfdjl', NULL, NULL, NULL, NULL, 1, '2019-02-12 13:40:00', NULL, 1),
(60, 60, 'malen.ab@hotmail.com', '65sU04pqQwiP0I5NLm0pbLFhU8x_eUJw', 'PMLFqAeA3TjsRNVHHkSrEzMwZDI4OTVlNjU1YzBjMTgxNzQ2NWM3YTQ3NTk1MjcwZWMzZjYxYThlMGFlZjgyZGQ3YzA5MjM1ZWFjMTY3MWXB0IJRlKOw/a2OCww0lEq+NsDMShqFj8ufvXsVXRlIqUwkv6yvkFcw0Y9+adGlvMMfTI/GXubd9+VqnfYSfdjl', NULL, NULL, NULL, NULL, 1, '2019-02-12 13:40:00', NULL, 1),
(61, 61, 'marybpita@hotmail.com', '66sU04pqQwiP0I5NLm0pbLFhU8x_eUJw', 'PMLFqAeA3TjsRNVHHkSrEzMwZDI4OTVlNjU1YzBjMTgxNzQ2NWM3YTQ3NTk1MjcwZWMzZjYxYThlMGFlZjgyZGQ3YzA5MjM1ZWFjMTY3MWXB0IJRlKOw/a2OCww0lEq+NsDMShqFj8ufvXsVXRlIqUwkv6yvkFcw0Y9+adGlvMMfTI/GXubd9+VqnfYSfdjl', NULL, NULL, NULL, NULL, 1, '2019-02-12 13:40:00', NULL, 1),
(62, 62, 'mjbejaranomacias@gmail.com', '66sU04pqQwiP0I5NLm0pbLFhU8x_eUJw', 'PMLFqAeA3TjsRNVHHkSrEzMwZDI4OTVlNjU1YzBjMTgxNzQ2NWM3YTQ3NTk1MjcwZWMzZjYxYThlMGFlZjgyZGQ3YzA5MjM1ZWFjMTY3MWXB0IJRlKOw/a2OCww0lEq+NsDMShqFj8ufvXsVXRlIqUwkv6yvkFcw0Y9+adGlvMMfTI/GXubd9+VqnfYSfdjl', NULL, NULL, NULL, NULL, 1, '2019-02-12 13:40:00', NULL, 1),
(63, 63, 'tito2503@hotmail.com', '67sU04pqQwiP0I5NLm0pbLFhU8x_eUJw', 'PMLFqAeA3TjsRNVHHkSrEzMwZDI4OTVlNjU1YzBjMTgxNzQ2NWM3YTQ3NTk1MjcwZWMzZjYxYThlMGFlZjgyZGQ3YzA5MjM1ZWFjMTY3MWXB0IJRlKOw/a2OCww0lEq+NsDMShqFj8ufvXsVXRlIqUwkv6yvkFcw0Y9+adGlvMMfTI/GXubd9+VqnfYSfdjl', NULL, NULL, NULL, NULL, 1, '2019-02-12 13:40:00', NULL, 1),
(64, 64, 'jbohorquez@uteg.edu.ec', '67sU04pqQwiP0I5NLm0pbLFhU8x_eUJw', 'PMLFqAeA3TjsRNVHHkSrEzMwZDI4OTVlNjU1YzBjMTgxNzQ2NWM3YTQ3NTk1MjcwZWMzZjYxYThlMGFlZjgyZGQ3YzA5MjM1ZWFjMTY3MWXB0IJRlKOw/a2OCww0lEq+NsDMShqFj8ufvXsVXRlIqUwkv6yvkFcw0Y9+adGlvMMfTI/GXubd9+VqnfYSfdjl', NULL, NULL, NULL, NULL, 1, '2019-02-12 13:40:00', NULL, 1),
(65, 65, 'obravo@uteg.edu.ec', '68sU04pqQwiP0I5NLm0pbLFhU8x_eUJw', 'PMLFqAeA3TjsRNVHHkSrEzMwZDI4OTVlNjU1YzBjMTgxNzQ2NWM3YTQ3NTk1MjcwZWMzZjYxYThlMGFlZjgyZGQ3YzA5MjM1ZWFjMTY3MWXB0IJRlKOw/a2OCww0lEq+NsDMShqFj8ufvXsVXRlIqUwkv6yvkFcw0Y9+adGlvMMfTI/GXubd9+VqnfYSfdjl', NULL, NULL, NULL, NULL, 1, '2019-02-12 13:40:00', NULL, 1),
(66, 66, 'cbritobruno@gmail.com', '68sU04pqQwiP0I5NLm0pbLFhU8x_eUJw', 'PMLFqAeA3TjsRNVHHkSrEzMwZDI4OTVlNjU1YzBjMTgxNzQ2NWM3YTQ3NTk1MjcwZWMzZjYxYThlMGFlZjgyZGQ3YzA5MjM1ZWFjMTY3MWXB0IJRlKOw/a2OCww0lEq+NsDMShqFj8ufvXsVXRlIqUwkv6yvkFcw0Y9+adGlvMMfTI/GXubd9+VqnfYSfdjl', NULL, NULL, NULL, NULL, 1, '2019-02-12 13:40:00', NULL, 1),
(67, 67, 'adquisicionesbrito@gmail.com', '69sU04pqQwiP0I5NLm0pbLFhU8x_eUJw', 'PMLFqAeA3TjsRNVHHkSrEzMwZDI4OTVlNjU1YzBjMTgxNzQ2NWM3YTQ3NTk1MjcwZWMzZjYxYThlMGFlZjgyZGQ3YzA5MjM1ZWFjMTY3MWXB0IJRlKOw/a2OCww0lEq+NsDMShqFj8ufvXsVXRlIqUwkv6yvkFcw0Y9+adGlvMMfTI/GXubd9+VqnfYSfdjl', NULL, NULL, NULL, NULL, 1, '2019-02-12 13:40:00', NULL, 1),
(68, 68, 'campoverdefelix@yahoo.com', '69sU04pqQwiP0I5NLm0pbLFhU8x_eUJw', 'PMLFqAeA3TjsRNVHHkSrEzMwZDI4OTVlNjU1YzBjMTgxNzQ2NWM3YTQ3NTk1MjcwZWMzZjYxYThlMGFlZjgyZGQ3YzA5MjM1ZWFjMTY3MWXB0IJRlKOw/a2OCww0lEq+NsDMShqFj8ufvXsVXRlIqUwkv6yvkFcw0Y9+adGlvMMfTI/GXubd9+VqnfYSfdjl', NULL, NULL, NULL, NULL, 1, '2019-02-12 13:40:00', NULL, 1),
(69, 69, 'candoisabel@yahoo.com', '70sU04pqQwiP0I5NLm0pbLFhU8x_eUJw', 'PMLFqAeA3TjsRNVHHkSrEzMwZDI4OTVlNjU1YzBjMTgxNzQ2NWM3YTQ3NTk1MjcwZWMzZjYxYThlMGFlZjgyZGQ3YzA5MjM1ZWFjMTY3MWXB0IJRlKOw/a2OCww0lEq+NsDMShqFj8ufvXsVXRlIqUwkv6yvkFcw0Y9+adGlvMMfTI/GXubd9+VqnfYSfdjl', NULL, NULL, NULL, NULL, 1, '2019-02-12 13:40:00', NULL, 1),
(70, 70, 'rcarrasco555@hotmail.com', '70sU04pqQwiP0I5NLm0pbLFhU8x_eUJw', 'PMLFqAeA3TjsRNVHHkSrEzMwZDI4OTVlNjU1YzBjMTgxNzQ2NWM3YTQ3NTk1MjcwZWMzZjYxYThlMGFlZjgyZGQ3YzA5MjM1ZWFjMTY3MWXB0IJRlKOw/a2OCww0lEq+NsDMShqFj8ufvXsVXRlIqUwkv6yvkFcw0Y9+adGlvMMfTI/GXubd9+VqnfYSfdjl', NULL, NULL, NULL, NULL, 1, '2019-02-12 13:40:00', NULL, 1),
(71, 71, 'crcmespol@hotmail.com', '71sU04pqQwiP0I5NLm0pbLFhU8x_eUJw', 'PMLFqAeA3TjsRNVHHkSrEzMwZDI4OTVlNjU1YzBjMTgxNzQ2NWM3YTQ3NTk1MjcwZWMzZjYxYThlMGFlZjgyZGQ3YzA5MjM1ZWFjMTY3MWXB0IJRlKOw/a2OCww0lEq+NsDMShqFj8ufvXsVXRlIqUwkv6yvkFcw0Y9+adGlvMMfTI/GXubd9+VqnfYSfdjl', NULL, NULL, NULL, NULL, 1, '2019-02-12 13:40:00', NULL, 1),
(72, 72, 'freddy0906@hotmail.com', '71sU04pqQwiP0I5NLm0pbLFhU8x_eUJw', 'PMLFqAeA3TjsRNVHHkSrEzMwZDI4OTVlNjU1YzBjMTgxNzQ2NWM3YTQ3NTk1MjcwZWMzZjYxYThlMGFlZjgyZGQ3YzA5MjM1ZWFjMTY3MWXB0IJRlKOw/a2OCww0lEq+NsDMShqFj8ufvXsVXRlIqUwkv6yvkFcw0Y9+adGlvMMfTI/GXubd9+VqnfYSfdjl', NULL, NULL, NULL, NULL, 1, '2019-02-12 13:40:00', NULL, 1),
(73, 73, 'ing.bolivar.castro@gmail.com', '72sU04pqQwiP0I5NLm0pbLFhU8x_eUJw', 'PMLFqAeA3TjsRNVHHkSrEzMwZDI4OTVlNjU1YzBjMTgxNzQ2NWM3YTQ3NTk1MjcwZWMzZjYxYThlMGFlZjgyZGQ3YzA5MjM1ZWFjMTY3MWXB0IJRlKOw/a2OCww0lEq+NsDMShqFj8ufvXsVXRlIqUwkv6yvkFcw0Y9+adGlvMMfTI/GXubd9+VqnfYSfdjl', NULL, NULL, NULL, NULL, 1, '2019-02-12 13:40:00', NULL, 1),
(74, 74, 'fcedeno@uteg.edu.ec', '72sU04pqQwiP0I5NLm0pbLFhU8x_eUJw', 'PMLFqAeA3TjsRNVHHkSrEzMwZDI4OTVlNjU1YzBjMTgxNzQ2NWM3YTQ3NTk1MjcwZWMzZjYxYThlMGFlZjgyZGQ3YzA5MjM1ZWFjMTY3MWXB0IJRlKOw/a2OCww0lEq+NsDMShqFj8ufvXsVXRlIqUwkv6yvkFcw0Y9+adGlvMMfTI/GXubd9+VqnfYSfdjl', NULL, NULL, NULL, NULL, 1, '2019-02-12 13:40:00', NULL, 1),
(75, 75, 'jazmive1984@hotmail.com', '73sU04pqQwiP0I5NLm0pbLFhU8x_eUJw', 'PMLFqAeA3TjsRNVHHkSrEzMwZDI4OTVlNjU1YzBjMTgxNzQ2NWM3YTQ3NTk1MjcwZWMzZjYxYThlMGFlZjgyZGQ3YzA5MjM1ZWFjMTY3MWXB0IJRlKOw/a2OCww0lEq+NsDMShqFj8ufvXsVXRlIqUwkv6yvkFcw0Y9+adGlvMMfTI/GXubd9+VqnfYSfdjl', NULL, NULL, NULL, NULL, 1, '2019-02-12 13:40:00', NULL, 1),
(76, 76, 'mcevallos@hotmail.com', '73sU04pqQwiP0I5NLm0pbLFhU8x_eUJw', 'PMLFqAeA3TjsRNVHHkSrEzMwZDI4OTVlNjU1YzBjMTgxNzQ2NWM3YTQ3NTk1MjcwZWMzZjYxYThlMGFlZjgyZGQ3YzA5MjM1ZWFjMTY3MWXB0IJRlKOw/a2OCww0lEq+NsDMShqFj8ufvXsVXRlIqUwkv6yvkFcw0Y9+adGlvMMfTI/GXubd9+VqnfYSfdjl', NULL, NULL, NULL, NULL, 1, '2019-02-12 13:40:00', NULL, 1),
(77, 77, 'chapajl86@gmail.com', '74sU04pqQwiP0I5NLm0pbLFhU8x_eUJw', 'PMLFqAeA3TjsRNVHHkSrEzMwZDI4OTVlNjU1YzBjMTgxNzQ2NWM3YTQ3NTk1MjcwZWMzZjYxYThlMGFlZjgyZGQ3YzA5MjM1ZWFjMTY3MWXB0IJRlKOw/a2OCww0lEq+NsDMShqFj8ufvXsVXRlIqUwkv6yvkFcw0Y9+adGlvMMfTI/GXubd9+VqnfYSfdjl', NULL, NULL, NULL, NULL, 1, '2019-02-12 13:40:00', NULL, 1),
(78, 78, 'jcocab@outlook.com', '74sU04pqQwiP0I5NLm0pbLFhU8x_eUJw', 'PMLFqAeA3TjsRNVHHkSrEzMwZDI4OTVlNjU1YzBjMTgxNzQ2NWM3YTQ3NTk1MjcwZWMzZjYxYThlMGFlZjgyZGQ3YzA5MjM1ZWFjMTY3MWXB0IJRlKOw/a2OCww0lEq+NsDMShqFj8ufvXsVXRlIqUwkv6yvkFcw0Y9+adGlvMMfTI/GXubd9+VqnfYSfdjl', NULL, NULL, NULL, NULL, 1, '2019-02-12 13:40:00', NULL, 1),
(79, 79, 'jose.coellar@gmail.com', '75sU04pqQwiP0I5NLm0pbLFhU8x_eUJw', 'PMLFqAeA3TjsRNVHHkSrEzMwZDI4OTVlNjU1YzBjMTgxNzQ2NWM3YTQ3NTk1MjcwZWMzZjYxYThlMGFlZjgyZGQ3YzA5MjM1ZWFjMTY3MWXB0IJRlKOw/a2OCww0lEq+NsDMShqFj8ufvXsVXRlIqUwkv6yvkFcw0Y9+adGlvMMfTI/GXubd9+VqnfYSfdjl', NULL, NULL, NULL, NULL, 1, '2019-02-12 13:40:00', NULL, 1),
(80, 80, 'veronicacoello@hotmail.com', '75sU04pqQwiP0I5NLm0pbLFhU8x_eUJw', 'PMLFqAeA3TjsRNVHHkSrEzMwZDI4OTVlNjU1YzBjMTgxNzQ2NWM3YTQ3NTk1MjcwZWMzZjYxYThlMGFlZjgyZGQ3YzA5MjM1ZWFjMTY3MWXB0IJRlKOw/a2OCww0lEq+NsDMShqFj8ufvXsVXRlIqUwkv6yvkFcw0Y9+adGlvMMfTI/GXubd9+VqnfYSfdjl', NULL, NULL, NULL, NULL, 1, '2019-02-12 13:40:00', NULL, 1),
(81, 81, 'ycornejo@uteg.edu.ec', '76sU04pqQwiP0I5NLm0pbLFhU8x_eUJw', 'PMLFqAeA3TjsRNVHHkSrEzMwZDI4OTVlNjU1YzBjMTgxNzQ2NWM3YTQ3NTk1MjcwZWMzZjYxYThlMGFlZjgyZGQ3YzA5MjM1ZWFjMTY3MWXB0IJRlKOw/a2OCww0lEq+NsDMShqFj8ufvXsVXRlIqUwkv6yvkFcw0Y9+adGlvMMfTI/GXubd9+VqnfYSfdjl', NULL, NULL, NULL, NULL, 1, '2019-02-12 13:40:00', NULL, 1),
(82, 82, 'carlos.corral@uteg.edu.ec', '76sU04pqQwiP0I5NLm0pbLFhU8x_eUJw', 'PMLFqAeA3TjsRNVHHkSrEzMwZDI4OTVlNjU1YzBjMTgxNzQ2NWM3YTQ3NTk1MjcwZWMzZjYxYThlMGFlZjgyZGQ3YzA5MjM1ZWFjMTY3MWXB0IJRlKOw/a2OCww0lEq+NsDMShqFj8ufvXsVXRlIqUwkv6yvkFcw0Y9+adGlvMMfTI/GXubd9+VqnfYSfdjl', NULL, NULL, NULL, NULL, 1, '2019-02-12 13:40:00', NULL, 1),
(83, 83, 'wendyrcortes@hotmail.com', '77sU04pqQwiP0I5NLm0pbLFhU8x_eUJw', 'PMLFqAeA3TjsRNVHHkSrEzMwZDI4OTVlNjU1YzBjMTgxNzQ2NWM3YTQ3NTk1MjcwZWMzZjYxYThlMGFlZjgyZGQ3YzA5MjM1ZWFjMTY3MWXB0IJRlKOw/a2OCww0lEq+NsDMShqFj8ufvXsVXRlIqUwkv6yvkFcw0Y9+adGlvMMfTI/GXubd9+VqnfYSfdjl', NULL, NULL, NULL, NULL, 1, '2019-02-12 13:40:00', NULL, 1),
(84, 84, 'cortesruth56@gmail.com', '77sU04pqQwiP0I5NLm0pbLFhU8x_eUJw', 'PMLFqAeA3TjsRNVHHkSrEzMwZDI4OTVlNjU1YzBjMTgxNzQ2NWM3YTQ3NTk1MjcwZWMzZjYxYThlMGFlZjgyZGQ3YzA5MjM1ZWFjMTY3MWXB0IJRlKOw/a2OCww0lEq+NsDMShqFj8ufvXsVXRlIqUwkv6yvkFcw0Y9+adGlvMMfTI/GXubd9+VqnfYSfdjl', NULL, NULL, NULL, NULL, 1, '2019-02-12 13:40:00', NULL, 1),
(85, 85, 'edu19432@gmail.com', '78sU04pqQwiP0I5NLm0pbLFhU8x_eUJw', 'PMLFqAeA3TjsRNVHHkSrEzMwZDI4OTVlNjU1YzBjMTgxNzQ2NWM3YTQ3NTk1MjcwZWMzZjYxYThlMGFlZjgyZGQ3YzA5MjM1ZWFjMTY3MWXB0IJRlKOw/a2OCww0lEq+NsDMShqFj8ufvXsVXRlIqUwkv6yvkFcw0Y9+adGlvMMfTI/GXubd9+VqnfYSfdjl', NULL, NULL, NULL, NULL, 1, '2019-02-12 13:40:00', NULL, 1),
(86, 86, 'judithdiaz972@gmail.com', '78sU04pqQwiP0I5NLm0pbLFhU8x_eUJw', 'PMLFqAeA3TjsRNVHHkSrEzMwZDI4OTVlNjU1YzBjMTgxNzQ2NWM3YTQ3NTk1MjcwZWMzZjYxYThlMGFlZjgyZGQ3YzA5MjM1ZWFjMTY3MWXB0IJRlKOw/a2OCww0lEq+NsDMShqFj8ufvXsVXRlIqUwkv6yvkFcw0Y9+adGlvMMfTI/GXubd9+VqnfYSfdjl', NULL, NULL, NULL, NULL, 1, '2019-02-12 13:40:00', NULL, 1),
(87, 87, 'diazs420@gmail.com', '79sU04pqQwiP0I5NLm0pbLFhU8x_eUJw', 'PMLFqAeA3TjsRNVHHkSrEzMwZDI4OTVlNjU1YzBjMTgxNzQ2NWM3YTQ3NTk1MjcwZWMzZjYxYThlMGFlZjgyZGQ3YzA5MjM1ZWFjMTY3MWXB0IJRlKOw/a2OCww0lEq+NsDMShqFj8ufvXsVXRlIqUwkv6yvkFcw0Y9+adGlvMMfTI/GXubd9+VqnfYSfdjl', NULL, NULL, NULL, NULL, 1, '2019-02-12 13:40:00', NULL, 1),
(88, 88, 'carlegas66@hotmail.com', '79sU04pqQwiP0I5NLm0pbLFhU8x_eUJw', 'PMLFqAeA3TjsRNVHHkSrEzMwZDI4OTVlNjU1YzBjMTgxNzQ2NWM3YTQ3NTk1MjcwZWMzZjYxYThlMGFlZjgyZGQ3YzA5MjM1ZWFjMTY3MWXB0IJRlKOw/a2OCww0lEq+NsDMShqFj8ufvXsVXRlIqUwkv6yvkFcw0Y9+adGlvMMfTI/GXubd9+VqnfYSfdjl', NULL, NULL, NULL, NULL, 1, '2019-02-12 13:40:00', NULL, 1),
(89, 89, 'cescudero@uteg.edu.ec', '80sU04pqQwiP0I5NLm0pbLFhU8x_eUJw', 'PMLFqAeA3TjsRNVHHkSrEzMwZDI4OTVlNjU1YzBjMTgxNzQ2NWM3YTQ3NTk1MjcwZWMzZjYxYThlMGFlZjgyZGQ3YzA5MjM1ZWFjMTY3MWXB0IJRlKOw/a2OCww0lEq+NsDMShqFj8ufvXsVXRlIqUwkv6yvkFcw0Y9+adGlvMMfTI/GXubd9+VqnfYSfdjl', NULL, NULL, NULL, NULL, 1, '2019-02-12 13:40:00', NULL, 1),
(90, 90, 'bryanespinoza@yahoo.es', '80sU04pqQwiP0I5NLm0pbLFhU8x_eUJw', 'PMLFqAeA3TjsRNVHHkSrEzMwZDI4OTVlNjU1YzBjMTgxNzQ2NWM3YTQ3NTk1MjcwZWMzZjYxYThlMGFlZjgyZGQ3YzA5MjM1ZWFjMTY3MWXB0IJRlKOw/a2OCww0lEq+NsDMShqFj8ufvXsVXRlIqUwkv6yvkFcw0Y9+adGlvMMfTI/GXubd9+VqnfYSfdjl', NULL, NULL, NULL, NULL, 1, '2019-02-12 13:40:00', NULL, 1),
(91, 91, 'cristinafalconig@gmail.com', '81sU04pqQwiP0I5NLm0pbLFhU8x_eUJw', 'PMLFqAeA3TjsRNVHHkSrEzMwZDI4OTVlNjU1YzBjMTgxNzQ2NWM3YTQ3NTk1MjcwZWMzZjYxYThlMGFlZjgyZGQ3YzA5MjM1ZWFjMTY3MWXB0IJRlKOw/a2OCww0lEq+NsDMShqFj8ufvXsVXRlIqUwkv6yvkFcw0Y9+adGlvMMfTI/GXubd9+VqnfYSfdjl', NULL, NULL, NULL, NULL, 1, '2019-02-12 13:40:00', NULL, 1),
(92, 92, 'farfano@yahoo.com', '81sU04pqQwiP0I5NLm0pbLFhU8x_eUJw', 'PMLFqAeA3TjsRNVHHkSrEzMwZDI4OTVlNjU1YzBjMTgxNzQ2NWM3YTQ3NTk1MjcwZWMzZjYxYThlMGFlZjgyZGQ3YzA5MjM1ZWFjMTY3MWXB0IJRlKOw/a2OCww0lEq+NsDMShqFj8ufvXsVXRlIqUwkv6yvkFcw0Y9+adGlvMMfTI/GXubd9+VqnfYSfdjl', NULL, NULL, NULL, NULL, 1, '2019-02-12 13:40:00', NULL, 1),
(93, 93, 'vhfernan@espol.edu.ec', '82sU04pqQwiP0I5NLm0pbLFhU8x_eUJw', 'PMLFqAeA3TjsRNVHHkSrEzMwZDI4OTVlNjU1YzBjMTgxNzQ2NWM3YTQ3NTk1MjcwZWMzZjYxYThlMGFlZjgyZGQ3YzA5MjM1ZWFjMTY3MWXB0IJRlKOw/a2OCww0lEq+NsDMShqFj8ufvXsVXRlIqUwkv6yvkFcw0Y9+adGlvMMfTI/GXubd9+VqnfYSfdjl', NULL, NULL, NULL, NULL, 1, '2019-02-12 13:40:00', NULL, 1),
(94, 94, 'marlon.figueroa78@gmail.com', '82sU04pqQwiP0I5NLm0pbLFhU8x_eUJw', 'PMLFqAeA3TjsRNVHHkSrEzMwZDI4OTVlNjU1YzBjMTgxNzQ2NWM3YTQ3NTk1MjcwZWMzZjYxYThlMGFlZjgyZGQ3YzA5MjM1ZWFjMTY3MWXB0IJRlKOw/a2OCww0lEq+NsDMShqFj8ufvXsVXRlIqUwkv6yvkFcw0Y9+adGlvMMfTI/GXubd9+VqnfYSfdjl', NULL, NULL, NULL, NULL, 1, '2019-02-12 13:40:00', NULL, 1),
(95, 95, 'joselof@yahoo.es', '83sU04pqQwiP0I5NLm0pbLFhU8x_eUJw', 'PMLFqAeA3TjsRNVHHkSrEzMwZDI4OTVlNjU1YzBjMTgxNzQ2NWM3YTQ3NTk1MjcwZWMzZjYxYThlMGFlZjgyZGQ3YzA5MjM1ZWFjMTY3MWXB0IJRlKOw/a2OCww0lEq+NsDMShqFj8ufvXsVXRlIqUwkv6yvkFcw0Y9+adGlvMMfTI/GXubd9+VqnfYSfdjl', NULL, NULL, NULL, NULL, 1, '2019-02-12 13:40:00', NULL, 1),
(96, 96, 'davidfreires@hotmail.com', '83sU04pqQwiP0I5NLm0pbLFhU8x_eUJw', 'PMLFqAeA3TjsRNVHHkSrEzMwZDI4OTVlNjU1YzBjMTgxNzQ2NWM3YTQ3NTk1MjcwZWMzZjYxYThlMGFlZjgyZGQ3YzA5MjM1ZWFjMTY3MWXB0IJRlKOw/a2OCww0lEq+NsDMShqFj8ufvXsVXRlIqUwkv6yvkFcw0Y9+adGlvMMfTI/GXubd9+VqnfYSfdjl', NULL, NULL, NULL, NULL, 1, '2019-02-12 13:40:00', NULL, 1),
(97, 97, 'marcelagarcia13131@gmail.com', '84sU04pqQwiP0I5NLm0pbLFhU8x_eUJw', 'PMLFqAeA3TjsRNVHHkSrEzMwZDI4OTVlNjU1YzBjMTgxNzQ2NWM3YTQ3NTk1MjcwZWMzZjYxYThlMGFlZjgyZGQ3YzA5MjM1ZWFjMTY3MWXB0IJRlKOw/a2OCww0lEq+NsDMShqFj8ufvXsVXRlIqUwkv6yvkFcw0Y9+adGlvMMfTI/GXubd9+VqnfYSfdjl', NULL, NULL, NULL, NULL, 1, '2019-02-12 13:40:00', NULL, 1),
(98, 98, 'garcia.regalado123@gmail.com', '84sU04pqQwiP0I5NLm0pbLFhU8x_eUJw', 'PMLFqAeA3TjsRNVHHkSrEzMwZDI4OTVlNjU1YzBjMTgxNzQ2NWM3YTQ3NTk1MjcwZWMzZjYxYThlMGFlZjgyZGQ3YzA5MjM1ZWFjMTY3MWXB0IJRlKOw/a2OCww0lEq+NsDMShqFj8ufvXsVXRlIqUwkv6yvkFcw0Y9+adGlvMMfTI/GXubd9+VqnfYSfdjl', NULL, NULL, NULL, NULL, 1, '2019-02-12 13:40:00', NULL, 1),
(99, 99, 'aagarcia@espol.edu.ec', '85sU04pqQwiP0I5NLm0pbLFhU8x_eUJw', 'PMLFqAeA3TjsRNVHHkSrEzMwZDI4OTVlNjU1YzBjMTgxNzQ2NWM3YTQ3NTk1MjcwZWMzZjYxYThlMGFlZjgyZGQ3YzA5MjM1ZWFjMTY3MWXB0IJRlKOw/a2OCww0lEq+NsDMShqFj8ufvXsVXRlIqUwkv6yvkFcw0Y9+adGlvMMfTI/GXubd9+VqnfYSfdjl', NULL, NULL, NULL, NULL, 1, '2019-02-12 13:40:00', NULL, 1),
(100, 100, 'alcidesgomezyepez@hotmail.com', '85sU04pqQwiP0I5NLm0pbLFhU8x_eUJw', 'PMLFqAeA3TjsRNVHHkSrEzMwZDI4OTVlNjU1YzBjMTgxNzQ2NWM3YTQ3NTk1MjcwZWMzZjYxYThlMGFlZjgyZGQ3YzA5MjM1ZWFjMTY3MWXB0IJRlKOw/a2OCww0lEq+NsDMShqFj8ufvXsVXRlIqUwkv6yvkFcw0Y9+adGlvMMfTI/GXubd9+VqnfYSfdjl', NULL, NULL, NULL, NULL, 1, '2019-02-12 13:40:00', NULL, 1),
(101, 101, 'aagonzabay@gmail.com', '86sU04pqQwiP0I5NLm0pbLFhU8x_eUJw', 'PMLFqAeA3TjsRNVHHkSrEzMwZDI4OTVlNjU1YzBjMTgxNzQ2NWM3YTQ3NTk1MjcwZWMzZjYxYThlMGFlZjgyZGQ3YzA5MjM1ZWFjMTY3MWXB0IJRlKOw/a2OCww0lEq+NsDMShqFj8ufvXsVXRlIqUwkv6yvkFcw0Y9+adGlvMMfTI/GXubd9+VqnfYSfdjl', NULL, NULL, NULL, NULL, 1, '2019-02-12 13:40:00', NULL, 1),
(102, 102, 'fgonza3@hotmail.com', '86sU04pqQwiP0I5NLm0pbLFhU8x_eUJw', 'PMLFqAeA3TjsRNVHHkSrEzMwZDI4OTVlNjU1YzBjMTgxNzQ2NWM3YTQ3NTk1MjcwZWMzZjYxYThlMGFlZjgyZGQ3YzA5MjM1ZWFjMTY3MWXB0IJRlKOw/a2OCww0lEq+NsDMShqFj8ufvXsVXRlIqUwkv6yvkFcw0Y9+adGlvMMfTI/GXubd9+VqnfYSfdjl', NULL, NULL, NULL, NULL, 1, '2019-02-12 13:40:00', NULL, 1),
(103, 103, 'marthis_gc@hotmail.com', '87sU04pqQwiP0I5NLm0pbLFhU8x_eUJw', 'PMLFqAeA3TjsRNVHHkSrEzMwZDI4OTVlNjU1YzBjMTgxNzQ2NWM3YTQ3NTk1MjcwZWMzZjYxYThlMGFlZjgyZGQ3YzA5MjM1ZWFjMTY3MWXB0IJRlKOw/a2OCww0lEq+NsDMShqFj8ufvXsVXRlIqUwkv6yvkFcw0Y9+adGlvMMfTI/GXubd9+VqnfYSfdjl', NULL, NULL, NULL, NULL, 1, '2019-02-12 13:40:00', NULL, 1),
(104, 104, 'edisonjavier02@gmail.com', '87sU04pqQwiP0I5NLm0pbLFhU8x_eUJw', 'PMLFqAeA3TjsRNVHHkSrEzMwZDI4OTVlNjU1YzBjMTgxNzQ2NWM3YTQ3NTk1MjcwZWMzZjYxYThlMGFlZjgyZGQ3YzA5MjM1ZWFjMTY3MWXB0IJRlKOw/a2OCww0lEq+NsDMShqFj8ufvXsVXRlIqUwkv6yvkFcw0Y9+adGlvMMfTI/GXubd9+VqnfYSfdjl', NULL, NULL, NULL, NULL, 1, '2019-02-12 13:40:00', NULL, 1),
(105, 105, 'gguerrero819@gmail.com', '88sU04pqQwiP0I5NLm0pbLFhU8x_eUJw', 'PMLFqAeA3TjsRNVHHkSrEzMwZDI4OTVlNjU1YzBjMTgxNzQ2NWM3YTQ3NTk1MjcwZWMzZjYxYThlMGFlZjgyZGQ3YzA5MjM1ZWFjMTY3MWXB0IJRlKOw/a2OCww0lEq+NsDMShqFj8ufvXsVXRlIqUwkv6yvkFcw0Y9+adGlvMMfTI/GXubd9+VqnfYSfdjl', NULL, NULL, NULL, NULL, 1, '2019-02-12 13:40:00', NULL, 1),
(106, 106, 'cdga_140476@yahoo.com', '88sU04pqQwiP0I5NLm0pbLFhU8x_eUJw', 'PMLFqAeA3TjsRNVHHkSrEzMwZDI4OTVlNjU1YzBjMTgxNzQ2NWM3YTQ3NTk1MjcwZWMzZjYxYThlMGFlZjgyZGQ3YzA5MjM1ZWFjMTY3MWXB0IJRlKOw/a2OCww0lEq+NsDMShqFj8ufvXsVXRlIqUwkv6yvkFcw0Y9+adGlvMMfTI/GXubd9+VqnfYSfdjl', NULL, NULL, NULL, NULL, 1, '2019-02-12 13:40:00', NULL, 1),
(107, 107, 'xheredia1@gmail.com', '89sU04pqQwiP0I5NLm0pbLFhU8x_eUJw', 'PMLFqAeA3TjsRNVHHkSrEzMwZDI4OTVlNjU1YzBjMTgxNzQ2NWM3YTQ3NTk1MjcwZWMzZjYxYThlMGFlZjgyZGQ3YzA5MjM1ZWFjMTY3MWXB0IJRlKOw/a2OCww0lEq+NsDMShqFj8ufvXsVXRlIqUwkv6yvkFcw0Y9+adGlvMMfTI/GXubd9+VqnfYSfdjl', NULL, NULL, NULL, NULL, 1, '2019-02-12 13:40:00', NULL, 1),
(108, 108, 'gerard.hirigoyen@u-bordeaux.fr', '89sU04pqQwiP0I5NLm0pbLFhU8x_eUJw', 'PMLFqAeA3TjsRNVHHkSrEzMwZDI4OTVlNjU1YzBjMTgxNzQ2NWM3YTQ3NTk1MjcwZWMzZjYxYThlMGFlZjgyZGQ3YzA5MjM1ZWFjMTY3MWXB0IJRlKOw/a2OCww0lEq+NsDMShqFj8ufvXsVXRlIqUwkv6yvkFcw0Y9+adGlvMMfTI/GXubd9+VqnfYSfdjl', NULL, NULL, NULL, NULL, 1, '2019-02-12 13:40:00', NULL, 1),
(109, 109, 'jeka.hoyos.s@gmail.com', '90sU04pqQwiP0I5NLm0pbLFhU8x_eUJw', 'PMLFqAeA3TjsRNVHHkSrEzMwZDI4OTVlNjU1YzBjMTgxNzQ2NWM3YTQ3NTk1MjcwZWMzZjYxYThlMGFlZjgyZGQ3YzA5MjM1ZWFjMTY3MWXB0IJRlKOw/a2OCww0lEq+NsDMShqFj8ufvXsVXRlIqUwkv6yvkFcw0Y9+adGlvMMfTI/GXubd9+VqnfYSfdjl', NULL, NULL, NULL, NULL, 1, '2019-02-12 13:40:00', NULL, 1),
(110, 110, 'imphuacon@hotmail.com', '90sU04pqQwiP0I5NLm0pbLFhU8x_eUJw', 'PMLFqAeA3TjsRNVHHkSrEzMwZDI4OTVlNjU1YzBjMTgxNzQ2NWM3YTQ3NTk1MjcwZWMzZjYxYThlMGFlZjgyZGQ3YzA5MjM1ZWFjMTY3MWXB0IJRlKOw/a2OCww0lEq+NsDMShqFj8ufvXsVXRlIqUwkv6yvkFcw0Y9+adGlvMMfTI/GXubd9+VqnfYSfdjl', NULL, NULL, NULL, NULL, 1, '2019-02-12 13:40:00', NULL, 1),
(111, 111, 'mariahelenaigallardo@gmail.com', '91sU04pqQwiP0I5NLm0pbLFhU8x_eUJw', 'PMLFqAeA3TjsRNVHHkSrEzMwZDI4OTVlNjU1YzBjMTgxNzQ2NWM3YTQ3NTk1MjcwZWMzZjYxYThlMGFlZjgyZGQ3YzA5MjM1ZWFjMTY3MWXB0IJRlKOw/a2OCww0lEq+NsDMShqFj8ufvXsVXRlIqUwkv6yvkFcw0Y9+adGlvMMfTI/GXubd9+VqnfYSfdjl', NULL, NULL, NULL, NULL, 1, '2019-02-12 13:40:00', NULL, 1),
(112, 112, 'miglesiasm77@hotmail.com', '91sU04pqQwiP0I5NLm0pbLFhU8x_eUJw', 'PMLFqAeA3TjsRNVHHkSrEzMwZDI4OTVlNjU1YzBjMTgxNzQ2NWM3YTQ3NTk1MjcwZWMzZjYxYThlMGFlZjgyZGQ3YzA5MjM1ZWFjMTY3MWXB0IJRlKOw/a2OCww0lEq+NsDMShqFj8ufvXsVXRlIqUwkv6yvkFcw0Y9+adGlvMMfTI/GXubd9+VqnfYSfdjl', NULL, NULL, NULL, NULL, 1, '2019-02-12 13:40:00', NULL, 1),
(113, 113, 'ec_pedro_iglesias@hotmail.com', '92sU04pqQwiP0I5NLm0pbLFhU8x_eUJw', 'PMLFqAeA3TjsRNVHHkSrEzMwZDI4OTVlNjU1YzBjMTgxNzQ2NWM3YTQ3NTk1MjcwZWMzZjYxYThlMGFlZjgyZGQ3YzA5MjM1ZWFjMTY3MWXB0IJRlKOw/a2OCww0lEq+NsDMShqFj8ufvXsVXRlIqUwkv6yvkFcw0Y9+adGlvMMfTI/GXubd9+VqnfYSfdjl', NULL, NULL, NULL, NULL, 1, '2019-02-12 13:40:00', NULL, 1),
(114, 114, 'yuryiturralde@hotmail.com', '92sU04pqQwiP0I5NLm0pbLFhU8x_eUJw', 'PMLFqAeA3TjsRNVHHkSrEzMwZDI4OTVlNjU1YzBjMTgxNzQ2NWM3YTQ3NTk1MjcwZWMzZjYxYThlMGFlZjgyZGQ3YzA5MjM1ZWFjMTY3MWXB0IJRlKOw/a2OCww0lEq+NsDMShqFj8ufvXsVXRlIqUwkv6yvkFcw0Y9+adGlvMMfTI/GXubd9+VqnfYSfdjl', NULL, NULL, NULL, NULL, 1, '2019-02-12 13:40:00', NULL, 1),
(115, 115, 'edgarjimenezb@gmail.com', '93sU04pqQwiP0I5NLm0pbLFhU8x_eUJw', 'PMLFqAeA3TjsRNVHHkSrEzMwZDI4OTVlNjU1YzBjMTgxNzQ2NWM3YTQ3NTk1MjcwZWMzZjYxYThlMGFlZjgyZGQ3YzA5MjM1ZWFjMTY3MWXB0IJRlKOw/a2OCww0lEq+NsDMShqFj8ufvXsVXRlIqUwkv6yvkFcw0Y9+adGlvMMfTI/GXubd9+VqnfYSfdjl', NULL, NULL, NULL, NULL, 1, '2019-02-12 13:40:00', NULL, 1),
(116, 116, 'mauri0204@hotmail.com', '93sU04pqQwiP0I5NLm0pbLFhU8x_eUJw', 'PMLFqAeA3TjsRNVHHkSrEzMwZDI4OTVlNjU1YzBjMTgxNzQ2NWM3YTQ3NTk1MjcwZWMzZjYxYThlMGFlZjgyZGQ3YzA5MjM1ZWFjMTY3MWXB0IJRlKOw/a2OCww0lEq+NsDMShqFj8ufvXsVXRlIqUwkv6yvkFcw0Y9+adGlvMMfTI/GXubd9+VqnfYSfdjl', NULL, NULL, NULL, NULL, 1, '2019-02-12 13:40:00', NULL, 1),
(117, 117, 'docenteidiomas@uteg.edu.ec', '94sU04pqQwiP0I5NLm0pbLFhU8x_eUJw', 'PMLFqAeA3TjsRNVHHkSrEzMwZDI4OTVlNjU1YzBjMTgxNzQ2NWM3YTQ3NTk1MjcwZWMzZjYxYThlMGFlZjgyZGQ3YzA5MjM1ZWFjMTY3MWXB0IJRlKOw/a2OCww0lEq+NsDMShqFj8ufvXsVXRlIqUwkv6yvkFcw0Y9+adGlvMMfTI/GXubd9+VqnfYSfdjl', NULL, NULL, NULL, NULL, 1, '2019-02-12 13:40:00', NULL, 1),
(118, 118, 'gustavo.lamota@gmail.com', '94sU04pqQwiP0I5NLm0pbLFhU8x_eUJw', 'PMLFqAeA3TjsRNVHHkSrEzMwZDI4OTVlNjU1YzBjMTgxNzQ2NWM3YTQ3NTk1MjcwZWMzZjYxYThlMGFlZjgyZGQ3YzA5MjM1ZWFjMTY3MWXB0IJRlKOw/a2OCww0lEq+NsDMShqFj8ufvXsVXRlIqUwkv6yvkFcw0Y9+adGlvMMfTI/GXubd9+VqnfYSfdjl', NULL, NULL, NULL, NULL, 1, '2019-02-12 13:40:00', NULL, 1),
(119, 119, 'manuellarrochelli@hotmail.com', '95sU04pqQwiP0I5NLm0pbLFhU8x_eUJw', 'PMLFqAeA3TjsRNVHHkSrEzMwZDI4OTVlNjU1YzBjMTgxNzQ2NWM3YTQ3NTk1MjcwZWMzZjYxYThlMGFlZjgyZGQ3YzA5MjM1ZWFjMTY3MWXB0IJRlKOw/a2OCww0lEq+NsDMShqFj8ufvXsVXRlIqUwkv6yvkFcw0Y9+adGlvMMfTI/GXubd9+VqnfYSfdjl', NULL, NULL, NULL, NULL, 1, '2019-02-12 13:40:00', NULL, 1),
(120, 120, 'jlulema@hotmail.com', '95sU04pqQwiP0I5NLm0pbLFhU8x_eUJw', 'PMLFqAeA3TjsRNVHHkSrEzMwZDI4OTVlNjU1YzBjMTgxNzQ2NWM3YTQ3NTk1MjcwZWMzZjYxYThlMGFlZjgyZGQ3YzA5MjM1ZWFjMTY3MWXB0IJRlKOw/a2OCww0lEq+NsDMShqFj8ufvXsVXRlIqUwkv6yvkFcw0Y9+adGlvMMfTI/GXubd9+VqnfYSfdjl', NULL, NULL, NULL, NULL, 1, '2019-02-12 13:40:00', NULL, 1),
(121, 121, 'linch.luis@gmail.com', '96sU04pqQwiP0I5NLm0pbLFhU8x_eUJw', 'PMLFqAeA3TjsRNVHHkSrEzMwZDI4OTVlNjU1YzBjMTgxNzQ2NWM3YTQ3NTk1MjcwZWMzZjYxYThlMGFlZjgyZGQ3YzA5MjM1ZWFjMTY3MWXB0IJRlKOw/a2OCww0lEq+NsDMShqFj8ufvXsVXRlIqUwkv6yvkFcw0Y9+adGlvMMfTI/GXubd9+VqnfYSfdjl', NULL, NULL, NULL, NULL, 1, '2019-02-12 13:40:00', NULL, 1),
(122, 122, 'elopez@uteg.edu.ec', '96sU04pqQwiP0I5NLm0pbLFhU8x_eUJw', 'PMLFqAeA3TjsRNVHHkSrEzMwZDI4OTVlNjU1YzBjMTgxNzQ2NWM3YTQ3NTk1MjcwZWMzZjYxYThlMGFlZjgyZGQ3YzA5MjM1ZWFjMTY3MWXB0IJRlKOw/a2OCww0lEq+NsDMShqFj8ufvXsVXRlIqUwkv6yvkFcw0Y9+adGlvMMfTI/GXubd9+VqnfYSfdjl', NULL, NULL, NULL, NULL, 1, '2019-02-12 13:40:00', NULL, 1),
(123, 123, 'flopez.mendieta@gmail.com', '97sU04pqQwiP0I5NLm0pbLFhU8x_eUJw', 'PMLFqAeA3TjsRNVHHkSrEzMwZDI4OTVlNjU1YzBjMTgxNzQ2NWM3YTQ3NTk1MjcwZWMzZjYxYThlMGFlZjgyZGQ3YzA5MjM1ZWFjMTY3MWXB0IJRlKOw/a2OCww0lEq+NsDMShqFj8ufvXsVXRlIqUwkv6yvkFcw0Y9+adGlvMMfTI/GXubd9+VqnfYSfdjl', NULL, NULL, NULL, NULL, 1, '2019-02-12 13:40:00', NULL, 1),
(124, 124, 'mmrodriguez@ucf.edu.ec', '97sU04pqQwiP0I5NLm0pbLFhU8x_eUJw', 'PMLFqAeA3TjsRNVHHkSrEzMwZDI4OTVlNjU1YzBjMTgxNzQ2NWM3YTQ3NTk1MjcwZWMzZjYxYThlMGFlZjgyZGQ3YzA5MjM1ZWFjMTY3MWXB0IJRlKOw/a2OCww0lEq+NsDMShqFj8ufvXsVXRlIqUwkv6yvkFcw0Y9+adGlvMMfTI/GXubd9+VqnfYSfdjl', NULL, NULL, NULL, NULL, 1, '2019-02-12 13:40:00', NULL, 1),
(125, 125, 'marymaltam2006@hotmail.com', '98sU04pqQwiP0I5NLm0pbLFhU8x_eUJw', 'PMLFqAeA3TjsRNVHHkSrEzMwZDI4OTVlNjU1YzBjMTgxNzQ2NWM3YTQ3NTk1MjcwZWMzZjYxYThlMGFlZjgyZGQ3YzA5MjM1ZWFjMTY3MWXB0IJRlKOw/a2OCww0lEq+NsDMShqFj8ufvXsVXRlIqUwkv6yvkFcw0Y9+adGlvMMfTI/GXubd9+VqnfYSfdjl', NULL, NULL, NULL, NULL, 1, '2019-02-12 13:40:00', NULL, 1),
(126, 126, 'mmariduena@itsvr.edu.ec', '98sU04pqQwiP0I5NLm0pbLFhU8x_eUJw', 'PMLFqAeA3TjsRNVHHkSrEzMwZDI4OTVlNjU1YzBjMTgxNzQ2NWM3YTQ3NTk1MjcwZWMzZjYxYThlMGFlZjgyZGQ3YzA5MjM1ZWFjMTY3MWXB0IJRlKOw/a2OCww0lEq+NsDMShqFj8ufvXsVXRlIqUwkv6yvkFcw0Y9+adGlvMMfTI/GXubd9+VqnfYSfdjl', NULL, NULL, NULL, NULL, 1, '2019-02-12 13:40:00', NULL, 1),
(127, 127, 'martinezdealvarez@gmail.com', '99sU04pqQwiP0I5NLm0pbLFhU8x_eUJw', 'PMLFqAeA3TjsRNVHHkSrEzMwZDI4OTVlNjU1YzBjMTgxNzQ2NWM3YTQ3NTk1MjcwZWMzZjYxYThlMGFlZjgyZGQ3YzA5MjM1ZWFjMTY3MWXB0IJRlKOw/a2OCww0lEq+NsDMShqFj8ufvXsVXRlIqUwkv6yvkFcw0Y9+adGlvMMfTI/GXubd9+VqnfYSfdjl', NULL, NULL, NULL, NULL, 1, '2019-02-12 13:40:00', NULL, 1),
(128, 128, 'robertomartinezh7@hotmail.com', '99sU04pqQwiP0I5NLm0pbLFhU8x_eUJw', 'PMLFqAeA3TjsRNVHHkSrEzMwZDI4OTVlNjU1YzBjMTgxNzQ2NWM3YTQ3NTk1MjcwZWMzZjYxYThlMGFlZjgyZGQ3YzA5MjM1ZWFjMTY3MWXB0IJRlKOw/a2OCww0lEq+NsDMShqFj8ufvXsVXRlIqUwkv6yvkFcw0Y9+adGlvMMfTI/GXubd9+VqnfYSfdjl', NULL, NULL, NULL, NULL, 1, '2019-02-12 13:40:00', NULL, 1),
(129, 129, 'martinezrobertoalfredo@gmail.com', '100sU04pqQwiP0I5NLm0pbLFhU8x_eUJw', 'PMLFqAeA3TjsRNVHHkSrEzMwZDI4OTVlNjU1YzBjMTgxNzQ2NWM3YTQ3NTk1MjcwZWMzZjYxYThlMGFlZjgyZGQ3YzA5MjM1ZWFjMTY3MWXB0IJRlKOw/a2OCww0lEq+NsDMShqFj8ufvXsVXRlIqUwkv6yvkFcw0Y9+adGlvMMfTI/GXubd9+VqnfYSfdjl', NULL, NULL, NULL, NULL, 1, '2019-02-12 13:40:00', NULL, 1),
(130, 130, 'ailin.medrano@gmail.com', '100sU04pqQwiP0I5NLm0pbLFhU8x_eUJw', 'PMLFqAeA3TjsRNVHHkSrEzMwZDI4OTVlNjU1YzBjMTgxNzQ2NWM3YTQ3NTk1MjcwZWMzZjYxYThlMGFlZjgyZGQ3YzA5MjM1ZWFjMTY3MWXB0IJRlKOw/a2OCww0lEq+NsDMShqFj8ufvXsVXRlIqUwkv6yvkFcw0Y9+adGlvMMfTI/GXubd9+VqnfYSfdjl', NULL, NULL, NULL, NULL, 1, '2019-02-12 13:40:00', NULL, 1),
(131, 131, 'emenosc@gmail.com', '101sU04pqQwiP0I5NLm0pbLFhU8x_eUJw', 'PMLFqAeA3TjsRNVHHkSrEzMwZDI4OTVlNjU1YzBjMTgxNzQ2NWM3YTQ3NTk1MjcwZWMzZjYxYThlMGFlZjgyZGQ3YzA5MjM1ZWFjMTY3MWXB0IJRlKOw/a2OCww0lEq+NsDMShqFj8ufvXsVXRlIqUwkv6yvkFcw0Y9+adGlvMMfTI/GXubd9+VqnfYSfdjl', NULL, NULL, NULL, NULL, 1, '2019-02-12 13:40:00', NULL, 1),
(132, 132, 'dmielesc@unemi.edu.ec', '101sU04pqQwiP0I5NLm0pbLFhU8x_eUJw', 'PMLFqAeA3TjsRNVHHkSrEzMwZDI4OTVlNjU1YzBjMTgxNzQ2NWM3YTQ3NTk1MjcwZWMzZjYxYThlMGFlZjgyZGQ3YzA5MjM1ZWFjMTY3MWXB0IJRlKOw/a2OCww0lEq+NsDMShqFj8ufvXsVXRlIqUwkv6yvkFcw0Y9+adGlvMMfTI/GXubd9+VqnfYSfdjl', NULL, NULL, NULL, NULL, 1, '2019-02-12 13:40:00', NULL, 1),
(133, 133, 'roberto.milanesg@ug.edu.ec', '102sU04pqQwiP0I5NLm0pbLFhU8x_eUJw', 'PMLFqAeA3TjsRNVHHkSrEzMwZDI4OTVlNjU1YzBjMTgxNzQ2NWM3YTQ3NTk1MjcwZWMzZjYxYThlMGFlZjgyZGQ3YzA5MjM1ZWFjMTY3MWXB0IJRlKOw/a2OCww0lEq+NsDMShqFj8ufvXsVXRlIqUwkv6yvkFcw0Y9+adGlvMMfTI/GXubd9+VqnfYSfdjl', NULL, NULL, NULL, NULL, 1, '2019-02-12 13:40:00', NULL, 1),
(134, 134, 'enrique.moncayo@gmail.com', '102sU04pqQwiP0I5NLm0pbLFhU8x_eUJw', 'PMLFqAeA3TjsRNVHHkSrEzMwZDI4OTVlNjU1YzBjMTgxNzQ2NWM3YTQ3NTk1MjcwZWMzZjYxYThlMGFlZjgyZGQ3YzA5MjM1ZWFjMTY3MWXB0IJRlKOw/a2OCww0lEq+NsDMShqFj8ufvXsVXRlIqUwkv6yvkFcw0Y9+adGlvMMfTI/GXubd9+VqnfYSfdjl', NULL, NULL, NULL, NULL, 1, '2019-02-12 13:40:00', NULL, 1),
(135, 135, 'aselegsa@gmail.com', '103sU04pqQwiP0I5NLm0pbLFhU8x_eUJw', 'PMLFqAeA3TjsRNVHHkSrEzMwZDI4OTVlNjU1YzBjMTgxNzQ2NWM3YTQ3NTk1MjcwZWMzZjYxYThlMGFlZjgyZGQ3YzA5MjM1ZWFjMTY3MWXB0IJRlKOw/a2OCww0lEq+NsDMShqFj8ufvXsVXRlIqUwkv6yvkFcw0Y9+adGlvMMfTI/GXubd9+VqnfYSfdjl', NULL, NULL, NULL, NULL, 1, '2019-02-12 13:40:00', NULL, 1),
(136, 136, 'ricard_mor_1000@hotmail.com', '103sU04pqQwiP0I5NLm0pbLFhU8x_eUJw', 'PMLFqAeA3TjsRNVHHkSrEzMwZDI4OTVlNjU1YzBjMTgxNzQ2NWM3YTQ3NTk1MjcwZWMzZjYxYThlMGFlZjgyZGQ3YzA5MjM1ZWFjMTY3MWXB0IJRlKOw/a2OCww0lEq+NsDMShqFj8ufvXsVXRlIqUwkv6yvkFcw0Y9+adGlvMMfTI/GXubd9+VqnfYSfdjl', NULL, NULL, NULL, NULL, 1, '2019-02-12 13:40:00', NULL, 1),
(137, 137, 'alexmoranv@hotmail.com', '104sU04pqQwiP0I5NLm0pbLFhU8x_eUJw', 'PMLFqAeA3TjsRNVHHkSrEzMwZDI4OTVlNjU1YzBjMTgxNzQ2NWM3YTQ3NTk1MjcwZWMzZjYxYThlMGFlZjgyZGQ3YzA5MjM1ZWFjMTY3MWXB0IJRlKOw/a2OCww0lEq+NsDMShqFj8ufvXsVXRlIqUwkv6yvkFcw0Y9+adGlvMMfTI/GXubd9+VqnfYSfdjl', NULL, NULL, NULL, NULL, 1, '2019-02-12 13:40:00', NULL, 1),
(138, 138, 'dorada_esperanza@hotmail.com', '104sU04pqQwiP0I5NLm0pbLFhU8x_eUJw', 'PMLFqAeA3TjsRNVHHkSrEzMwZDI4OTVlNjU1YzBjMTgxNzQ2NWM3YTQ3NTk1MjcwZWMzZjYxYThlMGFlZjgyZGQ3YzA5MjM1ZWFjMTY3MWXB0IJRlKOw/a2OCww0lEq+NsDMShqFj8ufvXsVXRlIqUwkv6yvkFcw0Y9+adGlvMMfTI/GXubd9+VqnfYSfdjl', NULL, NULL, NULL, NULL, 1, '2019-02-12 13:40:00', NULL, 1),
(139, 139, 'amanda.moreirabq@hotmail.com', '105sU04pqQwiP0I5NLm0pbLFhU8x_eUJw', 'PMLFqAeA3TjsRNVHHkSrEzMwZDI4OTVlNjU1YzBjMTgxNzQ2NWM3YTQ3NTk1MjcwZWMzZjYxYThlMGFlZjgyZGQ3YzA5MjM1ZWFjMTY3MWXB0IJRlKOw/a2OCww0lEq+NsDMShqFj8ufvXsVXRlIqUwkv6yvkFcw0Y9+adGlvMMfTI/GXubd9+VqnfYSfdjl', NULL, NULL, NULL, NULL, 1, '2019-02-12 13:40:00', NULL, 1),
(140, 140, 'ymoreiras@outlook.com', '105sU04pqQwiP0I5NLm0pbLFhU8x_eUJw', 'PMLFqAeA3TjsRNVHHkSrEzMwZDI4OTVlNjU1YzBjMTgxNzQ2NWM3YTQ3NTk1MjcwZWMzZjYxYThlMGFlZjgyZGQ3YzA5MjM1ZWFjMTY3MWXB0IJRlKOw/a2OCww0lEq+NsDMShqFj8ufvXsVXRlIqUwkv6yvkFcw0Y9+adGlvMMfTI/GXubd9+VqnfYSfdjl', NULL, NULL, NULL, NULL, 1, '2019-02-12 13:40:00', NULL, 1),
(141, 141, 'remoc2000@yahoo.com', '106sU04pqQwiP0I5NLm0pbLFhU8x_eUJw', 'PMLFqAeA3TjsRNVHHkSrEzMwZDI4OTVlNjU1YzBjMTgxNzQ2NWM3YTQ3NTk1MjcwZWMzZjYxYThlMGFlZjgyZGQ3YzA5MjM1ZWFjMTY3MWXB0IJRlKOw/a2OCww0lEq+NsDMShqFj8ufvXsVXRlIqUwkv6yvkFcw0Y9+adGlvMMfTI/GXubd9+VqnfYSfdjl', NULL, NULL, NULL, NULL, 1, '2019-02-12 13:40:00', NULL, 1),
(142, 142, 'amorla588@gmail.com', '106sU04pqQwiP0I5NLm0pbLFhU8x_eUJw', 'PMLFqAeA3TjsRNVHHkSrEzMwZDI4OTVlNjU1YzBjMTgxNzQ2NWM3YTQ3NTk1MjcwZWMzZjYxYThlMGFlZjgyZGQ3YzA5MjM1ZWFjMTY3MWXB0IJRlKOw/a2OCww0lEq+NsDMShqFj8ufvXsVXRlIqUwkv6yvkFcw0Y9+adGlvMMfTI/GXubd9+VqnfYSfdjl', NULL, NULL, NULL, NULL, 1, '2019-02-12 13:40:00', NULL, 1),
(143, 143, 'antoine.mourad@yahoo.fr', '107sU04pqQwiP0I5NLm0pbLFhU8x_eUJw', 'PMLFqAeA3TjsRNVHHkSrEzMwZDI4OTVlNjU1YzBjMTgxNzQ2NWM3YTQ3NTk1MjcwZWMzZjYxYThlMGFlZjgyZGQ3YzA5MjM1ZWFjMTY3MWXB0IJRlKOw/a2OCww0lEq+NsDMShqFj8ufvXsVXRlIqUwkv6yvkFcw0Y9+adGlvMMfTI/GXubd9+VqnfYSfdjl', NULL, NULL, NULL, NULL, 1, '2019-02-12 13:40:00', NULL, 1),
(144, 144, 'linamunozmora@gmail.com', '107sU04pqQwiP0I5NLm0pbLFhU8x_eUJw', 'PMLFqAeA3TjsRNVHHkSrEzMwZDI4OTVlNjU1YzBjMTgxNzQ2NWM3YTQ3NTk1MjcwZWMzZjYxYThlMGFlZjgyZGQ3YzA5MjM1ZWFjMTY3MWXB0IJRlKOw/a2OCww0lEq+NsDMShqFj8ufvXsVXRlIqUwkv6yvkFcw0Y9+adGlvMMfTI/GXubd9+VqnfYSfdjl', NULL, NULL, NULL, NULL, 1, '2019-02-12 13:40:00', NULL, 1),
(145, 145, 'directorlenguaje@uteg.edu.ec', '108sU04pqQwiP0I5NLm0pbLFhU8x_eUJw', 'PMLFqAeA3TjsRNVHHkSrEzMwZDI4OTVlNjU1YzBjMTgxNzQ2NWM3YTQ3NTk1MjcwZWMzZjYxYThlMGFlZjgyZGQ3YzA5MjM1ZWFjMTY3MWXB0IJRlKOw/a2OCww0lEq+NsDMShqFj8ufvXsVXRlIqUwkv6yvkFcw0Y9+adGlvMMfTI/GXubd9+VqnfYSfdjl', NULL, NULL, NULL, NULL, 1, '2019-02-12 13:40:00', NULL, 1),
(146, 146, 'glencasil@yahoo.com', '108sU04pqQwiP0I5NLm0pbLFhU8x_eUJw', 'PMLFqAeA3TjsRNVHHkSrEzMwZDI4OTVlNjU1YzBjMTgxNzQ2NWM3YTQ3NTk1MjcwZWMzZjYxYThlMGFlZjgyZGQ3YzA5MjM1ZWFjMTY3MWXB0IJRlKOw/a2OCww0lEq+NsDMShqFj8ufvXsVXRlIqUwkv6yvkFcw0Y9+adGlvMMfTI/GXubd9+VqnfYSfdjl', NULL, NULL, NULL, NULL, 1, '2019-02-12 13:40:00', NULL, 1),
(147, 147, 'michelle.narvaez@hotmail.com', '109sU04pqQwiP0I5NLm0pbLFhU8x_eUJw', 'PMLFqAeA3TjsRNVHHkSrEzMwZDI4OTVlNjU1YzBjMTgxNzQ2NWM3YTQ3NTk1MjcwZWMzZjYxYThlMGFlZjgyZGQ3YzA5MjM1ZWFjMTY3MWXB0IJRlKOw/a2OCww0lEq+NsDMShqFj8ufvXsVXRlIqUwkv6yvkFcw0Y9+adGlvMMfTI/GXubd9+VqnfYSfdjl', NULL, NULL, NULL, NULL, 1, '2019-02-12 13:40:00', NULL, 1),
(148, 148, 'gonzanarvaez@gmail.com', '109sU04pqQwiP0I5NLm0pbLFhU8x_eUJw', 'PMLFqAeA3TjsRNVHHkSrEzMwZDI4OTVlNjU1YzBjMTgxNzQ2NWM3YTQ3NTk1MjcwZWMzZjYxYThlMGFlZjgyZGQ3YzA5MjM1ZWFjMTY3MWXB0IJRlKOw/a2OCww0lEq+NsDMShqFj8ufvXsVXRlIqUwkv6yvkFcw0Y9+adGlvMMfTI/GXubd9+VqnfYSfdjl', NULL, NULL, NULL, NULL, 1, '2019-02-12 13:40:00', NULL, 1),
(149, 149, 'andrea.narvaez.figueroa@gmail.com', '110sU04pqQwiP0I5NLm0pbLFhU8x_eUJw', 'PMLFqAeA3TjsRNVHHkSrEzMwZDI4OTVlNjU1YzBjMTgxNzQ2NWM3YTQ3NTk1MjcwZWMzZjYxYThlMGFlZjgyZGQ3YzA5MjM1ZWFjMTY3MWXB0IJRlKOw/a2OCww0lEq+NsDMShqFj8ufvXsVXRlIqUwkv6yvkFcw0Y9+adGlvMMfTI/GXubd9+VqnfYSfdjl', NULL, NULL, NULL, NULL, 1, '2019-02-12 13:40:00', NULL, 1),
(150, 150, 'marthitanavarrete.b@gmail.com', '110sU04pqQwiP0I5NLm0pbLFhU8x_eUJw', 'PMLFqAeA3TjsRNVHHkSrEzMwZDI4OTVlNjU1YzBjMTgxNzQ2NWM3YTQ3NTk1MjcwZWMzZjYxYThlMGFlZjgyZGQ3YzA5MjM1ZWFjMTY3MWXB0IJRlKOw/a2OCww0lEq+NsDMShqFj8ufvXsVXRlIqUwkv6yvkFcw0Y9+adGlvMMfTI/GXubd9+VqnfYSfdjl', NULL, NULL, NULL, NULL, 1, '2019-02-12 13:40:00', NULL, 1),
(151, 151, 'joseantonio.navasv@gmail.com', '111sU04pqQwiP0I5NLm0pbLFhU8x_eUJw', 'PMLFqAeA3TjsRNVHHkSrEzMwZDI4OTVlNjU1YzBjMTgxNzQ2NWM3YTQ3NTk1MjcwZWMzZjYxYThlMGFlZjgyZGQ3YzA5MjM1ZWFjMTY3MWXB0IJRlKOw/a2OCww0lEq+NsDMShqFj8ufvXsVXRlIqUwkv6yvkFcw0Y9+adGlvMMfTI/GXubd9+VqnfYSfdjl', NULL, NULL, NULL, NULL, 1, '2019-02-12 13:40:00', NULL, 1),
(152, 152, 'oropezamonica07@gmail.com', '111sU04pqQwiP0I5NLm0pbLFhU8x_eUJw', 'PMLFqAeA3TjsRNVHHkSrEzMwZDI4OTVlNjU1YzBjMTgxNzQ2NWM3YTQ3NTk1MjcwZWMzZjYxYThlMGFlZjgyZGQ3YzA5MjM1ZWFjMTY3MWXB0IJRlKOw/a2OCww0lEq+NsDMShqFj8ufvXsVXRlIqUwkv6yvkFcw0Y9+adGlvMMfTI/GXubd9+VqnfYSfdjl', NULL, NULL, NULL, NULL, 1, '2019-02-12 13:40:00', NULL, 1),
(153, 153, 'doloresortiz21@hotmail.com', '112sU04pqQwiP0I5NLm0pbLFhU8x_eUJw', 'PMLFqAeA3TjsRNVHHkSrEzMwZDI4OTVlNjU1YzBjMTgxNzQ2NWM3YTQ3NTk1MjcwZWMzZjYxYThlMGFlZjgyZGQ3YzA5MjM1ZWFjMTY3MWXB0IJRlKOw/a2OCww0lEq+NsDMShqFj8ufvXsVXRlIqUwkv6yvkFcw0Y9+adGlvMMfTI/GXubd9+VqnfYSfdjl', NULL, NULL, NULL, NULL, 1, '2019-02-12 13:40:00', NULL, 1),
(154, 154, 'tammyortiz@yahoo.com', '112sU04pqQwiP0I5NLm0pbLFhU8x_eUJw', 'PMLFqAeA3TjsRNVHHkSrEzMwZDI4OTVlNjU1YzBjMTgxNzQ2NWM3YTQ3NTk1MjcwZWMzZjYxYThlMGFlZjgyZGQ3YzA5MjM1ZWFjMTY3MWXB0IJRlKOw/a2OCww0lEq+NsDMShqFj8ufvXsVXRlIqUwkv6yvkFcw0Y9+adGlvMMfTI/GXubd9+VqnfYSfdjl', NULL, NULL, NULL, NULL, 1, '2019-02-12 13:40:00', NULL, 1),
(155, 155, 'guillermopacheco@hotmail.com', '113sU04pqQwiP0I5NLm0pbLFhU8x_eUJw', 'PMLFqAeA3TjsRNVHHkSrEzMwZDI4OTVlNjU1YzBjMTgxNzQ2NWM3YTQ3NTk1MjcwZWMzZjYxYThlMGFlZjgyZGQ3YzA5MjM1ZWFjMTY3MWXB0IJRlKOw/a2OCww0lEq+NsDMShqFj8ufvXsVXRlIqUwkv6yvkFcw0Y9+adGlvMMfTI/GXubd9+VqnfYSfdjl', NULL, NULL, NULL, NULL, 1, '2019-02-12 13:40:00', NULL, 1),
(156, 156, 'MERCEDES.PADILLA@GMAIL.COM', '113sU04pqQwiP0I5NLm0pbLFhU8x_eUJw', 'PMLFqAeA3TjsRNVHHkSrEzMwZDI4OTVlNjU1YzBjMTgxNzQ2NWM3YTQ3NTk1MjcwZWMzZjYxYThlMGFlZjgyZGQ3YzA5MjM1ZWFjMTY3MWXB0IJRlKOw/a2OCww0lEq+NsDMShqFj8ufvXsVXRlIqUwkv6yvkFcw0Y9+adGlvMMfTI/GXubd9+VqnfYSfdjl', NULL, NULL, NULL, NULL, 1, '2019-02-12 13:40:00', NULL, 1),
(157, 157, 'andpalma2@hotmail.com', '114sU04pqQwiP0I5NLm0pbLFhU8x_eUJw', 'PMLFqAeA3TjsRNVHHkSrEzMwZDI4OTVlNjU1YzBjMTgxNzQ2NWM3YTQ3NTk1MjcwZWMzZjYxYThlMGFlZjgyZGQ3YzA5MjM1ZWFjMTY3MWXB0IJRlKOw/a2OCww0lEq+NsDMShqFj8ufvXsVXRlIqUwkv6yvkFcw0Y9+adGlvMMfTI/GXubd9+VqnfYSfdjl', NULL, NULL, NULL, NULL, 1, '2019-02-12 13:40:00', NULL, 1),
(158, 158, 'santiago_pazmino@yahoo.com', '114sU04pqQwiP0I5NLm0pbLFhU8x_eUJw', 'PMLFqAeA3TjsRNVHHkSrEzMwZDI4OTVlNjU1YzBjMTgxNzQ2NWM3YTQ3NTk1MjcwZWMzZjYxYThlMGFlZjgyZGQ3YzA5MjM1ZWFjMTY3MWXB0IJRlKOw/a2OCww0lEq+NsDMShqFj8ufvXsVXRlIqUwkv6yvkFcw0Y9+adGlvMMfTI/GXubd9+VqnfYSfdjl', NULL, NULL, NULL, NULL, 1, '2019-02-12 13:40:00', NULL, 1),
(159, 159, 'cfpazmino@yahoo.com', '115sU04pqQwiP0I5NLm0pbLFhU8x_eUJw', 'PMLFqAeA3TjsRNVHHkSrEzMwZDI4OTVlNjU1YzBjMTgxNzQ2NWM3YTQ3NTk1MjcwZWMzZjYxYThlMGFlZjgyZGQ3YzA5MjM1ZWFjMTY3MWXB0IJRlKOw/a2OCww0lEq+NsDMShqFj8ufvXsVXRlIqUwkv6yvkFcw0Y9+adGlvMMfTI/GXubd9+VqnfYSfdjl', NULL, NULL, NULL, NULL, 1, '2019-02-12 13:40:00', NULL, 1),
(160, 160, 'jpelaez@audilex.com.ec', '115sU04pqQwiP0I5NLm0pbLFhU8x_eUJw', 'PMLFqAeA3TjsRNVHHkSrEzMwZDI4OTVlNjU1YzBjMTgxNzQ2NWM3YTQ3NTk1MjcwZWMzZjYxYThlMGFlZjgyZGQ3YzA5MjM1ZWFjMTY3MWXB0IJRlKOw/a2OCww0lEq+NsDMShqFj8ufvXsVXRlIqUwkv6yvkFcw0Y9+adGlvMMfTI/GXubd9+VqnfYSfdjl', NULL, NULL, NULL, NULL, 1, '2019-02-12 13:40:00', NULL, 1),
(161, 161, 'rperez@g.cfn.fin.ec', '116sU04pqQwiP0I5NLm0pbLFhU8x_eUJw', 'PMLFqAeA3TjsRNVHHkSrEzMwZDI4OTVlNjU1YzBjMTgxNzQ2NWM3YTQ3NTk1MjcwZWMzZjYxYThlMGFlZjgyZGQ3YzA5MjM1ZWFjMTY3MWXB0IJRlKOw/a2OCww0lEq+NsDMShqFj8ufvXsVXRlIqUwkv6yvkFcw0Y9+adGlvMMfTI/GXubd9+VqnfYSfdjl', NULL, NULL, NULL, NULL, 1, '2019-02-12 13:40:00', NULL, 1),
(162, 162, 'alexanderpinero12@gmail.com', '116sU04pqQwiP0I5NLm0pbLFhU8x_eUJw', 'PMLFqAeA3TjsRNVHHkSrEzMwZDI4OTVlNjU1YzBjMTgxNzQ2NWM3YTQ3NTk1MjcwZWMzZjYxYThlMGFlZjgyZGQ3YzA5MjM1ZWFjMTY3MWXB0IJRlKOw/a2OCww0lEq+NsDMShqFj8ufvXsVXRlIqUwkv6yvkFcw0Y9+adGlvMMfTI/GXubd9+VqnfYSfdjl', NULL, NULL, NULL, NULL, 1, '2019-02-12 13:40:00', NULL, 1),
(163, 163, 'gerpin59@hotmail.com', '117sU04pqQwiP0I5NLm0pbLFhU8x_eUJw', 'PMLFqAeA3TjsRNVHHkSrEzMwZDI4OTVlNjU1YzBjMTgxNzQ2NWM3YTQ3NTk1MjcwZWMzZjYxYThlMGFlZjgyZGQ3YzA5MjM1ZWFjMTY3MWXB0IJRlKOw/a2OCww0lEq+NsDMShqFj8ufvXsVXRlIqUwkv6yvkFcw0Y9+adGlvMMfTI/GXubd9+VqnfYSfdjl', NULL, NULL, NULL, NULL, 1, '2019-02-12 13:40:00', NULL, 1),
(164, 164, 'fatimaplaton_23@hotmail.com', '117sU04pqQwiP0I5NLm0pbLFhU8x_eUJw', 'PMLFqAeA3TjsRNVHHkSrEzMwZDI4OTVlNjU1YzBjMTgxNzQ2NWM3YTQ3NTk1MjcwZWMzZjYxYThlMGFlZjgyZGQ3YzA5MjM1ZWFjMTY3MWXB0IJRlKOw/a2OCww0lEq+NsDMShqFj8ufvXsVXRlIqUwkv6yvkFcw0Y9+adGlvMMfTI/GXubd9+VqnfYSfdjl', NULL, NULL, NULL, NULL, 1, '2019-02-12 13:40:00', NULL, 1),
(165, 165, 'marcoproa@hotmail.com', '118sU04pqQwiP0I5NLm0pbLFhU8x_eUJw', 'PMLFqAeA3TjsRNVHHkSrEzMwZDI4OTVlNjU1YzBjMTgxNzQ2NWM3YTQ3NTk1MjcwZWMzZjYxYThlMGFlZjgyZGQ3YzA5MjM1ZWFjMTY3MWXB0IJRlKOw/a2OCww0lEq+NsDMShqFj8ufvXsVXRlIqUwkv6yvkFcw0Y9+adGlvMMfTI/GXubd9+VqnfYSfdjl', NULL, NULL, NULL, NULL, 1, '2019-02-12 13:40:00', NULL, 1),
(166, 166, 'mapm@uio.satnet.net', '118sU04pqQwiP0I5NLm0pbLFhU8x_eUJw', 'PMLFqAeA3TjsRNVHHkSrEzMwZDI4OTVlNjU1YzBjMTgxNzQ2NWM3YTQ3NTk1MjcwZWMzZjYxYThlMGFlZjgyZGQ3YzA5MjM1ZWFjMTY3MWXB0IJRlKOw/a2OCww0lEq+NsDMShqFj8ufvXsVXRlIqUwkv6yvkFcw0Y9+adGlvMMfTI/GXubd9+VqnfYSfdjl', NULL, NULL, NULL, NULL, 1, '2019-02-12 13:40:00', NULL, 1),
(167, 167, 'marlon_q77@hotmail.com', '119sU04pqQwiP0I5NLm0pbLFhU8x_eUJw', 'PMLFqAeA3TjsRNVHHkSrEzMwZDI4OTVlNjU1YzBjMTgxNzQ2NWM3YTQ3NTk1MjcwZWMzZjYxYThlMGFlZjgyZGQ3YzA5MjM1ZWFjMTY3MWXB0IJRlKOw/a2OCww0lEq+NsDMShqFj8ufvXsVXRlIqUwkv6yvkFcw0Y9+adGlvMMfTI/GXubd9+VqnfYSfdjl', NULL, NULL, NULL, NULL, 1, '2019-02-12 13:40:00', NULL, 1),
(168, 168, 'rramireza@unemi.edu.ec', '119sU04pqQwiP0I5NLm0pbLFhU8x_eUJw', 'PMLFqAeA3TjsRNVHHkSrEzMwZDI4OTVlNjU1YzBjMTgxNzQ2NWM3YTQ3NTk1MjcwZWMzZjYxYThlMGFlZjgyZGQ3YzA5MjM1ZWFjMTY3MWXB0IJRlKOw/a2OCww0lEq+NsDMShqFj8ufvXsVXRlIqUwkv6yvkFcw0Y9+adGlvMMfTI/GXubd9+VqnfYSfdjl', NULL, NULL, NULL, NULL, 1, '2019-02-12 13:40:00', NULL, 1),
(169, 169, 'ernestowrangel@hotmail.com', '120sU04pqQwiP0I5NLm0pbLFhU8x_eUJw', 'PMLFqAeA3TjsRNVHHkSrEzMwZDI4OTVlNjU1YzBjMTgxNzQ2NWM3YTQ3NTk1MjcwZWMzZjYxYThlMGFlZjgyZGQ3YzA5MjM1ZWFjMTY3MWXB0IJRlKOw/a2OCww0lEq+NsDMShqFj8ufvXsVXRlIqUwkv6yvkFcw0Y9+adGlvMMfTI/GXubd9+VqnfYSfdjl', NULL, NULL, NULL, NULL, 1, '2019-02-12 13:40:00', NULL, 1),
(170, 170, 'javier.rendon@sherwin.com', '120sU04pqQwiP0I5NLm0pbLFhU8x_eUJw', 'PMLFqAeA3TjsRNVHHkSrEzMwZDI4OTVlNjU1YzBjMTgxNzQ2NWM3YTQ3NTk1MjcwZWMzZjYxYThlMGFlZjgyZGQ3YzA5MjM1ZWFjMTY3MWXB0IJRlKOw/a2OCww0lEq+NsDMShqFj8ufvXsVXRlIqUwkv6yvkFcw0Y9+adGlvMMfTI/GXubd9+VqnfYSfdjl', NULL, NULL, NULL, NULL, 1, '2019-02-12 13:40:00', NULL, 1),
(171, 171, 'xrodriguez@electricaguayaqui.gov.ec', '121sU04pqQwiP0I5NLm0pbLFhU8x_eUJw', 'PMLFqAeA3TjsRNVHHkSrEzMwZDI4OTVlNjU1YzBjMTgxNzQ2NWM3YTQ3NTk1MjcwZWMzZjYxYThlMGFlZjgyZGQ3YzA5MjM1ZWFjMTY3MWXB0IJRlKOw/a2OCww0lEq+NsDMShqFj8ufvXsVXRlIqUwkv6yvkFcw0Y9+adGlvMMfTI/GXubd9+VqnfYSfdjl', NULL, NULL, NULL, NULL, 1, '2019-02-12 13:40:00', NULL, 1),
(172, 172, 'krodriguez@hotmail.com', '121sU04pqQwiP0I5NLm0pbLFhU8x_eUJw', 'PMLFqAeA3TjsRNVHHkSrEzMwZDI4OTVlNjU1YzBjMTgxNzQ2NWM3YTQ3NTk1MjcwZWMzZjYxYThlMGFlZjgyZGQ3YzA5MjM1ZWFjMTY3MWXB0IJRlKOw/a2OCww0lEq+NsDMShqFj8ufvXsVXRlIqUwkv6yvkFcw0Y9+adGlvMMfTI/GXubd9+VqnfYSfdjl', NULL, NULL, NULL, NULL, 1, '2019-02-12 13:40:00', NULL, 1),
(173, 173, 'rosero.gabriel@gmail.com', '122sU04pqQwiP0I5NLm0pbLFhU8x_eUJw', 'PMLFqAeA3TjsRNVHHkSrEzMwZDI4OTVlNjU1YzBjMTgxNzQ2NWM3YTQ3NTk1MjcwZWMzZjYxYThlMGFlZjgyZGQ3YzA5MjM1ZWFjMTY3MWXB0IJRlKOw/a2OCww0lEq+NsDMShqFj8ufvXsVXRlIqUwkv6yvkFcw0Y9+adGlvMMfTI/GXubd9+VqnfYSfdjl', NULL, NULL, NULL, NULL, 1, '2019-02-12 13:40:00', NULL, 1),
(174, 174, 'elizabethsalinas@live.com', '122sU04pqQwiP0I5NLm0pbLFhU8x_eUJw', 'PMLFqAeA3TjsRNVHHkSrEzMwZDI4OTVlNjU1YzBjMTgxNzQ2NWM3YTQ3NTk1MjcwZWMzZjYxYThlMGFlZjgyZGQ3YzA5MjM1ZWFjMTY3MWXB0IJRlKOw/a2OCww0lEq+NsDMShqFj8ufvXsVXRlIqUwkv6yvkFcw0Y9+adGlvMMfTI/GXubd9+VqnfYSfdjl', NULL, NULL, NULL, NULL, 1, '2019-02-12 13:40:00', NULL, 1),
(175, 175, 'wsalinas902@gmail.com', '123sU04pqQwiP0I5NLm0pbLFhU8x_eUJw', 'PMLFqAeA3TjsRNVHHkSrEzMwZDI4OTVlNjU1YzBjMTgxNzQ2NWM3YTQ3NTk1MjcwZWMzZjYxYThlMGFlZjgyZGQ3YzA5MjM1ZWFjMTY3MWXB0IJRlKOw/a2OCww0lEq+NsDMShqFj8ufvXsVXRlIqUwkv6yvkFcw0Y9+adGlvMMfTI/GXubd9+VqnfYSfdjl', NULL, NULL, NULL, NULL, 1, '2019-02-12 13:40:00', NULL, 1),
(176, 176, 'ramiro.saltos@ing.uchile.cl', '123sU04pqQwiP0I5NLm0pbLFhU8x_eUJw', 'PMLFqAeA3TjsRNVHHkSrEzMwZDI4OTVlNjU1YzBjMTgxNzQ2NWM3YTQ3NTk1MjcwZWMzZjYxYThlMGFlZjgyZGQ3YzA5MjM1ZWFjMTY3MWXB0IJRlKOw/a2OCww0lEq+NsDMShqFj8ufvXsVXRlIqUwkv6yvkFcw0Y9+adGlvMMfTI/GXubd9+VqnfYSfdjl', NULL, NULL, NULL, NULL, 1, '2019-02-12 13:40:00', NULL, 1),
(177, 177, 'yasmila_s@yahoo.com', '124sU04pqQwiP0I5NLm0pbLFhU8x_eUJw', 'PMLFqAeA3TjsRNVHHkSrEzMwZDI4OTVlNjU1YzBjMTgxNzQ2NWM3YTQ3NTk1MjcwZWMzZjYxYThlMGFlZjgyZGQ3YzA5MjM1ZWFjMTY3MWXB0IJRlKOw/a2OCww0lEq+NsDMShqFj8ufvXsVXRlIqUwkv6yvkFcw0Y9+adGlvMMfTI/GXubd9+VqnfYSfdjl', NULL, NULL, NULL, NULL, 1, '2019-02-12 13:40:00', NULL, 1),
(178, 178, 'marjorie_sanandres@hotmail.com', '124sU04pqQwiP0I5NLm0pbLFhU8x_eUJw', 'PMLFqAeA3TjsRNVHHkSrEzMwZDI4OTVlNjU1YzBjMTgxNzQ2NWM3YTQ3NTk1MjcwZWMzZjYxYThlMGFlZjgyZGQ3YzA5MjM1ZWFjMTY3MWXB0IJRlKOw/a2OCww0lEq+NsDMShqFj8ufvXsVXRlIqUwkv6yvkFcw0Y9+adGlvMMfTI/GXubd9+VqnfYSfdjl', NULL, NULL, NULL, NULL, 1, '2019-02-12 13:40:00', NULL, 1),
(179, 179, 'masanchezl@hotmail.com', '125sU04pqQwiP0I5NLm0pbLFhU8x_eUJw', 'PMLFqAeA3TjsRNVHHkSrEzMwZDI4OTVlNjU1YzBjMTgxNzQ2NWM3YTQ3NTk1MjcwZWMzZjYxYThlMGFlZjgyZGQ3YzA5MjM1ZWFjMTY3MWXB0IJRlKOw/a2OCww0lEq+NsDMShqFj8ufvXsVXRlIqUwkv6yvkFcw0Y9+adGlvMMfTI/GXubd9+VqnfYSfdjl', NULL, NULL, NULL, NULL, 1, '2019-02-12 13:40:00', NULL, 1),
(180, 180, 'buzondeuri@gmail.com', '125sU04pqQwiP0I5NLm0pbLFhU8x_eUJw', 'PMLFqAeA3TjsRNVHHkSrEzMwZDI4OTVlNjU1YzBjMTgxNzQ2NWM3YTQ3NTk1MjcwZWMzZjYxYThlMGFlZjgyZGQ3YzA5MjM1ZWFjMTY3MWXB0IJRlKOw/a2OCww0lEq+NsDMShqFj8ufvXsVXRlIqUwkv6yvkFcw0Y9+adGlvMMfTI/GXubd9+VqnfYSfdjl', NULL, NULL, NULL, NULL, 1, '2019-02-12 13:40:00', NULL, 1),
(181, 181, 'myriam_sarabia@hotmail.com', '126sU04pqQwiP0I5NLm0pbLFhU8x_eUJw', 'PMLFqAeA3TjsRNVHHkSrEzMwZDI4OTVlNjU1YzBjMTgxNzQ2NWM3YTQ3NTk1MjcwZWMzZjYxYThlMGFlZjgyZGQ3YzA5MjM1ZWFjMTY3MWXB0IJRlKOw/a2OCww0lEq+NsDMShqFj8ufvXsVXRlIqUwkv6yvkFcw0Y9+adGlvMMfTI/GXubd9+VqnfYSfdjl', NULL, NULL, NULL, NULL, 1, '2019-02-12 13:40:00', NULL, 1),
(182, 182, 'griffithlvo@yahoo.es', '126sU04pqQwiP0I5NLm0pbLFhU8x_eUJw', 'PMLFqAeA3TjsRNVHHkSrEzMwZDI4OTVlNjU1YzBjMTgxNzQ2NWM3YTQ3NTk1MjcwZWMzZjYxYThlMGFlZjgyZGQ3YzA5MjM1ZWFjMTY3MWXB0IJRlKOw/a2OCww0lEq+NsDMShqFj8ufvXsVXRlIqUwkv6yvkFcw0Y9+adGlvMMfTI/GXubd9+VqnfYSfdjl', NULL, NULL, NULL, NULL, 1, '2019-02-12 13:40:00', NULL, 1),
(183, 183, 'fssj1@hotmail.com', '127sU04pqQwiP0I5NLm0pbLFhU8x_eUJw', 'PMLFqAeA3TjsRNVHHkSrEzMwZDI4OTVlNjU1YzBjMTgxNzQ2NWM3YTQ3NTk1MjcwZWMzZjYxYThlMGFlZjgyZGQ3YzA5MjM1ZWFjMTY3MWXB0IJRlKOw/a2OCww0lEq+NsDMShqFj8ufvXsVXRlIqUwkv6yvkFcw0Y9+adGlvMMfTI/GXubd9+VqnfYSfdjl', NULL, NULL, NULL, NULL, 1, '2019-02-12 13:40:00', NULL, 1),
(184, 184, 'mishquipacha@yahoo.com', '127sU04pqQwiP0I5NLm0pbLFhU8x_eUJw', 'PMLFqAeA3TjsRNVHHkSrEzMwZDI4OTVlNjU1YzBjMTgxNzQ2NWM3YTQ3NTk1MjcwZWMzZjYxYThlMGFlZjgyZGQ3YzA5MjM1ZWFjMTY3MWXB0IJRlKOw/a2OCww0lEq+NsDMShqFj8ufvXsVXRlIqUwkv6yvkFcw0Y9+adGlvMMfTI/GXubd9+VqnfYSfdjl', NULL, NULL, NULL, NULL, 1, '2019-02-12 13:40:00', NULL, 1),
(185, 185, 'opgsr@hotmail.com', '128sU04pqQwiP0I5NLm0pbLFhU8x_eUJw', 'PMLFqAeA3TjsRNVHHkSrEzMwZDI4OTVlNjU1YzBjMTgxNzQ2NWM3YTQ3NTk1MjcwZWMzZjYxYThlMGFlZjgyZGQ3YzA5MjM1ZWFjMTY3MWXB0IJRlKOw/a2OCww0lEq+NsDMShqFj8ufvXsVXRlIqUwkv6yvkFcw0Y9+adGlvMMfTI/GXubd9+VqnfYSfdjl', NULL, NULL, NULL, NULL, 1, '2019-02-12 13:40:00', NULL, 1),
(186, 186, 'dblade86@gmail.com', '128sU04pqQwiP0I5NLm0pbLFhU8x_eUJw', 'PMLFqAeA3TjsRNVHHkSrEzMwZDI4OTVlNjU1YzBjMTgxNzQ2NWM3YTQ3NTk1MjcwZWMzZjYxYThlMGFlZjgyZGQ3YzA5MjM1ZWFjMTY3MWXB0IJRlKOw/a2OCww0lEq+NsDMShqFj8ufvXsVXRlIqUwkv6yvkFcw0Y9+adGlvMMfTI/GXubd9+VqnfYSfdjl', NULL, NULL, NULL, NULL, 1, '2019-02-12 13:40:00', NULL, 1),
(187, 187, 'jose.townsend@uteg.edu.ec', '129sU04pqQwiP0I5NLm0pbLFhU8x_eUJw', 'PMLFqAeA3TjsRNVHHkSrEzMwZDI4OTVlNjU1YzBjMTgxNzQ2NWM3YTQ3NTk1MjcwZWMzZjYxYThlMGFlZjgyZGQ3YzA5MjM1ZWFjMTY3MWXB0IJRlKOw/a2OCww0lEq+NsDMShqFj8ufvXsVXRlIqUwkv6yvkFcw0Y9+adGlvMMfTI/GXubd9+VqnfYSfdjl', NULL, NULL, NULL, NULL, 1, '2019-02-12 13:40:00', NULL, 1),
(188, 188, 'gaston_uefsa@hotmail.com', '129sU04pqQwiP0I5NLm0pbLFhU8x_eUJw', 'PMLFqAeA3TjsRNVHHkSrEzMwZDI4OTVlNjU1YzBjMTgxNzQ2NWM3YTQ3NTk1MjcwZWMzZjYxYThlMGFlZjgyZGQ3YzA5MjM1ZWFjMTY3MWXB0IJRlKOw/a2OCww0lEq+NsDMShqFj8ufvXsVXRlIqUwkv6yvkFcw0Y9+adGlvMMfTI/GXubd9+VqnfYSfdjl', NULL, NULL, NULL, NULL, 1, '2019-02-12 13:40:00', NULL, 1),
(189, 189, 'von.valladares@gmail.com', '130sU04pqQwiP0I5NLm0pbLFhU8x_eUJw', 'PMLFqAeA3TjsRNVHHkSrEzMwZDI4OTVlNjU1YzBjMTgxNzQ2NWM3YTQ3NTk1MjcwZWMzZjYxYThlMGFlZjgyZGQ3YzA5MjM1ZWFjMTY3MWXB0IJRlKOw/a2OCww0lEq+NsDMShqFj8ufvXsVXRlIqUwkv6yvkFcw0Y9+adGlvMMfTI/GXubd9+VqnfYSfdjl', NULL, NULL, NULL, NULL, 1, '2019-02-12 13:40:00', NULL, 1),
(190, 190, 'luisvalverdeq@hotmail.com', '130sU04pqQwiP0I5NLm0pbLFhU8x_eUJw', 'PMLFqAeA3TjsRNVHHkSrEzMwZDI4OTVlNjU1YzBjMTgxNzQ2NWM3YTQ3NTk1MjcwZWMzZjYxYThlMGFlZjgyZGQ3YzA5MjM1ZWFjMTY3MWXB0IJRlKOw/a2OCww0lEq+NsDMShqFj8ufvXsVXRlIqUwkv6yvkFcw0Y9+adGlvMMfTI/GXubd9+VqnfYSfdjl', NULL, NULL, NULL, NULL, 1, '2019-02-12 13:40:00', NULL, 1),
(191, 191, 'ricardovanegas@med.ec', '131sU04pqQwiP0I5NLm0pbLFhU8x_eUJw', 'PMLFqAeA3TjsRNVHHkSrEzMwZDI4OTVlNjU1YzBjMTgxNzQ2NWM3YTQ3NTk1MjcwZWMzZjYxYThlMGFlZjgyZGQ3YzA5MjM1ZWFjMTY3MWXB0IJRlKOw/a2OCww0lEq+NsDMShqFj8ufvXsVXRlIqUwkv6yvkFcw0Y9+adGlvMMfTI/GXubd9+VqnfYSfdjl', NULL, NULL, NULL, NULL, 1, '2019-02-12 13:40:00', NULL, 1),
(192, 192, 'sandra.vargas.lopez3@gmail.com', '131sU04pqQwiP0I5NLm0pbLFhU8x_eUJw', 'PMLFqAeA3TjsRNVHHkSrEzMwZDI4OTVlNjU1YzBjMTgxNzQ2NWM3YTQ3NTk1MjcwZWMzZjYxYThlMGFlZjgyZGQ3YzA5MjM1ZWFjMTY3MWXB0IJRlKOw/a2OCww0lEq+NsDMShqFj8ufvXsVXRlIqUwkv6yvkFcw0Y9+adGlvMMfTI/GXubd9+VqnfYSfdjl', NULL, NULL, NULL, NULL, 1, '2019-02-12 13:40:00', NULL, 1),
(193, 193, 'ogvargas@hotmail.com', '132sU04pqQwiP0I5NLm0pbLFhU8x_eUJw', 'PMLFqAeA3TjsRNVHHkSrEzMwZDI4OTVlNjU1YzBjMTgxNzQ2NWM3YTQ3NTk1MjcwZWMzZjYxYThlMGFlZjgyZGQ3YzA5MjM1ZWFjMTY3MWXB0IJRlKOw/a2OCww0lEq+NsDMShqFj8ufvXsVXRlIqUwkv6yvkFcw0Y9+adGlvMMfTI/GXubd9+VqnfYSfdjl', NULL, NULL, NULL, NULL, 1, '2019-02-12 13:40:00', NULL, 1),
(194, 194, 'carlosevelez@admunifondos.com', '132sU04pqQwiP0I5NLm0pbLFhU8x_eUJw', 'PMLFqAeA3TjsRNVHHkSrEzMwZDI4OTVlNjU1YzBjMTgxNzQ2NWM3YTQ3NTk1MjcwZWMzZjYxYThlMGFlZjgyZGQ3YzA5MjM1ZWFjMTY3MWXB0IJRlKOw/a2OCww0lEq+NsDMShqFj8ufvXsVXRlIqUwkv6yvkFcw0Y9+adGlvMMfTI/GXubd9+VqnfYSfdjl', NULL, NULL, NULL, NULL, 1, '2019-02-12 13:40:00', NULL, 1),
(195, 195, 'jovelizt@gmail.com', '133sU04pqQwiP0I5NLm0pbLFhU8x_eUJw', 'PMLFqAeA3TjsRNVHHkSrEzMwZDI4OTVlNjU1YzBjMTgxNzQ2NWM3YTQ3NTk1MjcwZWMzZjYxYThlMGFlZjgyZGQ3YzA5MjM1ZWFjMTY3MWXB0IJRlKOw/a2OCww0lEq+NsDMShqFj8ufvXsVXRlIqUwkv6yvkFcw0Y9+adGlvMMfTI/GXubd9+VqnfYSfdjl', NULL, NULL, NULL, NULL, 1, '2019-02-12 13:40:00', NULL, 1),
(196, 196, 'staynley@yahoo.com', '133sU04pqQwiP0I5NLm0pbLFhU8x_eUJw', 'PMLFqAeA3TjsRNVHHkSrEzMwZDI4OTVlNjU1YzBjMTgxNzQ2NWM3YTQ3NTk1MjcwZWMzZjYxYThlMGFlZjgyZGQ3YzA5MjM1ZWFjMTY3MWXB0IJRlKOw/a2OCww0lEq+NsDMShqFj8ufvXsVXRlIqUwkv6yvkFcw0Y9+adGlvMMfTI/GXubd9+VqnfYSfdjl', NULL, NULL, NULL, NULL, 1, '2019-02-12 13:40:00', NULL, 1),
(197, 197, 'ferch_2003@hotmail.com', '134sU04pqQwiP0I5NLm0pbLFhU8x_eUJw', 'PMLFqAeA3TjsRNVHHkSrEzMwZDI4OTVlNjU1YzBjMTgxNzQ2NWM3YTQ3NTk1MjcwZWMzZjYxYThlMGFlZjgyZGQ3YzA5MjM1ZWFjMTY3MWXB0IJRlKOw/a2OCww0lEq+NsDMShqFj8ufvXsVXRlIqUwkv6yvkFcw0Y9+adGlvMMfTI/GXubd9+VqnfYSfdjl', NULL, NULL, NULL, NULL, 1, '2019-02-12 13:40:00', NULL, 1),
(198, 198, 'vvillacr@espol.edu.ec', '134sU04pqQwiP0I5NLm0pbLFhU8x_eUJw', 'PMLFqAeA3TjsRNVHHkSrEzMwZDI4OTVlNjU1YzBjMTgxNzQ2NWM3YTQ3NTk1MjcwZWMzZjYxYThlMGFlZjgyZGQ3YzA5MjM1ZWFjMTY3MWXB0IJRlKOw/a2OCww0lEq+NsDMShqFj8ufvXsVXRlIqUwkv6yvkFcw0Y9+adGlvMMfTI/GXubd9+VqnfYSfdjl', NULL, NULL, NULL, NULL, 1, '2019-02-12 13:40:00', NULL, 1),
(199, 199, 'ing.ivanvillamar_1283@hotmail.com', '135sU04pqQwiP0I5NLm0pbLFhU8x_eUJw', 'PMLFqAeA3TjsRNVHHkSrEzMwZDI4OTVlNjU1YzBjMTgxNzQ2NWM3YTQ3NTk1MjcwZWMzZjYxYThlMGFlZjgyZGQ3YzA5MjM1ZWFjMTY3MWXB0IJRlKOw/a2OCww0lEq+NsDMShqFj8ufvXsVXRlIqUwkv6yvkFcw0Y9+adGlvMMfTI/GXubd9+VqnfYSfdjl', NULL, NULL, NULL, NULL, 1, '2019-02-12 13:40:00', NULL, 1),
(200, 200, 'cviteri2011@gmail.com', '135sU04pqQwiP0I5NLm0pbLFhU8x_eUJw', 'PMLFqAeA3TjsRNVHHkSrEzMwZDI4OTVlNjU1YzBjMTgxNzQ2NWM3YTQ3NTk1MjcwZWMzZjYxYThlMGFlZjgyZGQ3YzA5MjM1ZWFjMTY3MWXB0IJRlKOw/a2OCww0lEq+NsDMShqFj8ufvXsVXRlIqUwkv6yvkFcw0Y9+adGlvMMfTI/GXubd9+VqnfYSfdjl', NULL, NULL, NULL, NULL, 1, '2019-02-12 13:40:00', NULL, 1),
(201, 201, 'alfredomarcel@hotmail.com', '136sU04pqQwiP0I5NLm0pbLFhU8x_eUJw', 'PMLFqAeA3TjsRNVHHkSrEzMwZDI4OTVlNjU1YzBjMTgxNzQ2NWM3YTQ3NTk1MjcwZWMzZjYxYThlMGFlZjgyZGQ3YzA5MjM1ZWFjMTY3MWXB0IJRlKOw/a2OCww0lEq+NsDMShqFj8ufvXsVXRlIqUwkv6yvkFcw0Y9+adGlvMMfTI/GXubd9+VqnfYSfdjl', NULL, NULL, NULL, NULL, 1, '2019-02-12 13:40:00', NULL, 1),
(202, 202, 'aleycaza@hotmail.com', '136sU04pqQwiP0I5NLm0pbLFhU8x_eUJw', 'PMLFqAeA3TjsRNVHHkSrEzMwZDI4OTVlNjU1YzBjMTgxNzQ2NWM3YTQ3NTk1MjcwZWMzZjYxYThlMGFlZjgyZGQ3YzA5MjM1ZWFjMTY3MWXB0IJRlKOw/a2OCww0lEq+NsDMShqFj8ufvXsVXRlIqUwkv6yvkFcw0Y9+adGlvMMfTI/GXubd9+VqnfYSfdjl', NULL, NULL, NULL, NULL, 1, '2019-02-12 13:40:00', NULL, 1),
(203, 203, 'andrea-yoncon@hotmail.com', '137sU04pqQwiP0I5NLm0pbLFhU8x_eUJw', 'PMLFqAeA3TjsRNVHHkSrEzMwZDI4OTVlNjU1YzBjMTgxNzQ2NWM3YTQ3NTk1MjcwZWMzZjYxYThlMGFlZjgyZGQ3YzA5MjM1ZWFjMTY3MWXB0IJRlKOw/a2OCww0lEq+NsDMShqFj8ufvXsVXRlIqUwkv6yvkFcw0Y9+adGlvMMfTI/GXubd9+VqnfYSfdjl', NULL, NULL, NULL, NULL, 1, '2019-02-12 13:40:00', NULL, 1),
(204, 204, 'jzea1986@outlook.com', '137sU04pqQwiP0I5NLm0pbLFhU8x_eUJw', 'PMLFqAeA3TjsRNVHHkSrEzMwZDI4OTVlNjU1YzBjMTgxNzQ2NWM3YTQ3NTk1MjcwZWMzZjYxYThlMGFlZjgyZGQ3YzA5MjM1ZWFjMTY3MWXB0IJRlKOw/a2OCww0lEq+NsDMShqFj8ufvXsVXRlIqUwkv6yvkFcw0Y9+adGlvMMfTI/GXubd9+VqnfYSfdjl', NULL, NULL, NULL, NULL, 1, '2019-02-12 13:40:00', NULL, 1),
(205, 205, 'eduardo.zea.74@gmail.com', '138sU04pqQwiP0I5NLm0pbLFhU8x_eUJw', 'PMLFqAeA3TjsRNVHHkSrEzMwZDI4OTVlNjU1YzBjMTgxNzQ2NWM3YTQ3NTk1MjcwZWMzZjYxYThlMGFlZjgyZGQ3YzA5MjM1ZWFjMTY3MWXB0IJRlKOw/a2OCww0lEq+NsDMShqFj8ufvXsVXRlIqUwkv6yvkFcw0Y9+adGlvMMfTI/GXubd9+VqnfYSfdjl', NULL, NULL, NULL, NULL, 1, '2019-02-12 13:40:00', NULL, 1);

--
-- Volcado de datos para la tabla `empresa_persona`
--
INSERT INTO `empresa_persona` (`eper_id`, `emp_id`, `per_id`, `eper_estado`, `eper_fecha_creacion`, `eper_fecha_modificacion`, `eper_estado_logico`) VALUES
(1, 1, 1, '1', '2017-09-01 02:53:00', NULL, '1'),
(2, 1, 2, '1', '2017-09-01 02:53:00', NULL, '1'),
(3, 1, 3, '1', '2017-09-01 02:53:00', NULL, '1'),
(4, 1, 4, '1', '2017-09-01 02:53:00', NULL, '1'),
(5, 1, 5, '1', '2017-09-01 02:53:00', NULL, '1'),
(6, 1, 6, '1', '2017-09-01 02:53:00', NULL, '1'),
(7, 1, 7, '1', '2017-09-01 02:53:00', NULL, '1'),
(8, 1, 8, '1', '2017-09-01 02:53:00', NULL, '1'),
(9, 1, 9, '1', '2017-09-01 02:53:00', NULL, '1'),
(10, 1, 10, '1', '2017-09-01 02:53:00', NULL, '1'),
(11, 1, 11, '1', '2017-09-01 02:53:00', NULL, '1'),
(12, 1, 12, '1', '2017-09-01 02:53:00', NULL, '1'),
(13, 1, 13, '1', '2017-09-01 02:53:00', NULL, '1'),
(14, 1, 14, '1', '2017-09-01 02:53:00', NULL, '1'),
(15, 1, 15, '1', '2017-09-01 02:53:00', NULL, '1'),
(16, 1, 16, '1', '2017-09-01 02:53:00', NULL, '1'),
(17, 1, 17, '1', '2017-09-01 02:53:00', NULL, '1'),
(18, 1, 18, '1', '2017-09-01 02:53:00', NULL, '1'),
(19, 1, 19, '1', '2017-09-01 02:53:00', NULL, '1'),
(20, 1, 20, '1', '2017-09-01 02:53:00', NULL, '1'),
(21, 1, 21, '1', '2017-09-01 02:53:00', NULL, '1'),
(22, 1, 22, '1', '2017-09-01 02:53:00', NULL, '1'),
(23, 1, 23, '1', '2017-09-01 02:53:00', NULL, '1'),
(24, 1, 24, '1', '2017-09-01 02:53:00', NULL, '1'),
(25, 1, 25, '1', '2017-09-01 02:53:00', NULL, '1'),
(26, 1, 26, '1', '2017-09-01 02:53:00', NULL, '1'),
(27, 1, 27, '1', '2017-09-01 02:53:00', NULL, '1'),
(28, 1, 28, '1', '2017-09-01 02:53:00', NULL, '1'),
(29, 1, 29, '1', '2017-09-01 02:53:00', NULL, '1'),

(30, 1, 30, '1', '2017-09-01 02:53:00', NULL, '1'),
(31, 1, 31, '1', '2017-09-01 02:53:00', NULL, '1'),
(32, 1, 32, '1', '2017-09-01 02:53:00', NULL, '1'),
(33, 1, 33, '1', '2017-09-01 02:53:00', NULL, '1'),
(34, 1, 34, '1', '2017-09-01 02:53:00', NULL, '1'),
(35, 1, 35, '1', '2017-09-01 02:53:00', NULL, '1'),
(36, 1, 36, '1', '2017-09-01 02:53:00', NULL, '1'),
(37, 1, 37, '1', '2017-09-01 02:53:00', NULL, '1'),

(38, 1, 38, '1', '2017-09-01 02:53:00', NULL, '1'),
(39, 1, 39, '1', '2017-09-01 02:53:00', NULL, '1'),
(40, 1, 40, '1', '2017-09-01 02:53:00', NULL, '1'),
(41, 1, 41, '1', '2018-11-14 18:00:00', NULL, '1'),
(42, 1, 42, '1', '2018-11-14 18:45:00', NULL, '1'),

(43, 1, 43, '1', '2018-11-22 13:45:00', NULL, '1'),

(44, 1, 44, '1', '2018-12-20 10:30:00', NULL, '1'),
(45, 1, 45, '1', '2018-12-20 10:30:00', NULL, '1'),

(46, 1, 46, '1', '2019-02-09 11:30:00', NULL, '1'),
/* profesores  */
(47, 1, 47, '1', '2019-02-09 11:30:00', NULL, '1'),
(48, 1, 48, '1', '2019-02-09 11:30:00', NULL, '1'), 
(49, 1, 49, 1, '2019-02-12 13:40:00', NULL, 1),
(50, 1, 50, 1, '2019-02-12 13:40:00', NULL, 1),
(51, 1, 51, 1, '2019-02-12 13:40:00', NULL, 1),
(52, 1, 52, 1, '2019-02-12 13:40:00', NULL, 1),
(53, 1, 53, 1, '2019-02-12 13:40:00', NULL, 1),
(54, 1, 54, 1, '2019-02-12 13:40:00', NULL, 1),
(55, 1, 55, 1, '2019-02-12 13:40:00', NULL, 1),
(56, 1, 56, 1, '2019-02-12 13:40:00', NULL, 1),
(57, 1, 57, 1, '2019-02-12 13:40:00', NULL, 1),
(58, 1, 58, 1, '2019-02-12 13:40:00', NULL, 1),
(59, 1, 59, 1, '2019-02-12 13:40:00', NULL, 1),
(60, 1, 60, 1, '2019-02-12 13:40:00', NULL, 1),
(61, 1, 61, 1, '2019-02-12 13:40:00', NULL, 1),
(62, 1, 62, 1, '2019-02-12 13:40:00', NULL, 1),
(63, 1, 63, 1, '2019-02-12 13:40:00', NULL, 1),
(64, 1, 64, 1, '2019-02-12 13:40:00', NULL, 1),
(65, 1, 65, 1, '2019-02-12 13:40:00', NULL, 1),
(66, 1, 66, 1, '2019-02-12 13:40:00', NULL, 1),
(67, 1, 67, 1, '2019-02-12 13:40:00', NULL, 1),
(68, 1, 68, 1, '2019-02-12 13:40:00', NULL, 1),
(69, 1, 69, 1, '2019-02-12 13:40:00', NULL, 1),
(70, 1, 70, 1, '2019-02-12 13:40:00', NULL, 1),
(71, 1, 71, 1, '2019-02-12 13:40:00', NULL, 1),
(72, 1, 72, 1, '2019-02-12 13:40:00', NULL, 1),
(73, 1, 73, 1, '2019-02-12 13:40:00', NULL, 1),
(74, 1, 74, 1, '2019-02-12 13:40:00', NULL, 1),
(75, 1, 75, 1, '2019-02-12 13:40:00', NULL, 1),
(76, 1, 76, 1, '2019-02-12 13:40:00', NULL, 1),
(77, 1, 77, 1, '2019-02-12 13:40:00', NULL, 1),
(78, 1, 78, 1, '2019-02-12 13:40:00', NULL, 1),
(79, 1, 79, 1, '2019-02-12 13:40:00', NULL, 1),
(80, 1, 80, 1, '2019-02-12 13:40:00', NULL, 1),
(81, 1, 81, 1, '2019-02-12 13:40:00', NULL, 1),
(82, 1, 82, 1, '2019-02-12 13:40:00', NULL, 1),
(83, 1, 83, 1, '2019-02-12 13:40:00', NULL, 1),
(84, 1, 84, 1, '2019-02-12 13:40:00', NULL, 1),
(85, 1, 85, 1, '2019-02-12 13:40:00', NULL, 1),
(86, 1, 86, 1, '2019-02-12 13:40:00', NULL, 1),
(87, 1, 87, 1, '2019-02-12 13:40:00', NULL, 1),
(88, 1, 88, 1, '2019-02-12 13:40:00', NULL, 1),
(89, 1, 89, 1, '2019-02-12 13:40:00', NULL, 1),
(90, 1, 90, 1, '2019-02-12 13:40:00', NULL, 1),
(91, 1, 91, 1, '2019-02-12 13:40:00', NULL, 1),
(92, 1, 92, 1, '2019-02-12 13:40:00', NULL, 1),
(93, 1, 93, 1, '2019-02-12 13:40:00', NULL, 1),
(94, 1, 94, 1, '2019-02-12 13:40:00', NULL, 1),
(95, 1, 95, 1, '2019-02-12 13:40:00', NULL, 1),
(96, 1, 96, 1, '2019-02-12 13:40:00', NULL, 1),
(97, 1, 97, 1, '2019-02-12 13:40:00', NULL, 1),
(98, 1, 98, 1, '2019-02-12 13:40:00', NULL, 1),
(99, 1, 99, 1, '2019-02-12 13:40:00', NULL, 1),
(100, 1, 100, 1, '2019-02-12 13:40:00', NULL, 1),
(101, 1, 101, 1, '2019-02-12 13:40:00', NULL, 1),
(102, 1, 102, 1, '2019-02-12 13:40:00', NULL, 1),
(103, 1, 103, 1, '2019-02-12 13:40:00', NULL, 1),
(104, 1, 104, 1, '2019-02-12 13:40:00', NULL, 1),
(105, 1, 105, 1, '2019-02-12 13:40:00', NULL, 1),
(106, 1, 106, 1, '2019-02-12 13:40:00', NULL, 1),
(107, 1, 107, 1, '2019-02-12 13:40:00', NULL, 1),
(108, 1, 108, 1, '2019-02-12 13:40:00', NULL, 1),
(109, 1, 109, 1, '2019-02-12 13:40:00', NULL, 1),
(110, 1, 110, 1, '2019-02-12 13:40:00', NULL, 1),
(111, 1, 111, 1, '2019-02-12 13:40:00', NULL, 1),
(112, 1, 112, 1, '2019-02-12 13:40:00', NULL, 1),
(113, 1, 113, 1, '2019-02-12 13:40:00', NULL, 1),
(114, 1, 114, 1, '2019-02-12 13:40:00', NULL, 1),
(115, 1, 115, 1, '2019-02-12 13:40:00', NULL, 1),
(116, 1, 116, 1, '2019-02-12 13:40:00', NULL, 1),
(117, 1, 117, 1, '2019-02-12 13:40:00', NULL, 1),
(118, 1, 118, 1, '2019-02-12 13:40:00', NULL, 1),
(119, 1, 119, 1, '2019-02-12 13:40:00', NULL, 1),
(120, 1, 120, 1, '2019-02-12 13:40:00', NULL, 1),
(121, 1, 121, 1, '2019-02-12 13:40:00', NULL, 1),
(122, 1, 122, 1, '2019-02-12 13:40:00', NULL, 1),
(123, 1, 123, 1, '2019-02-12 13:40:00', NULL, 1),
(124, 1, 124, 1, '2019-02-12 13:40:00', NULL, 1),
(125, 1, 125, 1, '2019-02-12 13:40:00', NULL, 1),
(126, 1, 126, 1, '2019-02-12 13:40:00', NULL, 1),
(127, 1, 127, 1, '2019-02-12 13:40:00', NULL, 1),
(128, 1, 128, 1, '2019-02-12 13:40:00', NULL, 1),
(129, 1, 129, 1, '2019-02-12 13:40:00', NULL, 1),
(130, 1, 130, 1, '2019-02-12 13:40:00', NULL, 1),
(131, 1, 131, 1, '2019-02-12 13:40:00', NULL, 1),
(132, 1, 132, 1, '2019-02-12 13:40:00', NULL, 1),
(133, 1, 133, 1, '2019-02-12 13:40:00', NULL, 1),
(134, 1, 134, 1, '2019-02-12 13:40:00', NULL, 1),
(135, 1, 135, 1, '2019-02-12 13:40:00', NULL, 1),
(136, 1, 136, 1, '2019-02-12 13:40:00', NULL, 1),
(137, 1, 137, 1, '2019-02-12 13:40:00', NULL, 1),
(138, 1, 138, 1, '2019-02-12 13:40:00', NULL, 1),
(139, 1, 139, 1, '2019-02-12 13:40:00', NULL, 1),
(140, 1, 140, 1, '2019-02-12 13:40:00', NULL, 1),
(141, 1, 141, 1, '2019-02-12 13:40:00', NULL, 1),
(142, 1, 142, 1, '2019-02-12 13:40:00', NULL, 1),
(143, 1, 143, 1, '2019-02-12 13:40:00', NULL, 1),
(144, 1, 144, 1, '2019-02-12 13:40:00', NULL, 1),
(145, 1, 145, 1, '2019-02-12 13:40:00', NULL, 1),
(146, 1, 146, 1, '2019-02-12 13:40:00', NULL, 1),
(147, 1, 147, 1, '2019-02-12 13:40:00', NULL, 1),
(148, 1, 148, 1, '2019-02-12 13:40:00', NULL, 1),
(149, 1, 149, 1, '2019-02-12 13:40:00', NULL, 1),
(150, 1, 150, 1, '2019-02-12 13:40:00', NULL, 1),
(151, 1, 151, 1, '2019-02-12 13:40:00', NULL, 1),
(152, 1, 152, 1, '2019-02-12 13:40:00', NULL, 1),
(153, 1, 153, 1, '2019-02-12 13:40:00', NULL, 1),
(154, 1, 154, 1, '2019-02-12 13:40:00', NULL, 1),
(155, 1, 155, 1, '2019-02-12 13:40:00', NULL, 1),
(156, 1, 156, 1, '2019-02-12 13:40:00', NULL, 1),
(157, 1, 157, 1, '2019-02-12 13:40:00', NULL, 1),
(158, 1, 158, 1, '2019-02-12 13:40:00', NULL, 1),
(159, 1, 159, 1, '2019-02-12 13:40:00', NULL, 1),
(160, 1, 160, 1, '2019-02-12 13:40:00', NULL, 1),
(161, 1, 161, 1, '2019-02-12 13:40:00', NULL, 1),
(162, 1, 162, 1, '2019-02-12 13:40:00', NULL, 1),
(163, 1, 163, 1, '2019-02-12 13:40:00', NULL, 1),
(164, 1, 164, 1, '2019-02-12 13:40:00', NULL, 1),
(165, 1, 165, 1, '2019-02-12 13:40:00', NULL, 1),
(166, 1, 166, 1, '2019-02-12 13:40:00', NULL, 1),
(167, 1, 167, 1, '2019-02-12 13:40:00', NULL, 1),
(168, 1, 168, 1, '2019-02-12 13:40:00', NULL, 1),
(169, 1, 169, 1, '2019-02-12 13:40:00', NULL, 1),
(170, 1, 170, 1, '2019-02-12 13:40:00', NULL, 1),
(171, 1, 171, 1, '2019-02-12 13:40:00', NULL, 1),
(172, 1, 172, 1, '2019-02-12 13:40:00', NULL, 1),
(173, 1, 173, 1, '2019-02-12 13:40:00', NULL, 1),
(174, 1, 174, 1, '2019-02-12 13:40:00', NULL, 1),
(175, 1, 175, 1, '2019-02-12 13:40:00', NULL, 1),
(176, 1, 176, 1, '2019-02-12 13:40:00', NULL, 1),
(177, 1, 177, 1, '2019-02-12 13:40:00', NULL, 1),
(178, 1, 178, 1, '2019-02-12 13:40:00', NULL, 1),
(179, 1, 179, 1, '2019-02-12 13:40:00', NULL, 1),
(180, 1, 180, 1, '2019-02-12 13:40:00', NULL, 1),
(181, 1, 181, 1, '2019-02-12 13:40:00', NULL, 1),
(182, 1, 182, 1, '2019-02-12 13:40:00', NULL, 1),
(183, 1, 183, 1, '2019-02-12 13:40:00', NULL, 1),
(184, 1, 184, 1, '2019-02-12 13:40:00', NULL, 1),
(185, 1, 185, 1, '2019-02-12 13:40:00', NULL, 1),
(186, 1, 186, 1, '2019-02-12 13:40:00', NULL, 1),
(187, 1, 187, 1, '2019-02-12 13:40:00', NULL, 1),
(188, 1, 188, 1, '2019-02-12 13:40:00', NULL, 1),
(189, 1, 189, 1, '2019-02-12 13:40:00', NULL, 1),
(190, 1, 190, 1, '2019-02-12 13:40:00', NULL, 1),
(191, 1, 191, 1, '2019-02-12 13:40:00', NULL, 1),
(192, 1, 192, 1, '2019-02-12 13:40:00', NULL, 1),
(193, 1, 193, 1, '2019-02-12 13:40:00', NULL, 1),
(194, 1, 194, 1, '2019-02-12 13:40:00', NULL, 1),
(195, 1, 195, 1, '2019-02-12 13:40:00', NULL, 1),
(196, 1, 196, 1, '2019-02-12 13:40:00', NULL, 1),
(197, 1, 197, 1, '2019-02-12 13:40:00', NULL, 1),
(198, 1, 198, 1, '2019-02-12 13:40:00', NULL, 1),
(199, 1, 199, 1, '2019-02-12 13:40:00', NULL, 1),
(200, 1, 200, 1, '2019-02-12 13:40:00', NULL, 1),
(201, 1, 201, 1, '2019-02-12 13:40:00', NULL, 1),
(202, 1, 202, 1, '2019-02-12 13:40:00', NULL, 1),
(203, 1, 203, 1, '2019-02-12 13:40:00', NULL, 1),
(204, 1, 204, 1, '2019-02-12 13:40:00', NULL, 1),
(205, 1, 205, 1, '2019-02-12 13:40:00', NULL, 1);

--
-- Volcado de datos para la tabla `usua_grol_eper`
--
INSERT INTO `usua_grol_eper` (`ugep_id`, `eper_id`, `usu_id`, `grol_id`, `ugep_estado`, `ugep_fecha_creacion`, `ugep_fecha_modificacion`, `ugep_estado_logico`) VALUES
(1, 1, 1, 1, '1', '2017-09-01 02:53:00', NULL, '1'),
(2, 2, 2, 2, '1', '2017-09-01 02:53:00', NULL, '1'),
(3, 3, 3, 2, '1', '2017-09-01 02:53:00', NULL, '1'),
(4, 4, 4, 2, '1', '2017-09-01 02:53:00', NULL, '1'),
(5, 5, 5, 2, '1', '2017-09-01 02:53:00', NULL, '1'),
(6, 6, 6, 3, '1', '2017-09-01 02:53:00', NULL, '1'),
(7, 7, 7, 5, '1', '2017-09-01 02:53:00', NULL, '1'),
(8, 8, 8, 5, '1', '2017-09-01 02:53:00', NULL, '1'),
(9, 9, 9, 5, '1', '2017-09-01 02:53:00', NULL, '1'),
(10, 10, 10, 5, '1', '2017-09-01 00:48:43', NULL, '1'),
(11, 11, 11, 5, '1', '2017-09-01 00:50:52', NULL, '1'),
(12, 12, 12, 5, '1', '2017-09-01 00:52:46', NULL, '1'),
(13, 13, 13, 5, '1', '2017-09-01 00:56:57', NULL, '1'),
(14, 14, 14, 5, '1', '2017-09-01 00:59:26', NULL, '1'),
(15, 15, 15, 5, '1', '2017-09-01 01:00:58', NULL, '1'),
(16, 16, 16, 4, '1', '2017-09-01 00:41:49', NULL, '1'),
(17, 17, 17, 5, '1', '2017-09-01 00:31:16', NULL, '1'),

(18, 18, 18, 5, '1', '2017-09-01 00:33:26', NULL, '1'),
(19, 19, 19, 5, '1', '2017-09-01 00:34:27', NULL, '1'),
(20, 20, 20, 5, '1', '2017-09-01 00:35:32', NULL, '1'),

(21, 21, 21, 11, '1', '2017-09-01 01:11:06', NULL, '1'),
(22, 22, 22, 12, '1', '2017-09-01 22:54:04', NULL, '1'),
(23, 23, 23, 15, '1', '2017-11-07 01:36:00', NULL, '1'),
(24, 24, 24, 19, '1', '2017-09-01 01:20:19', NULL, '1'),
(25, 25, 25, 19, '1', '2017-09-01 01:21:17', NULL, '1'),
(26, 26, 26, 23, '1', '2017-09-01 01:24:46', NULL, '1'),

(27, 27, 27, 17, '1', '2017-09-01 05:01:00', NULL, '1'),
(28, 28, 28, 16, '1', '2017-09-01 03:16:11', NULL, '1'),
(29, 29, 29, 14, '1', '2017-09-01 03:22:54', NULL, '1'),


(30, 30, 30, 33, '1', '2017-09-01 03:28:39', NULL, '1'),
(31, 31, 31, 33, '1', '2017-09-01 03:34:01', NULL, '1'),
(33, 33, 33, 33, '1', '2017-09-01 07:42:00', NULL, '1'),
(34, 34, 34, 33, '1', '2017-09-01 01:18:00', NULL, '1'),
(35, 35, 35, 33, '1', '2017-09-01 05:01:00', NULL, '1'),
(36, 36, 36, 33, '1', '2017-09-01 22:46:00', NULL, '1'),
(37, 37, 37, 33, '1', '2017-09-01 02:53:00', NULL, '1'),

(38, 38, 38, 27, '1', '2017-09-01 02:53:00', NULL, '1'),
(39, 39, 39, 28, '1', '2017-09-01 22:46:00', NULL, '1'),
(40, 40, 40, 28, '1', '2017-09-01 02:53:00', NULL, '1'),
(41, 41, 41, 24, '1', '2018-11-14 18:00:00', NULL, '1'),
(42, 42, 42, 27, '1', '2018-11-14 18:45:00', NULL, '1'),

(43, 43, 43, 9, '1', '2018-11-22 13:45:00', NULL, '1'),

(44, 44, 44, 12, '1', '2018-12-20 10:30:00', NULL, '1'),
(45, 45, 45, 12, '1', '2018-12-20 10:30:00', NULL, '1'),

(46, 46, 46, 34, '1', '2019-02-09 11:30:00', NULL, '1'), 
/* profesores */
(47, 47, 47, 33, '1', '2019-02-09 11:30:00', NULL, '1'), 
(48, 48, 48, 33, '1', '2019-02-09 11:30:00', NULL, '1'),
(49, 49, 49, 33, 1, '2019-02-12 13:40:00', NULL, 1),
(50, 50, 50, 33, 1, '2019-02-12 13:40:00', NULL, 1),
(51, 51, 51, 33, 1, '2019-02-12 13:40:00', NULL, 1),
(52, 52, 52, 33, 1, '2019-02-12 13:40:00', NULL, 1),
(53, 53, 53, 33, 1, '2019-02-12 13:40:00', NULL, 1),
(54, 54, 54, 33, 1, '2019-02-12 13:40:00', NULL, 1),
(55, 55, 55, 33, 1, '2019-02-12 13:40:00', NULL, 1),
(56, 56, 56, 33, 1, '2019-02-12 13:40:00', NULL, 1),
(57, 57, 57, 33, 1, '2019-02-12 13:40:00', NULL, 1),
(58, 58, 58, 33, 1, '2019-02-12 13:40:00', NULL, 1),
(59, 59, 59, 33, 1, '2019-02-12 13:40:00', NULL, 1),
(60, 60, 60, 33, 1, '2019-02-12 13:40:00', NULL, 1),
(61, 61, 61, 33, 1, '2019-02-12 13:40:00', NULL, 1),
(62, 62, 62, 33, 1, '2019-02-12 13:40:00', NULL, 1),
(63, 63, 63, 33, 1, '2019-02-12 13:40:00', NULL, 1),
(64, 64, 64, 33, 1, '2019-02-12 13:40:00', NULL, 1),
(65, 65, 65, 33, 1, '2019-02-12 13:40:00', NULL, 1),
(66, 66, 66, 33, 1, '2019-02-12 13:40:00', NULL, 1),
(67, 67, 67, 33, 1, '2019-02-12 13:40:00', NULL, 1),
(68, 68, 68, 33, 1, '2019-02-12 13:40:00', NULL, 1),
(69, 69, 69, 33, 1, '2019-02-12 13:40:00', NULL, 1),
(70, 70, 70, 33, 1, '2019-02-12 13:40:00', NULL, 1),
(71, 71, 71, 33, 1, '2019-02-12 13:40:00', NULL, 1),
(72, 72, 72, 33, 1, '2019-02-12 13:40:00', NULL, 1),
(73, 73, 73, 33, 1, '2019-02-12 13:40:00', NULL, 1),
(74, 74, 74, 33, 1, '2019-02-12 13:40:00', NULL, 1),
(75, 75, 75, 33, 1, '2019-02-12 13:40:00', NULL, 1),
(76, 76, 76, 33, 1, '2019-02-12 13:40:00', NULL, 1),
(77, 77, 77, 33, 1, '2019-02-12 13:40:00', NULL, 1),
(78, 78, 78, 33, 1, '2019-02-12 13:40:00', NULL, 1),
(79, 79, 79, 33, 1, '2019-02-12 13:40:00', NULL, 1),
(80, 80, 80, 33, 1, '2019-02-12 13:40:00', NULL, 1),
(81, 81, 81, 33, 1, '2019-02-12 13:40:00', NULL, 1),
(82, 82, 82, 33, 1, '2019-02-12 13:40:00', NULL, 1),
(83, 83, 83, 33, 1, '2019-02-12 13:40:00', NULL, 1),
(84, 84, 84, 33, 1, '2019-02-12 13:40:00', NULL, 1),
(85, 85, 85, 33, 1, '2019-02-12 13:40:00', NULL, 1),
(86, 86, 86, 33, 1, '2019-02-12 13:40:00', NULL, 1),
(87, 87, 87, 33, 1, '2019-02-12 13:40:00', NULL, 1),
(88, 88, 88, 33, 1, '2019-02-12 13:40:00', NULL, 1),
(89, 89, 89, 33, 1, '2019-02-12 13:40:00', NULL, 1),
(90, 90, 90, 33, 1, '2019-02-12 13:40:00', NULL, 1),
(91, 91, 91, 33, 1, '2019-02-12 13:40:00', NULL, 1),
(92, 92, 92, 33, 1, '2019-02-12 13:40:00', NULL, 1),
(93, 93, 93, 33, 1, '2019-02-12 13:40:00', NULL, 1),
(94, 94, 94, 33, 1, '2019-02-12 13:40:00', NULL, 1),
(95, 95, 95, 33, 1, '2019-02-12 13:40:00', NULL, 1),
(96, 96, 96, 33, 1, '2019-02-12 13:40:00', NULL, 1),
(97, 97, 97, 33, 1, '2019-02-12 13:40:00', NULL, 1),
(98, 98, 98, 33, 1, '2019-02-12 13:40:00', NULL, 1),
(99, 99, 99, 33, 1, '2019-02-12 13:40:00', NULL, 1),
(100, 100, 100, 33, 1, '2019-02-12 13:40:00', NULL, 1),
(101, 101, 101, 33, 1, '2019-02-12 13:40:00', NULL, 1),
(102, 102, 102, 33, 1, '2019-02-12 13:40:00', NULL, 1),
(103, 103, 103, 33, 1, '2019-02-12 13:40:00', NULL, 1),
(104, 104, 104, 33, 1, '2019-02-12 13:40:00', NULL, 1),
(105, 105, 105, 33, 1, '2019-02-12 13:40:00', NULL, 1),
(106, 106, 106, 33, 1, '2019-02-12 13:40:00', NULL, 1),
(107, 107, 107, 33, 1, '2019-02-12 13:40:00', NULL, 1),
(108, 108, 108, 33, 1, '2019-02-12 13:40:00', NULL, 1),
(109, 109, 109, 33, 1, '2019-02-12 13:40:00', NULL, 1),
(110, 110, 110, 33, 1, '2019-02-12 13:40:00', NULL, 1),
(111, 111, 111, 33, 1, '2019-02-12 13:40:00', NULL, 1),
(112, 112, 112, 33, 1, '2019-02-12 13:40:00', NULL, 1),
(113, 113, 113, 33, 1, '2019-02-12 13:40:00', NULL, 1),
(114, 114, 114, 33, 1, '2019-02-12 13:40:00', NULL, 1),
(115, 115, 115, 33, 1, '2019-02-12 13:40:00', NULL, 1),
(116, 116, 116, 33, 1, '2019-02-12 13:40:00', NULL, 1),
(117, 117, 117, 33, 1, '2019-02-12 13:40:00', NULL, 1),
(118, 118, 118, 33, 1, '2019-02-12 13:40:00', NULL, 1),
(119, 119, 119, 33, 1, '2019-02-12 13:40:00', NULL, 1),
(120, 120, 120, 33, 1, '2019-02-12 13:40:00', NULL, 1),
(121, 121, 121, 33, 1, '2019-02-12 13:40:00', NULL, 1),
(122, 122, 122, 33, 1, '2019-02-12 13:40:00', NULL, 1),
(123, 123, 123, 33, 1, '2019-02-12 13:40:00', NULL, 1),
(124, 124, 124, 33, 1, '2019-02-12 13:40:00', NULL, 1),
(125, 125, 125, 33, 1, '2019-02-12 13:40:00', NULL, 1),
(126, 126, 126, 33, 1, '2019-02-12 13:40:00', NULL, 1),
(127, 127, 127, 33, 1, '2019-02-12 13:40:00', NULL, 1),
(128, 128, 128, 33, 1, '2019-02-12 13:40:00', NULL, 1),
(129, 129, 129, 33, 1, '2019-02-12 13:40:00', NULL, 1),
(130, 130, 130, 33, 1, '2019-02-12 13:40:00', NULL, 1),
(131, 131, 131, 33, 1, '2019-02-12 13:40:00', NULL, 1),
(132, 132, 132, 33, 1, '2019-02-12 13:40:00', NULL, 1),
(133, 133, 133, 33, 1, '2019-02-12 13:40:00', NULL, 1),
(134, 134, 134, 33, 1, '2019-02-12 13:40:00', NULL, 1),
(135, 135, 135, 33, 1, '2019-02-12 13:40:00', NULL, 1),
(136, 136, 136, 33, 1, '2019-02-12 13:40:00', NULL, 1),
(137, 137, 137, 33, 1, '2019-02-12 13:40:00', NULL, 1),
(138, 138, 138, 33, 1, '2019-02-12 13:40:00', NULL, 1),
(139, 139, 139, 33, 1, '2019-02-12 13:40:00', NULL, 1),
(140, 140, 140, 33, 1, '2019-02-12 13:40:00', NULL, 1),
(141, 141, 141, 33, 1, '2019-02-12 13:40:00', NULL, 1),
(142, 142, 142, 33, 1, '2019-02-12 13:40:00', NULL, 1),
(143, 143, 143, 33, 1, '2019-02-12 13:40:00', NULL, 1),
(144, 144, 144, 33, 1, '2019-02-12 13:40:00', NULL, 1),
(145, 145, 145, 33, 1, '2019-02-12 13:40:00', NULL, 1),
(146, 146, 146, 33, 1, '2019-02-12 13:40:00', NULL, 1),
(147, 147, 147, 33, 1, '2019-02-12 13:40:00', NULL, 1),
(148, 148, 148, 33, 1, '2019-02-12 13:40:00', NULL, 1),
(149, 149, 149, 33, 1, '2019-02-12 13:40:00', NULL, 1),
(150, 150, 150, 33, 1, '2019-02-12 13:40:00', NULL, 1),
(151, 151, 151, 33, 1, '2019-02-12 13:40:00', NULL, 1),
(152, 152, 152, 33, 1, '2019-02-12 13:40:00', NULL, 1),
(153, 153, 153, 33, 1, '2019-02-12 13:40:00', NULL, 1),
(154, 154, 154, 33, 1, '2019-02-12 13:40:00', NULL, 1),
(155, 155, 155, 33, 1, '2019-02-12 13:40:00', NULL, 1),
(156, 156, 156, 33, 1, '2019-02-12 13:40:00', NULL, 1),
(157, 157, 157, 33, 1, '2019-02-12 13:40:00', NULL, 1),
(158, 158, 158, 33, 1, '2019-02-12 13:40:00', NULL, 1),
(159, 159, 159, 33, 1, '2019-02-12 13:40:00', NULL, 1),
(160, 160, 160, 33, 1, '2019-02-12 13:40:00', NULL, 1),
(161, 161, 161, 33, 1, '2019-02-12 13:40:00', NULL, 1),
(162, 162, 162, 33, 1, '2019-02-12 13:40:00', NULL, 1),
(163, 163, 163, 33, 1, '2019-02-12 13:40:00', NULL, 1),
(164, 164, 164, 33, 1, '2019-02-12 13:40:00', NULL, 1),
(165, 165, 165, 33, 1, '2019-02-12 13:40:00', NULL, 1),
(166, 166, 166, 33, 1, '2019-02-12 13:40:00', NULL, 1),
(167, 167, 167, 33, 1, '2019-02-12 13:40:00', NULL, 1),
(168, 168, 168, 33, 1, '2019-02-12 13:40:00', NULL, 1),
(169, 169, 169, 33, 1, '2019-02-12 13:40:00', NULL, 1),
(170, 170, 170, 33, 1, '2019-02-12 13:40:00', NULL, 1),
(171, 171, 171, 33, 1, '2019-02-12 13:40:00', NULL, 1),
(172, 172, 172, 33, 1, '2019-02-12 13:40:00', NULL, 1),
(173, 173, 173, 33, 1, '2019-02-12 13:40:00', NULL, 1),
(174, 174, 174, 33, 1, '2019-02-12 13:40:00', NULL, 1),
(175, 175, 175, 33, 1, '2019-02-12 13:40:00', NULL, 1),
(176, 176, 176, 33, 1, '2019-02-12 13:40:00', NULL, 1),
(177, 177, 177, 33, 1, '2019-02-12 13:40:00', NULL, 1),
(178, 178, 178, 33, 1, '2019-02-12 13:40:00', NULL, 1),
(179, 179, 179, 33, 1, '2019-02-12 13:40:00', NULL, 1),
(180, 180, 180, 33, 1, '2019-02-12 13:40:00', NULL, 1),
(181, 181, 181, 33, 1, '2019-02-12 13:40:00', NULL, 1),
(182, 182, 182, 33, 1, '2019-02-12 13:40:00', NULL, 1),
(183, 183, 183, 33, 1, '2019-02-12 13:40:00', NULL, 1),
(184, 184, 184, 33, 1, '2019-02-12 13:40:00', NULL, 1),
(185, 185, 185, 33, 1, '2019-02-12 13:40:00', NULL, 1),
(186, 186, 186, 33, 1, '2019-02-12 13:40:00', NULL, 1),
(187, 187, 187, 33, 1, '2019-02-12 13:40:00', NULL, 1),
(188, 188, 188, 33, 1, '2019-02-12 13:40:00', NULL, 1),
(189, 189, 189, 33, 1, '2019-02-12 13:40:00', NULL, 1),
(190, 190, 190, 33, 1, '2019-02-12 13:40:00', NULL, 1),
(191, 191, 191, 33, 1, '2019-02-12 13:40:00', NULL, 1),
(192, 192, 192, 33, 1, '2019-02-12 13:40:00', NULL, 1),
(193, 193, 193, 33, 1, '2019-02-12 13:40:00', NULL, 1),
(194, 194, 194, 33, 1, '2019-02-12 13:40:00', NULL, 1),
(195, 195, 195, 33, 1, '2019-02-12 13:40:00', NULL, 1),
(196, 196, 196, 33, 1, '2019-02-12 13:40:00', NULL, 1),
(197, 197, 197, 33, 1, '2019-02-12 13:40:00', NULL, 1),
(198, 198, 198, 33, 1, '2019-02-12 13:40:00', NULL, 1),
(199, 199, 199, 33, 1, '2019-02-12 13:40:00', NULL, 1),
(200, 200, 200, 33, 1, '2019-02-12 13:40:00', NULL, 1),
(201, 201, 201, 33, 1, '2019-02-12 13:40:00', NULL, 1),
(202, 202, 202, 33, 1, '2019-02-12 13:40:00', NULL, 1),
(203, 203, 203, 33, 1, '2019-02-12 13:40:00', NULL, 1),
(204, 204, 204, 33, 1, '2019-02-12 13:40:00', NULL, 1),
(205, 205, 205, 33, 1, '2019-02-12 13:40:00', NULL, 1);





