--
-- Base de datos: `db_academico`
--
USE `db_academico`;

--
-- Volcado de datos para la tabla `periodo_academico_met_ingreso`
--
INSERT INTO `periodo_academico_met_ingreso` (`pami_id`, `pami_anio`, `pami_mes`, `uaca_id`, `mod_id`, `ming_id`, `pami_fecha_inicio`, `pami_fecha_fin`, `pami_codigo`, `pami_usuario_ingreso`, `pami_usuario_modifica`, `pami_estado`, `pami_fecha_creacion`, `pami_fecha_modificacion`, `pami_estado_logico`) VALUES
(1, 2017, 10, 1, 1, 1, '2017-10-17 05:00:00', '2017-12-08 05:00:00', 'CANONL1017', 1, NULL, '1', '2018-01-22 23:59:53', NULL, '1'),
(2, 2017, 11, 1, 1, 1, '2017-12-13 05:00:00', '2018-01-05 05:00:00', 'CANONL1117', 1, NULL, '1', '2018-01-22 23:59:53', NULL, '1'),
(3, 2018, 1, 1, 1, 1, '2018-01-15 05:00:00', '2018-03-09 05:00:00', 'CANONL0118', 1, NULL, '1', '2018-01-22 23:59:53', NULL, '1'),
(4, 2018, 2, 1, 1, 2, '2018-02-19 05:00:00', '2018-02-19 05:00:00', 'EXAONL0218', 1, NULL, '1', '2018-01-23 15:31:56', NULL, '1'),
(5, 2018, 2, 1, 1, 1, '2018-02-19 05:00:00', '2018-04-15 05:00:00', 'CANONL0218', 27, NULL, '1', '2018-01-30 21:53:42', NULL, '1'),
(6, 2018, 1, 1, 1, 2, '2018-01-31 05:00:00', '2018-01-01 05:00:00', 'EXAONL0118', 27, NULL, '1', '2018-02-26 21:53:05', NULL, '1'),
(7, 2018, 3, 1, 1, 1, '2018-03-05 05:00:00', '2018-04-01 05:00:00', 'CANONL0318', 27, NULL, '1', '2018-02-26 22:06:08', NULL, '1'),
(8, 2018, 4, 1, 1, 2, '2018-04-06 05:00:00', '2018-04-30 05:00:00', 'EXAONL0418', 27, NULL, '1', '2018-02-28 14:02:46', NULL, '1'),
(9, 2018, 4, 1, 1, 1, '2018-04-01 05:00:00', '2018-04-30 05:00:00', 'CANONL0418', 27, NULL, '1', '2018-03-14 21:10:12', NULL, '1'),
(10, 2018, 5, 1, 1, 1, '2018-05-01 05:00:00', '2018-05-31 05:00:00', 'CANONL0518', 27, NULL, '1', '2018-04-06 22:36:25', NULL, '1'),
(11, 2018, 6, 1, 1, 1, '2018-05-01 05:00:00', '2018-06-03 05:00:00', 'CANONL0618', 27, NULL, '1', '2018-04-09 20:10:47', NULL, '1'),
(12, 2018, 7, 1, 1, 1, '2018-06-18 05:00:00', '2018-07-23 05:00:00', 'CANONL0718', 27, NULL, '1', '2018-05-10 16:35:56', NULL, '1'),
(13, 2018, 8, 1, 1, 2, '2018-08-06 05:00:00', '2018-08-06 05:00:00', 'EXAONL0818', 27, NULL, '1', '2018-05-30 22:19:37', NULL, '1'),
(14, 2018, 8, 1, 1, 1, '2018-07-28 05:00:00', '2018-08-13 05:00:00', 'CANONL0818', 27, NULL, '1', '2018-06-27 17:00:02', NULL, '1'),
(15, 2018, 7, 1, 1, 2, '2018-07-01 05:00:00', '2018-07-31 05:00:00', 'EXAONL0718', 27, NULL, '1', '2018-07-17 15:36:10', NULL, '1'),
(16, 2018, 9, 1, 1, 1, '2018-08-25 05:00:00', '2018-09-22 05:00:00', 'CANONL0918', 27, NULL, '1', '2018-07-30 16:12:54', NULL, '1'),
(17, 2018, 9, 1, 1, 2, '2018-09-01 05:00:00', '2018-09-30 05:00:00', 'EXAONL0918', 27, NULL, '1', '2018-07-31 18:27:30', NULL, '1'),
(18, 2018, 10, 1, 1, 1, '2018-10-01 05:00:00', '2018-10-31 05:00:00', 'CANONL1018', 27, NULL, '1', '2018-08-29 14:43:14', NULL, '1');

--
-- Volcado de datos para la tabla `paralelo`
--
INSERT INTO `paralelo` (`par_id`, `paca_id`, `pami_id`, `par_nombre`, `par_descripcion`, `par_usuario_ingreso`, `par_usuario_modifica`, `par_estado`, `par_fecha_creacion`, `par_fecha_modificacion`, `par_estado_logico`) VALUES
(1, NULL, 1, 'PARALELO 1', 'PARALELO 1', 1, NULL, '1', '2018-01-22 23:59:53', NULL, '1'),
(2, NULL, 2, 'PARALELO 1', 'PARALELO 1', 1, NULL, '1', '2018-01-22 23:59:53', NULL, '1'),
(3, NULL, 3, 'PARALELO 1', 'PARALELO 1', 1, NULL, '1', '2018-01-22 23:59:53', NULL, '1'),
(4, NULL, 4, 'PARALELO 1', 'PARALELO 1', 27, NULL, '1', '2018-01-23 15:31:56', NULL, '1'),
(5, NULL, 5, 'PARALELO 1', 'PARALELO 1', 27, NULL, '1', '2018-01-30 21:53:42', NULL, '1'),
(6, NULL, 6, 'PARALELO 1', 'PARALELO 1', 27, NULL, '1', '2018-02-26 21:53:05', NULL, '1'),
(7, NULL, 6, 'PARALELO 2', 'PARALELO 2', 27, NULL, '1', '2018-02-26 22:06:08', NULL, '1'),
(8, NULL, 7, 'PARALELO 1', 'PARALELO 1', 27, NULL, '1', '2018-02-28 14:02:46', NULL, '1'),
(9, NULL, 7, 'PARALELO 2', 'PARALELO 2', 27, NULL, '1', '2018-03-14 21:10:12', NULL, '1'),
(10, NULL, 8, 'PARALELO 1', 'PARALELO 1', 27, NULL, '1', '2018-04-06 22:36:25', NULL, '1'),
(11, NULL, 9, 'PARALELO 1', 'PARALELO 1', 27, NULL, '1', '2018-04-09 20:10:47', NULL, '1'),
(12, NULL, 10, 'PARALELO 1', 'PARALELO 1', 27, NULL, '1', '2018-05-10 16:35:56', NULL, '1'),
(13, NULL, 11, 'PARALELO 1', 'PARALELO 1', 27, NULL, '1', '2018-05-30 22:19:37', NULL, '1'),
(14, NULL, 12, 'PARALELO 1', 'PARALELO 1', 27, NULL, '1', '2018-06-27 17:00:02', NULL, '1'),
(15, NULL, 13, 'PARALELO 1', 'PARALELO 1', 27, NULL, '1', '2018-07-17 15:36:10', NULL, '1'),
(16, NULL, 14, 'PARALELO 1', 'PARALELO 1', 27, NULL, '1', '2018-07-30 16:12:54', NULL, '1'),
(17, NULL, 15, 'PARALELO 1', 'PARALELO 1', 27, NULL, '1', '2018-07-31 18:27:30', NULL, '1'),
(18, NULL, 16, 'PARALELO 1', 'PARALELO 1', 27, NULL, '1', '2018-08-29 14:43:14', NULL, '1'),
(19, NULL, 17, 'PARALELO 1', 'PARALELO 1', 27, NULL, '1', '2018-09-13 17:19:45', NULL, '1'),
(20, NULL, 18, 'PARALELO 1', 'PARALELO 1', 27, NULL, '1', '2018-10-01 20:02:23', NULL, '1');

--
-- Volcado de datos para la tabla `planificacion_estudio_academico`
--
INSERT INTO `planificacion_estudio_academico` (`peac_id`, `uaca_id`, `mod_id`, `paca_id`, `pami_id`, `maca_id`, `peac_usuario_ingreso`, `peac_usuario_modifica`, `peac_estado`, `peac_fecha_creacion`, `peac_fecha_modificacion`, `peac_estado_logico`) VALUES
(1, 1, 1, NULL, 1, 1, 1, NULL, '1', '2018-10-04 19:33:26', NULL, '1'),
(2, 1, 1, NULL, 1, 2, 1, NULL, '1', '2018-10-04 19:33:26', NULL, '1'),
(3, 1, 1, NULL, 1, 3, 1, NULL, '1', '2018-10-04 19:33:26', NULL, '1'),
(4, 1, 1, NULL, 1, 4, 1, NULL, '1', '2018-10-04 19:33:26', NULL, '1'),
(5, 1, 1, NULL, 1, 5, 1, NULL, '1', '2018-10-04 19:33:26', NULL, '1'),
(6, 1, 1, NULL, 1, 6, 1, NULL, '1', '2018-10-04 19:33:26', NULL, '1'),
(7, 1, 1, NULL, 2, 1, 1, NULL, '1', '2018-10-04 19:33:26', NULL, '1'),
(8, 1, 1, NULL, 2, 2, 1, NULL, '1', '2018-10-04 19:33:26', NULL, '1'),
(9, 1, 1, NULL, 2, 3, 1, NULL, '1', '2018-10-04 19:33:26', NULL, '1'),
(10, 1, 1, NULL, 2, 4, 1, NULL, '1', '2018-10-04 19:33:26', NULL, '1'),
(11, 1, 1, NULL, 2, 5, 1, NULL, '1', '2018-10-04 19:33:26', NULL, '1'),
(12, 1, 1, NULL, 2, 6, 1, NULL, '1', '2018-10-04 19:33:26', NULL, '1'),
(13, 1, 1, NULL, 3, 1, 1, NULL, '1', '2018-10-04 19:33:26', NULL, '1'),
(14, 1, 1, NULL, 3, 2, 1, NULL, '1', '2018-10-04 19:33:26', NULL, '1'),
(15, 1, 1, NULL, 3, 3, 1, NULL, '1', '2018-10-04 19:33:26', NULL, '1'),
(16, 1, 1, NULL, 3, 4, 1, NULL, '1', '2018-10-04 19:33:26', NULL, '1'),
(17, 1, 1, NULL, 3, 5, 1, NULL, '1', '2018-10-04 19:33:26', NULL, '1'),
(18, 1, 1, NULL, 3, 6, 1, NULL, '1', '2018-10-04 19:33:26', NULL, '1'),
(19, 1, 1, NULL, 4, 1, 1, NULL, '1', '2018-10-04 19:33:26', NULL, '1'),
(20, 1, 1, NULL, 4, 2, 1, NULL, '1', '2018-10-04 19:33:26', NULL, '1'),
(21, 1, 1, NULL, 4, 3, 1, NULL, '1', '2018-10-04 19:33:26', NULL, '1'),
(22, 1, 1, NULL, 4, 4, 1, NULL, '1', '2018-10-04 19:33:26', NULL, '1'),
(23, 1, 1, NULL, 4, 5, 1, NULL, '1', '2018-10-04 19:33:26', NULL, '1'),
(24, 1, 1, NULL, 4, 6, 1, NULL, '1', '2018-10-04 19:33:26', NULL, '1'),
(25, 1, 1, NULL, 5, 1, 1, NULL, '1', '2018-10-04 19:33:26', NULL, '1'),
(26, 1, 1, NULL, 5, 2, 1, NULL, '1', '2018-10-04 19:33:26', NULL, '1'),
(27, 1, 1, NULL, 5, 3, 1, NULL, '1', '2018-10-04 19:33:26', NULL, '1'),
(28, 1, 1, NULL, 5, 4, 1, NULL, '1', '2018-10-04 19:33:26', NULL, '1'),
(29, 1, 1, NULL, 5, 5, 1, NULL, '1', '2018-10-04 19:33:26', NULL, '1'),
(30, 1, 1, NULL, 5, 6, 1, NULL, '1', '2018-10-04 19:33:26', NULL, '1'),
(31, 1, 1, NULL, 6, 1, 1, NULL, '1', '2018-10-04 19:33:26', NULL, '1'),
(32, 1, 1, NULL, 6, 2, 1, NULL, '1', '2018-10-04 19:33:26', NULL, '1'),
(33, 1, 1, NULL, 6, 3, 1, NULL, '1', '2018-10-04 19:33:26', NULL, '1'),
(34, 1, 1, NULL, 6, 4, 1, NULL, '1', '2018-10-04 19:33:26', NULL, '1'),
(35, 1, 1, NULL, 6, 5, 1, NULL, '1', '2018-10-04 19:33:26', NULL, '1'),
(36, 1, 1, NULL, 6, 6, 1, NULL, '1', '2018-10-04 19:33:26', NULL, '1'),
(37, 1, 1, NULL, 7, 1, 1, NULL, '1', '2018-10-04 19:33:26', NULL, '1'),
(38, 1, 1, NULL, 7, 2, 1, NULL, '1', '2018-10-04 19:33:26', NULL, '1'),
(39, 1, 1, NULL, 7, 3, 1, NULL, '1', '2018-10-04 19:33:26', NULL, '1'),
(40, 1, 1, NULL, 7, 4, 1, NULL, '1', '2018-10-04 19:33:26', NULL, '1'),
(41, 1, 1, NULL, 7, 5, 1, NULL, '1', '2018-10-04 19:33:26', NULL, '1'),
(42, 1, 1, NULL, 7, 6, 1, NULL, '1', '2018-10-04 19:33:26', NULL, '1'),
(43, 1, 1, NULL, 8, 1, 1, NULL, '1', '2018-10-04 19:33:26', NULL, '1'),
(44, 1, 1, NULL, 8, 2, 1, NULL, '1', '2018-10-04 19:33:26', NULL, '1'),
(45, 1, 1, NULL, 8, 3, 1, NULL, '1', '2018-10-04 19:33:26', NULL, '1'),
(46, 1, 1, NULL, 8, 4, 1, NULL, '1', '2018-10-04 19:33:26', NULL, '1'),
(47, 1, 1, NULL, 8, 5, 1, NULL, '1', '2018-10-04 19:33:26', NULL, '1'),
(48, 1, 1, NULL, 8, 6, 1, NULL, '1', '2018-10-04 19:33:26', NULL, '1'),
(49, 1, 1, NULL, 9, 1, 1, NULL, '1', '2018-10-04 19:33:26', NULL, '1'),
(50, 1, 1, NULL, 9, 2, 1, NULL, '1', '2018-10-04 19:33:26', NULL, '1'),
(51, 1, 1, NULL, 9, 3, 1, NULL, '1', '2018-10-04 19:33:26', NULL, '1'),
(52, 1, 1, NULL, 9, 4, 1, NULL, '1', '2018-10-04 19:33:26', NULL, '1'),
(53, 1, 1, NULL, 9, 5, 1, NULL, '1', '2018-10-04 19:33:26', NULL, '1'),
(54, 1, 1, NULL, 9, 6, 1, NULL, '1', '2018-10-04 19:33:26', NULL, '1'),
(55, 1, 1, NULL, 10, 1, 1, NULL, '1', '2018-10-04 19:33:26', NULL, '1'),
(56, 1, 1, NULL, 10, 2, 1, NULL, '1', '2018-10-04 19:33:26', NULL, '1'),
(57, 1, 1, NULL, 10, 3, 1, NULL, '1', '2018-10-04 19:33:26', NULL, '1'),
(58, 1, 1, NULL, 10, 4, 1, NULL, '1', '2018-10-04 19:33:26', NULL, '1'),
(59, 1, 1, NULL, 10, 5, 1, NULL, '1', '2018-10-04 19:33:26', NULL, '1'),
(60, 1, 1, NULL, 10, 6, 1, NULL, '1', '2018-10-04 19:33:26', NULL, '1'),
(61, 1, 1, NULL, 11, 1, 1, NULL, '1', '2018-10-04 19:33:26', NULL, '1'),
(62, 1, 1, NULL, 11, 2, 1, NULL, '1', '2018-10-04 19:33:26', NULL, '1'),
(63, 1, 1, NULL, 11, 3, 1, NULL, '1', '2018-10-04 19:33:26', NULL, '1'),
(64, 1, 1, NULL, 11, 4, 1, NULL, '1', '2018-10-04 19:33:26', NULL, '1'),
(65, 1, 1, NULL, 11, 5, 1, NULL, '1', '2018-10-04 19:33:26', NULL, '1'),
(66, 1, 1, NULL, 11, 6, 1, NULL, '1', '2018-10-04 19:33:26', NULL, '1'),
(67, 1, 1, NULL, 12, 1, 1, NULL, '1', '2018-10-04 19:33:26', NULL, '1'),
(68, 1, 1, NULL, 12, 2, 1, NULL, '1', '2018-10-04 19:33:26', NULL, '1'),
(69, 1, 1, NULL, 12, 3, 1, NULL, '1', '2018-10-04 19:33:26', NULL, '1'),
(70, 1, 1, NULL, 12, 4, 1, NULL, '1', '2018-10-04 19:33:26', NULL, '1'),
(71, 1, 1, NULL, 12, 5, 1, NULL, '1', '2018-10-04 19:33:26', NULL, '1'),
(72, 1, 1, NULL, 12, 6, 1, NULL, '1', '2018-10-04 19:33:26', NULL, '1'),
(73, 1, 1, NULL, 13, 1, 1, NULL, '1', '2018-10-04 19:33:26', NULL, '1'),
(74, 1, 1, NULL, 13, 2, 1, NULL, '1', '2018-10-04 19:33:26', NULL, '1'),
(75, 1, 1, NULL, 13, 3, 1, NULL, '1', '2018-10-04 19:33:26', NULL, '1'),
(76, 1, 1, NULL, 13, 4, 1, NULL, '1', '2018-10-04 19:33:26', NULL, '1'),
(77, 1, 1, NULL, 13, 5, 1, NULL, '1', '2018-10-04 19:33:26', NULL, '1'),
(78, 1, 1, NULL, 13, 6, 1, NULL, '1', '2018-10-04 19:33:26', NULL, '1'),
(79, 1, 1, NULL, 14, 1, 1, NULL, '1', '2018-10-04 19:33:26', NULL, '1'),
(80, 1, 1, NULL, 14, 2, 1, NULL, '1', '2018-10-04 19:33:26', NULL, '1'),
(81, 1, 1, NULL, 14, 3, 1, NULL, '1', '2018-10-04 19:33:26', NULL, '1'),
(82, 1, 1, NULL, 14, 4, 1, NULL, '1', '2018-10-04 19:33:26', NULL, '1'),
(83, 1, 1, NULL, 14, 5, 1, NULL, '1', '2018-10-04 19:33:26', NULL, '1'),
(84, 1, 1, NULL, 14, 6, 1, NULL, '1', '2018-10-04 19:33:26', NULL, '1'),
(85, 1, 1, NULL, 15, 1, 1, NULL, '1', '2018-10-04 19:33:26', NULL, '1'),
(86, 1, 1, NULL, 15, 2, 1, NULL, '1', '2018-10-04 19:33:26', NULL, '1'),
(87, 1, 1, NULL, 15, 3, 1, NULL, '1', '2018-10-04 19:33:26', NULL, '1'),
(88, 1, 1, NULL, 15, 4, 1, NULL, '1', '2018-10-04 19:33:26', NULL, '1'),
(89, 1, 1, NULL, 15, 5, 1, NULL, '1', '2018-10-04 19:33:26', NULL, '1'),
(90, 1, 1, NULL, 15, 6, 1, NULL, '1', '2018-10-04 19:33:26', NULL, '1'),
(91, 1, 1, NULL, 16, 1, 1, NULL, '1', '2018-10-04 19:33:26', NULL, '1'),
(92, 1, 1, NULL, 16, 2, 1, NULL, '1', '2018-10-04 19:33:26', NULL, '1'),
(93, 1, 1, NULL, 16, 3, 1, NULL, '1', '2018-10-04 19:33:26', NULL, '1'),
(94, 1, 1, NULL, 16, 4, 1, NULL, '1', '2018-10-04 19:33:26', NULL, '1'),
(95, 1, 1, NULL, 16, 5, 1, NULL, '1', '2018-10-04 19:33:26', NULL, '1'),
(96, 1, 1, NULL, 16, 6, 1, NULL, '1', '2018-10-04 19:33:26', NULL, '1'),
(97, 1, 1, NULL, 17, 1, 1, NULL, '1', '2018-10-04 19:33:26', NULL, '1'),
(98, 1, 1, NULL, 17, 2, 1, NULL, '1', '2018-10-04 19:33:26', NULL, '1'),
(99, 1, 1, NULL, 17, 3, 1, NULL, '1', '2018-10-04 19:33:26', NULL, '1'),
(100, 1, 1, NULL, 17, 4, 1, NULL, '1', '2018-10-04 19:33:26', NULL, '1'),
(101, 1, 1, NULL, 17, 5, 1, NULL, '1', '2018-10-04 19:33:26', NULL, '1'),
(102, 1, 1, NULL, 17, 6, 1, NULL, '1', '2018-10-04 19:33:26', NULL, '1'),
(103, 1, 1, NULL, 18, 1, 1, NULL, '1', '2018-10-04 19:33:26', NULL, '1'),
(104, 1, 1, NULL, 18, 2, 1, NULL, '1', '2018-10-04 19:33:26', NULL, '1'),
(105, 1, 1, NULL, 18, 3, 1, NULL, '1', '2018-10-04 19:33:26', NULL, '1'),
(106, 1, 1, NULL, 18, 4, 1, NULL, '1', '2018-10-04 19:33:26', NULL, '1'),
(107, 1, 1, NULL, 18, 5, 1, NULL, '1', '2018-10-04 19:33:26', NULL, '1'),
(108, 1, 1, NULL, 18, 6, 1, NULL, '1', '2018-10-04 19:33:26', NULL, '1');


--
-- Volcado de datos para la tabla `matriculacion`
--
INSERT INTO `matriculacion` (`mat_id`, `peac_id`, `adm_id`, `est_id`, `sins_id`, `mat_fecha_matriculacion`, `mat_usuario_ingreso`, `mat_usuario_modifica`, `mat_estado`, `mat_fecha_creacion`, `mat_fecha_modificacion`, `mat_estado_logico`) VALUES
(1, 1, 1, NULL, 1, '2017-10-11 01:22:45', 1, NULL, '1', '2017-10-11 01:22:45', NULL, '1'),
(2, 5, 2, NULL, 2, '2017-10-12 01:22:27', 1, NULL, '1', '2017-10-12 01:22:27', NULL, '1'),
(3, 1, 4, NULL, 4, '2017-10-13 21:14:02', 1, NULL, '1', '2017-10-13 21:14:02', NULL, '1'),
(4, 1, 6, NULL, 6, '2017-10-14 21:15:17', 1, NULL, '1', '2017-10-14 21:15:17', NULL, '1'),
(5, 5, 5, NULL, 5, '2017-10-14 21:23:17', 1, NULL, '1', '2017-10-14 21:23:17', NULL, '1'),
(6, 5, 7, NULL, 7, '2017-10-17 03:03:17', 1, NULL, '1', '2017-10-17 03:03:17', NULL, '1'),
(7, 4, 8, NULL, 8, '2017-10-18 01:53:23', 1, NULL, '1', '2017-10-18 01:53:23', NULL, '1'),
(8, 1, 9, NULL, 9, '2017-10-19 01:16:40', 1, NULL, '1', '2017-10-19 01:16:40', NULL, '1'),
(9, 10, 11, NULL, 10, '2017-11-01 00:52:50', 1, NULL, '1', '2017-11-01 00:52:50', NULL, '1'),
(10, 7, 13, NULL, 15, '2017-11-11 00:11:47', 1, NULL, '1', '2017-11-11 00:11:47', NULL, '1'),
(11, 11, 15, NULL, 13, '2017-11-13 20:37:15', 1, NULL, '1', '2017-11-13 20:37:15', NULL, '1'),
(12, 9, 22, NULL, 20, '2017-11-14 02:09:18', 1, NULL, '1', '2017-11-14 02:09:18', NULL, '1'),
(13, 9, 20, NULL, 21, '2017-11-18 21:24:30', 1, NULL, '1', '2017-11-18 21:24:30', NULL, '1'),
(14, 9, 24, NULL, 22, '2017-11-20 19:15:51', 1, NULL, '1', '2017-11-20 19:15:51', NULL, '1'),
(15, 11, 18, NULL, 17, '2017-11-22 22:52:58', 1, NULL, '1', '2017-11-22 22:52:58', NULL, '1'),
(16, 7, 23, NULL, 23, '2017-11-29 02:49:32', 1, NULL, '1', '2017-11-29 02:49:32', NULL, '1'),
(17, 7, 16, NULL, 16, '2017-11-29 02:52:05', 1, NULL, '1', '2017-11-29 02:52:05', NULL, '1'),
(18, 7, 25, NULL, 24, '2017-11-29 19:36:25', 1, NULL, '1', '2017-11-29 19:36:25', NULL, '1'),
(19, 8, 14, NULL, 12, '2017-11-29 20:10:45', 1, NULL, '1', '2017-11-29 20:10:45', NULL, '1'),
(20, 8, 17, NULL, 14, '2017-11-29 20:11:46', 1, NULL, '1', '2017-11-29 20:11:46', NULL, '1'),
(21, 11, 21, NULL, 19, '2017-11-29 20:18:29', 1, NULL, '1', '2017-11-29 20:18:29', NULL, '1'),
(22, 1, 3, NULL, 3, '2017-11-29 22:48:09', 1, NULL, '1', '2017-11-29 22:48:09', NULL, '1'),
(23, 17, 28, NULL, 28, '2018-01-09 21:14:55', 1, NULL, '1', '2018-01-09 21:14:55', NULL, '1'),
(24, 13, 31, NULL, 29, '2018-01-13 01:02:01', 1, NULL, '1', '2018-01-13 01:02:01', NULL, '1'),
(25, 17, 30, NULL, 30, '2018-01-13 19:02:10', 1, NULL, '1', '2018-01-13 19:02:10', NULL, '1'),
(26, 13, 35, NULL, 33, '2018-01-19 14:02:30', 1, NULL, '1', '2018-01-19 14:02:30', NULL, '1'),
(27, 26, 37, NULL, 36, '2018-01-30 21:53:57', 1, NULL, '1', '2018-01-30 21:53:57', NULL, '1'),
(28, 18, 29, NULL, 27, '2018-01-30 21:55:40', 1, NULL, '1', '2018-01-30 21:55:40', NULL, '1'),
(29, 15, 27, NULL, 26, '2018-01-30 21:55:50', 1, NULL, '1', '2018-01-30 21:55:50', NULL, '1'),
(30, 17, 36, NULL, 34, '2018-01-30 21:56:03', 1, NULL, '1', '2018-01-30 21:56:03', NULL, '1'),
(31, 29, 39, NULL, 37, '2018-02-05 20:46:15', 1, NULL, '1', '2018-02-05 20:46:15', NULL, '1'),
(32, 30, 38, NULL, 35, '2018-02-05 20:46:32', 1, NULL, '1', '2018-02-05 20:46:32', NULL, '1'),
(33, 27, 43, NULL, 40, '2018-02-16 16:22:06', 1, NULL, '1', '2018-02-16 16:22:06', NULL, '1'),
(34, 25, 44, NULL, 42, '2018-02-16 22:16:02', 1, NULL, '1', '2018-02-16 22:16:02', NULL, '1'),
(35, 29, 40, NULL, 39, '2018-02-19 18:35:49', 1, NULL, '1', '2018-02-19 18:35:49', NULL, '1'),
(36, 28, 45, NULL, 43, '2018-02-19 18:45:21', 1, NULL, '1', '2018-02-19 18:45:21', NULL, '1'),
(37, 30, 41, NULL, 38, '2018-02-19 21:08:38', 1, NULL, '1', '2018-02-19 21:08:38', NULL, '1'),
(38, 25, 34, NULL, 45, '2018-02-19 21:26:19', 1, NULL, '1', '2018-02-19 21:26:19', NULL, '1'),
(39, 25, 46, NULL, 44, '2018-02-20 16:39:25', 1, NULL, '1', '2018-02-20 16:39:25', NULL, '1'),
(40, 30, 48, NULL, 46, '2018-02-21 00:40:19', 1, NULL, '1', '2018-02-21 00:40:19', NULL, '1'),
(41, 25, 42, NULL, 41, '2018-02-21 00:43:47', 1, NULL, '1', '2018-02-21 00:43:47', NULL, '1'),
(42, 25, 47, NULL, 47, '2018-02-23 16:44:47', 1, NULL, '1', '2018-02-23 16:44:47', NULL, '1'),
(43, 18, 33, NULL, 32, '2018-02-23 19:21:41', 1, NULL, '1', '2018-02-23 19:21:41', NULL, '1'),
(44, 39, 12, NULL, 11, '2018-02-26 22:06:30', 1, NULL, '1', '2018-02-26 22:06:30', NULL, '1'),
(45, 45, 49, NULL, 48, '2018-02-28 14:02:59', 1, NULL, '1', '2018-02-28 14:02:59', NULL, '1'),
(46, 45, 52, NULL, 51, '2018-03-05 15:18:58', 1, NULL, '1', '2018-03-05 15:18:58', NULL, '1'),
(47, 47, 51, NULL, 50, '2018-03-05 15:20:10', 1, NULL, '1', '2018-03-05 15:20:10', NULL, '1'),
(48, 47, 50, NULL, 49, '2018-03-06 14:42:46', 1, NULL, '1', '2018-03-06 14:42:46', NULL, '1'),
(49, 45, 53, NULL, 52, '2018-03-06 14:45:29', 1, NULL, '1', '2018-03-06 14:45:29', NULL, '1'),
(50, 43, 55, NULL, 54, '2018-03-09 14:40:14', 1, NULL, '1', '2018-03-09 14:40:14', NULL, '1'),
(51, 47, 58, NULL, 57, '2018-03-12 19:46:20', 1, NULL, '1', '2018-03-12 19:46:20', NULL, '1'),
(52, 43, 60, NULL, 59, '2018-03-12 19:46:37', 1, NULL, '1', '2018-03-12 19:46:37', NULL, '1'),
(53, 45, 59, NULL, 58, '2018-03-12 19:47:17', 1, NULL, '1', '2018-03-12 19:47:17', NULL, '1'),
(54, 43, 54, NULL, 55, '2018-03-13 14:27:53', 1, NULL, '1', '2018-03-13 14:27:53', NULL, '1'),
(55, 53, 57, NULL, 56, '2018-03-14 21:10:31', 1, NULL, '1', '2018-03-14 21:10:31', NULL, '1'),
(56, 47, 56, NULL, 53, '2018-03-14 21:12:06', 1, NULL, '1', '2018-03-14 21:12:06', NULL, '1'),
(57, 53, 64, NULL, 60, '2018-03-16 16:57:17', 1, NULL, '1', '2018-03-16 16:57:17', NULL, '1'),
(58, 49, 66, NULL, 61, '2018-03-16 16:57:38', 1, NULL, '1', '2018-03-16 16:57:38', NULL, '1'),
(59, 52, 65, NULL, 63, '2018-03-16 16:58:35', 1, NULL, '1', '2018-03-16 16:58:35', NULL, '1'),
(60, 54, 76, NULL, 69, '2018-03-19 14:39:47', 1, NULL, '1', '2018-03-19 14:39:47', NULL, '1'),
(61, 51, 68, NULL, 65, '2018-03-19 14:40:25', 1, NULL, '1', '2018-03-19 14:40:25', NULL, '1'),
(62, 52, 71, NULL, 68, '2018-03-19 14:40:42', 1, NULL, '1', '2018-03-19 14:40:42', NULL, '1'),
(63, 49, 67, NULL, 64, '2018-03-19 14:41:25', 1, NULL, '1', '2018-03-19 14:41:25', NULL, '1'),
(64, 49, 77, NULL, 74, '2018-03-19 19:45:54', 1, NULL, '1', '2018-03-19 19:45:54', NULL, '1'),
(65, 51, 73, NULL, 70, '2018-03-19 19:52:39', 1, NULL, '1', '2018-03-19 19:52:39', NULL, '1'),
(66, 49, 72, NULL, 67, '2018-03-19 20:01:06', 1, NULL, '1', '2018-03-19 20:01:06', NULL, '1'),
(67, 53, 74, NULL, 72, '2018-03-19 22:41:50', 1, NULL, '1', '2018-03-19 22:41:50', NULL, '1'),
(68, 53, 75, NULL, 73, '2018-03-19 22:41:59', 1, NULL, '1', '2018-03-19 22:41:59', NULL, '1'),
(69, 49, 69, NULL, 75, '2018-03-20 14:35:00', 1, NULL, '1', '2018-03-20 14:35:00', NULL, '1'),
(70, 51, 63, NULL, 71, '2018-03-20 15:40:57', 1, NULL, '1', '2018-03-20 15:40:57', NULL, '1'),
(71, 51, 78, NULL, 77, '2018-03-21 21:43:59', 1, NULL, '1', '2018-03-21 21:43:59', NULL, '1'),
(72, 54, 79, NULL, 76, '2018-03-21 21:44:11', 1, NULL, '1', '2018-03-21 21:44:11', NULL, '1'),
(73, 51, 80, NULL, 78, '2018-03-22 16:06:26', 1, NULL, '1', '2018-03-22 16:06:26', NULL, '1'),
(74, 51, 81, NULL, 79, '2018-03-23 14:07:15', 1, NULL, '1', '2018-03-23 14:07:15', NULL, '1'),
(75, 47, 70, NULL, 66, '2018-04-02 22:24:13', 1, NULL, '1', '2018-04-02 22:24:13', NULL, '1'),
(76, 58, 90, NULL, 83, '2018-04-06 22:36:50', 1, NULL, '1', '2018-04-06 22:36:50', NULL, '1'),
(77, 61, 86, NULL, 89, '2018-04-09 20:11:26', 1, NULL, '1', '2018-04-09 20:11:26', NULL, '1'),
(78, 63, 84, NULL, 82, '2018-04-09 20:11:46', 1, NULL, '1', '2018-04-09 20:11:46', NULL, '1'),
(79, 65, 85, NULL, 81, '2018-04-09 20:11:58', 1, NULL, '1', '2018-04-09 20:11:58', NULL, '1'),
(80, 61, 83, NULL, 80, '2018-04-09 20:12:07', 1, NULL, '1', '2018-04-09 20:12:07', NULL, '1'),
(81, 64, 87, NULL, 85, '2018-04-10 14:26:21', 1, NULL, '1', '2018-04-10 14:26:21', NULL, '1'),
(82, 61, 100, NULL, 93, '2018-04-10 22:57:37', 1, NULL, '1', '2018-04-10 22:57:37', NULL, '1'),
(83, 61, 98, NULL, 94, '2018-04-10 22:57:45', 1, NULL, '1', '2018-04-10 22:57:45', NULL, '1'),
(84, 61, 97, NULL, 92, '2018-04-10 22:57:53', 1, NULL, '1', '2018-04-10 22:57:53', NULL, '1'),
(85, 65, 89, NULL, 88, '2018-04-10 22:58:01', 1, NULL, '1', '2018-04-10 22:58:01', NULL, '1'),
(86, 63, 88, NULL, 86, '2018-04-10 22:58:09', 1, NULL, '1', '2018-04-10 22:58:09', NULL, '1'),
(87, 61, 96, NULL, 97, '2018-04-13 00:20:09', 1, NULL, '1', '2018-04-13 00:20:09', NULL, '1'),
(88, 65, 101, NULL, 99, '2018-04-13 01:01:34', 1, NULL, '1', '2018-04-13 01:01:34', NULL, '1'),
(89, 63, 102, NULL, 95, '2018-04-13 01:01:43', 1, NULL, '1', '2018-04-13 01:01:43', NULL, '1'),
(90, 65, 99, NULL, 101, '2018-04-13 01:01:54', 1, NULL, '1', '2018-04-13 01:01:54', NULL, '1'),
(91, 66, 94, NULL, 100, '2018-04-13 01:08:30', 1, NULL, '1', '2018-04-13 01:08:30', NULL, '1'),
(92, 61, 105, NULL, 98, '2018-04-13 21:40:40', 1, NULL, '1', '2018-04-13 21:40:40', NULL, '1'),
(93, 61, 91, NULL, 84, '2018-04-13 21:41:01', 1, NULL, '1', '2018-04-13 21:41:01', NULL, '1'),
(94, 65, 92, NULL, 87, '2018-04-16 15:41:41', 1, NULL, '1', '2018-04-16 15:41:41', NULL, '1'),
(95, 63, 104, NULL, 102, '2018-04-16 16:01:12', 1, NULL, '1', '2018-04-16 16:01:12', NULL, '1'),
(96, 65, 103, NULL, 96, '2018-04-16 21:32:49', 1, NULL, '1', '2018-04-16 21:32:49', NULL, '1'),
(97, 65, 108, NULL, 107, '2018-04-17 19:45:07', 1, NULL, '1', '2018-04-17 19:45:07', NULL, '1'),
(98, 65, 109, NULL, 106, '2018-04-17 19:45:30', 1, NULL, '1', '2018-04-17 19:45:30', NULL, '1'),
(99, 61, 112, NULL, 103, '2018-04-17 19:45:40', 1, NULL, '1', '2018-04-17 19:45:40', NULL, '1'),
(100, 59, 110, NULL, 108, '2018-04-17 19:46:01', 1, NULL, '1', '2018-04-17 19:46:01', NULL, '1'),
(101, 61, 107, NULL, 105, '2018-04-17 19:46:10', 1, NULL, '1', '2018-04-17 19:46:10', NULL, '1'),
(102, 65, 106, NULL, 109, '2018-04-17 19:46:17', 1, NULL, '1', '2018-04-17 19:46:17', NULL, '1'),
(103, 65, 62, NULL, 112, '2018-04-17 21:34:41', 1, NULL, '1', '2018-04-17 21:34:41', NULL, '1'),
(104, 65, 114, NULL, 111, '2018-04-17 21:34:52', 1, NULL, '1', '2018-04-17 21:34:52', NULL, '1'),
(105, 66, 111, NULL, 110, '2018-04-17 21:35:09', 1, NULL, '1', '2018-04-17 21:35:09', NULL, '1'),
(106, 65, 113, NULL, 104, '2018-04-17 21:35:40', 1, NULL, '1', '2018-04-17 21:35:40', NULL, '1'),
(107, 65, 116, NULL, 114, '2018-04-18 15:06:55', 1, NULL, '1', '2018-04-18 15:06:55', NULL, '1'),
(108, 61, 115, NULL, 113, '2018-04-18 15:52:11', 1, NULL, '1', '2018-04-18 15:52:11', NULL, '1'),
(109, 65, 117, NULL, 115, '2018-04-19 18:36:44', 1, NULL, '1', '2018-04-19 18:36:44', NULL, '1'),
(110, 64, 119, NULL, 117, '2018-04-19 18:46:04', 1, NULL, '1', '2018-04-19 18:46:04', NULL, '1'),
(111, 53, 82, NULL, 119, '2018-04-25 21:41:47', 1, NULL, '1', '2018-04-25 21:41:47', NULL, '1'),
(112, 63, 95, NULL, 90, '2018-04-25 21:46:10', 1, NULL, '1', '2018-04-25 21:46:10', NULL, '1'),
(113, 61, 61, NULL, 62, '2018-04-25 21:46:58', 1, NULL, '1', '2018-04-25 21:46:58', NULL, '1'),
(114, 63, 118, NULL, 116, '2018-05-07 21:14:13', 1, NULL, '1', '2018-05-07 21:14:13', NULL, '1'),
(115, 70, 127, NULL, 123, '2018-05-10 16:36:09', 1, NULL, '1', '2018-05-10 16:36:09', NULL, '1'),
(116, 71, 124, NULL, 121, '2018-05-10 16:36:16', 1, NULL, '1', '2018-05-10 16:36:16', NULL, '1'),
(117, 68, 125, NULL, 120, '2018-05-10 16:36:24', 1, NULL, '1', '2018-05-10 16:36:24', NULL, '1'),
(118, 72, 120, NULL, 118, '2018-05-14 14:50:35', 1, NULL, '1', '2018-05-14 14:50:35', NULL, '1'),
(119, 71, 126, NULL, 122, '2018-05-14 14:50:43', 1, NULL, '1', '2018-05-14 14:50:43', NULL, '1'),
(120, 67, 128, NULL, 124, '2018-05-14 14:50:50', 1, NULL, '1', '2018-05-14 14:50:50', NULL, '1'),
(121, 69, 10, NULL, 127, '2018-05-14 14:50:57', 1, NULL, '1', '2018-05-14 14:50:57', NULL, '1'),
(122, 71, 129, NULL, 125, '2018-05-14 15:34:00', 1, NULL, '1', '2018-05-14 15:34:00', NULL, '1'),
(123, 11, 19, NULL, 18, '2018-05-14 16:02:07', 1, NULL, '1', '2018-05-14 16:02:07', NULL, '1'),
(124, 71, 26, NULL, 25, '2018-05-14 16:02:23', 1, NULL, '1', '2018-05-14 16:02:23', NULL, '1'),
(125, 71, 122, NULL, 129, '2018-05-15 18:48:26', 1, NULL, '1', '2018-05-15 18:48:26', NULL, '1'),
(126, 67, 131, NULL, 130, '2018-05-16 21:11:04', 1, NULL, '1', '2018-05-16 21:11:04', NULL, '1'),
(127, 69, 123, NULL, 128, '2018-05-16 23:10:52', 1, NULL, '1', '2018-05-16 23:10:52', NULL, '1'),
(128, 69, 132, NULL, 131, '2018-05-18 15:48:08', 1, NULL, '1', '2018-05-18 15:48:08', NULL, '1'),
(129, 69, 130, NULL, 126, '2018-05-28 15:25:44', 1, NULL, '1', '2018-05-28 15:25:44', NULL, '1'),
(130, 78, 136, NULL, 134, '2018-05-30 22:19:50', 1, NULL, '1', '2018-05-30 22:19:50', NULL, '1'),
(131, 77, 138, NULL, 137, '2018-05-31 21:12:57', 1, NULL, '1', '2018-05-31 21:12:57', NULL, '1'),
(132, 77, 137, NULL, 135, '2018-06-05 14:37:45', 1, NULL, '1', '2018-06-05 14:37:45', NULL, '1'),
(133, 77, 133, NULL, 132, '2018-06-05 14:44:30', 1, NULL, '1', '2018-06-05 14:44:30', NULL, '1'),
(134, 76, 143, NULL, 142, '2018-06-05 14:49:20', 1, NULL, '1', '2018-06-05 14:49:20', NULL, '1'),
(135, 75, 142, NULL, 141, '2018-06-05 14:54:31', 1, NULL, '1', '2018-06-05 14:54:31', NULL, '1'),
(136, 77, 141, NULL, 140, '2018-06-05 15:18:11', 1, NULL, '1', '2018-06-05 15:18:11', NULL, '1'),
(137, 73, 139, NULL, 138, '2018-06-05 15:29:07', 1, NULL, '1', '2018-06-05 15:29:07', NULL, '1'),
(138, 75, 144, NULL, 143, '2018-06-05 20:45:28', 1, NULL, '1', '2018-06-05 20:45:28', NULL, '1'),
(139, 74, 135, NULL, 133, '2018-06-07 19:11:39', 1, NULL, '1', '2018-06-07 19:11:39', NULL, '1'),
(140, 73, 140, NULL, 139, '2018-06-07 20:40:52', 1, NULL, '1', '2018-06-07 20:40:52', NULL, '1'),
(141, 73, 134, NULL, 136, '2018-06-07 21:42:29', 1, NULL, '1', '2018-06-07 21:42:29', NULL, '1'),
(142, 77, 145, NULL, 144, '2018-06-08 15:53:56', 1, NULL, '1', '2018-06-08 15:53:56', NULL, '1'),
(143, 77, 146, NULL, 146, '2018-06-08 19:53:00', 1, NULL, '1', '2018-06-08 19:53:00', NULL, '1'),
(144, 76, 147, NULL, 145, '2018-06-11 15:08:52', 1, NULL, '1', '2018-06-11 15:08:52', NULL, '1'),
(145, 76, 149, NULL, 148, '2018-06-11 15:08:58', 1, NULL, '1', '2018-06-11 15:08:58', NULL, '1'),
(146, 77, 150, NULL, 149, '2018-06-11 22:33:08', 1, NULL, '1', '2018-06-11 22:33:08', NULL, '1'),
(147, 77, 151, NULL, 150, '2018-06-12 21:03:19', 1, NULL, '1', '2018-06-12 21:03:19', NULL, '1'),
(148, 78, 121, NULL, 151, '2018-06-13 14:27:53', 1, NULL, '1', '2018-06-13 14:27:53', NULL, '1'),
(149, 77, 148, NULL, 147, '2018-06-18 14:41:00', 1, NULL, '1', '2018-06-18 14:41:00', NULL, '1'),
(150, 79, 153, NULL, 152, '2018-06-27 17:00:15', 1, NULL, '1', '2018-06-27 17:00:15', NULL, '1'),
(151, 81, 154, NULL, 153, '2018-06-27 17:00:23', 1, NULL, '1', '2018-06-27 17:00:23', NULL, '1'),
(152, 83, 156, NULL, 154, '2018-06-28 22:35:31', 1, NULL, '1', '2018-06-28 22:35:31', NULL, '1'),
(153, 79, 155, NULL, 156, '2018-06-28 22:35:38', 1, NULL, '1', '2018-06-28 22:35:38', NULL, '1'),
(154, 84, 152, NULL, 158, '2018-07-04 16:32:06', 1, NULL, '1', '2018-07-04 16:32:06', NULL, '1'),
(155, 84, 158, NULL, 155, '2018-07-04 16:32:14', 1, NULL, '1', '2018-07-04 16:32:14', NULL, '1'),
(156, 83, 161, NULL, 161, '2018-07-12 16:00:40', 1, NULL, '1', '2018-07-12 16:00:40', NULL, '1'),
(157, 83, 160, NULL, 160, '2018-07-13 20:48:33', 1, NULL, '1', '2018-07-13 20:48:33', NULL, '1'),
(158, 84, 165, NULL, 164, '2018-07-16 13:56:42', 1, NULL, '1', '2018-07-16 13:56:42', NULL, '1'),
(159, 83, 163, NULL, 163, '2018-07-16 13:56:49', 1, NULL, '1', '2018-07-16 13:56:49', NULL, '1'),
(160, 79, 157, NULL, 157, '2018-07-16 14:18:41', 1, NULL, '1', '2018-07-16 14:18:41', NULL, '1'),
(161, 86, 167, NULL, 166, '2018-07-17 15:39:41', 1, NULL, '1', '2018-07-17 15:39:41', NULL, '1'),
(162, 80, 166, NULL, 165, '2018-07-17 15:39:56', 1, NULL, '1', '2018-07-17 15:39:56', NULL, '1'),
(163, 83, 162, NULL, 162, '2018-07-17 21:40:31', 1, NULL, '1', '2018-07-17 21:40:31', NULL, '1'),
(164, 83, 171, NULL, 168, '2018-07-17 22:04:19', 1, NULL, '1', '2018-07-17 22:04:19', NULL, '1'),
(165, 86, 172, NULL, 170, '2018-07-17 22:04:28', 1, NULL, '1', '2018-07-17 22:04:28', NULL, '1'),
(166, 83, 176, NULL, 169, '2018-07-17 22:11:34', 1, NULL, '1', '2018-07-17 22:11:34', NULL, '1'),
(167, 85, 169, NULL, 171, '2018-07-23 15:44:46', 1, NULL, '1', '2018-07-23 15:44:46', NULL, '1'),
(168, 86, 178, NULL, 172, '2018-07-23 15:45:01', 1, NULL, '1', '2018-07-23 15:45:01', NULL, '1'),
(169, 85, 175, NULL, 174, '2018-07-23 15:45:13', 1, NULL, '1', '2018-07-23 15:45:13', NULL, '1'),
(170, 88, 179, NULL, 175, '2018-07-23 15:45:36', 1, NULL, '1', '2018-07-23 15:45:36', NULL, '1'),
(171, 89, 181, NULL, 176, '2018-07-23 15:45:45', 1, NULL, '1', '2018-07-23 15:45:45', NULL, '1'),
(172, 90, 183, NULL, 179, '2018-07-23 15:45:53', 1, NULL, '1', '2018-07-23 15:45:53', NULL, '1'),
(173, 86, 187, NULL, 180, '2018-07-23 15:46:40', 1, NULL, '1', '2018-07-23 15:46:40', NULL, '1'),
(174, 87, 182, NULL, 182, '2018-07-23 15:46:49', 1, NULL, '1', '2018-07-23 15:46:49', NULL, '1'),
(175, 81, 184, NULL, 178, '2018-07-23 15:47:06', 1, NULL, '1', '2018-07-23 15:47:06', NULL, '1'),
(176, 83, 192, NULL, 181, '2018-07-23 15:58:15', 1, NULL, '1', '2018-07-23 15:58:15', NULL, '1'),
(177, 85, 174, NULL, 177, '2018-07-23 19:16:04', 1, NULL, '1', '2018-07-23 19:16:04', NULL, '1'),
(178, 86, 177, NULL, 173, '2018-07-23 19:16:16', 1, NULL, '1', '2018-07-23 19:16:16', NULL, '1'),
(179, 79, 93, NULL, 91, '2018-07-23 20:34:12', 1, NULL, '1', '2018-07-23 20:34:12', NULL, '1'),
(180, 89, 173, NULL, 184, '2018-07-26 19:28:44', 1, NULL, '1', '2018-07-26 19:28:44', NULL, '1'),
(181, 85, 193, NULL, 183, '2018-07-26 19:28:52', 1, NULL, '1', '2018-07-26 19:28:52', NULL, '1'),
(182, 89, 195, NULL, 185, '2018-07-26 19:28:59', 1, NULL, '1', '2018-07-26 19:28:59', NULL, '1'),
(183, 90, 190, NULL, 186, '2018-07-26 19:29:08', 1, NULL, '1', '2018-07-26 19:29:08', NULL, '1'),
(184, 89, 199, NULL, 189, '2018-07-26 19:29:16', 1, NULL, '1', '2018-07-26 19:29:16', NULL, '1'),
(185, 90, 188, NULL, 190, '2018-07-26 19:29:23', 1, NULL, '1', '2018-07-26 19:29:23', NULL, '1'),
(186, 87, 186, NULL, 188, '2018-07-26 19:29:31', 1, NULL, '1', '2018-07-26 19:29:31', NULL, '1'),
(187, 85, 200, NULL, 187, '2018-07-30 16:13:07', 1, NULL, '1', '2018-07-30 16:13:07', NULL, '1'),
(188, 87, 201, NULL, 191, '2018-07-30 16:13:23', 1, NULL, '1', '2018-07-30 16:13:23', NULL, '1'),
(189, 87, 168, NULL, 193, '2018-07-30 16:13:32', 1, NULL, '1', '2018-07-30 16:13:32', NULL, '1'),
(190, 89, 180, NULL, 192, '2018-07-30 16:13:40', 1, NULL, '1', '2018-07-30 16:13:40', NULL, '1'),
(191, 86, 198, NULL, 194, '2018-07-30 16:13:48', 1, NULL, '1', '2018-07-30 16:13:48', NULL, '1'),
(192, 85, 191, NULL, 197, '2018-07-31 17:07:07', 1, NULL, '1', '2018-07-31 17:07:07', NULL, '1'),
(193, 90, 189, NULL, 205, '2018-07-31 17:07:14', 1, NULL, '1', '2018-07-31 17:07:14', NULL, '1'),
(194, 85, 211, NULL, 208, '2018-07-31 17:07:28', 1, NULL, '1', '2018-07-31 17:07:28', NULL, '1'),
(195, 88, 209, NULL, 209, '2018-07-31 17:14:15', 1, NULL, '1', '2018-07-31 17:14:15', NULL, '1'),
(196, 87, 207, NULL, 207, '2018-07-31 17:14:22', 1, NULL, '1', '2018-07-31 17:14:22', NULL, '1'),
(197, 87, 196, NULL, 210, '2018-07-31 17:14:29', 1, NULL, '1', '2018-07-31 17:14:29', NULL, '1'),
(198, 85, 185, NULL, 206, '2018-07-31 17:14:37', 1, NULL, '1', '2018-07-31 17:14:37', NULL, '1'),
(199, 87, 205, NULL, 204, '2018-07-31 17:14:45', 1, NULL, '1', '2018-07-31 17:14:45', NULL, '1'),
(200, 89, 197, NULL, 202, '2018-07-31 18:20:27', 1, NULL, '1', '2018-07-31 18:20:27', NULL, '1'),
(201, 89, 208, NULL, 203, '2018-07-31 18:20:39', 1, NULL, '1', '2018-07-31 18:20:39', NULL, '1'),
(202, 89, 170, NULL, 201, '2018-07-31 18:20:49', 1, NULL, '1', '2018-07-31 18:20:49', NULL, '1'),
(203, 87, 206, NULL, 200, '2018-07-31 18:20:59', 1, NULL, '1', '2018-07-31 18:20:59', NULL, '1'),
(204, 90, 202, NULL, 199, '2018-07-31 18:21:07', 1, NULL, '1', '2018-07-31 18:21:07', NULL, '1'),
(205, 86, 204, NULL, 196, '2018-07-31 18:21:16', 1, NULL, '1', '2018-07-31 18:21:16', NULL, '1'),
(206, 85, 194, NULL, 198, '2018-07-31 18:21:25', 1, NULL, '1', '2018-07-31 18:21:25', NULL, '1'),
(207, 87, 203, NULL, 195, '2018-07-31 18:21:33', 1, NULL, '1', '2018-07-31 18:21:33', NULL, '1'),
(208, 101, 164, NULL, 167, '2018-07-31 18:29:02', 1, NULL, '1', '2018-07-31 18:29:02', NULL, '1'),
(209, 94, 212, NULL, 212, '2018-08-13 15:59:11', 1, NULL, '1', '2018-08-13 15:59:11', NULL, '1'),
(210, 91, 210, NULL, 211, '2018-08-15 16:03:02', 1, NULL, '1', '2018-08-15 16:03:02', NULL, '1'),
(211, 96, 214, NULL, 214, '2018-08-15 16:03:13', 1, NULL, '1', '2018-08-15 16:03:13', NULL, '1'),
(212, 94, 215, NULL, 215, '2018-08-16 21:20:17', 1, NULL, '1', '2018-08-16 21:20:17', NULL, '1');


--
-- Volcado de datos para la tabla `asignacion_paralelo`
--
INSERT INTO `asignacion_paralelo` (`apar_id`, `par_id`, `mat_id`, `mest_id`, `apar_descripcion`, `apar_fecha_asignacion`, `apar_usuario_asignacion`, `apar_usuario_modificacion`, `apar_estado`, `apar_fecha_creacion`, `apar_fecha_modificacion`, `apar_estado_logico`) VALUES
(1, 1, 1, NULL, 'Asignación Paralelo: 1', '2017-10-11 01:22:45', 1, NULL, '1', '2017-10-11 01:22:45', NULL, '1'),
(2, 1, 2, NULL, 'Asignación Paralelo: 1', '2017-10-12 01:22:27', 1, NULL, '1', '2017-10-12 01:22:27', NULL, '1'),
(3, 1, 3, NULL, 'Asignación Paralelo: 1', '2017-10-13 21:14:02', 1, NULL, '1', '2017-10-13 21:14:02', NULL, '1'),
(4, 1, 4, NULL, 'Asignación Paralelo: 1', '2017-10-14 21:15:17', 1, NULL, '1', '2017-10-14 21:15:17', NULL, '1'),
(5, 1, 5, NULL, 'Asignación Paralelo: 1', '2017-10-14 21:23:17', 1, NULL, '1', '2017-10-14 21:23:17', NULL, '1'),
(6, 1, 6, NULL, 'Asignación Paralelo: 1', '2017-10-17 03:03:17', 1, NULL, '1', '2017-10-17 03:03:17', NULL, '1'),
(7, 1, 7, NULL, 'Asignación Paralelo: 1', '2017-10-18 01:53:23', 1, NULL, '1', '2017-10-18 01:53:23', NULL, '1'),
(8, 1, 8, NULL, 'Asignación Paralelo: 1', '2017-10-19 01:16:40', 1, NULL, '1', '2017-10-19 01:16:40', NULL, '1'),
(9, 2, 9, NULL, 'Asignación Paralelo: 1', '2017-11-01 00:52:50', 1, NULL, '1', '2017-11-01 00:52:50', NULL, '1'),
(10, 2, 10, NULL, 'Asignación Paralelo: 1', '2017-11-11 00:11:47', 1, NULL, '1', '2017-11-11 00:11:47', NULL, '1'),
(11, 2, 11, NULL, 'Asignación Paralelo: 1', '2017-11-13 20:37:15', 1, NULL, '1', '2017-11-13 20:37:15', NULL, '1'),
(12, 2, 12, NULL, 'Asignación Paralelo: 1', '2017-11-14 02:09:18', 1, NULL, '1', '2017-11-14 02:09:18', NULL, '1'),
(13, 2, 13, NULL, 'Asignación Paralelo: 1', '2017-11-18 21:24:30', 1, NULL, '1', '2017-11-18 21:24:30', NULL, '1'),
(14, 2, 14, NULL, 'Asignación Paralelo: 1', '2017-11-20 19:15:51', 1, NULL, '1', '2017-11-20 19:15:51', NULL, '1'),
(15, 2, 15, NULL, 'Asignación Paralelo: 1', '2017-11-22 22:52:58', 1, NULL, '1', '2017-11-22 22:52:58', NULL, '1'),
(16, 2, 16, NULL, 'Asignación Paralelo: 1', '2017-11-29 02:49:32', 1, NULL, '1', '2017-11-29 02:49:32', NULL, '1'),
(17, 2, 17, NULL, 'Asignación Paralelo: 1', '2017-11-29 02:52:05', 1, NULL, '1', '2017-11-29 02:52:05', NULL, '1'),
(18, 2, 18, NULL, 'Asignación Paralelo: 1', '2017-11-29 19:36:25', 1, NULL, '1', '2017-11-29 19:36:25', NULL, '1'),
(19, 2, 19, NULL, 'Asignación Paralelo: 1', '2017-11-29 20:10:45', 1, NULL, '1', '2017-11-29 20:10:45', NULL, '1'),
(20, 2, 20, NULL, 'Asignación Paralelo: 1', '2017-11-29 20:11:46', 1, NULL, '1', '2017-11-29 20:11:46', NULL, '1'),
(21, 2, 21, NULL, 'Asignación Paralelo: 1', '2017-11-29 20:18:29', 1, NULL, '1', '2017-11-29 20:18:29', NULL, '1'),
(22, 1, 22, NULL, 'Asignación Paralelo: 1', '2017-11-29 22:48:09', 1, NULL, '1', '2017-11-29 22:48:09', NULL, '1'),
(23, 3, 23, NULL, 'Asignación Paralelo: 1', '2018-01-09 21:14:55', 1, NULL, '1', '2018-01-09 21:14:55', NULL, '1'),
(24, 3, 24, NULL, 'Asignación Paralelo: 1', '2018-01-13 01:02:01', 1, NULL, '1', '2018-01-13 01:02:01', NULL, '1'),
(25, 3, 25, NULL, 'Asignación Paralelo: 1', '2018-01-13 19:02:10', 1, NULL, '1', '2018-01-13 19:02:10', NULL, '1'),
(26, 3, 26, NULL, 'Asignación Paralelo: 1', '2018-01-19 14:02:30', 1, NULL, '1', '2018-01-19 14:02:30', NULL, '1'),
(27, 5, 27, NULL, 'Asignación Paralelo: 1', '2018-01-30 21:53:57', 27, NULL, '1', '2018-01-30 21:53:57', NULL, '1'),
(28, 3, 28, NULL, 'Asignación Paralelo: 1', '2018-01-30 21:55:40', 27, NULL, '1', '2018-01-30 21:55:40', NULL, '1'),
(29, 3, 29, NULL, 'Asignación Paralelo: 1', '2018-01-30 21:55:50', 27, NULL, '1', '2018-01-30 21:55:50', NULL, '1'),
(30, 3, 30, NULL, 'Asignación Paralelo: 1', '2018-01-30 21:56:03', 27, NULL, '1', '2018-01-30 21:56:03', NULL, '1'),
(31, 5, 31, NULL, 'Asignación Paralelo: 1', '2018-02-05 20:46:15', 27, NULL, '1', '2018-02-05 20:46:15', NULL, '1'),
(32, 5, 32, NULL, 'Asignación Paralelo: 1', '2018-02-05 20:46:32', 27, NULL, '1', '2018-02-05 20:46:32', NULL, '1'),
(33, 5, 33, NULL, 'Asignación Paralelo: 1', '2018-02-16 16:22:06', 27, NULL, '1', '2018-02-16 16:22:06', NULL, '1'),
(34, 5, 34, NULL, 'Asignación Paralelo: 1', '2018-02-16 22:16:02', 27, NULL, '1', '2018-02-16 22:16:02', NULL, '1'),
(35, 5, 35, NULL, 'Asignación Paralelo: 1', '2018-02-19 18:35:49', 27, NULL, '1', '2018-02-19 18:35:49', NULL, '1'),
(36, 5, 36, NULL, 'Asignación Paralelo: 1', '2018-02-19 18:45:21', 27, NULL, '1', '2018-02-19 18:45:21', NULL, '1'),
(37, 5, 37, NULL, 'Asignación Paralelo: 1', '2018-02-19 21:08:38', 27, NULL, '1', '2018-02-19 21:08:38', NULL, '1'),
(38, 5, 38, NULL, 'Asignación Paralelo: 1', '2018-02-19 21:26:19', 27, NULL, '1', '2018-02-19 21:26:19', NULL, '1'),
(39, 5, 39, NULL, 'Asignación Paralelo: 1', '2018-02-20 16:39:25', 27, NULL, '1', '2018-02-20 16:39:25', NULL, '1'),
(40, 5, 40, NULL, 'Asignación Paralelo: 1', '2018-02-21 00:40:19', 27, NULL, '1', '2018-02-21 00:40:19', NULL, '1'),
(41, 5, 41, NULL, 'Asignación Paralelo: 1', '2018-02-21 00:43:47', 27, NULL, '1', '2018-02-21 00:43:47', NULL, '1'),
(42, 5, 42, NULL, 'Asignación Paralelo: 1', '2018-02-23 16:44:47', 27, NULL, '1', '2018-02-23 16:44:47', NULL, '1'),
(43, 3, 43, NULL, 'Asignación Paralelo: 1', '2018-02-23 19:21:41', 27, NULL, '1', '2018-02-23 19:21:41', NULL, '1'),
(44, 7, 44, NULL, 'Asignación Paralelo: 2', '2018-02-26 22:06:30', 27, NULL, '1', '2018-02-26 22:06:30', NULL, '1'),
(45, 8, 45, NULL, 'Asignación Paralelo: 1', '2018-02-28 14:02:59', 27, NULL, '1', '2018-02-28 14:02:59', NULL, '1'),
(46, 8, 46, NULL, 'Asignación Paralelo: 1', '2018-03-05 15:18:58', 27, NULL, '1', '2018-03-05 15:18:58', NULL, '1'),
(47, 8, 47, NULL, 'Asignación Paralelo: 1', '2018-03-05 15:20:10', 27, NULL, '1', '2018-03-05 15:20:10', NULL, '1'),
(48, 8, 48, NULL, 'Asignación Paralelo: 1', '2018-03-06 14:42:46', 27, NULL, '1', '2018-03-06 14:42:46', NULL, '1'),
(49, 8, 49, NULL, 'Asignación Paralelo: 1', '2018-03-06 14:45:29', 27, NULL, '1', '2018-03-06 14:45:29', NULL, '1'),
(50, 8, 50, NULL, 'Asignación Paralelo: 1', '2018-03-09 14:40:14', 27, NULL, '1', '2018-03-09 14:40:14', NULL, '1'),
(51, 8, 51, NULL, 'Asignación Paralelo: 1', '2018-03-12 19:46:20', 27, NULL, '1', '2018-03-12 19:46:20', NULL, '1'),
(52, 8, 52, NULL, 'Asignación Paralelo: 1', '2018-03-12 19:46:37', 27, NULL, '1', '2018-03-12 19:46:37', NULL, '1'),
(53, 8, 53, NULL, 'Asignación Paralelo: 1', '2018-03-12 19:47:17', 27, NULL, '1', '2018-03-12 19:47:17', NULL, '1'),
(54, 8, 54, NULL, 'Asignación Paralelo: 1', '2018-03-13 14:27:53', 27, NULL, '1', '2018-03-13 14:27:53', NULL, '1'),
(55, 9, 55, NULL, 'Asignación Paralelo: 1', '2018-03-14 21:10:31', 27, NULL, '1', '2018-03-14 21:10:31', NULL, '1'),
(56, 8, 56, NULL, 'Asignación Paralelo: 1', '2018-03-14 21:12:06', 27, NULL, '1', '2018-03-14 21:12:06', NULL, '1'),
(57, 9, 57, NULL, 'Asignación Paralelo: 2', '2018-03-16 16:57:17', 27, NULL, '1', '2018-03-16 16:57:17', NULL, '1'),
(58, 9, 58, NULL, 'Asignación Paralelo: 2', '2018-03-16 16:57:38', 27, NULL, '1', '2018-03-16 16:57:38', NULL, '1'),
(59, 9, 59, NULL, 'Asignación Paralelo: 2', '2018-03-16 16:58:35', 27, NULL, '1', '2018-03-16 16:58:35', NULL, '1'),
(60, 9, 60, NULL, 'Asignación Paralelo: 2', '2018-03-19 14:39:47', 27, NULL, '1', '2018-03-19 14:39:47', NULL, '1'),
(61, 9, 61, NULL, 'Asignación Paralelo: 2', '2018-03-19 14:40:25', 27, NULL, '1', '2018-03-19 14:40:25', NULL, '1'),
(62, 9, 62, NULL, 'Asignación Paralelo: 2', '2018-03-19 14:40:42', 27, NULL, '1', '2018-03-19 14:40:42', NULL, '1'),
(63, 9, 63, NULL, 'Asignación Paralelo: 2', '2018-03-19 14:41:25', 27, NULL, '1', '2018-03-19 14:41:25', NULL, '1'),
(64, 9, 64, NULL, 'Asignación Paralelo: 2', '2018-03-19 19:45:54', 27, NULL, '1', '2018-03-19 19:45:54', NULL, '1'),
(65, 9, 65, NULL, 'Asignación Paralelo: 2', '2018-03-19 19:52:39', 27, NULL, '1', '2018-03-19 19:52:39', NULL, '1'),
(66, 9, 66, NULL, 'Asignación Paralelo: 2', '2018-03-19 20:01:06', 27, NULL, '1', '2018-03-19 20:01:06', NULL, '1'),
(67, 9, 67, NULL, 'Asignación Paralelo: 2', '2018-03-19 22:41:50', 27, NULL, '1', '2018-03-19 22:41:50', NULL, '1'),
(68, 9, 68, NULL, 'Asignación Paralelo: 2', '2018-03-19 22:41:59', 27, NULL, '1', '2018-03-19 22:41:59', NULL, '1'),
(69, 9, 69, NULL, 'Asignación Paralelo: 2', '2018-03-20 14:35:00', 27, NULL, '1', '2018-03-20 14:35:00', NULL, '1'),
(70, 9, 70, NULL, 'Asignación Paralelo: 2', '2018-03-20 15:40:57', 27, NULL, '1', '2018-03-20 15:40:57', NULL, '1'),
(71, 9, 71, NULL, 'Asignación Paralelo: 2', '2018-03-21 21:43:59', 27, NULL, '1', '2018-03-21 21:43:59', NULL, '1'),
(72, 9, 72, NULL, 'Asignación Paralelo: 2', '2018-03-21 21:44:11', 27, NULL, '1', '2018-03-21 21:44:11', NULL, '1'),
(73, 9, 73, NULL, 'Asignación Paralelo: 2', '2018-03-22 16:06:26', 27, NULL, '1', '2018-03-22 16:06:26', NULL, '1'),
(74, 9, 74, NULL, 'Asignación Paralelo: 2', '2018-03-23 14:07:15', 27, NULL, '1', '2018-03-23 14:07:15', NULL, '1'),
(75, 8, 75, NULL, 'Asignación Paralelo: 1', '2018-04-02 22:24:13', 27, NULL, '1', '2018-04-02 22:24:13', NULL, '1'),
(76, 10, 76, NULL, 'Asignación Paralelo: 1', '2018-04-06 22:36:50', 27, NULL, '1', '2018-04-06 22:36:50', NULL, '1'),
(77, 11, 77, NULL, 'Asignación Paralelo: 1', '2018-04-09 20:11:26', 27, NULL, '1', '2018-04-09 20:11:26', NULL, '1'),
(78, 11, 78, NULL, 'Asignación Paralelo: 1', '2018-04-09 20:11:46', 27, NULL, '1', '2018-04-09 20:11:46', NULL, '1'),
(79, 11, 79, NULL, 'Asignación Paralelo: 1', '2018-04-09 20:11:58', 27, NULL, '1', '2018-04-09 20:11:58', NULL, '1'),
(80, 11, 80, NULL, 'Asignación Paralelo: 1', '2018-04-09 20:12:07', 27, NULL, '1', '2018-04-09 20:12:07', NULL, '1'),
(81, 11, 81, NULL, 'Asignación Paralelo: 1', '2018-04-10 14:26:21', 27, NULL, '1', '2018-04-10 14:26:21', NULL, '1'),
(82, 11, 82, NULL, 'Asignación Paralelo: 1', '2018-04-10 22:57:37', 27, NULL, '1', '2018-04-10 22:57:37', NULL, '1'),
(83, 11, 83, NULL, 'Asignación Paralelo: 1', '2018-04-10 22:57:45', 27, NULL, '1', '2018-04-10 22:57:45', NULL, '1'),
(84, 11, 84, NULL, 'Asignación Paralelo: 1', '2018-04-10 22:57:53', 27, NULL, '1', '2018-04-10 22:57:53', NULL, '1'),
(85, 11, 85, NULL, 'Asignación Paralelo: 1', '2018-04-10 22:58:01', 27, NULL, '1', '2018-04-10 22:58:01', NULL, '1'),
(86, 11, 86, NULL, 'Asignación Paralelo: 1', '2018-04-10 22:58:09', 27, NULL, '1', '2018-04-10 22:58:09', NULL, '1'),
(87, 11, 87, NULL, 'Asignación Paralelo: 1', '2018-04-13 00:20:09', 27, NULL, '1', '2018-04-13 00:20:09', NULL, '1'),
(88, 11, 88, NULL, 'Asignación Paralelo: 1', '2018-04-13 01:01:34', 27, NULL, '1', '2018-04-13 01:01:34', NULL, '1'),
(89, 11, 89, NULL, 'Asignación Paralelo: 1', '2018-04-13 01:01:43', 27, NULL, '1', '2018-04-13 01:01:43', NULL, '1'),
(90, 11, 90, NULL, 'Asignación Paralelo: 1', '2018-04-13 01:01:54', 27, NULL, '1', '2018-04-13 01:01:54', NULL, '1'),
(91, 11, 91, NULL, 'Asignación Paralelo: 1', '2018-04-13 01:08:30', 27, NULL, '1', '2018-04-13 01:08:30', NULL, '1'),
(92, 11, 92, NULL, 'Asignación Paralelo: 1', '2018-04-13 21:40:40', 27, NULL, '1', '2018-04-13 21:40:40', NULL, '1'),
(93, 11, 93, NULL, 'Asignación Paralelo: 1', '2018-04-13 21:41:01', 27, NULL, '1', '2018-04-13 21:41:01', NULL, '1'),
(94, 11, 94, NULL, 'Asignación Paralelo: 1', '2018-04-16 15:41:41', 27, NULL, '1', '2018-04-16 15:41:41', NULL, '1'),
(95, 11, 95, NULL, 'Asignación Paralelo: 1', '2018-04-16 16:01:12', 27, NULL, '1', '2018-04-16 16:01:12', NULL, '1'),
(96, 11, 96, NULL, 'Asignación Paralelo: 1', '2018-04-16 21:32:49', 27, NULL, '1', '2018-04-16 21:32:49', NULL, '1'),
(97, 11, 97, NULL, 'Asignación Paralelo: 1', '2018-04-17 19:45:07', 27, NULL, '1', '2018-04-17 19:45:07', NULL, '1'),
(98, 11, 98, NULL, 'Asignación Paralelo: 1', '2018-04-17 19:45:30', 27, NULL, '1', '2018-04-17 19:45:30', NULL, '1'),
(99, 11, 99, NULL, 'Asignación Paralelo: 1', '2018-04-17 19:45:40', 27, NULL, '1', '2018-04-17 19:45:40', NULL, '1'),
(100, 10, 100, NULL, 'Asignación Paralelo: 1', '2018-04-17 19:46:01', 27, NULL, '1', '2018-04-17 19:46:01', NULL, '1'),
(101, 11, 101, NULL, 'Asignación Paralelo: 1', '2018-04-17 19:46:10', 27, NULL, '1', '2018-04-17 19:46:10', NULL, '1'),
(102, 11, 102, NULL, 'Asignación Paralelo: 1', '2018-04-17 19:46:17', 27, NULL, '1', '2018-04-17 19:46:17', NULL, '1'),
(103, 11, 103, NULL, 'Asignación Paralelo: 1', '2018-04-17 21:34:41', 27, NULL, '1', '2018-04-17 21:34:41', NULL, '1'),
(104, 11, 104, NULL, 'Asignación Paralelo: 1', '2018-04-17 21:34:52', 27, NULL, '1', '2018-04-17 21:34:52', NULL, '1'),
(105, 11, 105, NULL, 'Asignación Paralelo: 1', '2018-04-17 21:35:09', 27, NULL, '1', '2018-04-17 21:35:09', NULL, '1'),
(106, 11, 106, NULL, 'Asignación Paralelo: 1', '2018-04-17 21:35:40', 27, NULL, '1', '2018-04-17 21:35:40', NULL, '1'),
(107, 11, 107, NULL, 'Asignación Paralelo: 1', '2018-04-18 15:06:55', 27, NULL, '1', '2018-04-18 15:06:55', NULL, '1'),
(108, 11, 108, NULL, 'Asignación Paralelo: 1', '2018-04-18 15:52:11', 27, NULL, '1', '2018-04-18 15:52:11', NULL, '1'),
(109, 11, 109, NULL, 'Asignación Paralelo: 1', '2018-04-19 18:36:44', 27, NULL, '1', '2018-04-19 18:36:44', NULL, '1'),
(110, 11, 110, NULL, 'Asignación Paralelo: 1', '2018-04-19 18:46:04', 27, NULL, '1', '2018-04-19 18:46:04', NULL, '1'),
(111, 9, 111, NULL, 'Asignación Paralelo: 2', '2018-04-25 21:41:47', 27, NULL, '1', '2018-04-25 21:41:47', NULL, '1'),
(112, 11, 112, NULL, 'Asignación Paralelo: 1', '2018-04-25 21:46:10', 27, NULL, '1', '2018-04-25 21:46:10', NULL, '1'),
(113, 11, 113, NULL, 'Asignación Paralelo: 1', '2018-04-25 21:46:58', 27, NULL, '1', '2018-04-25 21:46:58', NULL, '1'),
(114, 11, 114, NULL, 'Asignación Paralelo: 1', '2018-05-07 21:14:13', 27, NULL, '1', '2018-05-07 21:14:13', NULL, '1'),
(115, 12, 115, NULL, 'Asignación Paralelo: 1', '2018-05-10 16:36:09', 27, NULL, '1', '2018-05-10 16:36:09', NULL, '1'),
(116, 12, 116, NULL, 'Asignación Paralelo: 1', '2018-05-10 16:36:16', 27, NULL, '1', '2018-05-10 16:36:16', NULL, '1'),
(117, 12, 117, NULL, 'Asignación Paralelo: 1', '2018-05-10 16:36:24', 27, NULL, '1', '2018-05-10 16:36:24', NULL, '1'),
(118, 12, 118, NULL, 'Asignación Paralelo: 1', '2018-05-14 14:50:35', 27, NULL, '1', '2018-05-14 14:50:35', NULL, '1'),
(119, 12, 119, NULL, 'Asignación Paralelo: 1', '2018-05-14 14:50:43', 27, NULL, '1', '2018-05-14 14:50:43', NULL, '1'),
(120, 12, 120, NULL, 'Asignación Paralelo: 1', '2018-05-14 14:50:50', 27, NULL, '1', '2018-05-14 14:50:50', NULL, '1'),
(121, 12, 121, NULL, 'Asignación Paralelo: 1', '2018-05-14 14:50:57', 27, NULL, '1', '2018-05-14 14:50:57', NULL, '1'),
(122, 12, 122, NULL, 'Asignación Paralelo: 1', '2018-05-14 15:34:00', 27, NULL, '1', '2018-05-14 15:34:00', NULL, '1'),
(123, 2, 123, NULL, 'Asignación Paralelo: 1', '2018-05-14 16:02:07', 27, NULL, '1', '2018-05-14 16:02:07', NULL, '1'),
(124, 12, 124, NULL, 'Asignación Paralelo: 1', '2018-05-14 16:02:23', 27, NULL, '1', '2018-05-14 16:02:23', NULL, '1'),
(125, 12, 125, NULL, 'Asignación Paralelo: 1', '2018-05-15 18:48:26', 27, NULL, '1', '2018-05-15 18:48:26', NULL, '1'),
(126, 12, 126, NULL, 'Asignación Paralelo: 1', '2018-05-16 21:11:04', 27, NULL, '1', '2018-05-16 21:11:04', NULL, '1'),
(127, 12, 127, NULL, 'Asignación Paralelo: 1', '2018-05-16 23:10:52', 27, NULL, '1', '2018-05-16 23:10:52', NULL, '1'),
(128, 12, 128, NULL, 'Asignación Paralelo: 1', '2018-05-18 15:48:08', 27, NULL, '1', '2018-05-18 15:48:08', NULL, '1'),
(129, 12, 129, NULL, 'Asignación Paralelo: 1', '2018-05-28 15:25:44', 27, NULL, '1', '2018-05-28 15:25:44', NULL, '1'),
(130, 13, 130, NULL, 'Asignación Paralelo: 1', '2018-05-30 22:19:50', 27, NULL, '1', '2018-05-30 22:19:50', NULL, '1'),
(131, 13, 131, NULL, 'Asignación Paralelo: 1', '2018-05-31 21:12:57', 27, NULL, '1', '2018-05-31 21:12:57', NULL, '1'),
(132, 13, 132, NULL, 'Asignación Paralelo: 1', '2018-06-05 14:37:45', 27, NULL, '1', '2018-06-05 14:37:45', NULL, '1'),
(133, 13, 133, NULL, 'Asignación Paralelo: 1', '2018-06-05 14:44:30', 27, NULL, '1', '2018-06-05 14:44:30', NULL, '1'),
(134, 13, 134, NULL, 'Asignación Paralelo: 1', '2018-06-05 14:49:20', 27, NULL, '1', '2018-06-05 14:49:20', NULL, '1'),
(135, 13, 135, NULL, 'Asignación Paralelo: 1', '2018-06-05 14:54:31', 27, NULL, '1', '2018-06-05 14:54:31', NULL, '1'),
(136, 13, 136, NULL, 'Asignación Paralelo: 1', '2018-06-05 15:18:11', 27, NULL, '1', '2018-06-05 15:18:11', NULL, '1'),
(137, 13, 137, NULL, 'Asignación Paralelo: 1', '2018-06-05 15:29:07', 27, NULL, '1', '2018-06-05 15:29:07', NULL, '1'),
(138, 13, 138, NULL, 'Asignación Paralelo: 1', '2018-06-05 20:45:28', 27, NULL, '1', '2018-06-05 20:45:28', NULL, '1'),
(139, 13, 139, NULL, 'Asignación Paralelo: 1', '2018-06-07 19:11:39', 27, NULL, '1', '2018-06-07 19:11:39', NULL, '1'),
(140, 13, 140, NULL, 'Asignación Paralelo: 1', '2018-06-07 20:40:52', 27, NULL, '1', '2018-06-07 20:40:52', NULL, '1'),
(141, 13, 141, NULL, 'Asignación Paralelo: 1', '2018-06-07 21:42:29', 27, NULL, '1', '2018-06-07 21:42:29', NULL, '1'),
(142, 13, 142, NULL, 'Asignación Paralelo: 1', '2018-06-08 15:53:56', 27, NULL, '1', '2018-06-08 15:53:56', NULL, '1'),
(143, 13, 143, NULL, 'Asignación Paralelo: 1', '2018-06-08 19:53:00', 27, NULL, '1', '2018-06-08 19:53:00', NULL, '1'),
(144, 13, 144, NULL, 'Asignación Paralelo: 1', '2018-06-11 15:08:52', 27, NULL, '1', '2018-06-11 15:08:52', NULL, '1'),
(145, 13, 145, NULL, 'Asignación Paralelo: 1', '2018-06-11 15:08:58', 27, NULL, '1', '2018-06-11 15:08:58', NULL, '1'),
(146, 13, 146, NULL, 'Asignación Paralelo: 1', '2018-06-11 22:33:08', 27, NULL, '1', '2018-06-11 22:33:08', NULL, '1'),
(147, 13, 147, NULL, 'Asignación Paralelo: 1', '2018-06-12 21:03:19', 27, NULL, '1', '2018-06-12 21:03:19', NULL, '1'),
(148, 13, 148, NULL, 'Asignación Paralelo: 1', '2018-06-13 14:27:53', 27, NULL, '1', '2018-06-13 14:27:53', NULL, '1'),
(149, 13, 149, NULL, 'Asignación Paralelo: 1', '2018-06-18 14:41:00', 27, NULL, '1', '2018-06-18 14:41:00', NULL, '1'),
(150, 14, 150, NULL, 'Asignación Paralelo: 1', '2018-06-27 17:00:15', 27, NULL, '1', '2018-06-27 17:00:15', NULL, '1'),
(151, 14, 151, NULL, 'Asignación Paralelo: 1', '2018-06-27 17:00:23', 27, NULL, '1', '2018-06-27 17:00:23', NULL, '1'),
(152, 14, 152, NULL, 'Asignación Paralelo: 1', '2018-06-28 22:35:31', 27, NULL, '1', '2018-06-28 22:35:31', NULL, '1'),
(153, 14, 153, NULL, 'Asignación Paralelo: 1', '2018-06-28 22:35:38', 27, NULL, '1', '2018-06-28 22:35:38', NULL, '1'),
(154, 14, 154, NULL, 'Asignación Paralelo: 1', '2018-07-04 16:32:06', 27, NULL, '1', '2018-07-04 16:32:06', NULL, '1'),
(155, 14, 155, NULL, 'Asignación Paralelo: 1', '2018-07-04 16:32:14', 27, NULL, '1', '2018-07-04 16:32:14', NULL, '1'),
(156, 14, 156, NULL, 'Asignación Paralelo: 1', '2018-07-12 16:00:40', 27, NULL, '1', '2018-07-12 16:00:40', NULL, '1'),
(157, 14, 157, NULL, 'Asignación Paralelo: 1', '2018-07-13 20:48:33', 27, NULL, '1', '2018-07-13 20:48:33', NULL, '1'),
(158, 14, 158, NULL, 'Asignación Paralelo: 1', '2018-07-16 13:56:42', 27, NULL, '1', '2018-07-16 13:56:42', NULL, '1'),
(159, 14, 159, NULL, 'Asignación Paralelo: 1', '2018-07-16 13:56:49', 27, NULL, '1', '2018-07-16 13:56:49', NULL, '1'),
(160, 14, 160, NULL, 'Asignación Paralelo: 1', '2018-07-16 14:18:41', 27, NULL, '1', '2018-07-16 14:18:41', NULL, '1'),
(161, 15, 161, NULL, 'Asignación Paralelo: 1', '2018-07-17 15:39:41', 27, NULL, '1', '2018-07-17 15:39:41', NULL, '1'),
(162, 14, 162, NULL, 'Asignación Paralelo: 1', '2018-07-17 15:39:56', 27, NULL, '1', '2018-07-17 15:39:56', NULL, '1'),
(163, 14, 163, NULL, 'Asignación Paralelo: 1', '2018-07-17 21:40:31', 27, NULL, '1', '2018-07-17 21:40:31', NULL, '1'),
(164, 14, 164, NULL, 'Asignación Paralelo: 1', '2018-07-17 22:04:19', 27, NULL, '1', '2018-07-17 22:04:19', NULL, '1'),
(165, 15, 165, NULL, 'Asignación Paralelo: 1', '2018-07-17 22:04:28', 27, NULL, '1', '2018-07-17 22:04:28', NULL, '1'),
(166, 14, 166, NULL, 'Asignación Paralelo: 1', '2018-07-17 22:11:34', 27, NULL, '1', '2018-07-17 22:11:34', NULL, '1'),
(167, 15, 167, NULL, 'Asignación Paralelo: 1', '2018-07-23 15:44:46', 27, NULL, '1', '2018-07-23 15:44:46', NULL, '1'),
(168, 15, 168, NULL, 'Asignación Paralelo: 1', '2018-07-23 15:45:01', 27, NULL, '1', '2018-07-23 15:45:01', NULL, '1'),
(169, 15, 169, NULL, 'Asignación Paralelo: 1', '2018-07-23 15:45:13', 27, NULL, '1', '2018-07-23 15:45:13', NULL, '1'),
(170, 15, 170, NULL, 'Asignación Paralelo: 1', '2018-07-23 15:45:36', 27, NULL, '1', '2018-07-23 15:45:36', NULL, '1'),
(171, 15, 171, NULL, 'Asignación Paralelo: 1', '2018-07-23 15:45:45', 27, NULL, '1', '2018-07-23 15:45:45', NULL, '1'),
(172, 15, 172, NULL, 'Asignación Paralelo: 1', '2018-07-23 15:45:53', 27, NULL, '1', '2018-07-23 15:45:53', NULL, '1'),
(173, 15, 173, NULL, 'Asignación Paralelo: 1', '2018-07-23 15:46:40', 27, NULL, '1', '2018-07-23 15:46:40', NULL, '1'),
(174, 15, 174, NULL, 'Asignación Paralelo: 1', '2018-07-23 15:46:49', 27, NULL, '1', '2018-07-23 15:46:49', NULL, '1'),
(175, 14, 175, NULL, 'Asignación Paralelo: 1', '2018-07-23 15:47:06', 27, NULL, '1', '2018-07-23 15:47:06', NULL, '1'),
(176, 14, 176, NULL, 'Asignación Paralelo: 1', '2018-07-23 15:58:15', 27, NULL, '1', '2018-07-23 15:58:15', NULL, '1'),
(177, 15, 177, NULL, 'Asignación Paralelo: 1', '2018-07-23 19:16:04', 27, NULL, '1', '2018-07-23 19:16:04', NULL, '1'),
(178, 15, 178, NULL, 'Asignación Paralelo: 1', '2018-07-23 19:16:16', 27, NULL, '1', '2018-07-23 19:16:16', NULL, '1'),
(179, 14, 179, NULL, 'Asignación Paralelo: 1', '2018-07-23 20:34:12', 27, NULL, '1', '2018-07-23 20:34:12', NULL, '1'),
(180, 15, 180, NULL, 'Asignación Paralelo: 1', '2018-07-26 19:28:44', 27, NULL, '1', '2018-07-26 19:28:44', NULL, '1'),
(181, 15, 181, NULL, 'Asignación Paralelo: 1', '2018-07-26 19:28:52', 27, NULL, '1', '2018-07-26 19:28:52', NULL, '1'),
(182, 15, 182, NULL, 'Asignación Paralelo: 1', '2018-07-26 19:28:59', 27, NULL, '1', '2018-07-26 19:28:59', NULL, '1'),
(183, 15, 183, NULL, 'Asignación Paralelo: 1', '2018-07-26 19:29:08', 27, NULL, '1', '2018-07-26 19:29:08', NULL, '1'),
(184, 15, 184, NULL, 'Asignación Paralelo: 1', '2018-07-26 19:29:16', 27, NULL, '1', '2018-07-26 19:29:16', NULL, '1'),
(185, 15, 185, NULL, 'Asignación Paralelo: 1', '2018-07-26 19:29:23', 27, NULL, '1', '2018-07-26 19:29:23', NULL, '1'),
(186, 15, 186, NULL, 'Asignación Paralelo: 1', '2018-07-26 19:29:31', 27, NULL, '1', '2018-07-26 19:29:31', NULL, '1'),
(187, 16, 187, NULL, 'Asignación Paralelo: 1', '2018-07-30 16:13:07', 27, NULL, '1', '2018-07-30 16:13:07', NULL, '1'),
(188, 15, 188, NULL, 'Asignación Paralelo: 1', '2018-07-30 16:13:23', 27, NULL, '1', '2018-07-30 16:13:23', NULL, '1'),
(189, 15, 189, NULL, 'Asignación Paralelo: 1', '2018-07-30 16:13:32', 27, NULL, '1', '2018-07-30 16:13:32', NULL, '1'),
(190, 15, 190, NULL, 'Asignación Paralelo: 1', '2018-07-30 16:13:40', 27, NULL, '1', '2018-07-30 16:13:40', NULL, '1'),
(191, 15, 191, NULL, 'Asignación Paralelo: 1', '2018-07-30 16:13:48', 27, NULL, '1', '2018-07-30 16:13:48', NULL, '1'),
(192, 15, 192, NULL, 'Asignación Paralelo: 1', '2018-07-31 17:07:07', 27, NULL, '1', '2018-07-31 17:07:07', NULL, '1'),
(193, 15, 193, NULL, 'Asignación Paralelo: 1', '2018-07-31 17:07:14', 27, NULL, '1', '2018-07-31 17:07:14', NULL, '1'),
(194, 15, 194, NULL, 'Asignación Paralelo: 1', '2018-07-31 17:07:28', 27, NULL, '1', '2018-07-31 17:07:28', NULL, '1'),
(195, 15, 195, NULL, 'Asignación Paralelo: 1', '2018-07-31 17:14:15', 27, NULL, '1', '2018-07-31 17:14:15', NULL, '1'),
(196, 15, 196, NULL, 'Asignación Paralelo: 1', '2018-07-31 17:14:22', 27, NULL, '1', '2018-07-31 17:14:22', NULL, '1'),
(197, 15, 197, NULL, 'Asignación Paralelo: 1', '2018-07-31 17:14:29', 27, NULL, '1', '2018-07-31 17:14:29', NULL, '1'),
(198, 15, 198, NULL, 'Asignación Paralelo: 1', '2018-07-31 17:14:37', 27, NULL, '1', '2018-07-31 17:14:37', NULL, '1'),
(199, 15, 199, NULL, 'Asignación Paralelo: 1', '2018-07-31 17:14:45', 27, NULL, '1', '2018-07-31 17:14:45', NULL, '1'),
(200, 15, 200, NULL, 'Asignación Paralelo: 1', '2018-07-31 18:20:27', 27, NULL, '1', '2018-07-31 18:20:27', NULL, '1'),
(201, 15, 201, NULL, 'Asignación Paralelo: 1', '2018-07-31 18:20:39', 27, NULL, '1', '2018-07-31 18:20:39', NULL, '1'),
(202, 15, 202, NULL, 'Asignación Paralelo: 1', '2018-07-31 18:20:49', 27, NULL, '1', '2018-07-31 18:20:49', NULL, '1'),
(203, 15, 203, NULL, 'Asignación Paralelo: 1', '2018-07-31 18:20:59', 27, NULL, '1', '2018-07-31 18:20:59', NULL, '1'),
(204, 15, 204, NULL, 'Asignación Paralelo: 1', '2018-07-31 18:21:07', 27, NULL, '1', '2018-07-31 18:21:07', NULL, '1'),
(205, 15, 205, NULL, 'Asignación Paralelo: 1', '2018-07-31 18:21:16', 27, NULL, '1', '2018-07-31 18:21:16', NULL, '1'),
(206, 15, 206, NULL, 'Asignación Paralelo: 1', '2018-07-31 18:21:25', 27, NULL, '1', '2018-07-31 18:21:25', NULL, '1'),
(207, 15, 207, NULL, 'Asignación Paralelo: 1', '2018-07-31 18:21:33', 27, NULL, '1', '2018-07-31 18:21:33', NULL, '1'),
(208, 17, 208, NULL, 'Asignación Paralelo: 1', '2018-07-31 18:29:02', 27, NULL, '1', '2018-07-31 18:29:02', NULL, '1'),
(209, 16, 209, NULL, 'Asignación Paralelo: 1', '2018-08-13 15:59:11', 27, NULL, '1', '2018-08-13 15:59:11', NULL, '1'),
(210, 16, 210, NULL, 'Asignación Paralelo: 1', '2018-08-15 16:03:02', 27, NULL, '1', '2018-08-15 16:03:02', NULL, '1'),
(211, 16, 211, NULL, 'Asignación Paralelo: 1', '2018-08-15 16:03:13', 27, NULL, '1', '2018-08-15 16:03:13', NULL, '1'),
(212, 16, 212, NULL, 'Asignación Paralelo: 1', '2018-08-16 21:20:17', 27, NULL, '1', '2018-08-16 21:20:17', NULL, '1'); 