--
-- Base de datos: `db_academico`
--
USE `db_academico`;

-- -- ------------------------ ------------------------------
--
-- Volcado de datos para la tabla `semestre`
-- 
INSERT INTO `semestre_academico` (`saca_id`, `saca_nombre`, `saca_descripcion`, `saca_fecha_registro`, `saca_usuario_ingreso`, `saca_usuario_modifica`, `saca_estado`, `saca_estado_logico`) VALUES 
(1, 'Abril - Agosto', 'Abril - Agosto', NULL, '1', '1', '1', '1'),
(2, 'Octubre - Febrero', 'Octubre - Febrero', NULL, '1', '1', '1', '1');

-- -- ------------------------ ------------------------------
--
-- Volcado de datos para la tabla `bloque`
--
INSERT INTO `bloque_academico` (`baca_id`,`baca_nombre`, `baca_descripcion`, `baca_usuario_ingreso`, `baca_estado`, `baca_estado_logico`) VALUES 
(1, 'B1', 'Abril - Junio', 1, '1', '1'),
(2, 'B2', 'Julio - Agosto', 1,  '1', '1'),
(3, 'B2', 'Enero - Febrero', 1, '1', '1'),
(4, 'B1', 'Octubre - Diciembre', 1, '1', '1'),
(5, 'Enero', 'Enero', 1, '1', '1'),
(6, 'Febrero', 'Febrero', 1, '1', '1'),
(7, 'Marzo', 'Marzo', 1, '1', '1'),
(8, 'Abril', 'Abril', 1, '1', '1'),
(9, 'Mayo', 'Mayo', 1, '1', '1'),
(10, 'Junio', 'Junio', 1, '1', '1'),
(11, 'Julio', 'Julio', 1, '1', '1'),
(12, 'Agosto', 'Agosto', 1, '1', '1'),
(13, 'Septiembre', 'Septiembre', 1, '1', '1'),
(14, 'Octubre', 'Octubre', 1, '1', '1'),
(15, 'Noviembre', 'Noviembre', 1, '1', '1'),
(16, 'Diciembre', 'Diciembre', 1, '1', '1');

-- -- ------------------------ ------------------------------
--
-- Volcado de datos para la tabla `periodo_academico`
--

INSERT INTO `periodo_academico` (`paca_id`,`saca_id`, `baca_id`, `paca_anio_academico`, `paca_activo`, `paca_fecha_inicio`, `paca_fecha_fin`, `paca_usuario_ingreso`, `paca_estado`, `paca_estado_logico`) VALUES 
(1, 2, 3, '2019', 'A', '2019-01-07', '2019-03-22', 1, '1', '1'),
(2, 2, 6, '2019', 'A', null, null, 1, '1', '1');

-- --------------------------------------------------------
--
-- Volcado de datos para la tabla `profesor`
--
INSERT INTO `profesor` (`pro_id`,`per_id`,`pro_usuario_ingreso`, `pro_estado`,`pro_estado_logico`) VALUES
(1, 2, 1, 1, 1),
(2, 3, 1, 1, 1),
(3, 5, 1, 1, 1),
(4, 23, 1, 1, 1),
(5, 24, 1, 1, 1),
(6, 25, 1, 1, 1),
(7, 26, 1, 1, 1),
(8, 28, 1, 1, 1),
(9, 30, 1, 1, 1),
(10, 33, 1, 1, 1),
(11, 34, 1, 1, 1),
(12, 36, 1, 1, 1),
(13, 37, 1, 1, 1),
(14, 41, 1, 1, 1),
(15, 47, 1, 1, 1),
(16, 48, 1, 1, 1),
(17, 49, 1, 1, 1),
(18, 50, 1, 1, 1),
(19, 51, 1, 1, 1),
(20, 52, 1, 1, 1),
(21, 53, 1, 1, 1),
(22, 54, 1, 1, 1),
(23, 55, 1, 1, 1),
(24, 56, 1, 1, 1),
(25, 57, 1, 1, 1),
(26, 58, 1, 1, 1),
(27, 59, 1, 1, 1),
(28, 60, 1, 1, 1),
(29, 61, 1, 1, 1),
(30, 62, 1, 1, 1),
(31, 63, 1, 1, 1),
(32, 64, 1, 1, 1),
(33, 65, 1, 1, 1),
(34, 66, 1, 1, 1),
(35, 67, 1, 1, 1),
(36, 68, 1, 1, 1),
(37, 69, 1, 1, 1),
(38, 70, 1, 1, 1),
(39, 71, 1, 1, 1),
(40, 72, 1, 1, 1),
(41, 73, 1, 1, 1),
(42, 74, 1, 1, 1),
(43, 75, 1, 1, 1),
(44, 76, 1, 1, 1),
(45, 77, 1, 1, 1),
(46, 78, 1, 1, 1),
(47, 79, 1, 1, 1),
(48, 80, 1, 1, 1),
(49, 81, 1, 1, 1),
(50, 82, 1, 1, 1),
(51, 83, 1, 1, 1),
(52, 84, 1, 1, 1),
(53, 85, 1, 1, 1),
(54, 86, 1, 1, 1),
(55, 87, 1, 1, 1),
(56, 88, 1, 1, 1),
(57, 89, 1, 1, 1),
(58, 90, 1, 1, 1),
(59, 91, 1, 1, 1),
(60, 92, 1, 1, 1),
(61, 93, 1, 1, 1),
(62, 94, 1, 1, 1),
(63, 95, 1, 1, 1),
(64, 96, 1, 1, 1),
(65, 97, 1, 1, 1),
(66, 98, 1, 1, 1),
(67, 99, 1, 1, 1),
(68, 100, 1, 1, 1),
(69, 101, 1, 1, 1),
(70, 102, 1, 1, 1),
(71, 103, 1, 1, 1),
(72, 104, 1, 1, 1),
(73, 105, 1, 1, 1),
(74, 106, 1, 1, 1),
(75, 107, 1, 1, 1),
(76, 108, 1, 1, 1),
(77, 109, 1, 1, 1),
(78, 110, 1, 1, 1),
(79, 111, 1, 1, 1),
(80, 112, 1, 1, 1),
(81, 113, 1, 1, 1),
(82, 114, 1, 1, 1),
(83, 115, 1, 1, 1),
(84, 116, 1, 1, 1),
(85, 117, 1, 1, 1),
(86, 118, 1, 1, 1),
(87, 119, 1, 1, 1),
(88, 120, 1, 1, 1),
(89, 121, 1, 1, 1),
(90, 122, 1, 1, 1),
(91, 123, 1, 1, 1),
(92, 124, 1, 1, 1),
(93, 125, 1, 1, 1),
(94, 126, 1, 1, 1),
(95, 127, 1, 1, 1),
(96, 128, 1, 1, 1),
(97, 129, 1, 1, 1),
(98, 130, 1, 1, 1),
(99, 131, 1, 1, 1),
(100, 132, 1, 1, 1),
(101, 133, 1, 1, 1),
(102, 134, 1, 1, 1),
(103, 135, 1, 1, 1),
(104, 136, 1, 1, 1),
(105, 137, 1, 1, 1),
(106, 138, 1, 1, 1),
(107, 139, 1, 1, 1),
(108, 140, 1, 1, 1),
(109, 141, 1, 1, 1),
(110, 142, 1, 1, 1),
(111, 143, 1, 1, 1),
(112, 144, 1, 1, 1),
(113, 145, 1, 1, 1),
(114, 146, 1, 1, 1),
(115, 147, 1, 1, 1),
(116, 148, 1, 1, 1),
(117, 149, 1, 1, 1),
(118, 150, 1, 1, 1),
(119, 151, 1, 1, 1),
(120, 152, 1, 1, 1),
(121, 153, 1, 1, 1),
(122, 154, 1, 1, 1),
(123, 155, 1, 1, 1),
(124, 156, 1, 1, 1),
(125, 157, 1, 1, 1),
(126, 158, 1, 1, 1),
(127, 159, 1, 1, 1),
(128, 160, 1, 1, 1),
(129, 161, 1, 1, 1),
(130, 162, 1, 1, 1),
(131, 163, 1, 1, 1),
(132, 164, 1, 1, 1),
(133, 165, 1, 1, 1),
(134, 166, 1, 1, 1),
(135, 167, 1, 1, 1),
(136, 168, 1, 1, 1),
(137, 169, 1, 1, 1),
(138, 170, 1, 1, 1),
(139, 171, 1, 1, 1),
(140, 172, 1, 1, 1),
(141, 173, 1, 1, 1),
(142, 174, 1, 1, 1),
(143, 175, 1, 1, 1),
(144, 176, 1, 1, 1),
(145, 177, 1, 1, 1),
(146, 178, 1, 1, 1),
(147, 179, 1, 1, 1),
(148, 180, 1, 1, 1),
(149, 181, 1, 1, 1),
(150, 182, 1, 1, 1),
(151, 183, 1, 1, 1),
(152, 184, 1, 1, 1),
(153, 185, 1, 1, 1),
(154, 186, 1, 1, 1),
(155, 187, 1, 1, 1),
(156, 188, 1, 1, 1),
(157, 189, 1, 1, 1),
(158, 190, 1, 1, 1),
(159, 191, 1, 1, 1),
(160, 192, 1, 1, 1),
(161, 193, 1, 1, 1),
(162, 194, 1, 1, 1),
(163, 195, 1, 1, 1),
(164, 196, 1, 1, 1),
(165, 197, 1, 1, 1),
(166, 198, 1, 1, 1),
(167, 199, 1, 1, 1),
(168, 200, 1, 1, 1),
(169, 201, 1, 1, 1),
(170, 202, 1, 1, 1),
(171, 203, 1, 1, 1),
(172, 204, 1, 1, 1),
(173, 205, 1, 1, 1);


INSERT INTO `malla_academica` (`maca_id`,`eaca_id`,`uaca_id`,`mod_id`, `maca_tipo`, `maca_nombre`,`maca_fecha_vigencia_inicio`,`maca_fecha_vigencia_fin`,`maca_usuario_ingreso`,`maca_estado`,`maca_estado_logico`) VALUES 
-- Online 
(1,1,1,1,'1','Curso de Admisión y Nivelación - Licenciatura en Comercio Exterior - Online','2018-07-01','2018-09-30',1,1,1),
(2,2,1,1,'1','Curso de Admisión y Nivelación - Economía - Online','2018-07-01','2018-09-30',1,1,1),
(3,3,1,1,'1','Curso de Admisión y Nivelación - Licenciatura en Finanzas - Online','2018-07-01','2018-09-30',1,1,1),
(4,4,1,1,'1','Curso de Admisión y Nivelación - Licenciatura en Mercadotecnia - Online','2018-07-01','2018-09-30',1,1,1),
(5,5,1,1,'1','Curso de Admisión y Nivelación - Licenciatura en Turismo - Online','2018-07-01','2018-09-30',1,1,1),
(6,6,1,1,'1','Curso de Admisión y Nivelación - Licenciatura en Administración de Empresas - Online','2018-07-01','2018-09-30',1,1,1),

-- Presencial

(7,11,1,2,'1','Curso de Admisión y Nivelación - Ingenieria en Logística y Transporte - Presencial','2018-07-01','2018-09-30',1,1,1),
(8,8,1,2,'1','Curso de Admisión y Nivelación - Ingenieria en Telecomunicaciones - Presencial' ,'2018-07-01','2018-09-30',1,1,1),
(9,7,1,2,'1','Curso de Admisión y Nivelación - Ingenieria en Software - Presencial','2018-07-01','2018-09-30',1,1,1),
(10,10,1,2,'1','Curso de Admisión y Nivelación - Ingenieria en Tecnologias de la Información - Presencial','2018-07-01','2018-09-30',1,1,1),
(11,1,1,2,'1','Curso de Admisión y Nivelación - Licenciatura en Comercio Exterior - Presencial','2018-07-01','2018-09-30',1,1,1),
(12,5,1,2,'1','Curso de Admisión y Nivelación - Licenciatura en Turismo - Presencial','2018-07-01','2018-09-30',1,1,1),
(13,3,1,2,'1','Curso de Admisión y Nivelación - Licenciatura en Finanza - Presencials','2018-07-01','2018-09-30',1,1,1),
(14,9,1,2,'1','Curso de Admisión y Nivelación - Licenciatura en Contabilidad y Auditoria - Presencial','2018-07-01','2018-09-30',1,1,1),
(15,13,1,2,'1','Curso de Admisión y Nivelación - Licenciatura en Gestión y Talento Humano - Presencial','2018-07-01','2018-09-30',1,1,1),
(16,6,1,2,'1','Curso de Admisión y Nivelación - Licenciatura en Administracion de Empresas - Presencial','2018-07-01','2018-09-30',1,1,1),
(17,4,1,2,'1','Curso de Admisión y Nivelación - Licenciatura en Mercadotecnia - Presencial','2018-07-01','2018-09-30',1,1,1),
(18,14,1,2,'1','Curso de Admisión y Nivelación - Licenciatura en Administración Portuaria y Aduanera - Presencial','2018-07-01','2018-09-30',1,1,1),

-- Semi-Presencial

(19,12,1,3,'1','Curso de Admisión y Nivelación - Licenciatura en Comunicación - Semi - Presencial','2018-07-01','2018-09-30',1,1,1),
(20,15,2,3,'1','Curso de Admisión y Nivelación - Administración de Empresas - Semi - Presencial','2018-07-01','2018-09-30',1,1,1),
(21,16,2,3,'1','Curso de Admisión y Nivelación - Finanzas - Semi - Presencial','2018-07-01','2018-09-30',1,1,1),
(22,17,2,3,'1','Curso de Admisión y Nivelación - Marketing - Semi - Presencial','2018-07-01','2018-09-30',1,1,1),
(23,18,2,3,'1','Curso de Admisión y Nivelación - Sistema de Información Gerencial - Semi - Presencial','2018-07-01','2018-09-30',1,1,1),
(24,19,2,3,'1','Curso de Admisión y Nivelación - Turismo - Semi - Presencial','2018-07-01','2018-09-30',1,1,1),
(25,20,2,3,'1','Curso de Admisión y Nivelación - Talento Humano - Semi - Presencial','2018-07-01','2018-09-30',1,1,1),
(26,21,2,3,'1','Curso de Admisión y Nivelación - Empresas Familiares - Semi - Presencial','2018-07-01','2018-09-30',1,1,1),
(27,22,2,3,'1','Curso de Admisión y Nivelación - Investigación - Semi - Presencial','2018-07-01','2018-09-30',1,1,1),
-- Distancia
(28,1,1,4,'1','Curso de Admisión y Nivelación - Licenciatura en Comercio Exterior - Distancia','2018-07-01','2018-09-30',1,1,1),
(29,3,1,4,'1','Curso de Admisión y Nivelación - Licenciatura en Finanzas - Distancia','2018-07-01','2018-09-30',1,1,1),
(30,4,1,4,'1','Curso de Admisión y Nivelación - Licenciatura en Mercadotecnia - DIstancia','2018-07-01','2018-09-30',1,1,1),
(31,6,1,4,'1','Curso de Admisión y Nivelación - Licenciatura en Administración de Empresas - Distancia','2018-07-01','2018-09-30',1,1,1),
(32,9,1,4,'1','Curso de Admisión y Nivelación - Licenciatura en Contabilidad y Auditoria - Ditancia','2018-07-01','2018-09-30',1,1,1),
(33,13,1,4,'1','Curso de Admisión y Nivelación - Licenciatura en Gestión y Talento Humano - Distancia','2018-07-01','2018-09-30',1,1,1);

INSERT INTO `malla_academica_detalle` (`made_id`,`maca_id`,`asi_id`,`uest_id`,`nest_id`,`fmac_id`,`made_codigo_asignatura`,`made_usuario_ingreso`,`made_estado`,`made_estado_logico`) VALUES 
-- -----------------------
-- Comercio Exterior - online
-- -----------------------
(1,1,1,1,1,6,'',1,1,1),
(2,1,2,1,1,6,'',1,1,1),
(3,1,3,1,1,6,'',1,1,1),
(4,1,4,1,1,6,'',1,1,1),
(5,1,5,1,1,6,'',1,1,1),
-- -----------------------
-- Economía - online
-- -----------------------
(6,2,1,1,1,6,'',1,1,1),
(7,2,2,1,1,6,'',1,1,1),
(8,2,3,1,1,6,'',1,1,1),
(9,2,4,1,1,6,'',1,1,1),
(10,2,5,1,1,6,'',1,1,1),
-- -----------------------
-- Licenciatura en Finanzas - online
-- -----------------------
(11,3,1,1,1,6,'',1,1,1),
(12,3,2,1,1,6,'',1,1,1),
(13,3,3,1,1,6,'',1,1,1),
(14,3,4,1,1,6,'',1,1,1),
(15,3,5,1,1,6,'',1,1,1),
-- -----------------------
-- Licenciatura en Mercadotecnia - online
-- -----------------------
(16,4,1,1,1,6,'',1,1,1),
(17,4,2,1,1,6,'',1,1,1),
(18,4,3,1,1,6,'',1,1,1),
(19,4,4,1,1,6,'',1,1,1),
(20,4,5,1,1,6,'',1,1,1),
-- -----------------------
-- Licenciatura en Turismo - online
-- -----------------------
(21,5,1,1,1,6,'',1,1,1),
(22,5,2,1,1,6,'',1,1,1),
(23,5,3,1,1,6,'',1,1,1),
(24,5,4,1,1,6,'',1,1,1),
(25,5,5,1,1,6,'',1,1,1),
-- -----------------------
-- Licenciatura en Administración de Empresas - online
-- -----------------------
(26,6,1,1,1,6,'',1,1,1),
(27,6,2,1,1,6,'',1,1,1),
(28,6,3,1,1,6,'',1,1,1),
(29,6,4,1,1,6,'',1,1,1),
(30,6,5,1,1,6,'',1,1,1),
-- -----------------------
-- Ingenieria en Logística y Transporte - presencial
-- -----------------------
(31,7,1,1,1,6,'',1,1,1),
(32,7,6,1,1,6,'',1,1,1),
(33,7,3,1,1,6,'',1,1,1),
(34,7,4,1,1,6,'',1,1,1),
(35,7,5,1,1,6,'',1,1,1),
-- ----------------------
-- Ingenieria en Telecomunicaciones - presencial
-- -----------------------
(36,8,1,1,1,6,'',1,1,1),
(37,8,6,1,1,6,'',1,1,1),
(38,8,3,1,1,6,'',1,1,1),
(39,8,4,1,1,6,'',1,1,1),
(40,8,5,1,1,6,'',1,1,1),
-- ----------------------
-- Ingenieria en Software - presencial
-- -----------------------
(41,9,1,1,1,6,'',1,1,1),
(42,9,6,1,1,6,'',1,1,1),
(43,9,3,1,1,6,'',1,1,1),
(44,9,4,1,1,6,'',1,1,1),
(45,9,5,1,1,6,'',1,1,1),
-- ----------------------
-- Ingenieria en Tecnologias de la Información - presencial
-- -----------------------
(46,10,1,1,1,6,'',1,1,1),
(47,10,6,1,1,6,'',1,1,1),
(48,10,3,1,1,6,'',1,1,1),
(49,10,4,1,1,6,'',1,1,1),
(50,10,5,1,1,6,'',1,1,1),
-- ----------------------
-- Licenciatura en Comercio Exterior - presencial
-- -----------------------
(51,11,1,1,1,6,'',1,1,1),
(52,11,2,1,1,6,'',1,1,1),
(53,11,3,1,1,6,'',1,1,1),
(54,11,4,1,1,6,'',1,1,1),
(55,11,5,1,1,6,'',1,1,1),
-- ----------------------
-- Licenciatura en Turismo - presencial
-- -----------------------
(56,12,1,1,1,6,'',1,1,1),
(57,12,2,1,1,6,'',1,1,1),
(58,12,3,1,1,6,'',1,1,1),
(59,12,4,1,1,6,'',1,1,1),
(60,12,5,1,1,6,'',1,1,1),
-- ----------------------
-- Licenciatura en Finanzas - presencial
-- -----------------------
(61,13,1,1,1,6,'',1,1,1),
(62,13,2,1,1,6,'',1,1,1),
(63,13,3,1,1,6,'',1,1,1),
(64,13,4,1,1,6,'',1,1,1),
(65,13,5,1,1,6,'',1,1,1),
-- ----------------------
-- Licenciatura en Contabilidad y Auditoria - presencial
-- -----------------------
(66,14,1,1,1,6,'',1,1,1),
(67,14,2,1,1,6,'',1,1,1),
(68,14,3,1,1,6,'',1,1,1),
(69,14,4,1,1,6,'',1,1,1),
(70,14,5,1,1,6,'',1,1,1),
-- ----------------------
-- Licenciatura en Gestión y Talento Humano - presencial
-- -----------------------
(71,15,1,1,1,6,'',1,1,1),
(72,15,2,1,1,6,'',1,1,1),
(73,15,3,1,1,6,'',1,1,1),
(74,15,4,1,1,6,'',1,1,1),
(75,15,5,1,1,6,'',1,1,1),
-- ----------------------
-- Licenciatura en Administración de Empresas - presencial
-- -----------------------
(76,16,1,1,1,6,'',1,1,1),
(77,16,2,1,1,6,'',1,1,1),
(78,16,3,1,1,6,'',1,1,1),
(79,16,4,1,1,6,'',1,1,1),
(80,16,5,1,1,6,'',1,1,1),
-- ----------------------
-- Licenciatura en Mercadotecnia - presencial
-- -----------------------
(81,17,1,1,1,6,'',1,1,1),
(82,17,2,1,1,6,'',1,1,1),
(83,17,3,1,1,6,'',1,1,1),
(84,17,4,1,1,6,'',1,1,1),
(85,17,5,1,1,6,'',1,1,1),
-- ----------------------
-- Licenciatura en Administración Portuaria y Aduanera - presencial
-- -----------------------
(86,18,1,1,1,6,'',1,1,1),
(87,18,2,1,1,6,'',1,1,1),
(88,18,3,1,1,6,'',1,1,1),
(89,18,4,1,1,6,'',1,1,1),
(90,18,5,1,1,6,'',1,1,1),
-- ----------------------
-- Licenciatura en Comunicación - semipresencial
-- -----------------------
(91,19,1,1,1,6,'',1,1,1),
(92,19,2,1,1,6,'',1,1,1),
(93,19,3,1,1,6,'',1,1,1),
(94,19,4,1,1,6,'',1,1,1),
(95,19,5,1,1,6,'',1,1,1),
-- ----------------------
-- Administración de Empresas - semipresencial
-- -----------------------
(96,20,1,1,1,6,'',1,1,1),
(97,20,2,1,1,6,'',1,1,1),
(98,20,3,1,1,6,'',1,1,1),
(99,20,4,1,1,6,'',1,1,1),
(100,20,5,1,1,6,'',1,1,1),
-- ----------------------
-- Finanzas - semipresencial
-- -----------------------
(101,21,1,1,1,6,'',1,1,1),
(102,21,2,1,1,6,'',1,1,1),
(103,21,3,1,1,6,'',1,1,1),
(104,21,4,1,1,6,'',1,1,1),
(105,21,5,1,1,6,'',1,1,1),
-- ----------------------
-- Marketing - semipresencial
-- -----------------------
(106,22,1,1,1,6,'',1,1,1),
(107,22,2,1,1,6,'',1,1,1),
(108,22,3,1,1,6,'',1,1,1),
(109,22,4,1,1,6,'',1,1,1),
(110,22,5,1,1,6,'',1,1,1),
-- ----------------------
-- Sistema de Información Gerencial - semipresencial
-- -----------------------
(111,23,1,1,1,6,'',1,1,1),
(112,23,2,1,1,6,'',1,1,1),
(113,23,3,1,1,6,'',1,1,1),
(114,23,4,1,1,6,'',1,1,1),
(115,23,5,1,1,6,'',1,1,1),
-- ----------------------
-- Turismo - semipresencial
-- -----------------------
(116,24,1,1,1,6,'',1,1,1),
(117,24,2,1,1,6,'',1,1,1),
(118,24,3,1,1,6,'',1,1,1),
(119,24,4,1,1,6,'',1,1,1),
(120,24,5,1,1,6,'',1,1,1),
-- ----------------------
-- Talento Humano - semipresencial
-- -----------------------
(121,25,1,1,1,6,'',1,1,1),
(122,25,2,1,1,6,'',1,1,1),
(123,25,3,1,1,6,'',1,1,1),
(124,25,4,1,1,6,'',1,1,1),
(125,25,5,1,1,6,'',1,1,1),
-- ----------------------
-- Empresas Familiares - semipresencial
-- -----------------------
(126,26,1,1,1,6,'',1,1,1),
(127,26,2,1,1,6,'',1,1,1),
(128,26,3,1,1,6,'',1,1,1),
(129,26,4,1,1,6,'',1,1,1),
(130,26,5,1,1,6,'',1,1,1),
-- ----------------------
-- Investigación - semipresencial
-- -----------------------
(131,27,1,1,1,6,'',1,1,1),
(132,27,2,1,1,6,'',1,1,1),
(133,27,3,1,1,6,'',1,1,1),
(134,27,4,1,1,6,'',1,1,1),
(135,27,5,1,1,6,'',1,1,1),
-- ----------------------
-- Licenciatura en Comercio Exterior - distancia
-- -----------------------
(136,28,1,1,1,6,'',1,1,1),
(137,28,2,1,1,6,'',1,1,1),
(138,28,3,1,1,6,'',1,1,1),
(139,28,4,1,1,6,'',1,1,1),
(140,28,5,1,1,6,'',1,1,1),
-- ----------------------
-- Licenciatura en Finanzas - distancia
-- -----------------------
(141,29,1,1,1,6,'',1,1,1),
(142,29,2,1,1,6,'',1,1,1),
(143,29,3,1,1,6,'',1,1,1),
(144,29,4,1,1,6,'',1,1,1),
(145,29,5,1,1,6,'',1,1,1),
-- ----------------------
-- Licenciatura en Mercadotecnia - distancia
-- -----------------------
(146,30,1,1,1,6,'',1,1,1),
(147,30,2,1,1,6,'',1,1,1),
(148,30,3,1,1,6,'',1,1,1),
(149,30,4,1,1,6,'',1,1,1),
(150,30,5,1,1,6,'',1,1,1),
-- ----------------------
-- Licenciatura en Administración de Empresas - distancia
-- -----------------------
(151,31,1,1,1,6,'',1,1,1),
(152,31,2,1,1,6,'',1,1,1),
(153,31,3,1,1,6,'',1,1,1),
(154,31,4,1,1,6,'',1,1,1),
(155,31,5,1,1,6,'',1,1,1),
-- ----------------------
-- Licenciatura en Contabilidad y Auditoria - distancia
-- ----------------------
(156,32,1,1,1,6,'',1,1,1),
(157,32,2,1,1,6,'',1,1,1),
(158,32,3,1,1,6,'',1,1,1),
(159,32,4,1,1,6,'',1,1,1),
(160,32,5,1,1,6,'',1,1,1),
-- ----------------------
-- Licenciatura en Gestión y Talento Humano - distancia
-- -----------------------
(161,33,1,1,1,6,'',1,1,1),
(162,33,2,1,1,6,'',1,1,1),
(163,33,3,1,1,6,'',1,1,1),
(164,33,4,1,1,6,'',1,1,1),
(165,33,5,1,1,6,'',1,1,1);

INSERT INTO `distributivo_horario` (`dhor_id`,`dia_id`,`dhor_hora_inicio`,`dhor_hora_fin`, `dhor_descripcion`, `dhor_usuario_ingreso`, `dhor_estado`,`dhor_estado_logico`) VALUES 
(1,1,'07:00','13:00','Matutino',1,1,1),
(2,1,'13:20','18:00','Vespertino',1,1,1),
(3,1,'18:20','22:20','Nocturno',1,1,1),
(4,1,'10:00','17:00','Intensivo',1,1,1);

   
INSERT INTO `horario_asignatura_periodo` (`hape_id`, `asi_id`, `paca_id`, `pro_id`, `uaca_id`, `mod_id`, `dia_id`, `hape_fecha_clase`, `hape_hora_entrada`, `hape_hora_salida`, `hape_estado`, `hape_fecha_creacion`, `hape_fecha_modificacion`, `hape_estado_logico`) VALUES
(1, 51, 1, 62, 1, 4, 6, '2019-02-23 00:00:00', '10:30:00', '12:30:00', '1', '2019-02-21 20:17:20', NULL, '1'),
(2, 51, 1, 62, 1, 4, 6, '2019-03-09 00:00:00', '10:30:00', '12:30:00', '1', '2019-02-21 20:17:20', NULL, '1'),
(3, 51, 1, 62, 1, 4, 6, '2019-03-16 00:00:00', '10:30:00', '12:30:00', '1', '2019-02-21 20:17:20', NULL, '1'),
(4, 39, 1, 10, 1, 4, 6, '2019-02-23 00:00:00', '13:30:00', '15:30:00', '1', '2019-02-21 20:17:20', NULL, '1'),
(5, 39, 1, 10, 1, 4, 6, '2019-03-09 00:00:00', '13:30:00', '15:30:00', '1', '2019-02-21 20:17:20', NULL, '1'),
(6, 39, 1, 10, 1, 4, 6, '2019-03-16 00:00:00', '13:30:00', '15:30:00', '1', '2019-02-21 20:17:20', NULL, '1'),
(7, 92, 1, 145, 1, 4, 6, '2019-02-23 00:00:00', '08:15:00', '10:15:00', '1', '2019-02-21 20:17:20', NULL, '1'),
(8, 92, 1, 145, 1, 4, 6, '2019-03-09 00:00:00', '08:15:00', '10:15:00', '1', '2019-02-21 20:17:20', NULL, '1'),
(9, 92, 1, 145, 1, 4, 6, '2019-03-16 00:00:00', '08:15:00', '10:15:00', '1', '2019-02-21 20:17:20', NULL, '1'),
(10, 26, 1, 15, 1, 2, 3, NULL, '09:00:00', '12:00:00', '1', '2019-02-21 20:17:20', NULL, '1'),
(11, 13, 1, 9, 1, 2, 1, NULL, '11:00:00', '13:00:00', '1', '2019-02-21 20:17:20', NULL, '1'),
(12, 13, 1, 9, 1, 2, 2, NULL, '11:00:00', '13:00:00', '1', '2019-02-21 20:17:20', NULL, '1'),
(13, 13, 1, 9, 1, 2, 4, NULL, '11:00:00', '13:00:00', '1', '2019-02-21 20:17:20', NULL, '1'),
(14, 52, 1, 4, 1, 2, 1, NULL, '13:30:00', '15:30:00', '1', '2019-02-21 20:17:20', NULL, '1'),
(15, 52, 1, 4, 1, 2, 2, NULL, '13:30:00', '15:30:00', '1', '2019-02-21 20:17:20', NULL, '1'),
(16, 52, 1, 4, 1, 2, 4, NULL, '13:30:00', '15:30:00', '1', '2019-02-21 20:17:20', NULL, '1'),
(17, 91, 1, 16, 1, 2, 1, NULL, '18:20:00', '20:20:00', '1', '2019-02-21 20:17:20', NULL, '1'),
(18, 91, 1, 16, 1, 2, 2, NULL, '18:20:00', '20:20:00', '1', '2019-02-21 20:17:20', NULL, '1'),
(19, 91, 1, 16, 1, 2, 4, NULL, '18:20:00', '20:20:00', '1', '2019-02-21 20:17:20', NULL, '1'),
(20, 64, 1, 25, 1, 2, 1, NULL, '18:20:00', '20:20:00', '1', '2019-02-21 20:17:20', NULL, '1'),
(21, 64, 1, 25, 1, 2, 2, NULL, '18:20:00', '20:20:00', '1', '2019-02-21 20:17:20', NULL, '1'),
(22, 64, 1, 25, 1, 2, 4, NULL, '18:20:00', '20:20:00', '1', '2019-02-21 20:17:20', NULL, '1'),
(23, 70, 1, 28, 1, 2, 3, NULL, '18:20:00', '21:20:00', '1', '2019-02-21 20:17:20', NULL, '1'),
(24, 70, 1, 28, 1, 2, 5, NULL, '18:20:00', '21:20:00', '1', '2019-02-21 20:17:20', NULL, '1'),
(25, 79, 1, 30, 1, 2, 1, NULL, '18:20:00', '20:20:00', '1', '2019-02-21 20:17:20', NULL, '1'),
(26, 79, 1, 30, 1, 2, 2, NULL, '18:20:00', '20:20:00', '1', '2019-02-21 20:17:20', NULL, '1'),
(27, 79, 1, 30, 1, 2, 4, NULL, '18:20:00', '20:20:00', '1', '2019-02-21 20:17:20', NULL, '1'),
(28, 71, 1, 32, 1, 2, 1, NULL, '13:30:00', '15:30:00', '1', '2019-02-21 20:17:20', NULL, '1'),
(29, 71, 1, 32, 1, 2, 2, NULL, '13:30:00', '15:30:00', '1', '2019-02-21 20:17:20', NULL, '1'),
(30, 71, 1, 32, 1, 2, 4, NULL, '13:30:00', '15:30:00', '1', '2019-02-21 20:17:20', NULL, '1'),
(31, 72, 1, 40, 1, 2, 1, NULL, '11:00:00', '13:00:00', '1', '2019-02-21 20:17:20', NULL, '1'),
(32, 72, 1, 40, 1, 2, 2, NULL, '11:00:00', '13:00:00', '1', '2019-02-21 20:17:20', NULL, '1'),
(33, 72, 1, 40, 1, 2, 4, NULL, '11:00:00', '13:00:00', '1', '2019-02-21 20:17:20', NULL, '1'),
(34, 80, 1, 41, 1, 2, 3, NULL, '18:20:00', '21:20:00', '1', '2019-02-21 20:17:20', NULL, '1'),
(35, 80, 1, 41, 1, 2, 5, NULL, '18:20:00', '21:20:00', '1', '2019-02-21 20:17:20', NULL, '1'),
(36, 18, 1, 48, 1, 2, 1, NULL, '09:00:00', '11:00:00', '1', '2019-02-21 20:17:20', NULL, '1'),
(37, 18, 1, 48, 1, 2, 2, NULL, '09:00:00', '11:00:00', '1', '2019-02-21 20:17:20', NULL, '1'),
(38, 18, 1, 48, 1, 2, 4, NULL, '09:00:00', '11:00:00', '1', '2019-02-21 20:17:20', NULL, '1'),
(39, 102, 1, 48, 1, 2, 1, NULL, '11:00:00', '13:00:00', '1', '2019-02-21 20:17:20', NULL, '1'),
(40, 102, 1, 48, 1, 2, 2, NULL, '11:00:00', '13:00:00', '1', '2019-02-21 20:17:20', NULL, '1'),
(41, 102, 1, 48, 1, 2, 4, NULL, '11:00:00', '13:00:00', '1', '2019-02-21 20:17:20', NULL, '1'),
(42, 7, 1, 14, 1, 2, 1, NULL, '13:00:00', '15:30:00', '1', '2019-02-21 20:17:20', NULL, '1'),
(43, 7, 1, 14, 1, 2, 3, NULL, '13:00:00', '15:30:00', '1', '2019-02-21 20:17:20', NULL, '1'),
(44, 71, 1, 49, 1, 2, 3, NULL, '18:20:00', '21:20:00', '1', '2019-02-21 20:17:20', NULL, '1'),
(45, 71, 1, 49, 1, 2, 5, NULL, '18:20:00', '21:20:00', '1', '2019-02-21 20:17:20', NULL, '1'),
(46, 63, 1, 55, 1, 2, 3, NULL, '18:20:00', '21:20:00', '1', '2019-02-21 20:17:20', NULL, '1'),
(47, 28, 1, 55, 1, 2, 3, NULL, '18:20:00', '21:20:00', '1', '2019-02-21 20:17:20', NULL, '1'),
(48, 95, 1, 60, 1, 2, 3, NULL, '18:20:00', '21:20:00', '1', '2019-02-21 20:17:20', NULL, '1'),
(49, 7, 1, 61, 1, 2, 1, NULL, '20:20:00', '22:20:00', '1', '2019-02-21 20:17:20', NULL, '1'),
(50, 7, 1, 61, 1, 2, 2, NULL, '20:20:00', '22:20:00', '1', '2019-02-21 20:17:20', NULL, '1'),
(51, 7, 1, 61, 1, 2, 4, NULL, '20:20:00', '22:20:00', '1', '2019-02-21 20:17:20', NULL, '1'),
(52, 50, 1, 61, 1, 2, 1, NULL, '18:20:00', '20:20:00', '1', '2019-02-21 20:17:20', NULL, '1'),
(53, 50, 1, 61, 1, 2, 2, NULL, '18:20:00', '20:20:00', '1', '2019-02-21 20:17:20', NULL, '1'),
(54, 50, 1, 61, 1, 2, 4, NULL, '18:20:00', '20:20:00', '1', '2019-02-21 20:17:20', NULL, '1'),
(55, 7, 1, 61, 1, 2, 1, NULL, '18:20:00', '20:20:00', '1', '2019-02-21 20:17:20', NULL, '1'),
(56, 7, 1, 61, 1, 2, 2, NULL, '18:20:00', '20:20:00', '1', '2019-02-21 20:17:20', NULL, '1'),
(57, 7, 1, 61, 1, 2, 4, NULL, '18:20:00', '20:20:00', '1', '2019-02-21 20:17:20', NULL, '1'),
(58, 18, 1, 13, 1, 2, 1, NULL, '18:20:00', '20:20:00', '1', '2019-02-21 20:17:20', NULL, '1'),
(59, 18, 1, 13, 1, 2, 2, NULL, '18:20:00', '20:20:00', '1', '2019-02-21 20:17:20', NULL, '1'),
(60, 18, 1, 13, 1, 2, 4, NULL, '18:20:00', '20:20:00', '1', '2019-02-21 20:17:20', NULL, '1'),
(61, 55, 1, 69, 1, 2, 1, NULL, '18:20:00', '20:20:00', '1', '2019-02-21 20:17:20', NULL, '1'),
(62, 55, 1, 69, 1, 2, 2, NULL, '18:20:00', '20:20:00', '1', '2019-02-21 20:17:20', NULL, '1'),
(63, 55, 1, 69, 1, 2, 4, NULL, '18:20:00', '20:20:00', '1', '2019-02-21 20:17:20', NULL, '1'),
(64, 107, 1, 69, 1, 2, 1, NULL, '20:20:00', '22:20:00', '1', '2019-02-21 20:17:20', NULL, '1'),
(65, 107, 1, 69, 1, 2, 2, NULL, '20:20:00', '22:20:00', '1', '2019-02-21 20:17:20', NULL, '1'),
(66, 107, 1, 69, 1, 2, 4, NULL, '20:20:00', '22:20:00', '1', '2019-02-21 20:17:20', NULL, '1'),
(67, 56, 1, 71, 1, 2, 1, NULL, '20:20:00', '22:20:00', '1', '2019-02-21 20:17:20', NULL, '1'),
(68, 56, 1, 71, 1, 2, 2, NULL, '20:20:00', '22:20:00', '1', '2019-02-21 20:17:20', NULL, '1'),
(69, 56, 1, 71, 1, 2, 4, NULL, '20:20:00', '22:20:00', '1', '2019-02-21 20:17:20', NULL, '1'),
(70, 66, 1, 8, 1, 2, 3, NULL, '18:20:00', '21:20:00', '1', '2019-02-21 20:17:20', NULL, '1'),
(71, 66, 1, 8, 1, 2, 5, NULL, '18:20:00', '21:20:00', '1', '2019-02-21 20:17:20', NULL, '1'),
(72, 66, 1, 86, 1, 2, 1, NULL, '13:30:00', '15:30:00', '1', '2019-02-21 20:17:20', NULL, '1'),
(73, 66, 1, 86, 1, 2, 2, NULL, '13:30:00', '15:30:00', '1', '2019-02-21 20:17:20', NULL, '1'),
(74, 66, 1, 86, 1, 2, 4, NULL, '13:30:00', '15:30:00', '1', '2019-02-21 20:17:20', NULL, '1'),
(75, 22, 1, 87, 1, 2, 1, NULL, '20:20:00', '22:20:00', '1', '2019-02-21 20:17:20', NULL, '1'),
(76, 22, 1, 87, 1, 2, 2, NULL, '20:20:00', '22:20:00', '1', '2019-02-21 20:17:20', NULL, '1'),
(77, 22, 1, 87, 1, 2, 4, NULL, '20:20:00', '22:20:00', '1', '2019-02-21 20:17:20', NULL, '1'),
(78, 69, 1, 3, 1, 2, 1, NULL, '09:00:00', '11:00:00', '1', '2019-02-21 20:17:20', NULL, '1'),
(79, 69, 1, 3, 1, 2, 2, NULL, '09:00:00', '11:00:00', '1', '2019-02-21 20:17:20', NULL, '1'),
(80, 69, 1, 3, 1, 2, 4, NULL, '09:00:00', '11:00:00', '1', '2019-02-21 20:17:20', NULL, '1'),
(81, 99, 1, 1, 1, 2, 1, NULL, '13:30:00', '15:30:00', '1', '2019-02-21 20:17:20', NULL, '1'),
(82, 99, 1, 1, 1, 2, 2, NULL, '13:30:00', '15:30:00', '1', '2019-02-21 20:17:20', NULL, '1'),
(83, 99, 1, 1, 1, 2, 4, NULL, '13:30:00', '15:30:00', '1', '2019-02-21 20:17:20', NULL, '1'),
(84, 9, 1, 102, 1, 2, 1, NULL, '18:20:00', '20:20:00', '1', '2019-02-21 20:17:20', NULL, '1'),
(85, 9, 1, 102, 1, 2, 2, NULL, '18:20:00', '20:20:00', '1', '2019-02-21 20:17:20', NULL, '1'),
(86, 9, 1, 102, 1, 2, 4, NULL, '18:20:00', '20:20:00', '1', '2019-02-21 20:17:20', NULL, '1'),
(87, 63, 1, 103, 1, 2, 3, NULL, '09:00:00', '12:00:00', '1', '2019-02-21 20:17:20', NULL, '1'),
(88, 28, 1, 103, 1, 2, 3, NULL, '09:00:00', '12:00:00', '1', '2019-02-21 20:17:20', NULL, '1'),
(89, 65, 1, 11, 1, 2, 3, NULL, '18:20:00', '21:20:00', '1', '2019-02-21 20:17:20', NULL, '1'),
(90, 65, 1, 11, 1, 2, 5, NULL, '18:20:00', '21:20:00', '1', '2019-02-21 20:17:20', NULL, '1'),
(91, 45, 1, 104, 1, 2, 1, NULL, '11:00:00', '13:00:00', '1', '2019-02-21 20:17:20', NULL, '1'),
(92, 45, 1, 104, 1, 2, 2, NULL, '11:00:00', '13:00:00', '1', '2019-02-21 20:17:20', NULL, '1'),
(93, 102, 1, 113, 1, 2, 1, NULL, '20:20:00', '22:20:00', '1', '2019-02-21 20:17:20', NULL, '1'),
(94, 102, 1, 113, 1, 2, 2, NULL, '20:20:00', '22:20:00', '1', '2019-02-21 20:17:20', NULL, '1'),
(95, 102, 1, 113, 1, 2, 4, NULL, '20:20:00', '22:20:00', '1', '2019-02-21 20:17:20', NULL, '1'),
(96, 54, 1, 124, 1, 2, 1, NULL, '18:20:00', '20:20:00', '1', '2019-02-21 20:17:20', NULL, '1'),
(97, 54, 1, 124, 1, 2, 2, NULL, '18:20:00', '20:20:00', '1', '2019-02-21 20:17:20', NULL, '1'),
(98, 54, 1, 124, 1, 2, 4, NULL, '18:20:00', '20:20:00', '1', '2019-02-21 20:17:20', NULL, '1'),
(99, 89, 1, 125, 1, 2, 1, NULL, '20:20:00', '22:20:00', '1', '2019-02-21 20:17:20', NULL, '1'),
(100, 89, 1, 125, 1, 2, 2, NULL, '20:20:00', '22:20:00', '1', '2019-02-21 20:17:20', NULL, '1'),
(101, 89, 1, 125, 1, 2, 4, NULL, '20:20:00', '22:20:00', '1', '2019-02-21 20:17:20', NULL, '1'),
(102, 88, 1, 125, 1, 2, 1, NULL, '20:20:00', '22:20:00', '1', '2019-02-21 20:17:20', NULL, '1'),
(103, 88, 1, 125, 1, 2, 2, NULL, '20:20:00', '22:20:00', '1', '2019-02-21 20:17:20', NULL, '1'),
(104, 88, 1, 125, 1, 2, 4, NULL, '20:20:00', '22:20:00', '1', '2019-02-21 20:17:20', NULL, '1'),
(105, 78, 1, 128, 1, 2, 1, NULL, '18:20:00', '20:20:00', '1', '2019-02-21 20:17:20', NULL, '1'),
(106, 78, 1, 128, 1, 2, 2, NULL, '18:20:00', '20:20:00', '1', '2019-02-21 20:17:20', NULL, '1'),
(107, 78, 1, 128, 1, 2, 4, NULL, '18:20:00', '20:20:00', '1', '2019-02-21 20:17:20', NULL, '1'),
(108, 35, 1, 132, 1, 2, 3, NULL, '18:20:00', '20:20:00', '1', '2019-02-21 20:17:20', NULL, '1'),
(109, 35, 1, 132, 1, 2, 5, NULL, '18:20:00', '20:20:00', '1', '2019-02-21 20:17:20', NULL, '1'),
(110, 82, 1, 142, 1, 2, 1, NULL, '11:00:00', '13:00:00', '1', '2019-02-21 20:17:20', NULL, '1'),
(111, 82, 1, 142, 1, 2, 2, NULL, '11:00:00', '13:00:00', '1', '2019-02-21 20:17:20', NULL, '1'),
(112, 82, 1, 142, 1, 2, 4, NULL, '11:00:00', '13:00:00', '1', '2019-02-21 20:17:20', NULL, '1'),
(113, 72, 1, 143, 1, 2, 1, NULL, '18:20:00', '20:20:00', '1', '2019-02-21 20:17:20', NULL, '1'),
(114, 72, 1, 143, 1, 2, 2, NULL, '18:20:00', '20:20:00', '1', '2019-02-21 20:17:20', NULL, '1'),
(115, 72, 1, 143, 1, 2, 4, NULL, '18:20:00', '20:20:00', '1', '2019-02-21 20:17:20', NULL, '1'),
(116, 9, 1, 145, 1, 2, 1, NULL, '09:00:00', '11:00:00', '1', '2019-02-21 20:17:20', NULL, '1'),
(117, 9, 1, 145, 1, 2, 2, NULL, '09:00:00', '11:00:00', '1', '2019-02-21 20:17:20', NULL, '1'),
(118, 9, 1, 145, 1, 2, 4, NULL, '09:00:00', '11:00:00', '1', '2019-02-21 20:17:20', NULL, '1'),
(119, 50, 1, 146, 1, 2, 1, NULL, '09:00:00', '11:00:00', '1', '2019-02-21 20:17:20', NULL, '1'),
(120, 50, 1, 146, 1, 2, 2, NULL, '09:00:00', '11:00:00', '1', '2019-02-21 20:17:20', NULL, '1'),
(121, 50, 1, 146, 1, 2, 4, NULL, '09:00:00', '11:00:00', '1', '2019-02-21 20:17:20', NULL, '1'),
(122, 10, 1, 151, 1, 2, 3, NULL, '18:20:00', '21:20:00', '1', '2019-02-21 20:17:20', NULL, '1'),
(123, 10, 1, 151, 1, 2, 5, NULL, '18:20:00', '21:20:00', '1', '2019-02-21 20:17:20', NULL, '1'),
(124, 97, 1, 151, 1, 2, 3, NULL, '18:20:00', '21:20:00', '1', '2019-02-21 20:17:20', NULL, '1'),
(125, 97, 1, 151, 1, 2, 5, NULL, '18:20:00', '21:20:00', '1', '2019-02-21 20:17:20', NULL, '1'),
(126, 44, 1, 151, 1, 2, 1, NULL, '13:30:00', '15:30:00', '1', '2019-02-21 20:17:20', NULL, '1'),
(127, 44, 1, 151, 1, 2, 2, NULL, '13:30:00', '15:30:00', '1', '2019-02-21 20:17:20', NULL, '1'),
(128, 44, 1, 151, 1, 2, 4, NULL, '13:30:00', '15:30:00', '1', '2019-02-21 20:17:20', NULL, '1'),
(129, 84, 1, 152, 1, 2, 3, NULL, '18:20:00', '21:20:00', '1', '2019-02-21 20:17:20', NULL, '1'),
(130, 84, 1, 152, 1, 2, 5, NULL, '18:20:00', '21:20:00', '1', '2019-02-21 20:17:20', NULL, '1'),
(131, 64, 1, 153, 1, 2, 1, NULL, '09:00:00', '11:00:00', '1', '2019-02-21 20:17:20', NULL, '1'),
(132, 64, 1, 153, 1, 2, 2, NULL, '09:00:00', '11:00:00', '1', '2019-02-21 20:17:20', NULL, '1'),
(133, 64, 1, 153, 1, 2, 4, NULL, '09:00:00', '11:00:00', '1', '2019-02-21 20:17:20', NULL, '1'),
(134, 21, 1, 158, 1, 2, 1, NULL, '20:20:00', '22:20:00', '1', '2019-02-21 20:17:20', NULL, '1'),
(135, 21, 1, 158, 1, 2, 2, NULL, '20:20:00', '22:20:00', '1', '2019-02-21 20:17:20', NULL, '1'),
(136, 21, 1, 158, 1, 2, 4, NULL, '20:20:00', '22:20:00', '1', '2019-02-21 20:17:20', NULL, '1'),
(137, 21, 1, 160, 1, 2, 1, NULL, '09:00:00', '11:00:00', '1', '2019-02-21 20:17:20', NULL, '1'),
(138, 21, 1, 160, 1, 2, 2, NULL, '09:00:00', '11:00:00', '1', '2019-02-21 20:17:20', NULL, '1'),
(139, 21, 1, 160, 1, 2, 4, NULL, '09:00:00', '11:00:00', '1', '2019-02-21 20:17:20', NULL, '1'),
(140, 82, 1, 161, 1, 2, 1, NULL, '20:20:00', '22:20:00', '1', '2019-02-21 20:17:20', NULL, '1'),
(141, 82, 1, 161, 1, 2, 2, NULL, '20:20:00', '22:20:00', '1', '2019-02-21 20:17:20', NULL, '1'),
(142, 82, 1, 161, 1, 2, 4, NULL, '20:20:00', '22:20:00', '1', '2019-02-21 20:17:20', NULL, '1'),
(143, 75, 1, 161, 1, 2, 3, NULL, '18:20:00', '21:20:00', '1', '2019-02-21 20:17:20', NULL, '1'),
(144, 75, 1, 161, 1, 2, 5, NULL, '18:20:00', '21:20:00', '1', '2019-02-21 20:17:20', NULL, '1'),
(145, 27, 1, 162, 1, 2, 1, NULL, '13:30:00', '15:30:00', '1', '2019-02-21 20:17:20', NULL, '1'),
(146, 27, 1, 162, 1, 2, 2, NULL, '13:30:00', '15:30:00', '1', '2019-02-21 20:17:20', NULL, '1'),
(147, 27, 1, 162, 1, 2, 4, NULL, '13:30:00', '15:30:00', '1', '2019-02-21 20:17:20', NULL, '1'),
(148, 25, 1, 162, 1, 2, 3, NULL, '18:20:00', '21:20:00', '1', '2019-02-21 20:17:20', NULL, '1'),
(149, 25, 1, 162, 1, 2, 3, NULL, '18:20:00', '21:20:00', '1', '2019-02-21 20:17:20', NULL, '1'),
(150, 12, 1, 163, 1, 2, 3, NULL, '18:20:00', '21:20:00', '1', '2019-02-21 20:17:20', NULL, '1'),
(151, 100, 1, 166, 1, 2, 1, NULL, '20:20:00', '22:20:00', '1', '2019-02-21 20:17:20', NULL, '1'),
(152, 100, 1, 166, 1, 2, 2, NULL, '20:20:00', '22:20:00', '1', '2019-02-21 20:17:20', NULL, '1'),
(153, 100, 1, 166, 1, 2, 4, NULL, '20:20:00', '22:20:00', '1', '2019-02-21 20:17:20', NULL, '1'),
(154, 98, 1, 168, 1, 2, 1, NULL, '20:20:00', '22:20:00', '1', '2019-02-21 20:17:20', NULL, '1'),
(155, 98, 1, 168, 1, 2, 2, NULL, '20:20:00', '22:20:00', '1', '2019-02-21 20:17:20', NULL, '1'),
(156, 98, 1, 168, 1, 2, 4, NULL, '20:20:00', '22:20:00', '1', '2019-02-21 20:17:20', NULL, '1'),
(157, 8, 1, 2, 1, 2, 1, NULL, '18:20:00', '20:20:00', '1', '2019-02-21 20:17:20', NULL, '1'),
(158, 8, 1, 2, 1, 2, 2, NULL, '18:20:00', '20:20:00', '1', '2019-02-21 20:17:20', NULL, '1'),
(159, 8, 1, 2, 1, 2, 4, NULL, '18:20:00', '20:20:00', '1', '2019-02-21 20:17:20', NULL, '1'),
(160, 85, 1, 2, 1, 2, 1, NULL, '18:20:00', '20:20:00', '1', '2019-02-21 20:17:20', NULL, '1'),
(161, 85, 1, 2, 1, 2, 2, NULL, '18:20:00', '20:20:00', '1', '2019-02-21 20:17:20', NULL, '1'),
(162, 85, 1, 2, 1, 2, 4, NULL, '18:20:00', '20:20:00', '1', '2019-02-21 20:17:20', NULL, '1'),
(163, 83, 1, 171, 1, 2, 1, NULL, '20:20:00', '22:20:00', '1', '2019-02-21 20:17:20', NULL, '1'),
(164, 83, 1, 171, 1, 2, 2, NULL, '20:20:00', '22:20:00', '1', '2019-02-21 20:17:20', NULL, '1'),
(165, 83, 1, 171, 1, 2, 4, NULL, '20:20:00', '22:20:00', '1', '2019-02-21 20:17:20', NULL, '1'),
(166, 81, 1, 171, 1, 2, 1, NULL, '18:20:00', '20:20:00', '1', '2019-02-21 20:17:20', NULL, '1'),
(167, 81, 1, 171, 1, 2, 2, NULL, '18:20:00', '20:20:00', '1', '2019-02-21 20:17:20', NULL, '1'),
(168, 81, 1, 171, 1, 2, 4, NULL, '18:20:00', '20:20:00', '1', '2019-02-21 20:17:20', NULL, '1'),
(169, 89, 1, 171, 1, 2, 1, NULL, '11:00:00', '13:00:00', '1', '2019-02-21 20:17:20', NULL, '1'),
(170, 89, 1, 171, 1, 2, 2, NULL, '11:00:00', '13:00:00', '1', '2019-02-21 20:17:20', NULL, '1'),
(171, 89, 1, 171, 1, 2, 4, NULL, '11:00:00', '13:00:00', '1', '2019-02-21 20:17:20', NULL, '1'),
(172, 104, 1, 173, 1, 2, 1, NULL, '18:20:00', '20:20:00', '1', '2019-02-21 20:17:20', NULL, '1'),
(173, 104, 1, 173, 1, 2, 2, NULL, '18:20:00', '20:20:00', '1', '2019-02-21 20:17:20', NULL, '1'),
(174, 104, 1, 173, 1, 2, 4, NULL, '18:20:00', '20:20:00', '1', '2019-02-21 20:17:20', NULL, '1'),
(175, 33, 1, 173, 1, 2, 3, NULL, '18:20:00', '21:20:00', '1', '2019-02-21 20:17:20', NULL, '1'),
(176, 33, 1, 173, 1, 2, 5, NULL, '18:20:00', '21:20:00', '1', '2019-02-21 20:17:20', NULL, '1'),
(177, 59, 1, 39, 1, 2, 3, NULL, '18:20:00', '21:20:00', '1', '2019-02-21 20:17:20', NULL, '1'),
(178, 59, 1, 39, 1, 2, 5, NULL, '18:20:00', '21:20:00', '1', '2019-02-21 20:17:20', NULL, '1'),
(179, 60, 1, 65, 1, 2, 3, NULL, '18:20:00', '22:20:00', '1', '2019-02-21 20:17:20', NULL, '1'),
(180, 60, 1, 65, 1, 2, 5, NULL, '18:20:00', '22:20:00', '1', '2019-02-21 20:17:20', NULL, '1'),
(181, 47, 1, 85, 1, 2, 1, NULL, '20:20:00', '22:20:00', '1', '2019-02-21 20:17:20', NULL, '1'),
(182, 47, 1, 85, 1, 2, 2, NULL, '20:20:00', '22:20:00', '1', '2019-02-21 20:17:20', NULL, '1'),
(183, 47, 1, 85, 1, 2, 4, NULL, '20:20:00', '22:20:00', '1', '2019-02-21 20:17:20', NULL, '1'),
(184, 49, 1, 85, 1, 2, 1, NULL, '18:20:00', '20:20:00', '1', '2019-02-21 20:17:20', NULL, '1'),
(185, 49, 1, 85, 1, 2, 2, NULL, '18:20:00', '20:20:00', '1', '2019-02-21 20:17:20', NULL, '1'),
(186, 49, 1, 85, 1, 2, 4, NULL, '18:20:00', '20:20:00', '1', '2019-02-21 20:17:20', NULL, '1'),
(187, 87, 1, 112, 1, 2, 3, NULL, '18:20:00', '22:20:00', '1', '2019-02-21 20:17:20', NULL, '1'),
(188, 87, 1, 112, 1, 2, 5, NULL, '18:20:00', '22:20:00', '1', '2019-02-21 20:17:20', NULL, '1'),
(189, 86, 1, 135, 1, 2, 3, NULL, '18:20:00', '22:20:00', '1', '2019-02-21 20:17:20', NULL, '1'),
(190, 86, 1, 135, 1, 2, 5, NULL, '18:20:00', '22:20:00', '1', '2019-02-21 20:17:20', NULL, '1'),
(191, 61, 1, 150, 1, 2, 3, NULL, '18:20:00', '22:20:00', '1', '2019-02-21 20:17:20', NULL, '1'),
(192, 61, 1, 150, 1, 2, 5, NULL, '18:20:00', '22:20:00', '1', '2019-02-21 20:17:20', NULL, '1'),
(193, 57, 1, 22, 1, 3, 6, NULL, '07:15:00', '10:15:00', '1', '2019-02-21 20:17:20', NULL, '1'),
(194, 68, 1, 25, 1, 3, 6, NULL, '10:30:00', '13:30:00', '1', '2019-02-21 20:17:20', NULL, '1'),
(195, 24, 1, 38, 1, 3, 6, NULL, '14:30:00', '17:30:00', '1', '2019-02-21 20:17:20', NULL, '1'),
(196, 40, 1, 49, 1, 3, 6, NULL, '10:30:00', '13:30:00', '1', '2019-02-21 20:17:20', NULL, '1'),
(197, 53, 1, 52, 1, 3, 6, NULL, '10:30:00', '13:30:00', '1', '2019-02-21 20:17:20', NULL, '1'),
(198, 19, 1, 54, 1, 3, 6, NULL, '14:30:00', '17:30:00', '1', '2019-02-21 20:17:20', NULL, '1'),
(199, 58, 1, 62, 1, 3, 6, NULL, '07:15:00', '10:15:00', '1', '2019-02-21 20:17:20', NULL, '1'),
(200, 70, 1, 62, 1, 3, 6, NULL, '07:15:00', '10:15:00', '1', '2019-02-21 20:17:20', NULL, '1'),
(201, 90, 1, 67, 1, 3, 6, NULL, '07:15:00', '10:15:00', '1', '2019-02-21 20:17:20', NULL, '1'),
(202, 67, 1, 8, 1, 3, 6, NULL, '10:30:00', '13:30:00', '1', '2019-02-21 20:17:20', NULL, '1'),
(203, 41, 1, 77, 1, 3, 6, NULL, '07:15:00', '10:15:00', '1', '2019-02-21 20:17:20', NULL, '1'),
(204, 27, 1, 82, 1, 3, 6, NULL, '14:30:00', '17:30:00', '1', '2019-02-21 20:17:20', NULL, '1'),
(205, 76, 1, 93, 1, 3, 6, NULL, '14:30:00', '17:30:00', '1', '2019-02-21 20:17:20', NULL, '1'),
(206, 20, 1, 95, 1, 3, 6, NULL, '07:15:00', '10:15:00', '1', '2019-02-21 20:17:20', NULL, '1'),
(207, 77, 1, 99, 1, 3, 6, NULL, '10:30:00', '13:30:00', '1', '2019-02-21 20:17:20', NULL, '1'),
(208, 96, 1, 102, 1, 3, 6, NULL, '14:30:00', '17:30:00', '1', '2019-02-21 20:17:20', NULL, '1'),
(209, 74, 1, 102, 1, 3, 6, NULL, '10:30:00', '13:30:00', '1', '2019-02-21 20:17:20', NULL, '1'),
(210, 42, 1, 108, 1, 3, 6, NULL, '10:30:00', '13:30:00', '1', '2019-02-21 20:17:20', NULL, '1'),
(211, 43, 1, 108, 1, 3, 6, NULL, '14:30:00', '17:30:00', '1', '2019-02-21 20:17:20', NULL, '1'),
(212, 64, 1, 116, 1, 3, 6, NULL, '10:30:00', '13:30:00', '1', '2019-02-21 20:17:20', NULL, '1'),
(213, 30, 1, 116, 1, 3, 6, NULL, '07:15:00', '10:15:00', '1', '2019-02-21 20:17:20', NULL, '1'),
(214, 38, 1, 117, 1, 3, 6, NULL, '07:15:00', '10:15:00', '1', '2019-02-21 20:17:20', NULL, '1'),
(215, 37, 1, 117, 1, 3, 6, NULL, '07:15:00', '10:15:00', '1', '2019-02-21 20:17:20', NULL, '1'),
(216, 17, 1, 6, 1, 3, 6, NULL, '10:30:00', '13:30:00', '1', '2019-02-21 20:17:20', NULL, '1'),
(217, 16, 1, 138, 1, 3, 6, NULL, '10:30:00', '13:30:00', '1', '2019-02-21 20:17:20', NULL, '1'),
(218, 105, 1, 141, 1, 3, 6, NULL, '14:30:00', '17:30:00', '1', '2019-02-21 20:17:20', NULL, '1'),
(219, 9, 1, 145, 1, 3, 6, NULL, '10:30:00', '13:30:00', '1', '2019-02-21 20:17:20', NULL, '1'),
(220, 14, 1, 146, 1, 3, 6, NULL, '14:30:00', '17:30:00', '1', '2019-02-21 20:17:20', NULL, '1'),
(221, 94, 1, 156, 1, 3, 6, NULL, '14:30:00', '17:30:00', '1', '2019-02-21 20:17:20', NULL, '1'),
(222, 93, 1, 156, 1, 3, 6, NULL, '10:30:00', '13:30:00', '1', '2019-02-21 20:17:20', NULL, '1'),
(223, 101, 1, 157, 1, 3, 6, NULL, '07:15:00', '10:15:00', '1', '2019-02-21 20:17:20', NULL, '1'),
(224, 39, 1, 157, 1, 3, 6, NULL, '14:30:00', '17:30:00', '1', '2019-02-21 20:17:20', NULL, '1'),
(225, 39, 1, 157, 1, 3, 6, NULL, '14:30:00', '17:30:00', '1', '2019-02-21 20:17:20', NULL, '1'),
(226, 72, 1, 163, 1, 3, 6, NULL, '10:30:00', '13:30:00', '1', '2019-02-21 20:17:20', NULL, '1'),
(227, 62, 1, 2, 1, 3, 6, NULL, '07:15:00', '10:15:00', '1', '2019-02-21 20:17:20', NULL, '1'),
(228, 106, 1, 171, 1, 3, 6, NULL, '07:15:00', '10:15:00', '1', '2019-02-21 20:17:20', NULL, '1'),
(229, 15, 1, 173, 1, 3, 6, NULL, '07:15:00', '10:15:00', '1', '2019-02-21 20:17:20', NULL, '1');