--
-- Base de datos: `db_academico`
--
USE `db_academico`;
-- --------------------------------------------------------
--
-- Volcado de datos para la tabla `nivel_instruccion`
--
INSERT INTO `nivel_instruccion` (`nins_id`,`nins_nombre`, `nins_descripcion`,`nins_estado`,`nins_estado_logico`) VALUES
(1,'Sin estudios ','Sin estudios ','1','1'),
(2,'Primarios','Primarios','1','1'),
(3,'Secundarios','Secundarios','1','1'),
(4,'Tercer Nivel','Tercer Nivel','1','1'),
(5,'Cuarto Nivel','Cuarto Nivel','1','1');

-- --------------------------------------------------------
--
-- Volcado de datos para la tabla `nivel_estudio`
--
 INSERT INTO `nivel_estudio` (`nest_id`, `nest_nombre`, `nest_descripcion`, `nest_usuario_ingreso`, `nest_estado`, `nest_estado_logico`) VALUES
(1, 'Nivel 0', 'Nivel 0 PreAcadémico', '1', '1', '1'),
(2, '1', 'Nivel 1', '1', '1', '1'),
(3, '2', 'Nivel 2', '1', '1', '1'),
(4, '3', 'Nivel 3', '1', '1', '1'),
(5, '4', 'Nivel 4', '1', '1', '1'),
(6, '5', 'Nivel 5', '1', '1', '1'),
(7, '6', 'Nivel 6', '1', '1', '1'),
(8, '7', 'Nivel 7', '1', '1', '1'),
(9, '8', 'Nivel 8', '1', '1', '1'),
(10, '9', 'Nivel 9', '1', '1', '1');

-- --------------------------------------------------------
--
-- Volcado de datos para la tabla `tipo_institucion_aca`
--
INSERT INTO `tipo_institucion_aca` (`tiac_id`,`tiac_nombre`, `tiac_descripcion`,`tiac_estado`,`tiac_estado_logico`) VALUES
(1,'Pública','Pública','1','1'),
(2,'Privada','Privada','1','1'),
(3,'Fiscomisional','Fiscomisional','1','1');

-- --------------------------------------------------------
--
-- Volcado de datos para la tabla `tipo_estudio_academico`
--
INSERT INTO `tipo_estudio_academico` (`teac_id`, `teac_nombre`, `teac_descripcion`, `teac_usuario_ingreso`, `teac_estado`, `teac_estado_logico`) VALUES
(1,'Carrera','Carrera',1,'1','1'),
(2,'Programa','Programa',1,'1','1'),
(3,'Diplomado','Diplomado',1,'1','1');

    -- --------------------------------------------------------
--
-- Volcado de datos para la tabla `unidad_academica` 
-- 
INSERT INTO `unidad_academica` (`uaca_id`, `uaca_nombre`, `uaca_descripcion`, `uaca_usuario_ingreso`, `uaca_inscripcion`, `uaca_estado`, `uaca_estado_logico`) VALUES
(1, 'Grado', 'Grado', 1, '1', '1', '1'),
(2, 'Posgrado', 'Posgrado', 1, '1', '1', '1'),
(3, 'Educación Continua', 'Educación Continua', 1, '0', '1', '1'),
(4, 'Centro de Idiomas', 'Centro de Idiomas', 1, '0', '1', '1'),
(5, 'Diplomado', 'Diplomado', 1, '0', '1', '1'),
(6, 'Curso Nivelación', 'Curso Nivelación', 1, '0', '1', '1'),
(7, 'Micromasters', 'Micromasters', 1, '0', '1', '1'),
(8, 'Ulive', 'Ulive', 1, '0', '1', '1'),
(9, 'Uwork', 'Uwork', 1, '0', '1', '1');

-- --------------------------------------------------------
--
-- Volcado de datos para la tabla `modalidad`
-- 
INSERT INTO `modalidad` (`mod_id`, `mod_nombre`,`mod_descripcion`, `mod_usuario_ingreso`, `mod_estado`, `mod_estado_logico`) VALUES
(1, 'Online', 'Online', 1, '1', '1'),
(2, 'Presencial', 'Presencial', 1, '1', '1'),
(3, 'Semipresencial', 'Semipresencial', 1 , '1', '1'),
(4, 'Distancia', 'Distancia', 1, '1', '1');

-- --------------------------------------------------------
--
-- Volcado de datos para la tabla `unidad_estudio`
--
INSERT INTO `unidad_estudio` (`uest_id`,`uest_nombre`,`uest_descripcion`,`uest_usuario_ingreso`,`uest_estado`,`uest_estado_logico`) VALUES
(1,'Ingreso', 'Ingreso', 1, '1', '1'),
(2,'Básica', 'Básica', 1, '1', '1'),
(3,'Profesional', 'Profesional', 1, '1', '1'),
(4,'Titulación', 'Titulación', '1', '1', '1');

-- --------------------------------------------------------
--
-- Volcado de datos para la tabla `tipo_estudio_academico`
--
INSERT INTO `estudio_academico` (`eaca_id`, `teac_id`, `eaca_nombre`, `eaca_descripcion`, `eaca_alias`, `eaca_usuario_ingreso`, `eaca_usuario_modifica`, `eaca_estado`, `eaca_fecha_creacion`, `eaca_fecha_modificacion`, `eaca_estado_logico`) VALUES
(1, 1, 'Licenciatura en Comercio Exterior', 'Licenciatura en Comercio Exterior', 'licenciatura_en_comercio_exterior', 1, NULL, '1', '2017-02-01 16:25:00', NULL, '1'),
(2, 1, 'Economía', 'Economia', 'economia', 1, NULL, '1', '2017-02-01 16:25:00', NULL, '1'),
(3, 1, 'Licenciatura en Finanzas', 'Licenciatura en Finanzas', 'licenciatura_en_finanzas', 1, NULL, '1', '2017-02-01 16:25:00', NULL, '1'),
(4, 1, 'Licenciatura en Mercadotecnia', 'Licenciatura en Mercadotecnia', 'licenciatura_en_mercadotecnia', 1, NULL, '1', '2017-02-01 16:25:00', NULL, '1'),
(5, 1, 'Licenciatura en Turismo', 'Licenciatura en Turismo', 'licenciatura_en_turismo', 1, NULL, '1', '2017-02-01 16:25:00', NULL, '1'),
(6, 1, 'Licenciatura en Administracion de Empresas', 'Licenciatura en Administracion de Empresas', 'licenciatura_en_administracion_de_empresas', 1, NULL, '1', '2017-02-01 16:25:00', NULL, '1'),
(7, 1, 'Ingenieria en Software', 'Ingenieria en Software', 'ingenieria_en_software', 1, NULL, '1', '2017-02-01 16:25:00', NULL, '1'),
(8, 1, 'Ingenieria en Telecomunicaciones', 'Ingenieria en Telecomunicaciones', 'ingenieria_en_telecomunicaciones', 1, NULL, '1', '2017-02-01 16:25:00', NULL, '1'),
(9, 1, 'Licenciatura en Contabilidad y Auditoria', 'Licenciatura en Contabilidad y Auditoria', 'licenciatura_en_contabilidad_y_auditoria', 1, NULL, '1', '2017-02-01 16:25:00', NULL, '1'),
(10, 1, 'Ingenieria en Tecnologias de La Información', 'Ingenieria en Tecnologias de La Informacion', 'Ingenieria_en_tecnologias_de_la_información', 1, NULL, '1', '2017-02-01 16:25:00', NULL, '1'),
(11, 1, 'Ingenieria en Logística y Transporte', 'Ingenieria en Logistica y Transporte', 'ingenieria_en_logística_y_transporte', 1, NULL, '1', '2017-02-01 16:25:00', NULL, '1'),
(12, 1, 'Licenciatura en Comunicación', 'Licenciatura en Comunicacion', 'licenciatura_en_comunicación', 1, NULL, '1', '2017-02-01 16:25:00', NULL, '1'),
(13, 1, 'Licenciatura en Gestión y Talento Humano', 'Licenciatura en Gestion y Talento Humano', 'licenciatura_en_gestión_y_talento_humano', 1, NULL, '1', '2017-02-01 16:25:00', NULL, '1'),
(14, 1, 'Licenciatura en Administración Portuaria y Aduanera', 'Licenciatura en Administracion Portuaria y Aduanera', 'licenciatura_en_administración_portuaria_y_aduanera', 1, NULL, '1', '2017-02-01 16:25:00', NULL, '1'),
(15, 2, 'Administración de Empresas', 'Administración de Empresas', 'administración_de_empresas', 1, NULL, '1', '2017-02-01 16:25:00', NULL, '1'),
(16, 2, 'Finanzas en con Mención en Tributación', 'Finanzas en con Mención en Tributacion', 'finanzas', 1, NULL, '1', '2017-02-01 16:25:00', NULL, '1'),
(17, 2, 'Marketing', 'Marketing', 'marketing', 1, NULL, '1', '2017-02-01 16:25:00', NULL, '1'),
(18, 2, 'Sistema de Información Gerencial', 'Sistema de Informacion Gerencial', 'sistema_de_información_gerencial', 1, NULL, '1', '2017-02-01 16:25:00', NULL, '1'),
(19, 2, 'Gestión de Empresas Turísticas', 'Gestión de Empresas Turisticas', 'turismo', 1, NULL, '1', '2017-02-01 16:25:00', NULL, '1'),
(20, 2, 'Gestión del Talento Humano', 'Gestion del Talento Humano', 'talento_humano', 1, NULL, '1', '2017-02-01 16:25:00', NULL, '1'),
(21, 2, 'Dirección Estratégica en Empresas Familiares', 'Direccion Estrategica en Empresas Familiares', 'empresas_familiares', 1, NULL, '1', '2017-02-01 16:25:00', NULL, '1'),
(22, 2, 'Gestión en Procesos Organizacionales', 'Gestion en Procesos Organizacionales', 'investigación', 1, NULL, '1', '2017-02-01 16:25:00', NULL, '1'),
(23, 2, 'Negocios Internacionales', 'Negocios Internacionales', 'negocios_internacionales', 1, NULL, '1', '2019-02-11 18:00:00', NULL, '1'),
(24,'2', 'Educacion', 'Educacion', 'educacion', '1', NULL,'1', '2019-05-31 18:00:00',NULL, '1');


-- --------------------------------------------------------
--
-- Volcado de datos para la tabla `modalidad_estudio_unidad`
--
INSERT INTO `modalidad_estudio_unidad` (`meun_id`, `uaca_id`, `mod_id`, `eaca_id`, `emp_id`, `meun_usuario_ingreso`, `meun_usuario_modifica`, `meun_estado`, `meun_fecha_creacion`, `meun_fecha_modificacion`, `meun_estado_logico`) VALUES
(1, 1, 1, 1, 1, 1, NULL, '1', '2017-02-01 18:10:00', NULL, '1'),
(2, 1, 1, 2, 1, 1, NULL, '1', '2017-02-01 18:10:00', NULL, '1'),
(3, 1, 1, 3, 1, 1, NULL, '1', '2017-02-01 18:10:00', NULL, '1'),
(4, 1, 1, 4, 1, 1, NULL, '1', '2017-02-01 18:10:00', NULL, '1'),
(5, 1, 1, 5, 1, 1, NULL, '1', '2017-02-01 18:10:00', NULL, '1'),
(6, 1, 1, 6, 1, 1, NULL, '1', '2017-02-01 18:10:00', NULL, '1'),
(7, 1, 2, 11, 1, 1, NULL, '1', '2017-02-01 18:10:00', NULL, '1'),
(8, 1, 2, 8, 1, 1, NULL, '1', '2017-02-01 18:10:00', NULL, '1'),
(9, 1, 2, 7, 1, 1, NULL, '1', '2017-02-01 18:10:00', NULL, '1'),
(10, 1, 2, 10, 1, 1, NULL, '1', '2017-02-01 18:10:00', NULL, '1'),
(11, 1, 2, 1, 1, 1, NULL, '1', '2017-02-01 18:10:00', NULL, '1'),
(12, 1, 2, 5, 1, 1, NULL, '1', '2017-02-01 18:10:00', NULL, '1'),
(13, 1, 2, 3, 1, 1, NULL, '1', '2017-02-01 18:10:00', NULL, '1'),
(14, 1, 2, 9, 1, 1, NULL, '1', '2017-02-01 18:10:00', NULL, '1'),
(15, 1, 2, 13, 1, 1, NULL, '1', '2017-02-01 18:10:00', NULL, '1'),
(16, 1, 2, 6, 1, 1, NULL, '1', '2017-02-01 18:10:00', NULL, '1'),
(17, 1, 2, 4, 1, 1, NULL, '1', '2017-02-01 18:10:00', NULL, '1'),
(18, 1, 2, 14, 1, 1, NULL, '1', '2017-02-01 18:10:00', NULL, '1'),
(19, 1, 2, 2, 1, 1, NULL, '1', '2017-02-01 18:10:00', NULL, '1'),
(20, 1, 3, 12, 1, 1, NULL, '1', '2017-02-01 18:10:00', NULL, '1'),
(21, 1, 4, 1, 1, 1, NULL, '1', '2017-02-01 18:10:00', NULL, '1'),
(22, 1, 4, 3, 1, 1, NULL, '1', '2017-02-01 18:10:00', NULL, '1'),
(23, 1, 4, 9, 1, 1, NULL, '1', '2017-02-01 18:10:00', NULL, '1'),
(24, 1, 4, 13, 1, 1, NULL, '1', '2017-02-01 18:10:00', NULL, '1'),
(25, 1, 4, 6, 1, 1, NULL, '1', '2017-02-01 18:10:00', NULL, '1'),
(26, 1, 4, 4, 1, 1, NULL, '1', '2017-02-01 18:10:00', NULL, '1'),
(27, 2, 3, 15, 1, 1, NULL, '1', '2017-02-01 18:10:00', NULL, '1'),
(28, 2, 3, 16, 1, 1, NULL, '1', '2017-02-01 18:10:00', NULL, '1'),
(29, 2, 3, 17, 1, 1, NULL, '1', '2017-02-01 18:10:00', NULL, '1'),
(30, 2, 3, 18, 1, 1, NULL, '1', '2017-02-01 18:10:00', NULL, '1'),
(31, 2, 3, 19, 1, 1, NULL, '1', '2017-02-01 18:10:00', NULL, '1'),
(32, 2, 3, 20, 1, 1, NULL, '1', '2017-02-01 18:10:00', NULL, '1'),
(33, 2, 3, 21, 1, 1, NULL, '1', '2017-02-01 18:10:00', NULL, '1'),
(34, 2, 2, 22, 1, 1, NULL, '1', '2017-02-01 18:10:00', NULL, '1'),
(35, 2, 2, 23, 1, 1, NULL, '1', '2019-02-11 18:00:00', NULL, '1');



-- --------------------------------------------------------
--
-- Volcado de datos para la tabla `modulo_estudio`
--
INSERT INTO `modulo_estudio` (`mest_id`, `uaca_id`, `mod_id`, `mest_codigo`, `mest_nombre`, `mest_descripcion`, `mest_alias`, `mest_usuario_ingreso`, `mest_usuario_modifica`, `mest_estado`, `mest_fecha_creacion`, `mest_fecha_modificacion`, `mest_estado_logico`) VALUES
(1, 3, 2, 'SM1-EMVE01', 'Emprendimiento y Ventas reales', 'Emprendimiento y Ventas reales', 'emprendimiento_y_ventas', 1, NULL, '0', '2017-02-01 03:43:48', NULL, '1'),
(2, 3, 2, 'SM2-EXAV01', 'Excel Avanzado', 'Excel Avanzado', 'excel_Avanzado', 1, NULL, '1', '2017-02-01 03:43:48', NULL, '1'),
(3, 3, 2, 'SM3-FOTO01', 'Fotografía', 'Fotografia', 'fotografia', 1, NULL, '1', '2017-02-01 03:43:48', NULL, '1'),
(4, 3, 2, 'SM4-EVPL01', 'Event Planner', 'Event Planner', 'event_planner', 1, NULL, '1', '2017-02-01 03:43:48', NULL, '1'),
(5, 3, 2, 'SM5-PGET01', 'Programa Gerencia Estratégica del TH (4 módulos)', 'Programa Gerencia Estrategica del TH 4 modulos', 'programa_gerencia_estratégica_del_th_(4_módulos)', 1, NULL, '0', '2017-02-01 03:43:48', NULL, '1'),
(6, 3, 2, 'SM6-PEDA01', 'Pedagogía', 'Pedagogia', 'pedagogia', 1, NULL, '0', '2017-02-01 03:43:48', NULL, '1'),
(7, 3, 2, 'SM7-RECI01', 'Programa para docentes:  Redacción Científica', 'Programa para docentes  Redaccion Cientifica', 'programa_para_docentes:_redacción_científica', 1, NULL, '0', '2017-02-01 03:43:48', NULL, '1'),
(8, 3, 2, 'SM8-DHCR01', 'Desarrollo Habilidades Comerciales para Retail', 'Desarrollo Habilidades Comerciales para Retail', 'desarrollo_habilidades_comerciales_para_retail', 1, NULL, '0', '2017-02-01 03:43:48', NULL, '1'),
(9, 3, 1, 'SM9-CUON01', 'Cursos Online', 'Cursos Online', 'cursos_online', 1, NULL, '0', '2017-02-01 03:43:48', NULL, '1'),
(10, 4, 2, 'SM10-IDIF01', 'Idioma Inglés, Francés', 'Idioma Ingles Frances', 'idioma_inglés,_francés', 1, NULL, '0', '2017-02-01 03:43:48', NULL, '1'),
(11, 3, 2, 'SM11-PTHA01', 'Programa de Talento Humano: Actualidad Laboral', 'Programa de Talento Humano Actualidad Laboral', 'programa_de_talento_humano:_actualidad_laboral', 1, NULL, '0', '2017-02-01 15:15:00', NULL, '1'),
(12, 3, 2, 'SM12-ESDI01', 'Programa de habilidades Gerenciales: Estrategias directivas', 'Programa de habilidades Gerenciales Estrategias directivas', 'programa_de_habilidades_gerenciales:_estrategias_directivas', 1, NULL, '0', '2017-02-01 15:15:00', NULL, '1'),
(13, 3, 2, 'SM13-IFIN01', 'Illustrator y fotoshop: intermedio', 'Illustrator y fotoshop intermedio', 'illustrator_y_fotoshop:_intermedio', 1, NULL, '1', '2017-02-01 15:15:00', NULL, '1'),
(14, 3, 2, 'SM14-TNCV01', 'Técnicas de negociación y cierre de ventas', 'Tecnicas de negociacion y cierre de ventas', 'técnicas_de_negociación_y_cierre_de_ventas', 1, NULL, '0', '2017-02-01 15:15:00', NULL, '1'),
(15, 3, 2, 'SM15-NEMA01', 'Neuromarketing', 'Neuromarketing', 'neuromarketing', 1, NULL, '0', '2017-02-01 15:15:00', NULL, '1'),
(16, 3, 2, 'SM16-DCYC01', 'Programa de Talento Humano: Descripción de cargos y selección por competencias (módulo 2)', 'Programa de Talento Humano Descripcion de cargos y seleccion por competencias modulo 2', 'programa_de_talento_humano:_descripción_de_cargos_y_selección_por_competencias_(módulo_2)', 1, NULL, '0', '2017-02-01 15:15:00', NULL, '1'),
(17, 3, 2, 'SM17-MCDI01', 'Técnicas de ventas:  Manejo de clientes difíciles', 'Tecnicas de ventas Manejo de clientes dificiles', 'técnicas_de_ventas:_manejo_de_clientes_difíciles', 1, NULL, '0', '2017-02-01 15:15:00', NULL, '1'),
(18, 3, 2, 'SM18-NEEF01', 'Programa de habilidades Gerenciales: Negociación efectiva', 'Programa de habilidades Gerenciales Negociacion efectiva', 'programa_de_habilidades_gerenciales:_negociación_efectiva', 1, NULL, '0', '2017-02-01 15:15:00', NULL, '1'),
(19, 3, 2, 'SM19-PYDI01', 'Dirección en Finanzas: Presupuesto y diferenciación de ingresos', 'Direccion en Finanzas Presupuesto y diferenciacion de ingresos', 'dirección_en_finanzas:_presupuesto_y_diferenciación_de_ingresos', 1, NULL, '0', '2017-02-01 15:15:00', NULL, '1'),
(20, 3, 2, 'SM20-VAEM01', 'Valoración aduanera para empresarios', 'Valoracion aduanera para empresarios', 'valoración_aduanera_para_empresarios', 1, NULL, '0', '2017-02-01 15:15:00', NULL, '1'),
(21, 3, 2, 'SM21-CUSE01', 'Curso de seguros', 'Curso de seguros', 'curso_de_seguros', 1, NULL, '0', '2017-02-01 15:15:00', NULL, '1'),
(22, 3, 2, 'SM22-PETH01', 'Programa de Talento Humano:  Plan estratégico del Talento Humano (módulo 3)', 'Programa de Talento Humano Plan estrategico del Talento Humano modulo 3', 'programa_de_talento_humano:_plan_estratégico_del_talento_humano_(módulo_3)', 1, NULL, '0', '2017-02-01 15:15:00', NULL, '1'),
(23, 3, 2, 'SM23-TLMC01', 'Taller de liderazgo y manejo de conflictos', 'Taller de liderazgo y manejo de conflictos', 'taller_de_liderazgo_y_manejo_de_conflictos', 1, NULL, '0', '2017-02-01 15:15:00', NULL, '1'),
(24, 3, 2, 'SM24-HAPE01', 'Programa para docentes: Habilidades pedagógicas', 'Programa para docentes Habilidades pedagogicas', 'programa_para_docentes:_habilidades _pedagógicas', 1, NULL, '0', '2017-02-01 15:15:00', NULL, '1'),
(25, 3, 2, 'SM25-PPTH01', 'Promoción programa talento humano', 'Promocion programa talento humano', 'promoción_programa_talento_humano', 1, NULL, '0', '2017-02-01 15:15:00', NULL, '1'),
(26, 3, 2, 'SM26-PPPD01', 'Promoción programa para docentes', 'Promocion programa para docentes', 'promoción_programa para_docentes', 1, NULL, '0', '2017-02-01 15:15:00', NULL, '1'),
(27,7,1, 'UL58-AGCG01', 'Alta Gerencia y control de gestión', 'Alta Gerencia y control de gestion', 'alta_gerencia_y_control_de_gestion', 1, NULL, '1', '2018-12-10 12:15:48', NULL, '1'),
(28,7,1, 'UL59-CMNN01', 'Culture Management: nuevas formas de hacer negocios', 'Culture Management nuevas formas de hacer negocios.', 'culture_management_nuevas_formas_de_hacer_negocios', 1, NULL, '1', '2018-12-10 12:15:48', NULL, '1'),
(29,7,1, 'UL60-TICI01', 'Turismo inteligente y competitividad internacional', 'Turismo inteligente y competitividad internacional', 'turismo_inteligente_y_competitividad_internacional', 1, NULL, '1', '2018-12-10 12:15:48', NULL, '1'),
(30,7,1, 'UL61-GTBCI01', 'Gestión del talento humano basado en competencias', 'Gestion del talento humano basado en competencias', 'gestion_del_talento_humano_basado_en_competencias', 1, NULL, '1', '2018-12-10 12:15:48', NULL, '1'),
(31, 8, 2, 'UL62-EINP01', 'Entorno internacional de los negocios (taller práctico)', 'Entorno internacional de los negocios taller practico', 'entorno_internacional_de_los_negocios_(taller_practico)', 1, NULL, '1', '2018-12-10 12:15:48', NULL, '1'),
(32, 8, 2, 'UL63-CMNN01', 'Planificación de cursos en línea', 'Planificacion de cursos en linea', 'planificacion_de_cursos_en_linea', 1, NULL, '1', '2018-12-10 12:15:48', NULL, '1'),
(33, 8, 2, 'UL64-WSIE01', 'Workshop sobre Inteligencia Emocional en el trabajo', 'Workshop sobre Inteligencia Emocional en el trabajo', 'workshop_sobre_inteligencia_emocional_en_el_trabajo', 1, NULL, '1', '2018-12-10 12:15:48', NULL, '1'),
(34, 8, 2, 'UL65-APCC01', 'Análisis de peligros y puntos críticos de control (HACCP)', 'Analisis de peligros y puntos criticos de control HACCP', 'analisis_de_peligros_y_puntos_criticos_de_control_(HACCP)', 1, NULL, '1', '2018-12-10 12:15:48', NULL, '1'),

(35, 9, 1, 'UL66-PEPP01', 'Planificación estratégica para PYMES', 'Planificacion estrategica para PYMES', 'planificacion_estrategica_para_pymes', 1, NULL, '1', '2018-12-10 12:15:48', NULL, '1'),
(36, 9, 1, 'UL67-MPEP01', 'Marketing para emprendedores', 'Marketing para emprendedores', 'marketing_para_emprendedores', 1, NULL, '1', '2018-12-10 12:15:48', NULL, '1'),
(37, 9, 1, 'UL68-WEBU01', 'Web building', 'Web building', 'web_building', 1, NULL, '1', '2018-12-10 12:15:48', NULL, '1'),
(38, 9, 1, 'UL69-COMA01', 'Community Manager', 'Community Manager', 'community_manager', 1, NULL, '1', '2018-12-10 12:15:48', NULL, '1'),
(39, 9, 1, 'UL70-MEIL01', 'Método Estrella de Inserción laboral de personas con discapacidad', 'Metodo Estrella de Insercion laboral de personas con discapacidad', 'metodo_estrella_de_insercion_laboral_de_personas_con_discapacidad', 1, NULL, '1', '2018-12-10 12:15:48', NULL, '1'),
(40, 9, 1, 'UL71-EPNE01', 'Economía para no economistas', 'Economia para no economistas', 'economia_para_no_economistas', 1, NULL, '1', '2018-12-10 12:15:48', NULL, '1'),
(41, 9, 1, 'UL72-AGCP01', 'Aplicación de la gestión de calidad en PYMES', 'Aplicacion de la gestion de calidad en PYMES', 'aplicacion_de_la_gestion_de_calidad_en_pymes', 1, NULL, '1', '2018-12-10 12:15:48', NULL, '1'),
(42, 9, 1, 'UL73-01', 'Correcta aplicación de las herramientas de control', 'Correcta aplicacion de las herramientas de control', 'correcta_aplicacion_de_las_herramientas_de_control', 1, NULL, '1', '2018-12-10 12:15:48', NULL, '1'),
(43, 9, 1, 'UL74-CGVE01', 'Como generar valor a la empresa a través de la responsabilidad social corporativa', 'Como generar valor a la empresa a traves de la responsabilidad social corporativa', 'Como generar valor a la empresa a través de la responsabilidad social corporativa', 1, NULL, '1', '2018-12-10 12:15:48', NULL, '1'),
(44, 9, 1, 'UL75-GPTM01', 'Guía práctica para las técnicas de muestreo en la investigación comercial', 'Guia practica para las tecnicas de muestreo en la investigacion comercial', 'guia_practica_para_las_tecnicas_de_muestreo_en_la_investigación_comercial', 1, NULL, '1', '2018-12-10 12:15:48', NULL, '1'),
(45, 9, 1, 'UL76-DHPC01', 'Desarrollo de habilidades del pensamiento cognitivo', 'Desarrollo de habilidades del pensamiento cognitivo', 'desarrollo_de_habilidades_del_pensamiento_cognitivo', 1, NULL, '1', '2018-12-10 12:15:48', NULL, '1'),
(46, 9, 1, 'UL77-NAIR01', 'Normas APA para la investigación y redacción de artículos', 'Normas APA para la investigacion y redaccion de articulos', 'normas_apa_para_la_investigacion_y_redaccion_de_articulos', 1, NULL, '1', '2018-12-10 12:15:48', NULL, '1'),
(47, 9, 1, 'UL78-CSPD01', 'Construcción de saberes pedagógicos en la formación de docentes', 'Construccion de saberes pedagogicos en la formacion de docentes', 'construccion_de_saberes_pedagogicos en la formación de docentes', 1, NULL, '1', '2018-12-10 12:15:48', NULL, '1'),
(48, 9, 1, 'UL79-01', '¿Cómo citar con normas APA?', 'Como citar con normas APA', 'como_citar_con_normas_apa?', 1, NULL, '1', '2018-12-10 12:15:48', NULL, '1'),
(49, 9, 1, 'UL80-MASE01', 'Marketing de servicios', 'Marketing de servicios', 'marketing_de_servicios', 1, NULL, '1', '2018-12-10 12:15:48', NULL, '1'),
(50, 9, 1, 'UL81-CIAM01', 'Comunicaciones integradas al marketing', 'Comunicaciones integradas al marketing', 'comunicaciones_integradas_al_marketing', 1, NULL, '1', '2018-12-10 12:15:48', NULL, '1'),
(51, 9, 1, 'UL82-MAWA01', 'Marketing Way', 'Marketing Way', 'marketing_way ', 1, NULL, '1', '2018-12-10 12:15:48', NULL, '1'),
(52, 9, 1, 'UL83-COMA01', 'Community Manager - Aprenda desde cero a experto', 'Community Manager Aprenda desde cero a experto', 'community_manager_aprenda_desde_cero_a_experto', 1, NULL, '1', '2018-12-10 12:15:48', NULL, '1'),
(53, 9, 1, 'UL84-GAPE01', 'Google ads para emprendedores', 'Google ads para emprendedores', 'google_ads_para_emprendedores', 1, NULL, '1', '2018-12-10 12:15:48', NULL, '1'),
(54, 9, 1, 'UL85-FPME01', 'Fotografia para marcas emprendedoras', 'Fotografia para marcas emprendedoras', 'fotografia_para_marcas_emprendedoras', 1, NULL, '1', '2018-12-10 12:15:48', NULL, '1'),
(55, 9, 1, 'UL86-ELPN01', 'Elaboración de un plan de negocios', 'Elaboracion de un plan de negocios', 'elaboracion_de_un_plan_de_negocios', 1, NULL, '1', '2018-12-10 12:15:48', NULL, '1'),
(56, 9, 1, 'UL87-GMPI01', 'Guía práctica para la redacción del marco teórico de un proyecto de investigación', 'Guia practica para la redaccion del marco teorico de un proyecto de investigacion', 'guia_practica_para_la_redaccion_del_marco_teorico_de_un_proyecto_de_investigacion', 1, NULL, '1', '2018-12-10 12:15:48', NULL, '1'),
(57, 9, 1, 'UL88-AERP01', 'Aprende a establecer y redactar el esquema de un proyecto', 'Aprende a establecer y redactar el esquema de un proyecto', 'aprende_a_establecer_y_redactar_el_esquema_de_un_proyecto', 1, NULL, '1', '2018-12-10 12:15:48', NULL, '1'),
(58, 9, 1, 'UL89-CEPN01', '¿Como evaluar un proyecto de inversión y crear un negocio?', 'Como evaluar un proyecto de inversion y crear un negocio', 'como_evaluar_un_proyecto_de_inversión_y_crear_un_negocio', 1, NULL, '1', '2018-12-10 12:15:48', NULL, '1'),
(59, 9, 1, 'UL90-GPPB01', 'Gestión de proyectos usando MS Project básico', 'Gestion de proyectos usando MS Project basico', 'gestión_de_proyectos_usando_ms_project_básico', 1, NULL, '1', '2018-12-10 12:15:48', NULL, '1'),
(60, 9, 1, 'UL91-CFAC01', 'Curso de Formación de Assessment Center', 'Curso de Formacion de Assessment Center', 'curso_de_formación_de_assessment_center', 1, NULL, '1', '2018-12-10 12:15:48', NULL, '1'),
(61, 9, 1, 'UL92-FRPS01', 'Factores de riesgo psicosociales', 'Factores de riesgo psicosociales', 'factores_de_riesgo_psicosociales', 1, NULL, '1', '2018-12-10 12:15:48', NULL, '1'),
(62, 9, 1, 'UL93-DCRR01', 'Diseño y desarrollo de base de datos en SQL server','Diseño y desarrollo de base de datos en SQL server', 'diseño_y_desarrollo_de_base_de_datos_en_sql_server', 1, NULL, '1', '2018-12-10 12:15:48', NULL, '1'),
(63, 9, 1, 'UL100-CUEC01', 'Cómo utilizar efectivamente la información contable en la toma de decisiones', 'Como utilizar efectivamente la informacion contable en la toma de decisiones', 'como_utilizar_efectivamente_la_información_contable_en_la_toma_de_decisiones', 1, NULL, '1', '2018-12-10 12:15:48', NULL, '1'),
(64, 9, 1, 'UL101-CICD01', 'La correcta interpretación de los costos para tomar decisiones gerenciales', 'La correcta interpretacion de los costos para tomar decisiones gerenciales', 'la_correcta_interpretación_de_los_costos_para_tomar_decisiones_gerenciales', 1, NULL, '1', '2018-12-10 12:15:48', NULL, '1'),
(65, 9, 1, 'UL102-IMCU01', 'Importancia del Modelo Costo - Volumen - Utilidad en el diseño de estrategias', 'Importancia del Modelo Costo Volumen Utilidad en el diseño de estrategias', 'importancia_del_modelo_osto_volumen_utilidad en_el_diseño_de_estrategias', 1, NULL, '1', '2018-12-10 12:15:48', NULL, '1'),
(66, 9, 1, 'UL103-EPIC01', 'El Presupuesto y su importancia para el control de gestión', 'El Presupuesto y su importancia para el control de gestion', 'el_presupuesto_y_su_importancia_para_el_control_de_gestión', 1, NULL, '1', '2018-12-10 12:15:48', NULL, '1'),
(67, 9, 1, 'UL104-CCGC01', 'Cómo contribuye el Gobierno Corporativo a consolidar organizaciones saludables', 'Como contribuye el Gobierno Corporativo a consolidar organizaciones saludables', 'como_contribuye_el_gobierno_corporativo_a_consolidar_organizaciones_saludables', 1, NULL, '1', '2018-12-10 12:15:48', NULL, '1'),
(68, 9, 1, 'UL105-IETO01', 'La importancia de la Ética en la transparecia de las organizaciones', 'La importancia de la Etica en la transparecia de las organizaciones', 'la_importancia_de_la_etica_en_la_transparecia_de_las_organizaciones', 1, NULL, '1', '2018-12-10 12:15:48', NULL, '1'),
(69, 9, 1, 'UL106-RSEC01', 'Responsabilidad Social Empresarial y Conciencia Ecológica, herramientas para la imagen empresarial', 'Responsabilidad Social Empresarial y Conciencia Ecologica, herramientas para la imagen empresarial', 'responsabilidad_social_empresarial_y_conciencia_ecológica_herramientas_para_la_imagen_empresarial', 1, NULL, '1', '2018-12-10 12:15:48', NULL, '1'),
(70, 9, 1, 'UL107-CPOR01', 'Controles y políticas en la organización, claves para el éxito empresarial', 'Controles y politicas en la organizacion claves para el exito empresarial', 'controles_y_políticas_en_la_organización_claves_para_el_éxito_empresarial', 1, NULL, '1', '2018-12-10 12:15:48', NULL, '1'),
(71, 9, 1, 'UL108-AIER01', 'Análisis e interpretación de estados y ratios financieros', 'Analisis e interpretacion de estados y ratios financieros', 'análisis_e_interpretación_de_estados_y_ratios_financieros', 1, NULL, '1', '2018-12-10 12:15:48', NULL, '1'),
(72, 9, 1, 'UL109-CARI01', 'Cálculo y análisis de la rentabilidad sobre la inversión', 'Calculo y analisis de la rentabilidad sobre la inversion', 'cálculo_y_análisis_de_la_rentabilidad_sobre_la_inversión', 1, NULL, '1', '2018-12-10 12:15:48', NULL, '1'),
(73, 9, 1, 'UL110-01ACSC', 'Administración de costos y sistemas de costeo', 'Administracion de costos y sistemas de costeo', 'administración_de_costos_y_sistemas_de_costeo', 1, NULL, '1', '2018-12-10 12:15:48', NULL, '1'),
(74, 9, 1, 'UL111-SCIE01', 'Sistemas de control e indicadores para el éxito de la empresa', 'Sistemas de control e indicadores para el exito de la empresa', 'sistemas_de_control_e_indicadores_para_el_éxito_de_la_empresa', 1, NULL, '1', '2018-12-10 12:15:48', NULL, '1'),
(75, 9, 1, 'UL112-QVEM01', '¿Qué es la valoración de empresas? ¿Para qué sirve? ¿Cómo se hace?', 'Que es la valoración de empresas Para que sirve Como se hace', 'qué_es_la_valoración_de_empresas_para_qué_sirve_cómo_se_hace?', 1, NULL, '1', '2018-12-10 12:15:48', NULL, '1'),
(76, 9, 1, 'UL113-PEFV01', 'Proyección de Estados Financieros y Valoración por Metodologías de Flujos de Caja Descontados', 'Proyeccion de Estados Financieros y Valoracion por Metodologias de Flujos de Caja Descontados', 'proyección_de_estados_financieros_y_valoración_por_metodologías_de_flujos_de_caja_descontados', 1, NULL, '1', '2018-12-10 12:15:48', NULL, '1'),
(77, 9, 1, 'UL114-MVAF01', 'Metodologías de Valoración Alternativas a la de flujo de caja descontados', 'Metodologias de Valoracion Alternativas a la de flujo de caja descontados', 'metodologías_de_valoración_alternativas_a_la_de_flujo_de_caja_descontados', 1, NULL, '1', '2018-12-10 12:15:48', NULL, '1'),
(78, 9, 1, 'UL115-ASTD01', 'Análisis de Sensibilización y toma de decisiones financieras', 'Analisis de Sensibilizacion y toma de decisiones financieras', 'análisis_de_sensibilización_y_toma_de_decisiones_financieras', 1, NULL, '1', '2018-12-10 12:15:48', NULL, '1'),
(79, 9, 1, 'UL116-IMGH01', 'Inteligencia de mercados globales y herramientas básicas para recolectar información', 'Inteligencia de mercados globales y herramientas basicas para recolectar informacion', 'inteligencia_de_mercados_globales_y_herramientas_básicas_para_recolectar_información', 1, NULL, '1', '2018-12-10 12:15:48', NULL, '1'),
(80, 9, 1, 'UL117-ICEM01', 'Inteligencia Competitiva y estrategias de mercado', 'Inteligencia Competitiva y estrategias de mercado', 'inteligencia_competitiva_y_estrategias_de_mercado', 1, NULL, '1', '2018-12-10 12:15:48', NULL, '1'),
(81, 9, 1, 'UL118-BIBA01', 'Business Intelligence (BI) básico', 'Business Intelligence BI basico', 'business_intelligence_(bi)_básico', 1, NULL, '1', '2018-12-10 12:15:48', NULL, '1'),
(82, 9, 1, 'UL119-CRIM01', 'Cómo realizar una Investigación de Mercado', 'Como realizar una Investigacion de Mercado', 'cómo_realizar_una_investigación_de_mercado', 1, NULL, '1', '2018-12-10 12:15:48', NULL, '1'),
(83, 9, 1, 'UL120-DAPE01', 'Desarrollando las Actitudes para Emprender', 'Desarrollando las Actitudes para Emprender', 'desarrollando_las_actitudes_para_emprender', 1, NULL, '1', '2018-12-10 12:15:48', NULL, '1'),
(84, 9, 1, 'UL121-COCI01', 'Capturar las Oportunidades para Crear e Innovar', 'Capturar las Oportunidades para Crear e Innovar', 'capturar_las_oportunidades_para_crear_e_innovar', 1, NULL, '1', '2018-12-10 12:15:48', NULL, '1'),
(85, 9, 1, 'UL122-CDSD01', 'Como desarrollar la Sinergia del Desarrollo Socioeconómico mediante el trabajo en redes', 'Como desarrollar la Sinergia del Desarrollo Socioeconomico mediante el trabajo en redes', 'como_desarrollar_la_sinergia_del_desarrollo_socioeconómico_mediante_el_trabajo_en_redes', 1, NULL, '1', '2018-12-10 12:15:48', NULL, '1'),
(86, 9, 1, 'UL123-PCTE01', 'Planificando la Creación de tu Empresa', 'Planificando la Creacion de tu Empresa', 'planificando_la_creación_de_tu_empresa', 1, NULL, '1', '2018-12-10 12:15:48', NULL, '1'),
(87, 9, 1, 'UL124-ICDT01', 'Importancia y clasificación del turismo', 'Importancia y clasificacion del turismo', 'importancia_y_clasificación_del_turismo', 1, NULL, '1', '2018-12-10 12:15:48', NULL, '1'),
(88, 9, 1, 'UL125-CTST01', 'Calidad en el turismo: Servucción Turística', 'Calidad en el turismo Servuccion Turistica', 'calidad_en_el_turismo_servucción_turística', 1, NULL, '1', '2018-12-10 12:15:48', NULL, '1'),
(89, 9, 1, 'UL126-TICB01', 'Turismo Inteligente: conceptos básicos', 'Turismo Inteligente conceptos basicos', 'turismo_inteligente_conceptos_básicos', 1, NULL, '1', '2018-12-10 12:15:48', NULL, '1'),
(90, 9, 1, 'UL127-TSGA01', 'Turismo Sostenible y gestión ambiental', 'Turismo Sostenible y gestion ambiental', 'turismo_sostenible_y_gestión_ambiental', 1, NULL, '1', '2018-12-10 12:15:48', NULL, '1'),
(91, 9, 1, 'UL128-CAVT01', 'Como aprovechar la vocación turística de un territorio', 'Como aprovechar la vocacion turistica de un territorio', 'como_aprovechar_la_vocación_turística_de_un_territorio', 1, NULL, '1', '2018-12-10 12:15:48', NULL, '1'),
(92, 9, 1, 'UL129-PTDI01', 'Planificación turística de destinos inteligentes', 'Planificacion turistica de destinos inteligentes', 'planificación_turística_de_destinos_inteligentes', 1, NULL, '1', '2018-12-10 12:15:48', NULL, '1'),
(93, 9, 1, 'UL130-EPDT01', 'Elaboración de un plan de desarrollo turístico en base a las potencialidades del destino' , 'Elaboracion de un plan de desarrollo turistico en base a las potencialidades del destino' , 'elaboración_de_un_plan_de_desarrollo_turístico_en_base_a_las_potencialidades_del_destino', 1, NULL, '1', '2018-12-10 12:15:48', NULL, '1'),
(94, 9, 1, 'UL131-GPDT01', 'La Gobernanza y Planificación de Destinos Turísticos Inteligentes', 'La Gobernanza y Planificación de Destinos Turísticos Inteligentes', 'la_gobernanza_y_planificación_de_destinos_turísticos_inteligentes', 1, NULL, '1', '2018-12-10 12:15:48', NULL, '1'),
(95, 9, 1, 'UL132-PCCT01', 'Planificación y control de la calidad en turismo', 'Planificacion y control de la calidad en turismo', 'planificación_y_control_de_la_calidad_en_turismo', 1, NULL, '1', '2018-12-10 12:15:48', NULL, '1'),
(96, 9, 1, 'UL133-CSVA01', 'Calidad, sostenibilidad y valor agregado en empresas turísticas', 'Calidad sostenibilidad y valor agregado en empresas turisticas', 'calidad_sostenibilidad_y_valor_agregado_en_empresas_turísticas', 1, NULL, '1', '2018-12-10 12:15:48', NULL, '1'),
(97, 9, 1, 'UL134-HDMC01', 'Herramientas para el diagnóstico y la mejora de la calidad de empresas de turismo', 'Herramientas para el diagnostico y la mejora de la calidad de empresas de turismo', 'herramientas_para_el_diagnóstico_y_la_mejora_de_la_calidad_de_empresas_de_turismo', 1, NULL, '1', '2018-12-10 12:15:48', NULL, '1'),
(98, 9, 1, 'UL135-ICST01', 'Introducción a la calidad en el sector turístico', 'Introduccion a la calidad en el sector turistico', 'introducción_a_la_calidad_en_el_sector_turístico', 1, NULL, '1', '2018-12-10 12:15:48', NULL, '1'),
(99, 9, 1, 'UL136-MCIT01', 'Marketing  comunicacional inteligente para turismo sostenible', 'Marketing  comunicacional inteligente para turismo sostenible', 'marketing_comunicacional_inteligente_para_turismo_sostenible', 1, NULL, '1', '2018-12-10 12:15:48', NULL, '1'),
(100, 9, 1, 'UL137-EPDP01', 'Estrategias para promover destinos y productos turísticos con principios sostenibles', 'Estrategias para promover destinos y productos turisticos con principios sostenibles', 'estrategias_para_promover_destinos_y_productos_turísticos_con_principios_sostenibles', 1, NULL, '1', '2018-12-10 12:15:48', NULL, '1'),
(101, 9, 1, 'UL138-01IMDT', 'El inbound marketing de los destinos turísticos', 'El inbound marketing de los destinos turisticos', 'el_inbound_marketing_de_los_destinos_turísticos', 1, NULL, '1', '2018-12-10 12:15:48', NULL, '1'),
(102, 9, 1, 'UL139-01GSCM', 'Gestión sostenible, control y monitorización de un destino', 'Gestion sostenible control y monitorizacion de un destino', 'gestión_sostenible_control_y_monitorización_de_un_destino', 1, NULL, '1', '2018-12-10 12:15:48', NULL, '1'),
(103, 9, 1, 'UL140-01IDMC', 'Introducción al Data Mining –conceptos básicos', 'Introduccion al Data Mining conceptos basicos', 'introducción_al_data_mining_conceptos_básicos', 1, NULL, '1', '2018-12-10 12:15:48', NULL, '1'),
(104, 9, 1, 'UL141-01MHDM', 'Métodos y herramientas del Data Mining', 'Metodos y herramientas del Data Mining', 'métodos_y_herramientas_del_data_mining', 1, NULL, '1', '2018-12-10 12:15:48', NULL, '1'),
(105, 9, 1, 'UL142-01ADMC', 'Aplicación del  Data Mining en el campo turístico', 'Aplicacion del  Data Mining en el campo turistico', 'aplicación_del_data_mining_en_el_campo_turístico', 1, NULL, '1', '2018-12-10 12:15:48', NULL, '1'),
(106, 9, 1, 'UL143-01TISM', 'Turismo inteligente 4.0 y data mining', 'Turismo inteligente 4.0 y data mining', 'turismo_inteligente_4.0_y_data_mining', 1, NULL, '1', '2018-12-10 12:15:48', NULL, '1'),
(107, 9, 1, 'UL144-01TTCI', 'Términos y teorías del comercio internacional', 'Terminos y teorias del comercio internacional', 'términos_y_teorías_del_comercio_internacional', 1, NULL, '1', '2018-12-10 12:15:48', NULL, '1'),
(108, 9, 1, 'UL145-01ROIE', 'Rol de los organismos internacionales en la economía de los países', 'Rol de los organismos internacionales en la economia de los paises', 'rol_de_los_organismos_internacionales_en_la_economía_de_los_países', 1, NULL, '1', '2018-12-10 12:15:48', NULL, '1'),
(109, 9, 1, 'UL146-01PASE', 'Políticas y acciones de sectores empresariales para el logro de una mayor productividad y competitividad', 'Politicas y acciones de sectores empresariales para el logro de una mayor productividad y competitividad', 'políticas_y_acciones_de_sectores_empresariales_para_el_logro_de_una_mayor_productividad_y_competitividad', 1, NULL, '1', '2018-12-10 12:15:48', NULL, '1'),
(110, 9, 1, 'UL147-01CDCP', 'Conozca los desafíos culturales en los procesos de integración comercial', 'Conozca los desafios culturales en los procesos de integracion comercial', 'conozca_los_desafíos_culturales_en_los_procesos_de_integración_comercial', 1, NULL, '1', '2018-12-10 12:15:48', NULL, '1'),
(111, 9, 1, 'UL148-01CSMO', 'Como seleccionar un mercado objetivo y establecer un marketing mix acorde al mismo', 'Como seleccionar un mercado objetivo y establecer un marketing mix acorde al mismo', 'como_seleccionar_un_mercado_objetivo_y_establecer_un_marketing_mix_acorde_al_mismo', 1, NULL, '1', '2018-12-10 12:15:48', NULL, '1'),
(112, 9, 1, 'UL149-01SMIE', 'Selección de mercados para internacionalización  de la empresa', 'Seleccion de mercados para internacionalizacion  de la empresa', 'selección_de_mercados_para_internacionalización_de_la_empresa', 1, NULL, '1', '2018-12-10 12:15:48', NULL, '1'),
(113, 9, 1, 'UL150-01EMMG', 'Estrategias de marca para crear marcas globales', 'Estrategias de marca para crear marcas globales', 'estrategias_de_marca_para_crear_marcas_globales', 1, NULL, '1', '2018-12-10 12:15:48', NULL, '1'),
(114, 9, 1, 'UL151-01TDMC', 'Tomar decisiones de marketing en un contexto global', 'Tomar decisiones de marketing en un contexto global', 'tomar_decisiones_de_marketing_en_un_contexto_global', 1, NULL, '1', '2018-12-10 12:15:48', NULL, '1'),
(115, 9, 1, 'UL152-01HGEX', 'Herramientas para la gestión de exportación', 'Herramientas para la gestion de exportacion', 'herramientas_para_la_gestión_de_exportación', 1, NULL, '1', '2018-12-10 12:15:48', NULL, '1'),
(116, 9, 1, 'UL153-01ESEX', 'Estrategias de exportación', 'Estrategias de exportacion', 'estrategias_de_exportación', 1, NULL, '1', '2018-12-10 12:15:48', NULL, '1'),
(117, 9, 1, 'UL154-01CEME', 'Cómo escoger los mercados para exportación', 'Como escoger los mercados para exportacion', 'cómo_escoger_los_mercados_para_exportación', 1, NULL, '1', '2018-12-10 12:15:48', NULL, '1'),
(118, 9, 1, 'UL155-01CIPE', 'Como internacionalizar un producto exportable', 'Como internacionalizar un producto exportable', 'como_internacionalizar_un_producto_exportable', 1, NULL, '1', '2018-12-10 12:15:48', NULL, '1'),
(119, 9, 1, 'UL156-01GCIE', 'La gestión por competencias y su importancia en la eficiencia', 'La gestion por competencias y su importancia en la eficiencia', 'la_gestión_por_competencias_y_su_importancia_en_la_eficiencia', 1, NULL, '1', '2018-12-10 12:15:48', NULL, '1'),
(120, 9, 1, 'UL157-01EMGC', 'Como escoger el modelo de gestión de competencias acorde a su empresa', 'Como escoger el modelo de gestion de competencias acorde a su empresa', 'como_escoger_el_modelo_de_gestión_de_competencias_acorde_a_su_empresa', 1, NULL, '1', '2018-12-10 12:15:48', NULL, '1'),
(121, 9, 1, 'UL158-01TDCE', 'Técnicas para determinar competencias en su empresa', 'Tecnicas para determinar competencias en su empresa', 'técnicas_para_determinar_competencias_en_su_empresa', 1, NULL, '1', '2018-12-10 12:15:48', NULL, '1'),
(122, 9, 1, 'UL159-01ISCO', 'Cómo implementar un sistema por competencias', 'Como implementar un sistema por competencias', 'cómo_implementar_un_sistema_por_competencias', 1, NULL, '1', '2018-12-10 12:15:48', NULL, '1'),
(123, 9, 1, 'UL160-01RHTI', 'Recursos humanos y las tics, nuevos ambientes de trabajo', 'Recursos humanos y las tics nuevos ambientes de trabajo', 'recursos_humanos_y_las_tics_nuevos_ambientes_de_trabajo', 1, NULL, '1', '2018-12-10 12:15:48', NULL, '1'),
(124, 9, 1, 'UL161-01FPIO', 'Los factores psicosociales 2.0 y su influencia en la organización', 'Los factores psicosociales 2.0 y su influencia en la organizacion', 'los_factores_psicosociales_2.0_y_su_influencia_en_la_organización', 1, NULL, '1', '2018-12-10 12:15:48', NULL, '1'),
(125, 9, 1, 'UL162-01COAW', 'El Comportamiento organizacional aplicado a la web 2.0', 'El Comportamiento organizacional aplicado a la web 2.0', 'el_comportamiento_organizacional_aplicado_a_la_web_2.0', 1, NULL, '1', '2018-12-10 12:15:48', NULL, '1'),
(126, 9, 1, 'UL163-01COEM', 'La Comunicación 2.0 en la empresa', 'La Comunicacion 2.0 en la empresa', 'la_comunicación_2.0_en_la_empresa', 1, NULL, '1', '2018-12-10 12:15:48', NULL, '1'),
(127, 9, 1, 'UL164-01ERSC', 'Estrategias de Reclutamiento y Selección por competencias', 'Estrategias de Reclutamiento y Seleccion por competencias', 'estrategias_de_reclutamiento_y_selección_por_competencias', 1, NULL, '1', '2018-12-10 12:15:48', NULL, '1'),
(128, 9, 1, 'UL165-01VPCR', 'Valoración de perfiles de candidatos y su reclutamiento', 'Valoracion de perfiles de candidatos y su reclutamiento', 'valoración_de_perfiles_de_candidatos_y_su_reclutamiento', 1, NULL, '1', '2018-12-10 12:15:48', NULL, '1'),
(129, 9, 1, 'UL166-01MTEP', 'Métodos y técnicas para la elección del personal', 'Metodos y tecnicas para la eleccion del personal', 'métodos_y_técnicas_para_la_elección_del_personal', 1, NULL, '1', '2018-12-10 12:15:48', NULL, '1'),
(130, 9, 1, 'UL167-01ADSP', 'Análisis de datos de la selección del personal para gestionar el talento humano', 'Analisis de datos de la seleccion del personal para gestionar el talento humano', 'análisis_de_datos_de_la_selección_del_personal_para_gestionar_el_talento_humano', 1, NULL, '1', '2018-12-10 12:15:48', NULL, '1'),
(131, 9, 1, 'UL168-01HBDL', 'Habilidades blandas para el desarrollo de liderazgo ejecutivo', 'Habilidades blandas para el desarrollo de liderazgo ejecutivo', 'habilidades_blandas_para_el_desarrollo_de_liderazgo_ejecutivo', 1, NULL, '1', '2018-12-10 12:15:48', NULL, '1'),
(132, 9, 1, 'UL169-01CCEG', 'Clasificación de competencias y los estilos de gestión', 'Clasificacion de competencias y los estilos de gestion', 'clasificación_de_competencias_y_los_estilos_de_gestión', 1, NULL, '1', '2018-12-10 12:15:48', NULL, '1'),
(133, 9, 1, 'UL170-01DCAP', 'Desarrollo de Competencias de Autogestión personal', 'Desarrollo de Competencias de Autogestion personal', 'desarrollo_de_competencias_de_autogestión_personal', 1, NULL, '1', '2018-12-10 12:15:48', NULL, '1'),
(134, 9, 1, 'UL171-DCIN01', 'Desarrollo de Competencias interpersonales', 'Desarrollo de Competencias interpersonales', 'desarrollo_de_competencias_interpersonales', 1, NULL, '1', '2018-12-10 12:15:48', NULL, '1'),
(135, 9, 1, 'UL172-MACO01', 'Métodos para el análisis del comportamiento organizacional', 'Metodos para el analisis del comportamiento organizacional', 'métodos_para_el_análisis_del_comportamiento_organizacional', 1, NULL, '1', '2018-12-10 12:15:48', NULL, '1'),
(136, 9, 1, 'UL173LLEG-01', 'Legislación laboral Ecuatoriana y gobierno corporativo', 'Legislacion laboral Ecuatoriana y gobierno corporativo', 'legislación_laboral_ecuatoriana_y_gobierno_corporativo', 1, NULL, '1', '2018-12-10 12:15:48', NULL, '1'),
(137, 9, 1, 'UL174IFPE-01', 'El impacto de la filosofía y política empresarial en la organización', 'El impacto de la filosofia y politica empresarial en la organizacion', 'el_impacto_de_la_filosofía_y_política_empresarial_en_la_organización', 1, NULL, '1', '2018-12-10 12:15:48', NULL, '1'),
(138, 9, 1, 'UL175DPPG-01', 'Diseño de políticas de personal en la gestión estratégica del talento humano basado en competencias', 'Diseño de políticas de personal en la gestión estratégica del talento humano basado en competencias', 'diseño_de_políticas_de_personal_en_la_gestión_estratégica_del_talento_humano_basado_en_competencias', 1, NULL, '1', '2018-12-10 12:15:48', NULL, '1'),

(139, 9, 1, 'UL176DCRR-01', 'Diseño y configuración de redes en router', 'Diseno y configuracion de redes en router', 'diseño_y_configuración_de_redes_en_router', 1, NULL, '1', '2018-12-10 12:15:48', NULL, '1'),
(140, 9, 1, 'UL177UAMA-01', 'Uso y aplicaciones de mathcad', 'Uso y aplicaciones de mathcad', 'uso_y_aplicaciones_de_mathcad', 1, NULL, '1', '2018-12-10 12:15:48', NULL, '1'),
(141, 9, 1, 'UL178CSAL-01', 'Configuración e implementación de un servidor apache basado en distribuciones Linux', 'Configuracion e implementacion de un servidor apache basado en distribuciones Linux', 'configuración_e_implementación_de_un_servidor_apache_basado_en_distribuciones_linux', 1, NULL, '1', '2018-12-10 12:15:48', NULL, '1'),
(142, 9, 1, 'UL179DAWP-01', 'Desarrollo de Aplicaciones Web con Python', 'Desarrollo de Aplicaciones Web con Python', 'desarrollo_de_aplicaciones_web_con_python', 1, NULL, '1', '2018-12-10 12:15:48', NULL, '1'),
(143, 9, 1, 'UL180DPCB-01', 'Desarrollo de procesos con BIZAGI', 'Desarrollo de procesos con BIZAGI', 'desarrollo_de_procesos_con_bizagi', 1, NULL, '1', '2018-12-10 12:15:48', NULL, '1'),
(144, 9, 1, 'UL181BPPR-01', 'Bootstrap para principiantes', 'Bootstrap para principiantes', 'bootstrap_para_principiantes', 1, NULL, '1', '2018-12-10 12:15:48', NULL, '1'),
(145, 3, 2, 'SM145-ANLA01', 'Actualización Normativa Laboral', 'Actualización Normativa Laboral', 'actualización_normativa_laboral', 1, NULL, '1', '2019-03-26 12:15:48', NULL, '1'),
(146, 3, 2, 'SM146-SSOC01', 'Seguridad y Salud Ocupacional', 'Seguridad y Salud Ocupacional', 'seguridad_salud', 1, NULL, '1', '2019-03-26 12:15:48', NULL, '1');

-- --------------------------------------------------------
--
-- Volcado de datos para la tabla `formacion_malla_academica`
--
INSERT INTO `formacion_malla_academica` (`fmac_id`,`fmac_codigo`,`fmac_nombre`,`fmac_descripcion`, `fmac_usuario_ingreso`,  `fmac_estado`,`fmac_estado_logico`) VALUES
(1,'FT', 'Fundamentos Teóricos','Fundamentos Teóricos', 1, '1', '1'),
(2,'PP', 'Praxis Profesional', 'Praxis Profesional', 1, '1', '1'),
(3,'EMI', 'Epistemología y Metodología de la Investigación', 'Epistemología y Metodología de la Investigación', 1, '1', '1'),
(4,'ISSC', 'Integración de Saberes, Contexto y Cultura', 'Integración de Saberes, Contexto y Cultura', 1, '1', '1'),
(5,'CL', 'Comunicación y Lenguaje', 'Comunicación y Lenguaje', '1', '1', '1'),
(6,'CN', 'Can', 'Can', '1', '1', '1'); 

-- --------------------------------------------------------
--
-- Volcado de datos para la tabla `modulo_estudio_gestion`
--
INSERT INTO `modulo_estudio_empresa` (`meem_id`, `mest_id`, `emp_id`, `meem_fecha_inicio`, `meem_fecha_fin`, `meem_usuario_ingreso`, `meem_usuario_modifica`, `meem_estado_gestion`, `meem_estado`, `meem_fecha_creacion`, `meem_fecha_modificacion`, `meem_estado_logico`) VALUES
(1, 1, 3, '2018-09-01 05:00:00', '2018-12-31 05:00:00', 1, NULL, '1', '1', '2018-09-01 23:30:00', NULL, '1'),
(2, 2, 3, '2018-09-01 05:00:00', '2018-12-31 05:00:00', 1, NULL, '1', '1', '2018-09-01 23:30:00', NULL, '1'),
(3, 3, 3, '2018-09-01 05:00:00', '2018-12-31 05:00:00', 1, NULL, '1', '1', '2018-09-01 23:30:00', NULL, '1'),
(4, 4, 3, '2018-09-01 05:00:00', '2018-12-31 05:00:00', 1, NULL, '1', '1', '2018-09-01 23:30:00', NULL, '1'),
(5, 5, 3, '2018-09-01 05:00:00', '2018-12-31 05:00:00', 1, NULL, '1', '1', '2018-09-01 23:30:00', NULL, '1'),
(6, 6, 3, '2018-09-01 05:00:00', '2018-12-31 05:00:00', 1, NULL, '1', '1', '2018-09-01 23:30:00', NULL, '1'),
(7, 7, 3, '2018-09-01 05:00:00', '2018-12-31 05:00:00', 1, NULL, '1', '1', '2018-09-01 23:30:00', NULL, '1'),
(8, 8, 3, '2018-09-01 05:00:00', '2018-12-31 05:00:00', 1, NULL, '1', '1', '2018-09-01 23:30:00', NULL, '1'),
(9, 9, 3, '2018-09-01 05:00:00', '2018-12-31 05:00:00', 1, NULL, '1', '1', '2018-09-01 23:30:00', NULL, '1'),
(10, 10, 3, '2018-09-01 05:00:00', '2018-12-31 05:00:00', 1, NULL, '1', '1', '2018-09-01 23:30:00', NULL, '1'),
(11, 11, 3, '2018-09-01 05:00:00', '2018-12-31 05:00:00', 1, NULL, '1', '1', '2018-09-01 23:30:00', NULL, '1'),
(12, 12, 3, '2018-09-01 05:00:00', '2018-12-31 05:00:00', 1, NULL, '1', '1', '2018-09-01 23:30:00', NULL, '1'),
(13, 13, 3, '2018-09-01 05:00:00', '2018-12-31 05:00:00', 1, NULL, '1', '1', '2018-09-01 23:30:00', NULL, '1'),
(14, 14, 3, '2018-09-01 05:00:00', '2018-12-31 05:00:00', 1, NULL, '1', '1', '2018-09-01 23:30:00', NULL, '1'),
(15, 15, 3, '2018-09-01 05:00:00', '2018-12-31 05:00:00', 1, NULL, '1', '1', '2018-09-01 23:30:00', NULL, '1'),
(16, 16, 3, '2018-09-01 05:00:00', '2018-12-31 05:00:00', 1, NULL, '1', '1', '2018-09-01 23:30:00', NULL, '1'),
(17, 17, 3, '2018-09-01 05:00:00', '2018-12-31 05:00:00', 1, NULL, '1', '1', '2018-09-01 23:30:00', NULL, '1'),
(18, 18, 3, '2018-09-01 05:00:00', '2018-12-31 05:00:00', 1, NULL, '1', '1', '2018-09-01 23:30:00', NULL, '1'),
(19, 19, 3, '2018-09-01 05:00:00', '2018-12-31 05:00:00', 1, NULL, '1', '1', '2018-09-01 23:30:00', NULL, '1'),
(20, 20, 3, '2018-09-01 05:00:00', '2018-12-31 05:00:00', 1, NULL, '1', '1', '2018-09-01 23:30:00', NULL, '1'),
(21, 21, 3, '2018-09-01 05:00:00', '2018-12-31 05:00:00', 1, NULL, '1', '1', '2018-09-01 23:30:00', NULL, '1'),
(22, 22, 3, '2018-09-01 05:00:00', '2018-12-31 05:00:00', 1, NULL, '1', '1', '2018-09-01 23:30:00', NULL, '1'),
(23, 23, 3, '2018-09-01 05:00:00', '2018-12-31 05:00:00', 1, NULL, '1', '1', '2018-09-01 23:30:00', NULL, '1'),
(24, 24, 3, '2018-09-01 05:00:00', '2018-12-31 05:00:00', 1, NULL, '1', '1', '2018-09-01 23:30:00', NULL, '1'),
(25, 25, 3, '2018-09-01 05:00:00', '2018-12-31 05:00:00', 1, NULL, '1', '1', '2018-09-01 23:30:00', NULL, '1'),
(26, 26, 3, '2018-09-01 05:00:00', '2018-12-31 05:00:00', 1, NULL, '1', '1', '2018-09-01 23:30:00', NULL, '1'),

(27, 27, 2, '2018-09-01 05:00:00', '2018-12-31 05:00:00', 1, NULL, '1', '1', '2018-12-10 13:30:00', NULL, '1'),
(28, 28, 2, '2018-09-01 05:00:00', '2018-12-31 05:00:00', 1, NULL, '1', '1', '2018-12-10 13:30:00', NULL, '1'),
(29, 29, 2, '2018-09-01 05:00:00', '2018-12-31 05:00:00', 1, NULL, '1', '1', '2018-12-10 13:30:00', NULL, '1'),
(30, 30, 2, '2018-09-01 05:00:00', '2018-12-31 05:00:00', 1, NULL, '1', '1', '2018-12-10 13:30:00', NULL, '1'),

(31, 31, 2, '2018-09-01 05:00:00', '2018-12-31 05:00:00', 1, NULL, '1', '1', '2018-12-10 13:30:00', NULL, '1'),
(32, 32, 2, '2018-09-01 05:00:00', '2018-12-31 05:00:00', 1, NULL, '1', '1', '2018-12-10 13:30:00', NULL, '1'),
(33, 33, 2, '2018-09-01 05:00:00', '2018-12-31 05:00:00', 1, NULL, '1', '1', '2018-12-10 13:30:00', NULL, '1'),
(34, 34, 2, '2018-09-01 05:00:00', '2018-12-31 05:00:00', 1, NULL, '1', '1', '2018-12-10 13:30:00', NULL, '1'),

(35, 35, 2, '2018-09-01 05:00:00', '2018-12-31 05:00:00', 1, NULL, '1', '1', '2018-12-10 13:30:00', NULL, '1'),
(36, 36, 2, '2018-09-01 05:00:00', '2018-12-31 05:00:00', 1, NULL, '1', '1', '2018-12-10 13:30:00', NULL, '1'),
(37, 37, 2, '2018-09-01 05:00:00', '2018-12-31 05:00:00', 1, NULL, '1', '1', '2018-12-10 13:30:00', NULL, '1'),
(38, 38, 2, '2018-09-01 05:00:00', '2018-12-31 05:00:00', 1, NULL, '1', '1', '2018-12-10 13:30:00', NULL, '1'),
(39, 39, 2, '2018-09-01 05:00:00', '2018-12-31 05:00:00', 1, NULL, '1', '1', '2018-12-10 13:30:00', NULL, '1'),
(40, 40, 2, '2018-09-01 05:00:00', '2018-12-31 05:00:00', 1, NULL, '1', '1', '2018-12-10 13:30:00', NULL, '1'),
(41, 41, 2, '2018-09-01 05:00:00', '2018-12-31 05:00:00', 1, NULL, '1', '1', '2018-12-10 13:30:00', NULL, '1'),
(42, 42, 2, '2018-09-01 05:00:00', '2018-12-31 05:00:00', 1, NULL, '1', '1', '2018-12-10 13:30:00', NULL, '1'),
(43, 43, 2, '2018-09-01 05:00:00', '2018-12-31 05:00:00', 1, NULL, '1', '1', '2018-12-10 13:30:00', NULL, '1'),
(44, 44, 2, '2018-09-01 05:00:00', '2018-12-31 05:00:00', 1, NULL, '1', '1', '2018-12-10 13:30:00', NULL, '1'),
(45, 45, 2, '2018-09-01 05:00:00', '2018-12-31 05:00:00', 1, NULL, '1', '1', '2018-12-10 13:30:00', NULL, '1'),
(46, 46, 2, '2018-09-01 05:00:00', '2018-12-31 05:00:00', 1, NULL, '1', '1', '2018-12-10 13:30:00', NULL, '1'),
(47, 47, 2, '2018-09-01 05:00:00', '2018-12-31 05:00:00', 1, NULL, '1', '1', '2018-12-10 13:30:00', NULL, '1'),
(48, 48, 2, '2018-09-01 05:00:00', '2018-12-31 05:00:00', 1, NULL, '1', '1', '2018-12-10 13:30:00', NULL, '1'),
(49, 49, 2, '2018-09-01 05:00:00', '2018-12-31 05:00:00', 1, NULL, '1', '1', '2018-12-10 13:30:00', NULL, '1'),
(50, 50, 2, '2018-09-01 05:00:00', '2018-12-31 05:00:00', 1, NULL, '1', '1', '2018-12-10 13:30:00', NULL, '1'),
(51, 51, 2, '2018-09-01 05:00:00', '2018-12-31 05:00:00', 1, NULL, '1', '1', '2018-12-10 13:30:00', NULL, '1'),
(52, 52, 2, '2018-09-01 05:00:00', '2018-12-31 05:00:00', 1, NULL, '1', '1', '2018-12-10 13:30:00', NULL, '1'),
(53, 53, 2, '2018-09-01 05:00:00', '2018-12-31 05:00:00', 1, NULL, '1', '1', '2018-12-10 13:30:00', NULL, '1'),
(54, 54, 2, '2018-09-01 05:00:00', '2018-12-31 05:00:00', 1, NULL, '1', '1', '2018-12-10 13:30:00', NULL, '1'),
(55, 55, 2, '2018-09-01 05:00:00', '2018-12-31 05:00:00', 1, NULL, '1', '1', '2018-12-10 13:30:00', NULL, '1'),
(56, 56, 2, '2018-09-01 05:00:00', '2018-12-31 05:00:00', 1, NULL, '1', '1', '2018-12-10 13:30:00', NULL, '1'),
(57, 57, 2, '2018-09-01 05:00:00', '2018-12-31 05:00:00', 1, NULL, '1', '1', '2018-12-10 13:30:00', NULL, '1'),
(58, 58, 2, '2018-09-01 05:00:00', '2018-12-31 05:00:00', 1, NULL, '1', '1', '2018-12-10 13:30:00', NULL, '1'),
(59, 59, 2, '2018-09-01 05:00:00', '2018-12-31 05:00:00', 1, NULL, '1', '1', '2018-12-10 13:30:00', NULL, '1'),
(60, 60, 2, '2018-09-01 05:00:00', '2018-12-31 05:00:00', 1, NULL, '1', '1', '2018-12-10 13:30:00', NULL, '1'),
(61, 61, 2, '2018-09-01 05:00:00', '2018-12-31 05:00:00', 1, NULL, '1', '1', '2018-12-10 13:30:00', NULL, '1'),
(62, 62, 2, '2018-09-01 05:00:00', '2018-12-31 05:00:00', 1, NULL, '1', '1', '2018-12-10 13:30:00', NULL, '1'),
(63, 63, 2, '2018-09-01 05:00:00', '2018-12-31 05:00:00', 1, NULL, '1', '1', '2018-12-10 13:30:00', NULL, '1'),
(64, 64, 2, '2018-09-01 05:00:00', '2018-12-31 05:00:00', 1, NULL, '1', '1', '2018-12-10 13:30:00', NULL, '1'),
(65, 65, 2, '2018-09-01 05:00:00', '2018-12-31 05:00:00', 1, NULL, '1', '1', '2018-12-10 13:30:00', NULL, '1'),
(66, 66, 2, '2018-09-01 05:00:00', '2018-12-31 05:00:00', 1, NULL, '1', '1', '2018-12-10 13:30:00', NULL, '1'),
(67, 67, 2, '2018-09-01 05:00:00', '2018-12-31 05:00:00', 1, NULL, '1', '1', '2018-12-10 13:30:00', NULL, '1'),
(68, 68, 2, '2018-09-01 05:00:00', '2018-12-31 05:00:00', 1, NULL, '1', '1', '2018-12-10 13:30:00', NULL, '1'),
(69, 69, 2, '2018-09-01 05:00:00', '2018-12-31 05:00:00', 1, NULL, '1', '1', '2018-12-10 13:30:00', NULL, '1'),
(70, 70, 2, '2018-09-01 05:00:00', '2018-12-31 05:00:00', 1, NULL, '1', '1', '2018-12-10 13:30:00', NULL, '1'),
(71, 71, 2, '2018-09-01 05:00:00', '2018-12-31 05:00:00', 1, NULL, '1', '1', '2018-12-10 13:30:00', NULL, '1'),
(72, 72, 2, '2018-09-01 05:00:00', '2018-12-31 05:00:00', 1, NULL, '1', '1', '2018-12-10 13:30:00', NULL, '1'),
(73, 73, 2, '2018-09-01 05:00:00', '2018-12-31 05:00:00', 1, NULL, '1', '1', '2018-12-10 13:30:00', NULL, '1'),
(74, 74, 2, '2018-09-01 05:00:00', '2018-12-31 05:00:00', 1, NULL, '1', '1', '2018-12-10 13:30:00', NULL, '1'),
(75, 75, 2, '2018-09-01 05:00:00', '2018-12-31 05:00:00', 1, NULL, '1', '1', '2018-12-10 13:30:00', NULL, '1'),
(76, 76, 2, '2018-09-01 05:00:00', '2018-12-31 05:00:00', 1, NULL, '1', '1', '2018-12-10 13:30:00', NULL, '1'),
(77, 77, 2, '2018-09-01 05:00:00', '2018-12-31 05:00:00', 1, NULL, '1', '1', '2018-12-10 13:30:00', NULL, '1'),
(78, 78, 2, '2018-09-01 05:00:00', '2018-12-31 05:00:00', 1, NULL, '1', '1', '2018-12-10 13:30:00', NULL, '1'),
(79, 79, 2, '2018-09-01 05:00:00', '2018-12-31 05:00:00', 1, NULL, '1', '1', '2018-12-10 13:30:00', NULL, '1'),
(80, 80, 2, '2018-09-01 05:00:00', '2018-12-31 05:00:00', 1, NULL, '1', '1', '2018-12-10 13:30:00', NULL, '1'),
(81, 81, 2, '2018-09-01 05:00:00', '2018-12-31 05:00:00', 1, NULL, '1', '1', '2018-12-10 13:30:00', NULL, '1'),
(82, 82, 2, '2018-09-01 05:00:00', '2018-12-31 05:00:00', 1, NULL, '1', '1', '2018-12-10 13:30:00', NULL, '1'),
(83, 83, 2, '2018-09-01 05:00:00', '2018-12-31 05:00:00', 1, NULL, '1', '1', '2018-12-10 13:30:00', NULL, '1'),
(84, 84, 2, '2018-09-01 05:00:00', '2018-12-31 05:00:00', 1, NULL, '1', '1', '2018-12-10 13:30:00', NULL, '1'),
(85, 85, 2, '2018-09-01 05:00:00', '2018-12-31 05:00:00', 1, NULL, '1', '1', '2018-12-10 13:30:00', NULL, '1'),
(86, 86, 2, '2018-09-01 05:00:00', '2018-12-31 05:00:00', 1, NULL, '1', '1', '2018-12-10 13:30:00', NULL, '1'),
(87, 87, 2, '2018-09-01 05:00:00', '2018-12-31 05:00:00', 1, NULL, '1', '1', '2018-12-10 13:30:00', NULL, '1'),
(88, 88, 2, '2018-09-01 05:00:00', '2018-12-31 05:00:00', 1, NULL, '1', '1', '2018-12-10 13:30:00', NULL, '1'),
(89, 89, 2, '2018-09-01 05:00:00', '2018-12-31 05:00:00', 1, NULL, '1', '1', '2018-12-10 13:30:00', NULL, '1'),
(90, 90, 2, '2018-09-01 05:00:00', '2018-12-31 05:00:00', 1, NULL, '1', '1', '2018-12-10 13:30:00', NULL, '1'),
(91, 91, 2, '2018-09-01 05:00:00', '2018-12-31 05:00:00', 1, NULL, '1', '1', '2018-12-10 13:30:00', NULL, '1'),
(92, 92, 2, '2018-09-01 05:00:00', '2018-12-31 05:00:00', 1, NULL, '1', '1', '2018-12-10 13:30:00', NULL, '1'),
(93, 93, 2, '2018-09-01 05:00:00', '2018-12-31 05:00:00', 1, NULL, '1', '1', '2018-12-10 13:30:00', NULL, '1'),
(94, 94, 2, '2018-09-01 05:00:00', '2018-12-31 05:00:00', 1, NULL, '1', '1', '2018-12-10 13:30:00', NULL, '1'),
(95, 95, 2, '2018-09-01 05:00:00', '2018-12-31 05:00:00', 1, NULL, '1', '1', '2018-12-10 13:30:00', NULL, '1'),
(96, 96, 2, '2018-09-01 05:00:00', '2018-12-31 05:00:00', 1, NULL, '1', '1', '2018-12-10 13:30:00', NULL, '1'),
(97, 97, 2, '2018-09-01 05:00:00', '2018-12-31 05:00:00', 1, NULL, '1', '1', '2018-12-10 13:30:00', NULL, '1'),
(98, 98, 2, '2018-09-01 05:00:00', '2018-12-31 05:00:00', 1, NULL, '1', '1', '2018-12-10 13:30:00', NULL, '1'),
(99, 99, 2, '2018-09-01 05:00:00', '2018-12-31 05:00:00', 1, NULL, '1', '1', '2018-12-10 13:30:00', NULL, '1'),
(100, 100, 2, '2018-09-01 05:00:00', '2018-12-31 05:00:00', 1, NULL, '1', '1', '2018-12-10 13:30:00', NULL, '1'),
(101, 101, 2, '2018-09-01 05:00:00', '2018-12-31 05:00:00', 1, NULL, '1', '1', '2018-12-10 13:30:00', NULL, '1'),
(102, 102, 2, '2018-09-01 05:00:00', '2018-12-31 05:00:00', 1, NULL, '1', '1', '2018-12-10 13:30:00', NULL, '1'),
(103, 103, 2, '2018-09-01 05:00:00', '2018-12-31 05:00:00', 1, NULL, '1', '1', '2018-12-10 13:30:00', NULL, '1'),
(104, 104, 2, '2018-09-01 05:00:00', '2018-12-31 05:00:00', 1, NULL, '1', '1', '2018-12-10 13:30:00', NULL, '1'),
(105, 105, 2, '2018-09-01 05:00:00', '2018-12-31 05:00:00', 1, NULL, '1', '1', '2018-12-10 13:30:00', NULL, '1'),
(106, 106, 2, '2018-09-01 05:00:00', '2018-12-31 05:00:00', 1, NULL, '1', '1', '2018-12-10 13:30:00', NULL, '1'),
(107, 107, 2, '2018-09-01 05:00:00', '2018-12-31 05:00:00', 1, NULL, '1', '1', '2018-12-10 13:30:00', NULL, '1'),
(108, 108, 2, '2018-09-01 05:00:00', '2018-12-31 05:00:00', 1, NULL, '1', '1', '2018-12-10 13:30:00', NULL, '1'),
(109, 109, 2, '2018-09-01 05:00:00', '2018-12-31 05:00:00', 1, NULL, '1', '1', '2018-12-10 13:30:00', NULL, '1'),
(110, 110, 2, '2018-09-01 05:00:00', '2018-12-31 05:00:00', 1, NULL, '1', '1', '2018-12-10 13:30:00', NULL, '1'),
(111, 111, 2, '2018-09-01 05:00:00', '2018-12-31 05:00:00', 1, NULL, '1', '1', '2018-12-10 13:30:00', NULL, '1'),
(112, 112, 2, '2018-09-01 05:00:00', '2018-12-31 05:00:00', 1, NULL, '1', '1', '2018-12-10 13:30:00', NULL, '1'),
(113, 113, 2, '2018-09-01 05:00:00', '2018-12-31 05:00:00', 1, NULL, '1', '1', '2018-12-10 13:30:00', NULL, '1'),
(114, 114, 2, '2018-09-01 05:00:00', '2018-12-31 05:00:00', 1, NULL, '1', '1', '2018-12-10 13:30:00', NULL, '1'),
(115, 115, 2, '2018-09-01 05:00:00', '2018-12-31 05:00:00', 1, NULL, '1', '1', '2018-12-10 13:30:00', NULL, '1'),
(116, 116, 2, '2018-09-01 05:00:00', '2018-12-31 05:00:00', 1, NULL, '1', '1', '2018-12-10 13:30:00', NULL, '1'),
(117, 117, 2, '2018-09-01 05:00:00', '2018-12-31 05:00:00', 1, NULL, '1', '1', '2018-12-10 13:30:00', NULL, '1'),
(118, 118, 2, '2018-09-01 05:00:00', '2018-12-31 05:00:00', 1, NULL, '1', '1', '2018-12-10 13:30:00', NULL, '1'),
(119, 119, 2, '2018-09-01 05:00:00', '2018-12-31 05:00:00', 1, NULL, '1', '1', '2018-12-10 13:30:00', NULL, '1'),
(120, 120, 2, '2018-09-01 05:00:00', '2018-12-31 05:00:00', 1, NULL, '1', '1', '2018-12-10 13:30:00', NULL, '1'),
(121, 121, 2, '2018-09-01 05:00:00', '2018-12-31 05:00:00', 1, NULL, '1', '1', '2018-12-10 13:30:00', NULL, '1'),
(122, 122, 2, '2018-09-01 05:00:00', '2018-12-31 05:00:00', 1, NULL, '1', '1', '2018-12-10 13:30:00', NULL, '1'),
(123, 123, 2, '2018-09-01 05:00:00', '2018-12-31 05:00:00', 1, NULL, '1', '1', '2018-12-10 13:30:00', NULL, '1'),
(124, 124, 2, '2018-09-01 05:00:00', '2018-12-31 05:00:00', 1, NULL, '1', '1', '2018-12-10 13:30:00', NULL, '1'),
(125, 125, 2, '2018-09-01 05:00:00', '2018-12-31 05:00:00', 1, NULL, '1', '1', '2018-12-10 13:30:00', NULL, '1'),
(126, 126, 2, '2018-09-01 05:00:00', '2018-12-31 05:00:00', 1, NULL, '1', '1', '2018-12-10 13:30:00', NULL, '1'),
(127, 127, 2, '2018-09-01 05:00:00', '2018-12-31 05:00:00', 1, NULL, '1', '1', '2018-12-10 13:30:00', NULL, '1'),
(128, 128, 2, '2018-09-01 05:00:00', '2018-12-31 05:00:00', 1, NULL, '1', '1', '2018-12-10 13:30:00', NULL, '1'),
(129, 129, 2, '2018-09-01 05:00:00', '2018-12-31 05:00:00', 1, NULL, '1', '1', '2018-12-10 13:30:00', NULL, '1'),
(130, 130, 2, '2018-09-01 05:00:00', '2018-12-31 05:00:00', 1, NULL, '1', '1', '2018-12-10 13:30:00', NULL, '1'),
(131, 131, 2, '2018-09-01 05:00:00', '2018-12-31 05:00:00', 1, NULL, '1', '1', '2018-12-10 13:30:00', NULL, '1'),
(132, 132, 2, '2018-09-01 05:00:00', '2018-12-31 05:00:00', 1, NULL, '1', '1', '2018-12-10 13:30:00', NULL, '1'),
(133, 133, 2, '2018-09-01 05:00:00', '2018-12-31 05:00:00', 1, NULL, '1', '1', '2018-12-10 13:30:00', NULL, '1'),
(134, 134, 2, '2018-09-01 05:00:00', '2018-12-31 05:00:00', 1, NULL, '1', '1', '2018-12-10 13:30:00', NULL, '1'),
(135, 135, 2, '2018-09-01 05:00:00', '2018-12-31 05:00:00', 1, NULL, '1', '1', '2018-12-10 13:30:00', NULL, '1'),
(136, 136, 2, '2018-09-01 05:00:00', '2018-12-31 05:00:00', 1, NULL, '1', '1', '2018-12-10 13:30:00', NULL, '1'),
(137, 137, 2, '2018-09-01 05:00:00', '2018-12-31 05:00:00', 1, NULL, '1', '1', '2018-12-10 13:30:00', NULL, '1'),
(138, 138, 2, '2018-09-01 05:00:00', '2018-12-31 05:00:00', 1, NULL, '1', '1', '2018-12-10 13:30:00', NULL, '1'),

(139, 139, 2, '2018-09-01 05:00:00', '2018-12-31 05:00:00', 1, NULL, '1', '1', '2018-12-10 13:30:00', NULL, '1'),
(140, 140, 2, '2018-09-01 05:00:00', '2018-12-31 05:00:00', 1, NULL, '1', '1', '2018-12-10 13:30:00', NULL, '1'),
(141, 141, 2, '2018-09-01 05:00:00', '2018-12-31 05:00:00', 1, NULL, '1', '1', '2018-12-10 13:30:00', NULL, '1'),
(142, 142, 2, '2018-09-01 05:00:00', '2018-12-31 05:00:00', 1, NULL, '1', '1', '2018-12-10 13:30:00', NULL, '1'),
(143, 143, 2, '2018-09-01 05:00:00', '2018-12-31 05:00:00', 1, NULL, '1', '1', '2018-12-10 13:30:00', NULL, '1'),
(144, 144, 2, '2018-09-01 05:00:00', '2018-12-31 05:00:00', 1, NULL, '1', '1', '2018-12-10 13:30:00', NULL, '1'),

(145, 145, 3, '2019-03-26 15:30:00', '2019-12-31 23:59:59', 1, NULL, '1', '1', '2019-03-26 15:30:00', NULL, '1'),
(146, 146, 3, '2019-03-26 15:30:00', '2019-12-31 23:59:59', 1, NULL, '1', '1', '2019-03-26 15:30:00', NULL, '1');

-- --------------------------------------------------------
--
-- Volcado de datos para la tabla `area_conocimiento`
--
INSERT INTO `area_conocimiento` (`acon_id`, `acon_nombre`, `acon_descripcion`, `acon_usuario_ingreso`, `acon_estado`, `acon_estado_logico`) VALUES
(1, 'Programas generales', 'Descripción de área de conocimiento', 1, '1', '1'),
(2, 'Educación', 'Descripción de área de conocimiento', 1, '1', '1'),
(3, 'Humanidades y artes', 'Descripción de área de conocimiento', 1, '1', '1'),
(4, 'Ciencias sociales, educación comercial y derecho', 'Descripción de área de conocimiento', 1, '1', '1'),
(5, 'Ciencias', 'Descripción de área de conocimiento', 1, '1', '1'),
(6, 'Ingeniería, industria y construcción', 'Descripción de área de conocimiento', 1, '1', '1'),
(7, 'Agricultura', 'Descripción de área de conocimiento', 1, '1', '1'),
(8, 'Salud y sociales servicios', 'Descripción de área de conocimiento', 1, '1', '1'),
(9, 'Servicios', 'Descripción de área de conocimiento', 1, '1', '1'),
(10, 'Sectores desconocidos no especificados', 'Descripción de área de conocimiento', 1, '1', '1');

-- --------------------------------------------------------
--
-- Volcado de datos para la tabla `subarea_conocimiento`
--
INSERT INTO `subarea_conocimiento` (`scon_id`, `acon_id`, `scon_nombre`, `scon_descripcion`, `scon_usuario_ingreso`, `scon_estado`, `scon_estado_logico`) VALUES
(1, 1, 'Programas básicos', 'Descripción de subárea de conocimiento', 1, '1', '1'),
(2, 1, 'Programas de alfabetización y de aritmética', 'Descripción de subárea de conocimiento', 1, '1', '1'),
(3, 1, 'Desarrollo personal', 'Descripción de subárea de conocimiento', 1, '1', '1'),
(4, 2, 'Formación de personal docente y ciencias de la educación', 'Descripción de subárea de conocimiento', 1, '1', '1'),
(5, 3, 'Artes', 'Descripción de subárea de conocimiento', 1, '1', '1'),
(6, 3, 'Humanidades', 'Descripción de subárea de conocimiento', 1, '1', '1'),
(7, 4, 'Ciencias sociales y del comportamiento', 'Descripción de subárea de conocimiento', 1, '1', '1'),
(8, 4, 'Periodismo e información', 'Descripción de subárea de conocimiento', 1, '1', '1'),
(9, 4, 'Educación comercial y administración', 'Descripción de subárea de conocimiento', 1, '1', '1'),
(10, 4, 'Derecho', 'Descripción de subárea de conocimiento', 1, '1', '1'),
(11, 5, 'Ciencias de la vida', 'Descripción de subárea de conocimiento', 1, '1', '1'),
(12, 5, 'Ciencias físicas', 'Descripción de subárea de conocimiento', 1, '1', '1'),
(13, 5, 'Matemáticas y estadística', 'Descripción de subárea de conocimiento', 1, '1', '1'),
(14, 5, 'Informática', 'Descripción de subárea de conocimiento', 1, '1', '1'),
(15, 6, 'Ingeniería y profesiones afines', 'Descripción de subárea de conocimiento', 1, '1', '1'),
(16, 6, 'Industria y producción', 'Descripción de subárea de conocimiento', 1, '1', '1'),
(17, 6, 'Arquitectura y construcción', 'Descripción de subárea de conocimiento', 1, '1', '1'),
(18, 7, 'Agricultura, silvicultura y pesca', 'Descripción de subárea de conocimiento', 1, '1', '1'),
(19, 7, 'Veterinaria', 'Descripción de subárea de conocimiento', 1, '1', '1'),
(20, 8, 'Medicina', 'Descripción de subárea de conocimiento', 1, '1', '1'),
(21, 8, 'Servicios sociales', 'Descripción de subárea de conocimiento', 1, '1', '1'),
(22, 9, 'Servicios personales', 'Descripción de subárea de conocimiento', 1, '1', '1'),
(23, 9, 'Servicios de transporte', 'Descripción de subárea de conocimiento', 1, '1', '1'),
(24, 9, 'Protección del medio ambiente', 'Descripción de subárea de conocimiento', 1, '1', '1'),
(25, 9, 'Servicios de seguridad', 'Descripción de subárea de conocimiento', 1, '1', '1');

-- --------------------------------------------------------
--
-- Volcado de datos para la tabla `asignatura` 
--
INSERT INTO `asignatura` (`asi_id`, `scon_id`, `asi_nombre`, `asi_descripcion`, `asi_usuario_ingreso`, `asi_usuario_modifica`, `asi_estado`, `asi_fecha_creacion`, `asi_fecha_modificacion`, `asi_estado_logico`) VALUES
(1, 1, 'Matemáticas - CAN', 'Matemáticas - CAN', 1, NULL, '1', '2018-05-08 22:15:37', NULL, '1'),
(2, 1, 'Contabilidad - CAN', 'Contabilidad - CAN', 1, NULL, '1', '2018-05-08 22:15:37', NULL, '1'),
(3, 1, 'Técnicas de comunicación oral - CAN', 'Técnicas de comunicación oral - CAN', 1, NULL, '1', '2018-05-08 22:16:01', NULL, '1'),
(4, 1, 'Desarrollo del Pensamiento - CAN', 'Desarrollo del Pensamiento - CAN', 1, NULL, '1', '2018-05-08 22:16:52', NULL, '1'),
(5, 1, 'Emprendimiento - CAN', 'Emprendimiento - CAN', 1, NULL, '1', '2018-05-08 22:16:52', NULL, '1'),
(6, 1, 'Física - CAN', 'Física - CAN', 1, NULL, '1', '2018-05-08 22:16:52', NULL, '1'),
/* Grado */
(7, 1, 'Actualidad Económica', 'Actualidad Económica', 1, NULL, 1, '2019-02-12 16:00:00', NULL, 1),
(8, 1, 'Administración de Centros De Cómputo', 'Administración de Centros De Cómputo', 1, NULL, 1, '2019-02-12 16:00:00', NULL, 1),
(9, 1, 'Administración de Recursos Humanos', 'Administración de Recursos Humanos', 1, NULL, 1, '2019-02-12 16:00:00', NULL, 1),
(10, 1, 'Administración de Redes', 'Administración de Redes', 1, NULL, 1, '2019-02-12 16:00:00', NULL, 1),
(11, 1, 'Administración de Ventas', 'Administración de Ventas', 1, NULL, 1, '2019-02-12 16:00:00', NULL, 1),
(12, 1, 'Algebra Lineal', 'Algebra Lineal', 1, NULL, 1, '2019-02-12 16:00:00', NULL, 1),
(13, 1, 'Análisis de Redes Eléctricas I', 'Análisis de Redes Eléctricas I', 1, NULL, 1, '2019-02-12 16:00:00', NULL, 1),
(14, 1, 'Auditoría de Calidad-2009', 'Auditoría de Calidad-2009', 1, NULL, 1, '2019-02-12 16:00:00', NULL, 1),
(15, 1, 'Benchmarking', 'Benchmarking', 1, NULL, 1, '2019-02-12 16:00:00', NULL, 1),
(16, 1, 'Competitividad', 'Competitividad', 1, NULL, 1, '2019-02-12 16:00:00', NULL, 1),
(17, 1, 'Comportamiento Profesional y Ambiental 2009', 'Comportamiento Profesional y Ambiental 2009', 1, NULL, 1, '2019-02-12 16:00:00', NULL, 1),
(18, 1, 'Comunicación Oral y Escrita', 'Comunicación Oral y Escrita', 1, NULL, 1, '2019-02-12 16:00:00', NULL, 1),
(19, 1, 'Comunicación Profesional y Liderazgo', 'Comunicación Profesional y Liderazgo', 1, NULL, 1, '2019-02-12 16:00:00', NULL, 1),
(20, 1, 'Conducción de Grupos', 'Conducción de Grupos', 1, NULL, 1, '2019-02-12 16:00:00', NULL, 1),
(21, 1, 'Contabilidad General', 'Contabilidad General', 1, NULL, 1, '2019-02-12 16:00:00', NULL, 1),
(22, 1, 'Contabilidad Gerencial', 'Contabilidad Gerencial', 1, NULL, 1, '2019-02-12 16:00:00', NULL, 1),
(23, 1, 'Contabilidad para el Pre-Universitario', 'Contabilidad para el Pre-Universitario', 1, NULL, 1, '2019-02-12 16:00:00', NULL, 1),
(24, 1, 'Créditos Documentarios-2009', 'Créditos Documentarios-2009', 1, NULL, 1, '2019-02-12 16:00:00', NULL, 1),
(25, 1, 'Derecho', 'Derecho', 1, NULL, 1, '2019-02-12 16:00:00', NULL, 1),
(26, 1, 'Derecho Constitucional – (FT)', 'Derecho Constitucional – (FT)', 1, NULL, 1, '2019-02-12 16:00:00', NULL, 1),
(27, 1, 'Derecho I-2009', 'Derecho I-2009', 1, NULL, 1, '2019-02-12 16:00:00', NULL, 1),
(28, 1, 'Derecho Laboral', 'Derecho Laboral', 1, NULL, 1, '2019-02-12 16:00:00', NULL, 1),
(29, 1, 'Desarrollo del Pensamiento-Pre', 'Desarrollo del Pensamiento-Pre', 1, NULL, 1, '2019-02-12 16:00:00', NULL, 1),
(30, 1, 'Economía del Factor Humano-2009', 'Economía del Factor Humano-2009', 1, NULL, 1, '2019-02-12 16:00:00', NULL, 1),
(31, 1, 'Elementary 1', 'Elementary 1', 1, NULL, 1, '2019-02-12 16:00:00', NULL, 1),
(32, 1, 'Emprendimiento', 'Emprendimiento', 1, NULL, 1, '2019-02-12 16:00:00', NULL, 1),
(33, 1, 'Empresas Multinacionales-2009', 'Empresas Multinacionales-2009', 1, NULL, 1, '2019-02-12 16:00:00', NULL, 1),
(34, 1, 'Epistemología de las Ciencias', 'Epistemología de las Ciencias', 1, NULL, 1, '2019-02-12 16:00:00', NULL, 1),
(35, 1, 'Escuelas y Enfoques Teóricos de la Psicología Apli', 'Escuelas y Enfoques Teóricos de la Psicología Apli', 1, NULL, 1, '2019-02-12 16:00:00', NULL, 1),
(36, 1, 'Epistemología de la Contabilidad', 'Epistemología de la Contabilidad', 1, NULL, 1, '2019-02-12 16:00:00', NULL, 1),
(37, 1, 'Estadística Aplicada II', 'Estadística Aplicada II', 1, NULL, 1, '2019-02-12 16:00:00', NULL, 1),
(38, 1, 'Estadística II', 'Estadística II', 1, NULL, 1, '2019-02-12 16:00:00', NULL, 1),
(39, 1, 'Ética Profesional', 'Ética Profesional', 1, NULL, 1, '2019-02-12 16:00:00', NULL, 1),
(40, 1, 'Evaluación de Sistemas-2009', 'Evaluación de Sistemas-2009', 1, NULL, 1, '2019-02-12 16:00:00', NULL, 1),
(41, 1, 'Evaluación Psicológica II', 'Evaluación Psicológica II', 1, NULL, 1, '2019-02-12 16:00:00', NULL, 1),
(42, 1, 'Finanzas II', 'Finanzas II', 1, NULL, 1, '2019-02-12 16:00:00', NULL, 1),
(43, 1, 'Finanzas Públicas', 'Finanzas Públicas', 1, NULL, 1, '2019-02-12 16:00:00', NULL, 1),
(44, 1, 'Física I', 'Física I', 1, NULL, 1, '2019-02-12 16:00:00', NULL, 1),
(45, 1, 'Física III', 'Física III', 1, NULL, 1, '2019-02-12 16:00:00', NULL, 1),
(46, 1, 'Física para el Pre', 'Física para el Pre', 1, NULL, 1, '2019-02-12 16:00:00', NULL, 1),
(47, 1, 'Francés II', 'Francés II', 1, NULL, 1, '2019-02-12 16:00:00', NULL, 1),
(48, 1, 'Francés III', 'Francés III', 1, NULL, 1, '2019-02-12 16:00:00', NULL, 1),
(49, 1, 'Francés IV', 'Francés IV', 1, NULL, 1, '2019-02-12 16:00:00', NULL, 1),
(50, 1, 'Fundamentos de Administración', 'Fundamentos de Administración', 1, NULL, 1, '2019-02-12 16:00:00', NULL, 1),
(51, 1, 'Fundamentos de Economía', 'Fundamentos de Economía', 1, NULL, 1, '2019-02-12 16:00:00', NULL, 1),
(52, 1, 'Fundamentos de Mercadotecnia', 'Fundamentos de Mercadotecnia', 1, NULL, 1, '2019-02-12 16:00:00', NULL, 1),
(53, 1, 'Gerencia de Recursos Humanos', 'Gerencia de Recursos Humanos', 1, NULL, 1, '2019-02-12 16:00:00', NULL, 1),
(54, 1, 'Gestión de Abastecimiento (4C)', 'Gestión de Abastecimiento (4C)', 1, NULL, 1, '2019-02-12 16:00:00', NULL, 1),
(55, 1, 'Gestión del Alojamiento', 'Gestión del Alojamiento', 1, NULL, 1, '2019-02-12 16:00:00', NULL, 1),
(56, 1, 'Herramientas Informática Portuaria-2009', 'Herramientas Informática Portuaria-2009', 1, NULL, 1, '2019-02-12 16:00:00', NULL, 1),
(57, 1, 'Higiene y Seguridad Laboral', 'Higiene y Seguridad Laboral', 1, NULL, 1, '2019-02-12 16:00:00', NULL, 1),
(58, 1, 'Ingeniería Económica', 'Ingeniería Económica', 1, NULL, 1, '2019-02-12 16:00:00', NULL, 1),
(59, 1, 'Inglés Técnico II-2009', 'Inglés Técnico II-2009', 1, NULL, 1, '2019-02-12 16:00:00', NULL, 1),
(60, 1, 'Intermediate 1', 'Intermediate 1', 1, NULL, 1, '2019-02-12 16:00:00', NULL, 1),
(61, 1, 'Intermediate II', 'Intermediate II', 1, NULL, 1, '2019-02-12 16:00:00', NULL, 1),
(62, 1, 'Internet y Herramientas Informáticas Básicas', 'Internet y Herramientas Informáticas Básicas', 1, NULL, 1, '2019-02-12 16:00:00', NULL, 1),
(63, 1, 'Legislación Aplicada-2009', 'Legislación Aplicada-2009', 1, NULL, 1, '2019-02-12 16:00:00', NULL, 1),
(64, 1, 'Macroeconomía', 'Macroeconomía', 1, NULL, 1, '2019-02-12 16:00:00', NULL, 1),
(65, 1, 'Marketing I', 'Marketing I', 1, NULL, 1, '2019-02-12 16:00:00', NULL, 1),
(66, 1, 'Marketing II', 'Marketing II', 1, NULL, 1, '2019-02-12 16:00:00', NULL, 1),
(67, 1, 'Marketing Industrial y de Servicios-2009', 'Marketing Industrial y de Servicios-2009', 1, NULL, 1, '2019-02-12 16:00:00', NULL, 1),
(68, 1, 'Matemáticas Aplicada a la Economía-2009', 'Matemáticas Aplicada a la Economía-2009', 1, NULL, 1, '2019-02-12 16:00:00', NULL, 1),
(69, 1, 'Matemáticas Discretas', 'Matemáticas Discretas', 1, NULL, 1, '2019-02-12 16:00:00', NULL, 1),
(70, 1, 'Matemáticas Financiera', 'Matemáticas Financiera', 1, NULL, 1, '2019-02-12 16:00:00', NULL, 1),
(71, 1, 'Matemáticas I', 'Matemáticas I', 1, NULL, 1, '2019-02-12 16:00:00', NULL, 1),
(72, 1, 'Matemáticas II', 'Matemáticas II', 1, NULL, 1, '2019-02-12 16:00:00', NULL, 1),
(73, 1, 'Matemáticas para el Pre-Universitario', 'Matemáticas para el Pre-Universitario', 1, NULL, 1, '2019-02-12 16:00:00', NULL, 1),
(74, 1, 'Medición y Evaluación del Recurso Humano', 'Medición y Evaluación del Recurso Humano', 1, NULL, 1, '2019-02-12 16:00:00', NULL, 1),
(75, 1, 'Métodos de Dirección y Management (4C)', 'Métodos de Dirección y Management (4C)', 1, NULL, 1, '2019-02-12 16:00:00', NULL, 1),
(76, 1, 'Microeconomía', 'Microeconomía', 1, NULL, 1, '2019-02-12 16:00:00', NULL, 1),
(77, 1, 'Monedas e Instituciones Financieras-2009', 'Monedas e Instituciones Financieras-2009', 1, NULL, 1, '2019-02-12 16:00:00', NULL, 1),
(78, 1, 'Normas de Valoración-2009', 'Normas de Valoración-2009', 1, NULL, 1, '2019-02-12 16:00:00', NULL, 1),
(79, 1, 'Normativa de Intercambio Comercial-2009', 'Normativa de Intercambio Comercial-2009', 1, NULL, 1, '2019-02-12 16:00:00', NULL, 1),
(80, 1, 'Operaciones de Medios de Transporte-2009', 'Operaciones de Medios de Transporte-2009', 1, NULL, 1, '2019-02-12 16:00:00', NULL, 1),
(81, 1, 'Operaciones Portuarias-2009', 'Operaciones Portuarias-2009', 1, NULL, 1, '2019-02-12 16:00:00', NULL, 1),
(82, 1, 'Organización Empresarial', 'Organización Empresarial', 1, NULL, 1, '2019-02-12 16:00:00', NULL, 1),
(83, 1, 'Organización Marítima Intl. y Sistemas P', 'Organización Marítima Intl. y Sistemas P', 1, NULL, 1, '2019-02-12 16:00:00', NULL, 1),
(84, 1, 'Pastelería y Repostería', 'Pastelería y Repostería', 1, NULL, 1, '2019-02-12 16:00:00', NULL, 1),
(85, 1, 'Planta Externa-2009', 'Planta Externa-2009', 1, NULL, 1, '2019-02-12 16:00:00', NULL, 1),
(86, 1, 'Pre-Intermediate 1', 'Pre-Intermediate 1', 1, NULL, 1, '2019-02-12 16:00:00', NULL, 1),
(87, 1, 'Pre-Intermediate II', 'Pre-Intermediate II', 1, NULL, 1, '2019-02-12 16:00:00', NULL, 1),
(88, 1, 'Presupuesto', 'Presupuesto', 1, NULL, 1, '2019-02-12 16:00:00', NULL, 1),
(89, 1, 'Presupuesto I-2009', 'Presupuesto I-2009', 1, NULL, 1, '2019-02-12 16:00:00', NULL, 1),
(90, 1, 'Presupuesto II', 'Presupuesto II', 1, NULL, 1, '2019-02-12 16:00:00', NULL, 1),
(91, 1, 'Proyecto Empresarial III', 'Proyecto Empresarial III', 1, NULL, 1, '2019-02-12 16:00:00', NULL, 1),
(92, 1, 'Psicología General', 'Psicología General - (FT) -TH', 1, NULL, 1, '2019-02-12 16:00:00', NULL, 1),
(93, 1, 'Psicología Organizacional I', 'Psicología Organizacional I', 1, NULL, 1, '2019-02-12 16:00:00', NULL, 1),
(94, 1, 'Psicopatología General', 'Psicopatología General', 1, NULL, 1, '2019-02-12 16:00:00', NULL, 1),
(95, 1, 'Public Choice-2009', 'Public Choice-2009', 1, NULL, 1, '2019-02-12 16:00:00', NULL, 1),
(96, 1, 'Reclutamiento y Selección', 'Reclutamiento y Selección', 1, NULL, 1, '2019-02-12 16:00:00', NULL, 1),
(97, 1, 'Redes de Acceso I', 'Redes de Acceso I', 1, NULL, 1, '2019-02-12 16:00:00', NULL, 1),
(98, 1, 'Redes II-2009', 'Redes II-2009', 1, NULL, 1, '2019-02-12 16:00:00', NULL, 1),
(99, 1, 'Sistemas Lineales', 'Sistemas Lineales', 1, NULL, 1, '2019-02-12 16:00:00', NULL, 1),
(100, 1, 'Taller II-2009', 'Taller II-2009', 1, NULL, 1, '2019-02-12 16:00:00', NULL, 1),
(101, 1, 'Taller III-2009', 'Taller III-2009', 1, NULL, 1, '2019-02-12 16:00:00', NULL, 1),
(102, 1, 'Técnicas de Comunicación Oral y Escrita', 'Técnicas de Comunicación Oral y Escrita', 1, NULL, 1, '2019-02-12 16:00:00', NULL, 1),
(103, 1, 'Técnicas de la Comunicación', 'Técnicas de la Comunicación', 1, NULL, 1, '2019-02-12 16:00:00', NULL, 1),
(104, 1, 'Técnicas de Negociación', 'Técnicas de Negociación', 1, NULL, 1, '2019-02-12 16:00:00', NULL, 1),
(105, 1, 'Técnicas de Ventas-2009', 'Técnicas de Ventas-2009', 1, NULL, 1, '2019-02-12 16:00:00', NULL, 1),
(106, 1, 'Trámites Aduaneros-2009', 'Trámites Aduaneros-2009', 1, NULL, 1, '2019-02-12 16:00:00', NULL, 1),
(107, 1, 'Transportación Turística', 'Transportación Turística', 1, NULL, 1, '2019-02-12 16:00:00', NULL, 1),
/* Posgrado */
(108, 1, 'Análisis del Entorno Político y Económico', 'Análisis del Entorno Político y Económico', 1, NULL, 1, '2018-02-22 11:30:00', NULL, 1),
(109, 1, 'Contabilidad Gerencial', 'Contabilidad Gerencial', 1, NULL, 1, '2018-02-22 11:30:00', NULL, 1),
(110, 1, 'Derecho Empresarial', 'Derecho Empresarial', 1, NULL, 1, '2018-02-22 11:30:00', NULL, 1),
(111, 1, 'Estadística e Introducción a la Econometría', 'Estadística e Introducción a la Econometría', 1, NULL, 1, '2018-02-22 11:30:00', NULL, 1),
(112, 1, 'Estrategias Competitivas', 'Estrategias Competitivas', 1, NULL, 1, '2018-02-22 11:30:00', NULL, 1),
(113, 1, 'Etica y Valores', 'Etica y Valores', 1, NULL, 1, '2018-02-22 11:30:00', NULL, 1),
(114, 1, 'Evaluación de Proyectos y Análisis de Riesgo', 'Evaluación de Proyectos y Análisis de Riesgo', 1, NULL, 1, '2018-02-22 11:30:00', NULL, 1),
(115, 1, 'Eventos y Publicaciones', 'Eventos y Publicaciones', 1, NULL, 1, '2018-02-22 11:30:00', NULL, 1),
(116, 1, 'Gerencia de Finanzas', 'Gerencia de Finanzas', 1, NULL, 1, '2018-02-22 11:30:00', NULL, 1),
(117, 1, 'Gerencia de la Innovación Interna de la Empresa', 'Gerencia de la Innovación Interna de la Empresa', 1, NULL, 1, '2018-02-22 11:30:00', NULL, 1),
(118, 1, 'Gerencia de Marketing', 'Gerencia de Marketing', 1, NULL, 1, '2018-02-22 11:30:00', NULL, 1),
(119, 1, 'Gestión Estratégica del Talento Humano', 'Gestión Estratégica del Talento Humano', 1, NULL, 1, '2018-02-22 11:30:00', NULL, 1),
(120, 1, 'Liderazgo Transformacional', 'Liderazgo Transformacional', 1, NULL, 1, '2018-02-22 11:30:00', NULL, 1),
(121, 1, 'Metodología de la Investigación', 'Metodología de la Investigación', 1, NULL, 1, '2018-02-22 11:30:00', NULL, 1),
(122, 1, 'Saberes y Cultura', 'Saberes y Cultura', 1, NULL, 1, '2018-02-22 11:30:00', NULL, 1),
(123, 1, 'Taller de Titulación I', 'Taller de Titulación I', 1, NULL, 1, '2018-02-22 11:30:00', NULL, 1),
(124, 1, 'Taller de Titulación II', 'Taller de Titulación II', 1, NULL, 1, '2018-02-22 11:30:00', NULL, 1),
(125, 1, 'Taller de Titulacion III', 'Taller de Titulacion III', 1, NULL, 1, '2018-02-22 11:30:00', NULL, 1),
(126, 1, 'Teoría Fundamental de la Organización y Gestión de', 'Teoría Fundamental de la Organización y Gestión de', 1, NULL, 1, '2019-02-22 11:30:00', NULL, 1),
(127, 1, 'Trabajo de Titulación', 'Trabajo de Titulación', 1, NULL, 1, '2019-02-22 11:30:00', NULL, 1),
(128, 1, 'Administración Estratégica', 'Administración Estratégica', 1, NULL, 1, '2018-02-22 11:30:00', NULL, 1),
(129, 1, 'Administración Financiera', 'Administración Financiera', 1, NULL, 1, '2018-02-22 11:30:00', NULL, 1),
(130, 1, 'Análisis Financiero para la Toma de Decisiones', 'Análisis Financiero para la Toma de Decisiones', 1, NULL, 1, '2018-02-22 11:30:00', NULL, 1),
(131, 1, 'Clima y Cultura Organizacional en la Empresa Famil', 'Clima y Cultura Organizacional en la Empresa Famil', 1, NULL, 1, '2018-02-22 11:30:00', NULL, 1),
(132, 1, 'Dirección Estratégica del Marketing', 'Dirección Estratégica del Marketing', 1, NULL, 1, '2018-02-22 11:30:00', NULL, 1),
(133, 1, 'Dirección Estratégica del Talento Humano', 'Dirección Estratégica del Talento Humano', 1, NULL, 1, '2018-02-22 11:30:00', NULL, 1),
(134, 1, 'Epistemología de la Administración', 'Epistemología de la Administración', 1, NULL, 1, '2018-02-22 11:30:00', NULL, 1),
(135, 1, 'Estructura y Organos de Gobierno', 'Estructura y Organos de Gobierno', 1, NULL, 1, '2018-02-22 11:30:00', NULL, 1),
(136, 1, 'Etica y Responsabilidad Social Corporativa', 'Etica y Responsabilidad Social Corporativa', 1, NULL, 1, '2018-02-22 11:30:00', NULL, 1),
(137, 1, 'Gestión de la Propiedad en la Empresa Familiar', 'Gestión de la Propiedad en la Empresa Familiar', 1, NULL, 1, '2018-02-22 11:30:00', NULL, 1),
(138, 1, 'Innovación en la Empresa Familiar', 'Innovación en la Empresa Familiar', 1, NULL, 1, '2018-02-22 11:30:00', NULL, 1),
(139, 1, 'Interculturalidad y Saberes Ancestrales', 'Interculturalidad y Saberes Ancestrales', 1, NULL, 1, '2018-02-22 11:30:00', NULL, 1),
(140, 1, 'Metodología de la Investigación Científica', 'Metodología de la Investigación Científica', 1, NULL, 1, '2018-02-22 11:30:00', NULL, 1),
(141, 1, 'Suseción en la Continuidad de la Empresa Familiar', 'Suseción en la Continuidad de la Empresa Familiar', 1, NULL, 1, '2018-02-22 11:30:00', NULL, 1),
(142, 1, 'Taller de Tesis I', 'Taller de Tesis I', 1, NULL, 1, '2018-02-22 11:30:00', NULL, 1),
(143, 1, 'Taller de Tesis II', 'Taller de Tesis II', 1, NULL, 1, '2018-02-22 11:30:00', NULL, 1),
(144, 1, 'Taller de Tesis III', 'Taller de Tesis III', 1, NULL, 1, '2018-02-22 11:30:00', NULL, 1),
(145, 1, 'Análisis del Entorno Financiero y Tributario', 'Análisis del Entorno Financiero y Tributario', 1, NULL, 1, '2018-02-22 11:30:00', NULL, 1),
(146, 1, 'Contabilidad Gerencial', 'Contabilidad Gerencial', 1, NULL, 1, '2019-02-22 11:30:00', NULL, 1),
(147, 1, 'Derecho Empresarial', 'Derecho Empresarial', 1, NULL, 1, '2019-02-22 11:30:00', NULL, 1),
(148, 1, 'Derecho Tributario', 'Derecho Tributario', 1, NULL, 1, '2018-02-22 11:30:00', NULL, 1),
(149, 1, 'Economía Empresarial', 'Economía Empresarial', 1, NULL, 1, '2018-02-22 11:30:00', NULL, 1),
(150, 1, 'Estadistica e Introducción a la Econometría', 'Estadistica e Introducción a la Econometría', 1, NULL, 1, '2018-02-22 11:30:00', NULL, 1),
(151, 1, 'Estudio y Análisis de IVA e ICE', 'Estudio y Análisis de IVA e ICE', 1, NULL, 1, '2018-02-22 11:30:00', NULL, 1),
(152, 1, 'Estudio y Análisis de otros Tributos', 'Estudio y Análisis de otros Tributos', 1, NULL, 1, '2018-02-22 11:30:00', NULL, 1),
(153, 1, 'Estudio y Análisis Impuesto a la Renta', 'Estudio y Análisis Impuesto a la Renta', 1, NULL, 1, '2018-02-22 11:30:00', NULL, 1),
(154, 1, 'Etica y Valores', 'Etica y Valores', 1, NULL, 1, '2018-02-22 11:30:00', NULL, 1),
(155, 1, 'Evaluación de Proyectos', 'Evaluación de Proyectos', 1, NULL, 1, '2018-02-22 11:30:00', NULL, 1),
(156, 1, 'Eventos y Publicaciones', 'Eventos y Publicaciones', 1, NULL, 1, '2018-02-22 11:30:00', NULL, 1),
(157, 1, 'Finanzas Corporativas', 'Finanzas Corporativas', 1, NULL, 1, '2018-02-22 11:30:00', NULL, 1),
(158, 1, 'Finanzas Públicas', 'Finanzas Públicas', 1, NULL, 1, '2018-02-22 11:30:00', NULL, 1),
(159, 1, 'Metodología de la Investigación', 'Metodología de la Investigación', 1, NULL, 1, '2018-02-22 11:30:00', NULL, 1),
(160, 1, 'Planificación y Gestión Financiera y Tributaria', 'Planificación y Gestión Financiera y Tributaria', 1, NULL, 1, '2018-02-22 11:30:00', NULL, 1),
(161, 1, 'Presupuesto y Análisis Financiero', 'Presupuesto y Análisis Financiero', 1, NULL, 1, '2018-02-22 11:30:00', NULL, 1),
(162, 1, 'Saberes y Cultura', 'Saberes y Cultura', 1, NULL, 1, '2018-02-22 11:30:00', NULL, 1),
(163, 1, 'Taller de Titulación I', 'Taller de Titulación I', 1, NULL, 1, '2018-02-22 11:30:00', NULL, 1),
(164, 1, 'Taller de Titulación II', 'Taller de Titulación II', 1, NULL, 1, '2018-02-22 11:30:00', NULL, 1),
(165, 1, 'Taller de Titulación III', 'Taller de Titulación III', 1, NULL, 1, '2018-02-22 11:30:00', NULL, 1),
(166, 1, 'Teoría Financiera y Tributaria', 'Teoría Financiera y Tributaria', 1, NULL, 1, '2019-02-22 11:30:00', NULL, 1),
(167, 1, 'Trabajo de Titulación', 'Trabajo de Titulación', 1, NULL, 1, '2019-02-22 11:30:00', NULL, 1),
(168, 1, 'Análisis Cualitativo Aplicado Gestión de Emp Turis', 'Análisis Cualitativo Aplicado Gestión de Emp Turis', 1, NULL, 1, '2018-02-22 11:30:00', NULL, 1),
(169, 1, 'Comunicación Turística', 'Comunicación Turística', 1, NULL, 1, '2018-02-22 11:30:00', NULL, 1),
(170, 1, 'Desarrollo Turístico Sostenible', 'Desarrollo Turístico Sostenible', 1, NULL, 1, '2018-02-22 11:30:00', NULL, 1),
(171, 1, 'Dirección y Gestión de Empresas Turísticas', 'Dirección y Gestión de Empresas Turísticas', 1, NULL, 1, '2018-02-22 11:30:00', NULL, 1),
(172, 1, 'Economía del Turismo', 'Economía del Turismo', 1, NULL, 1, '2018-02-22 11:30:00', NULL, 1),
(173, 1, 'Epistemología de la Administración del Turismo', 'Epistemología de la Administración del Turismo', 1, NULL, 1, '2018-02-22 11:30:00', NULL, 1),
(174, 1, 'Estadística Aplicada a Gestión Empresas Turísticas', 'Estadística Aplicada a Gestión Empresas Turísticas', 1, NULL, 1, '2018-02-22 11:30:00', NULL, 1),
(175, 1, 'Fundamentos Dimensiones y Tendencias del Turismo', 'Fundamentos Dimensiones y Tendencias del Turismo', 1, NULL, 1, '2018-02-22 11:30:00', NULL, 1),
(176, 1, 'Gestión Ambiental del Turismo', 'Gestión Ambiental del Turismo', 1, NULL, 1, '2018-02-22 11:30:00', NULL, 1),
(177, 1, 'Gestión de Alojamiento', 'Gestión de Alojamiento', 1, NULL, 1, '2018-02-22 11:30:00', NULL, 1),
(178, 1, 'Gestión de Destinos Turísticos', 'Gestión de Destinos Turísticos', 1, NULL, 1, '2018-02-22 11:30:00', NULL, 1),
(179, 1, 'Gestión de la Calidad en Empresas Turísticas', 'Gestión de la Calidad en Empresas Turísticas', 1, NULL, 1, '2018-02-22 11:30:00', NULL, 1),
(180, 1, 'Gestión de la Movilidad e Intermediación Turística', 'Gestión de la Movilidad e Intermediación Turística', 1, NULL, 1, '2018-02-22 11:30:00', NULL, 1),
(181, 1, 'Gestión de Recursos y Productos Turísticos', 'Gestión de Recursos y Productos Turísticos', 1, NULL, 1, '2018-02-22 11:30:00', NULL, 1),
(182, 1, 'Gestión de Restauración', 'Gestión de Restauración', 1, NULL, 1, '2018-02-22 11:30:00', NULL, 1),
(183, 1, 'Gestión del Talento Humano', 'Gestión del Talento Humano', 1, NULL, 1, '2018-02-22 11:30:00', NULL, 1),
(184, 1, 'Marketing Turístico', 'Marketing Turístico', 1, NULL, 1, '2018-02-22 11:30:00', NULL, 1),
(185, 1, 'Metodología Investigación Aplicada a Gestión Turis', 'Metodología Investigación Aplicada a Gestión Turis', 1, NULL, 1, '2018-02-22 11:30:00', NULL, 1),
(186, 1, 'Normativas Legales y Jurídicas del Turismo', 'Normativas Legales y Jurídicas del Turismo', 1, NULL, 1, '2019-02-22 11:30:00', NULL, 1),
(187, 1, 'Ocio y Entretenimiento', 'Ocio y Entretenimiento', 1, NULL, 1, '2019-02-22 11:30:00', NULL, 1),
(188, 1, 'Sociología del Turismo y el Ocio', 'Sociología del Turismo y el Ocio', 1, NULL, 1, '2018-02-22 11:30:00', NULL, 1),
(189, 1, 'Taller de Tesis I', 'Taller de Tesis I', 1, NULL, 1, '2018-02-22 11:30:00', NULL, 1),
(190, 1, 'Taller de Tesis II', 'Taller de Tesis II', 1, NULL, 1, '2018-02-22 11:30:00', NULL, 1),
(191, 1, 'Taller de Tesis III', 'Taller de Tesis III', 1, NULL, 1, '2018-02-22 11:30:00', NULL, 1),
(192, 1, 'Tendencias Teóricas y Meto. en Admin. Emp. Turi', 'Tendencias Teóricas y Meto. en Admin. Emp. Turi', 1, NULL, 1, '2018-02-22 11:30:00', NULL, 1),
(193, 1, 'Turismo y Patrimonio Cultural', 'Turismo y Patrimonio Cultural', 1, NULL, 1, '2018-02-22 11:30:00', NULL, 1),
(194, 1, 'Cultura, Clima y Cambio Organizacional', 'Cultura, Clima y Cambio Organizacional', 1, NULL, 1, '2018-02-22 11:30:00', NULL, 1),
(195, 1, 'Diseño de Procesos y Puestos', 'Diseño de Procesos y Puestos', 1, NULL, 1, '2018-02-22 11:30:00', NULL, 1),
(196, 1, 'Estrategia Compensación Incentivos Políticas Salar', 'Estrategia Compensación Incentivos Políticas Salar', 1, NULL, 1, '2018-02-22 11:30:00', NULL, 1),
(197, 1, 'Finanzas para la Toma Decisiones', 'Finanzas para la Toma Decisiones', 1, NULL, 1, '2018-02-22 11:30:00', NULL, 1),
(198, 1, 'Gestión de la Seguridad y Salud Ocupacional', 'Gestión de la Seguridad y Salud Ocupacional', 1, NULL, 1, '2018-02-22 11:30:00', NULL, 1),
(199, 1, 'Gestión del Desempeño y Efectividad Organizacional', 'Gestión del Desempeño y Efectividad Organizacional', 1, NULL, 1, '2018-02-22 11:30:00', NULL, 1),
(200, 1, 'Habilidades Directivas', 'Habilidades Directivas', 1, NULL, 1, '2018-02-22 11:30:00', NULL, 1),
(201, 1, 'Legislación Laboral', 'Legislación Laboral', 1, NULL, 1, '2018-02-22 11:30:00', NULL, 1),
(202, 1, 'Método Cualitativos Cuantitativos de Investigación', 'Método Cualitativos Cuantitativos de Investigación', 1, NULL, 1, '2018-02-22 11:30:00', NULL, 1),
(203, 1, 'Método Invest Científica para Ciencias Sociales', 'Método Invest Científica para Ciencias Sociales', 1, NULL, 1, '2018-02-22 11:30:00', NULL, 1),
(204, 1, 'Modelo Gest Talento Humano y Competencia Laboral', 'Modelo Gest Talento Humano y Competencia Laboral', 1, NULL, 1, '2018-02-22 11:30:00', NULL, 1),
(205, 1, 'Planeamiento Estratégico y Gestión del Cambio', 'Planeamiento Estratégico y Gestión del Cambio', 1, NULL, 1, '2018-02-22 11:30:00', NULL, 1),
(206, 1, 'Reclutamiento y Selección de Personas', 'Reclutamiento y Selección de Personas', 1, NULL, 1, '2019-02-22 11:30:00', NULL, 1),
(207, 1, 'Responsabilidad Social Corporativa', 'Responsabilidad Social Corporativa', 1, NULL, 1, '2019-02-22 11:30:00', NULL, 1),
(208, 1, 'Taller de Trabajo de Titulación I', 'Taller de Trabajo de Titulación I', 1, NULL, 1, '2018-02-22 11:30:00', NULL, 1),
(209, 1, 'Taller de Trabajo de Titulación II', 'Taller de Trabajo de Titulación II', 1, NULL, 1, '2018-02-22 11:30:00', NULL, 1),
(210, 1, 'Taller de Trabajo de Titulación III', 'Taller de Trabajo de Titulación III', 1, NULL, 1, '2018-02-22 11:30:00', NULL, 1),
(211, 1, 'Análisis del Entorno para la Toma de Decisiones', 'Análisis del Entorno para la Toma de Decisiones', 1, NULL, 1, '2018-02-22 11:30:00', NULL, 1),
(212, 1, 'Comportamiento del Consumidor', 'Comportamiento del Consumidor', 1, NULL, 1, '2018-02-22 11:30:00', NULL, 1),
(213, 1, 'Comunicaciones Integradas a la Mercadotecnia', 'Comunicaciones Integradas a la Mercadotecnia', 1, NULL, 1, '2018-02-22 11:30:00', NULL, 1),
(214, 1, 'Costos para la Gestión', 'Costos para la Gestión', 1, NULL, 1, '2018-02-22 11:30:00', NULL, 1),
(215, 1, 'Economía Gerencial con Aplicación al Marketing', 'Economía Gerencial con Aplicación al Marketing', 1, NULL, 1, '2018-02-22 11:30:00', NULL, 1),
(216, 1, 'Epistemología de la Mercadotecnia', 'Epistemología de la Mercadotecnia', 1, NULL, 1, '2018-02-22 11:30:00', NULL, 1),
(217, 1, 'Estrategias de Distribución y Logística', 'Estrategias de Distribución y Logística', 1, NULL, 1, '2018-02-22 11:30:00', NULL, 1),
(218, 1, 'Eventos y Publicaciones', 'Eventos y Publicaciones', 1, NULL, 1, '2018-02-22 11:30:00', NULL, 1),
(219, 1, 'Gobierno Corporativo y Responsabilidad Social', 'Gobierno Corporativo y Responsabilidad Social', 1, NULL, 1, '2018-02-22 11:30:00', NULL, 1),
(220, 1, 'Marco Teórico - Conceptual', 'Marco Teórico - Conceptual', 1, NULL, 1, '2018-02-22 11:30:00', NULL, 1),
(221, 1, 'Marketing Estratégico', 'Marketing Estratégico', 1, NULL, 1, '2018-02-22 11:30:00', NULL, 1),
(222, 1, 'Marketing Internacional', 'Marketing Internacional', 1, NULL, 1, '2018-02-22 11:30:00', NULL, 1),
(223, 1, 'Marketing Roi', 'Marketing Roi', 1, NULL, 1, '2018-02-22 11:30:00', NULL, 1),
(224, 1, 'Marketing Social y Político', 'Marketing Social y Político', 1, NULL, 1, '2018-02-22 11:30:00', NULL, 1),
(225, 1, 'Marketing Turístico y de Experiencia', 'Marketing Turístico y de Experiencia', 1, NULL, 1, '2018-02-22 11:30:00', NULL, 1),
(226, 1, 'Metodología de Investigación Cuantitativa Aplicada', 'Metodología de Investigación Cuantitativa Aplicada', 1, NULL, 1, '2019-02-22 11:30:00', NULL, 1),
(227, 1, 'Metodología de Investigación: Cualitativa Aplicad', 'Metodología de Investigación: Cualitativa Aplicad', 1, NULL, 1, '2019-02-22 11:30:00', NULL, 1),
(228, 1, 'Metodología de la Investigación Aplicada al Trabaj', 'Metodología de la Investigación Aplicada al Trabaj', 1, NULL, 1, '2018-02-22 11:30:00', NULL, 1),
(229, 1, 'Políticas de Productos y Servicios', 'Políticas de Productos y Servicios', 1, NULL, 1, '2018-02-22 11:30:00', NULL, 1),
(230, 1, 'Resultados- Propuesta - Conclusiones', 'Resultados- Propuesta - Conclusiones', 1, NULL, 1, '2018-02-22 11:30:00', NULL, 1),
(231, 1, 'Retailing y Merchandising', 'Retailing y Merchandising', 1, NULL, 1, '2018-02-22 11:30:00', NULL, 1),
(232, 1, 'Saberes y Culturas Ancestrales', 'Saberes y Culturas Ancestrales', 1, NULL, 1, '2018-02-22 11:30:00', NULL, 1),
(233, 1, 'Trabajo de Titulación', 'Trabajo de Titulación', 1, NULL, 1, '2018-02-22 11:30:00', NULL, 1),
(234, 1, 'Análisis Del Entorno', 'Análisis del Entorno', 1, NULL, 1, '2018-02-22 11:30:00', NULL, 1),
(235, 1, 'Comercio Electrónico', 'Comercio Electrónico', 1, NULL, 1, '2018-02-22 11:30:00', NULL, 1),
(236, 1, 'Contabilidad Gerencial', 'Contabilidad Gerencial', 1, NULL, 1, '2018-02-22 11:30:00', NULL, 1),
(237, 1, 'Derecho y Etica Profesional', 'Derecho y Etica Profesional', 1, NULL, 1, '2018-02-22 11:30:00', NULL, 1),
(238, 1, 'Desarrollo de Habilidades Gerenciales', 'Desarrollo de Habilidades Gerenciales', 1, NULL, 1, '2018-02-22 11:30:00', NULL, 1),
(239, 1, 'Desarrollo Organizacional', 'Desarrollo Organizacional', 1, NULL, 1, '2018-02-22 11:30:00', NULL, 1),
(240, 1, 'Finanzas Corporativas', 'Finanzas Corporativas', 1, NULL, 1, '2018-02-22 11:30:00', NULL, 1),
(241, 1, 'Fundamentos Dimensiones Tendencias Innovación Tcnl', 'Fundamentos Dimensiones Tendencias Innovación Tcnl', 1, NULL, 1, '2018-02-22 11:30:00', NULL, 1),
(242, 1, 'Gobernanza de TI Riesgos y Cumplimiento Normativo', 'Gobernanza de TI Riesgos y Cumplimiento Normativo', 1, NULL, 1, '2018-02-22 11:30:00', NULL, 1),
(243, 1, 'Interculturalidad Saberes Ancestrales Estudio Gnro', 'Interculturalidad Saberes Ancestrales Estudio Gnro', 1, NULL, 1, '2018-02-22 11:30:00', NULL, 1),
(244, 1, 'Investigación Operaciones Aplicada a Toma Decisión', 'Investigación Operaciones Aplicada a Toma Decisión', 1, NULL, 1, '2018-02-22 11:30:00', NULL, 1),
(245, 1, 'Marketing y Redes Sociales', 'Marketing y Redes Sociales', 1, NULL, 1, '2018-02-22 11:30:00', NULL, 1),
(246, 1, 'Metodología de la Investigación Científica', 'Metodología de la Investigación Científica', 1, NULL, 1, '2019-02-22 11:30:00', NULL, 1),
(247, 1, 'Métodos Estadísticos', 'Métodos Estadísticos', 1, NULL, 1, '2019-02-22 11:30:00', NULL, 1),
(248, 1, 'Movilidad, Internet de las cosas y Big Data', 'Movilidad, Internet de las cosas y Big Data', 1, NULL, 1, '2019-02-22 11:30:00', NULL, 1),
(249, 1, 'Planeación Estratégica', 'Planeación Estratégica', 1, NULL, 1, '2019-02-22 11:30:00', NULL, 1),
(250, 1, 'Proyectos de Sistemas de Información', 'Proyectos de Sistemas de Información', 1, NULL, 1, '2019-02-22 11:30:00', NULL, 1),
(251, 1, 'Seguridad de la Información', 'Seguridad de la Información', 1, NULL, 1, '2019-02-22 11:30:00', NULL, 1),
(252, 1, 'Sistemas de Información Gerencial', 'Sistemas de Información Gerencial', 1, NULL, 1, '2019-02-22 11:30:00', NULL, 1),
(253, 1, 'Taller de Tesis I', 'Taller de Tesis I', 1, NULL, 1, '2019-02-22 11:30:00', NULL, 1),
(254, 1, 'Taller de Tesis II', 'Taller de Tesis II', 1, NULL, 1, '2019-02-22 11:30:00', NULL, 1),
(255, 1, 'Taller de Tesis III', 'Taller de Tesis III', 1, NULL, 1, '2019-02-22 11:30:00', NULL, 1),
(256, 1, 'Tecnologías Web y Software Libre', 'Tecnologías Web y Software Libre', 1, NULL, 1, '2019-02-22 11:30:00', NULL, 1),

(257, 1, 'Administración de Compensaciones (4C)', 'Administración de Compensaciones (4C)', 1, NULL, 1, '2019-09-08 11:30:00', NULL, 1),
(258, 1, 'Proyecto Empresarial II', 'Proyecto Empresarial II', 1, NULL, 1, '2019-09-08 11:30:00', NULL, 1),
(259, 1, 'Evaluación Psicológica II', 'Evaluación Psicológica II', 1, NULL, 1, '2019-09-08 11:30:00', NULL, 1),
(260, 1, 'Desarrollo Multimedia I', 'Desarrollo Multimedia I', 1, NULL, 1, '2019-09-08 11:30:00', NULL, 1),
(261, 1, 'Contabilidad II (4C)', 'Contabilidad II (4C)', 1, NULL, 1, '2019-09-08 11:30:00', NULL, 1),
(262, 1, 'Marketing Internacional-2009', 'Marketing Internacional-2009', 1, NULL, 1, '2019-09-08 11:30:00', NULL, 1),
(263, 1, 'Desarrollo Web II-2009', 'Desarrollo Web II-2009', 1, NULL, 1, '2019-09-08 11:30:00', NULL, 1),
(264, 1, 'Sociología del Talento Humano', 'Sociología del Talento Humano', 1, NULL, 1, '2019-09-08 11:30:00', NULL, 1),
(265, 1, 'Estadística I', 'Estadística I', 1, NULL, 1, '2019-09-08 11:30:00', NULL, 1),
(266, 1, 'Epistemología', 'Epistemología', 1, NULL, 1, '2019-09-08 11:30:00', NULL, 1);
INSERT INTO db_academico.`asignatura` (`asi_id`, `scon_id`, `asi_nombre`, `asi_descripcion`, `asi_usuario_ingreso`, `asi_usuario_modifica`, `asi_estado`, `asi_fecha_creacion`, `asi_fecha_modificacion`, `asi_estado_logico`) VALUES
(267, 1, 'Cálculo de Varias Variables', 'Cálculo de Varias Variables', 1, NULL, 1, '2019-04-12 11:30:00', NULL, 1),
(268, 1, 'Contabilidad I (4c)', 'Contabilidad I (4c)', 1, NULL, 1, '2019-04-12 11:30:00', NULL, 1),
(269, 1, 'Fundamentos de Comercio Exterior-2009', 'Fundamentos de Comercio Exterior-2009', 1, NULL, 1, '2019-04-12 11:30:00', NULL, 1),
(270, 1, 'Gerencia Operativa (4c)','Gerencia Operativa (4c)', 1, NULL, 1, '2019-04-12 11:30:00', NULL, 1),
(271, 1, 'Proyecto Empresarial I-2009', 'Proyecto Empresarial I-2009', 1, NULL, 1, '2019-04-12 11:30:00', NULL, 1),
(272, 1, 'Química General', 'Química General', 1, NULL, 1, '2019-04-12 11:30:00', NULL, 1),
(273, 1, 'Administración Financiera', 'Administración Financiera', 1, NULL, 1, '2019-04-12 11:30:00', NULL, 1),
(274, 1, 'Agencia de Viajes I (4C)', 'Agencia de Viajes I (4C)', 1, NULL, 1, '2019-04-12 11:30:00', NULL, 1),
(275, 1, 'Animación y Recreación Turística (4C)', 'Animación y Recreación Turística (4C)', 1, NULL, 1, '2019-04-12 11:30:00', NULL, 1),
(276, 1, 'Auditoría Tributaria I-2009', 'Auditoría Tributaria I-2009', 1, NULL, 1, '2019-04-12 11:30:00', NULL, 1),
(277, 1, 'Auditoría-2009', 'Auditoría-2009', 1, NULL, 1, '2019-04-12 11:30:00', NULL, 1),
(278, 1, 'Coctelería y Bebidas (4C)', 'Coctelería y Bebidas (4C)', 1, NULL, 1, '2019-04-12 11:30:00', NULL, 1),
(279, 1, 'Contratación Internacional-2009', 'Contratación Internacional-2009', 1, NULL, 1, '2019-04-12 11:30:00', NULL, 1),
(280, 1, 'Cultura Organizacional', 'Cultura Organizacional', 1, NULL, 1, '2019-09-08 11:30:00', NULL, 1),
(281, 1, 'Distribución Física Internacional I-2009', 'Distribución Física Internacional I-2009', 1, NULL, 1, '2019-04-12 11:30:00', NULL, 1),
(282, 1, 'Finanzas I', 'Finanzas I', 1, NULL, 1, '2019-04-12 11:30:00', NULL, 1),
(283, 1, 'Investigación de Mercados', 'Investigación de Mercados', 1, NULL, 1, '2019-04-12 11:30:00', NULL, 1),
(284, 1, 'Metodología de la Investigación', 'Metodología de la Investigación', 1, NULL, 1, '2019-04-12 11:30:00', NULL, 1),
(285, 1, 'Microeconomía (4C)', 'Microeconomía (4C)', 1, NULL, 1, '2019-04-12 11:30:00', NULL, 1),
(286, 1, 'Preparación de Alimentos', 'Preparación de Alimentos', 1, NULL, 1, '2019-04-12 11:30:00', NULL, 1),
(287, 1, 'Programación Visual', 'Programación Visual', 1, NULL, 1, '2019-04-12 11:30:00', NULL, 1),
(288, 1, 'Psicosociología del Turismo (4C)', 'Psicosociología del Turismo (4C)', 1, NULL, 1, '2019-04-12 11:30:00', NULL, 1),
(289, 1, 'Seguridad en Redes de Informática-2009', 'Seguridad en Redes de Informática-2009', 1, NULL, 1, '2019-04-12 11:30:00', NULL, 1),
(290, 1, 'Sociología del Talento Humano', 'Sociología del Talento Humano', 1, NULL, 1, '2019-04-12 11:30:00', NULL, 1),
(291, 1, 'Teoría Electromagnética', 'Teoría Electromagnética', 1, NULL, 1, '2019-04-12 11:30:00', NULL, 1),
(292, 1, 'Tributación I', 'Tributación I', 1, NULL, 1, '2019-04-12 11:30:00', NULL, 1),
(293, 1, 'Tributación II', 'Tributación II', 1, NULL, 1, '2019-04-12 11:30:00', NULL, 1);


-- --------------------------------------------------------
--
-- Volcado de datos para la tabla `modalidad_unidad_academico`
--
INSERT INTO `modalidad_unidad_academico` (`muac_id`,`uaca_id`,`mod_id`, `emp_id`,`muac_usuario_ingreso`,`muac_estado`, `muac_fecha_creacion`, `muac_estado_logico`) VALUES
(1,1,1,1,1,'1','2018-09-17 14:35:00','1'),
(2,1,2,1,1,'1','2018-09-17 14:35:00','1'),
(3,1,3,1,1,'1','2018-09-17 14:35:00','1'),
(4,1,4,1,1,'1','2018-09-17 14:35:00','1'),
(5,2,3,1,1,'1','2018-09-17 14:35:00','1'),
(6,3,1,1,1,'0','2017-02-01 14:35:00','0'),
(7,3,2,1,1,'0','2017-02-01 14:35:00','0'),
(8,3,1,3,1,'0','2018-09-29 14:35:00','0'),
(9,3,2,3,1,'1','2018-09-29 14:35:00','1'),
(10,3,1,2,1,'0','2017-02-01 14:35:00','1'),
(11,5,1,2,1,'0','2017-02-01 14:35:00','1'),
(12,7,1,2,1,'0','2017-02-01 14:35:00','1'),
(13,8,1,2,1,'0','2018-10-01 14:35:00','1'),
(14,2,2,1,1,'1','2018-10-19 16:30:00','1'),
(15,7,1,2,1,'1','2018-12-10 10:55:00','1'),
(16,8,2,2,1,'1','2018-12-10 10:55:00','1'),
(17,9,1,2,1,'1','2018-12-10 10:55:00','1');


 