--
-- Base de datos: `db_asgard`
--
USE `db_asgard`;

--
-- Volcado de datos para la tabla `usuario`
--


INSERT INTO `usuario` (`usu_id`, `per_id`, `usu_user`, `usu_sha`, `usu_password`, `usu_time_pass`, `usu_session`, `usu_last_login`, `usu_link_activo`, `usu_estado`, `usu_fecha_creacion`, `usu_fecha_modificacion`, `usu_estado_logico`) VALUES
(1, 1, 'dlopez@uteg.edu.ec', 'jkYnLjpgwzse50H4VbKE7zsbvTnC2uIb', '+Y97uXDhL0F9CQaHKKLcbjdmOGUyYTZkZWQxYWYyOGI0ZjhiNzViNDNkM2JkODlkMDMxZGMwYzg1MWM5NjhkMWIxMDI1YzlhY2M3YjUxZTSaXXoLsPecZttR73ENLIgbcsBkgGJ0huoMwIynpIoZv1mEbcqHxwiqBU8ryDMUPNGYoA/M0XhPLYH7dtlD6otV', NULL, NULL, NULL, NULL, '1', '2017-09-01 05:14:00', NULL, '1'),
(2, 2, 'jefedesarrollo@uteg.edu.ec', 'aP0XxgvEdoBZ8sr19fnN34L_PxTqu3wd', 'HiafLl62OR9qInOO705nwDI3NTczY2Q5MDViYjM5NWFlYTFlZGZkZTdlNTA2MThhMTUzNjc1MjhlYTlkZGZjMDBhMjA2ZTZhMDFmMThkZTcbj9uW0LIhjc0Z1IwPfDMMAfqHOfxNRiKCxVPFWrGNLxzaIPDXaUGGCQH8cyM00AFArFj4MpKR7+fCPiSxXVuF', NULL, NULL, NULL, NULL, '1', '2017-09-01 02:53:00', NULL, '1'),
(3, 3, 'analistadesarrollo01@uteg.edu.ec', 'aP0XxgvEdoBZ8sr19fnN34L_PxTqu3wd', 'HiafLl62OR9qInOO705nwDI3NTczY2Q5MDViYjM5NWFlYTFlZGZkZTdlNTA2MThhMTUzNjc1MjhlYTlkZGZjMDBhMjA2ZTZhMDFmMThkZTcbj9uW0LIhjc0Z1IwPfDMMAfqHOfxNRiKCxVPFWrGNLxzaIPDXaUGGCQH8cyM00AFArFj4MpKR7+fCPiSxXVuF', NULL, NULL, NULL, NULL, '1', '2017-09-01 02:53:00', NULL, '1'),
(4, 4, 'analistadesarrollo02@uteg.edu.ec', 'aP0XxgvEdoBZ8sr19fnN34L_PxTqu3wd', 'HiafLl62OR9qInOO705nwDI3NTczY2Q5MDViYjM5NWFlYTFlZGZkZTdlNTA2MThhMTUzNjc1MjhlYTlkZGZjMDBhMjA2ZTZhMDFmMThkZTcbj9uW0LIhjc0Z1IwPfDMMAfqHOfxNRiKCxVPFWrGNLxzaIPDXaUGGCQH8cyM00AFArFj4MpKR7+fCPiSxXVuF', NULL, NULL, NULL, NULL, '1', '2017-09-01 02:53:00', NULL, '1'),
(5, 5, 'analistadesarrollo03@uteg.edu.ec', 'aP0XxgvEdoBZ8sr19fnN34L_PxTqu3wd', 'HiafLl62OR9qInOO705nwDI3NTczY2Q5MDViYjM5NWFlYTFlZGZkZTdlNTA2MThhMTUzNjc1MjhlYTlkZGZjMDBhMjA2ZTZhMDFmMThkZTcbj9uW0LIhjc0Z1IwPfDMMAfqHOfxNRiKCxVPFWrGNLxzaIPDXaUGGCQH8cyM00AFArFj4MpKR7+fCPiSxXVuF', NULL, NULL, NULL, NULL, '1', '2017-09-01 02:53:00', NULL, '1'),
(6, 6, 'coordinacionadmisiones@uteg.edu.ec', 'aP0XxgvEdoBZ8sr19fnN34L_PxTqu3wd', 'HiafLl62OR9qInOO705nwDI3NTczY2Q5MDViYjM5NWFlYTFlZGZkZTdlNTA2MThhMTUzNjc1MjhlYTlkZGZjMDBhMjA2ZTZhMDFmMThkZTcbj9uW0LIhjc0Z1IwPfDMMAfqHOfxNRiKCxVPFWrGNLxzaIPDXaUGGCQH8cyM00AFArFj4MpKR7+fCPiSxXVuF', NULL, NULL, NULL, NULL, '1', '2017-09-01 02:53:00', NULL, '1'),
(7, 7, 'info@ulink.us', '60sU04pqQwiP0I5NLm0pbLFhU8x_eUJw', 'PMLFqAeA3TjsRNVHHkSrEzMwZDI4OTVlNjU1YzBjMTgxNzQ2NWM3YTQ3NTk1MjcwZWMzZjYxYThlMGFlZjgyZGQ3YzA5MjM1ZWFjMTY3MWXB0IJRlKOw/a2OCww0lEq+NsDMShqFj8ufvXsVXRlIqUwkv6yvkFcw0Y9+adGlvMMfTI/GXubd9+VqnfYSfdjl', NULL, NULL, NULL, NULL, '1', '2018-05-17 23:20:00', NULL, '1'),
(8, 8, 'educacioncontinua@uteg.edu.ec', '60sU04pqQwiP0I5NLm0pbLFhU8x_eUJw', 'PMLFqAeA3TjsRNVHHkSrEzMwZDI4OTVlNjU1YzBjMTgxNzQ2NWM3YTQ3NTk1MjcwZWMzZjYxYThlMGFlZjgyZGQ3YzA5MjM1ZWFjMTY3MWXB0IJRlKOw/a2OCww0lEq+NsDMShqFj8ufvXsVXRlIqUwkv6yvkFcw0Y9+adGlvMMfTI/GXubd9+VqnfYSfdjl', NULL, NULL, NULL, NULL, '1', '2017-09-01 02:53:00', NULL, '1'),
(9, 9, 'admisiones01@uteg.edu.ec', '60sU04pqQwiP0I5NLm0pbLFhU8x_eUJw', 'PMLFqAeA3TjsRNVHHkSrEzMwZDI4OTVlNjU1YzBjMTgxNzQ2NWM3YTQ3NTk1MjcwZWMzZjYxYThlMGFlZjgyZGQ3YzA5MjM1ZWFjMTY3MWXB0IJRlKOw/a2OCww0lEq+NsDMShqFj8ufvXsVXRlIqUwkv6yvkFcw0Y9+adGlvMMfTI/GXubd9+VqnfYSfdjl', NULL, NULL, NULL, NULL, '1', '2017-09-01 02:53:00', NULL, '1'),
(10, 10, 'admisiones02@uteg.edu.ec', '60sU04pqQwiP0I5NLm0pbLFhU8x_eUJw', 'PMLFqAeA3TjsRNVHHkSrEzMwZDI4OTVlNjU1YzBjMTgxNzQ2NWM3YTQ3NTk1MjcwZWMzZjYxYThlMGFlZjgyZGQ3YzA5MjM1ZWFjMTY3MWXB0IJRlKOw/a2OCww0lEq+NsDMShqFj8ufvXsVXRlIqUwkv6yvkFcw0Y9+adGlvMMfTI/GXubd9+VqnfYSfdjl', NULL, NULL, NULL, NULL, '1', '2017-09-01 02:53:00', NULL, '1'),
(11, 11, 'admisiones03@uteg.edu.ec', '60sU04pqQwiP0I5NLm0pbLFhU8x_eUJw', 'PMLFqAeA3TjsRNVHHkSrEzMwZDI4OTVlNjU1YzBjMTgxNzQ2NWM3YTQ3NTk1MjcwZWMzZjYxYThlMGFlZjgyZGQ3YzA5MjM1ZWFjMTY3MWXB0IJRlKOw/a2OCww0lEq+NsDMShqFj8ufvXsVXRlIqUwkv6yvkFcw0Y9+adGlvMMfTI/GXubd9+VqnfYSfdjl', NULL, NULL, NULL, NULL, '1', '2017-09-01 02:53:00', NULL, '1'),
(12, 12, 'admisiones04@uteg.edu.ec', '60sU04pqQwiP0I5NLm0pbLFhU8x_eUJw', 'PMLFqAeA3TjsRNVHHkSrEzMwZDI4OTVlNjU1YzBjMTgxNzQ2NWM3YTQ3NTk1MjcwZWMzZjYxYThlMGFlZjgyZGQ3YzA5MjM1ZWFjMTY3MWXB0IJRlKOw/a2OCww0lEq+NsDMShqFj8ufvXsVXRlIqUwkv6yvkFcw0Y9+adGlvMMfTI/GXubd9+VqnfYSfdjl', NULL, NULL, NULL, NULL, '1', '2017-09-01 02:53:00', NULL, '1'),
(13, 13, 'ventasposgrado01@uteg.edu.ec', '60sU04pqQwiP0I5NLm0pbLFhU8x_eUJw', 'PMLFqAeA3TjsRNVHHkSrEzMwZDI4OTVlNjU1YzBjMTgxNzQ2NWM3YTQ3NTk1MjcwZWMzZjYxYThlMGFlZjgyZGQ3YzA5MjM1ZWFjMTY3MWXB0IJRlKOw/a2OCww0lEq+NsDMShqFj8ufvXsVXRlIqUwkv6yvkFcw0Y9+adGlvMMfTI/GXubd9+VqnfYSfdjl', NULL, NULL, NULL, NULL, '1', '2017-09-01 02:53:00', NULL, '1'),
(14, 14, 'ventasposgrado02@uteg.edu.ec', '60sU04pqQwiP0I5NLm0pbLFhU8x_eUJw', 'PMLFqAeA3TjsRNVHHkSrEzMwZDI4OTVlNjU1YzBjMTgxNzQ2NWM3YTQ3NTk1MjcwZWMzZjYxYThlMGFlZjgyZGQ3YzA5MjM1ZWFjMTY3MWXB0IJRlKOw/a2OCww0lEq+NsDMShqFj8ufvXsVXRlIqUwkv6yvkFcw0Y9+adGlvMMfTI/GXubd9+VqnfYSfdjl', NULL, NULL, NULL, NULL, '1', '2017-09-01 02:53:00', NULL, '1'),
(15, 15, 'ventasposgrado03@uteg.edu.ec', '60sU04pqQwiP0I5NLm0pbLFhU8x_eUJw', 'PMLFqAeA3TjsRNVHHkSrEzMwZDI4OTVlNjU1YzBjMTgxNzQ2NWM3YTQ3NTk1MjcwZWMzZjYxYThlMGFlZjgyZGQ3YzA5MjM1ZWFjMTY3MWXB0IJRlKOw/a2OCww0lEq+NsDMShqFj8ufvXsVXRlIqUwkv6yvkFcw0Y9+adGlvMMfTI/GXubd9+VqnfYSfdjl', NULL, NULL, NULL, NULL, '1', '2017-09-01 02:53:00', NULL, '1'),
(16, 16, 'lidercontactcenter@uteg.edu.ec', '60sU04pqQwiP0I5NLm0pbLFhU8x_eUJw', 'PMLFqAeA3TjsRNVHHkSrEzMwZDI4OTVlNjU1YzBjMTgxNzQ2NWM3YTQ3NTk1MjcwZWMzZjYxYThlMGFlZjgyZGQ3YzA5MjM1ZWFjMTY3MWXB0IJRlKOw/a2OCww0lEq+NsDMShqFj8ufvXsVXRlIqUwkv6yvkFcw0Y9+adGlvMMfTI/GXubd9+VqnfYSfdjl', NULL, NULL, NULL, NULL, '1', '2017-09-01 02:53:00', NULL, '1'),
(17, 17, 'contactcenter01@uteg.edu.ec', '60sU04pqQwiP0I5NLm0pbLFhU8x_eUJw', 'PMLFqAeA3TjsRNVHHkSrEzMwZDI4OTVlNjU1YzBjMTgxNzQ2NWM3YTQ3NTk1MjcwZWMzZjYxYThlMGFlZjgyZGQ3YzA5MjM1ZWFjMTY3MWXB0IJRlKOw/a2OCww0lEq+NsDMShqFj8ufvXsVXRlIqUwkv6yvkFcw0Y9+adGlvMMfTI/GXubd9+VqnfYSfdjl', NULL, NULL, NULL, NULL, '1', '2017-09-01 02:53:00', NULL, '1'),
(18, 18, 'contactcenter02@uteg.edu.ec', '60sU04pqQwiP0I5NLm0pbLFhU8x_eUJw', 'PMLFqAeA3TjsRNVHHkSrEzMwZDI4OTVlNjU1YzBjMTgxNzQ2NWM3YTQ3NTk1MjcwZWMzZjYxYThlMGFlZjgyZGQ3YzA5MjM1ZWFjMTY3MWXB0IJRlKOw/a2OCww0lEq+NsDMShqFj8ufvXsVXRlIqUwkv6yvkFcw0Y9+adGlvMMfTI/GXubd9+VqnfYSfdjl', NULL, NULL, NULL, NULL, '1', '2017-09-01 02:53:00', NULL, '1'),
(19, 19, 'contactcenter03@uteg.edu.ec', '60sU04pqQwiP0I5NLm0pbLFhU8x_eUJw', 'PMLFqAeA3TjsRNVHHkSrEzMwZDI4OTVlNjU1YzBjMTgxNzQ2NWM3YTQ3NTk1MjcwZWMzZjYxYThlMGFlZjgyZGQ3YzA5MjM1ZWFjMTY3MWXB0IJRlKOw/a2OCww0lEq+NsDMShqFj8ufvXsVXRlIqUwkv6yvkFcw0Y9+adGlvMMfTI/GXubd9+VqnfYSfdjl', NULL, NULL, NULL, NULL, '1', '2017-09-01 02:53:00', NULL, '1'),
(20, 20, 'contactcenter04@uteg.edu.ec', '60sU04pqQwiP0I5NLm0pbLFhU8x_eUJw', 'PMLFqAeA3TjsRNVHHkSrEzMwZDI4OTVlNjU1YzBjMTgxNzQ2NWM3YTQ3NTk1MjcwZWMzZjYxYThlMGFlZjgyZGQ3YzA5MjM1ZWFjMTY3MWXB0IJRlKOw/a2OCww0lEq+NsDMShqFj8ufvXsVXRlIqUwkv6yvkFcw0Y9+adGlvMMfTI/GXubd9+VqnfYSfdjl', NULL, NULL, NULL, NULL, '1', '2017-09-01 02:53:00', NULL, '1'),
(21, 21, 'supervisorcolecturia@uteg.edu.ec', 'rpvwbGDLI7ilrqY_FwySkKJ4jTnDh3Wb', 'at0l/8F1Iql4VdQzARfFZzkxYzE4ODM3OWNmNTVkN2U5OThhODE4YjZjZjZmNDM4MjU0ZWVjYzE5NDFlZWUwOTg5YjU2MjdkNmNjMjczMjnTjulnuDx09CqSNXcAf3Ch6rKAlCnMls6WeVJdq5heXynGF5kJKIUGZrFLnMMGM18ujL4bkh3tGMd1zWbPbsSu', NULL, NULL, NULL, NULL, '1', '2017-09-01 02:53:00', NULL, '1'),
(22, 22, 'colecturia@uteg.edu.ec', '5ZSDLiC_OFlbibkEQ7ILDbUULNJjYpOX', 'EN/O1jrjQgSHZE6w+bd/nzI0MzJiYzFmZmMzNWMyNzRlMzIyZjdlZjdiMWJhYjJkNzkwMDYzNTAwZmFkMzljY2JiZGFmNWQ5MDI5MWI3Nzc1IMolYpiaYr9M2WC5m5c0JWGU5kQqWtB2gqoQ7gaGsJqiyn7F6x3hpOz5AUU0QrLmerh67ejvhUAAow9Pjefb', NULL, NULL, NULL, NULL, '1', '2017-09-01 02:53:00', NULL, '1'),
(23, 23, 'aalcivar@uteg.edu.ec', 'DI8IHwXsfNeFrNwdwI_cSwb_Gu7MmFf4', 'uGiTkVrUkRBXTiO2ktA4WTcwMTI1OWI0MTM4YzYwYjBlNDAyODVmMDA2NmZhZjc0MWNmMmZjNGI2OTdjNzEwYWE2M2RjYmI3ZWYxYzQ1MTSui71RbleQi0pTbykQBgrrfDnwAgJkDbij0mICOqkZK1UGn9stLQKZt4TYXU/lQKW9PVWZ9DfiW5KOPHR67Zov', NULL, NULL, NULL, NULL, '1', '2017-09-01 02:53:00', NULL, '1'),
(24, 24, 'xmosquera@uteg.edu.ec', '60sU04pqQwiP0I5NLm0pbLFhU8x_eUJw', 'PMLFqAeA3TjsRNVHHkSrEzMwZDI4OTVlNjU1YzBjMTgxNzQ2NWM3YTQ3NTk1MjcwZWMzZjYxYThlMGFlZjgyZGQ3YzA5MjM1ZWFjMTY3MWXB0IJRlKOw/a2OCww0lEq+NsDMShqFj8ufvXsVXRlIqUwkv6yvkFcw0Y9+adGlvMMfTI/GXubd9+VqnfYSfdjl', NULL, NULL, NULL, NULL, '1', '2017-09-01 02:53:00', NULL, '1'),
(25, 25, 'decanasemipresencial@uteg.edu.ec', '60sU04pqQwiP0I5NLm0pbLFhU8x_eUJw', 'PMLFqAeA3TjsRNVHHkSrEzMwZDI4OTVlNjU1YzBjMTgxNzQ2NWM3YTQ3NTk1MjcwZWMzZjYxYThlMGFlZjgyZGQ3YzA5MjM1ZWFjMTY3MWXB0IJRlKOw/a2OCww0lEq+NsDMShqFj8ufvXsVXRlIqUwkv6yvkFcw0Y9+adGlvMMfTI/GXubd9+VqnfYSfdjl', NULL, NULL, NULL, NULL, '1', '2017-09-01 02:53:00', NULL, '1'),
(26, 26, 'decanoposgrado@uteg.edu.ec', '60sU04pqQwiP0I5NLm0pbLFhU8x_eUJw', 'PMLFqAeA3TjsRNVHHkSrEzMwZDI4OTVlNjU1YzBjMTgxNzQ2NWM3YTQ3NTk1MjcwZWMzZjYxYThlMGFlZjgyZGQ3YzA5MjM1ZWFjMTY3MWXB0IJRlKOw/a2OCww0lEq+NsDMShqFj8ufvXsVXRlIqUwkv6yvkFcw0Y9+adGlvMMfTI/GXubd9+VqnfYSfdjl', NULL, NULL, NULL, NULL, '1', '2017-09-01 02:53:00', NULL, '1'),
(27, 27, 'secretariaonline@uteg.edu.ec', 'Zso9HhfUjWAo4oTOqx3dx6bJkab3yOhp', 'VXu9Ab+jhCp7EQLtSjtnPTcwZGM5MjVmODc5MmFlN2I3ZmQ3Nzk3NGNjOWMyZGVjN2NjYWM5OWM3OGZjMzIxNmFlYmVlY2QxMGVjNWNhOWIL04zbRKowoUHAejOfzVcXsbXouO37UTxuNnOeKuWgT+W3IvNSYiGC/l1ej3FB7z/DUzjQXD6p9VR7viiYqYX+', NULL, NULL, NULL, NULL, '1', '2017-09-01 02:53:00', NULL, '1'),
(28, 28, 'ahernandez@uteg.edu.ec', '60sU04pqQwiP0I5NLm0pbLFhU8x_eUJw', 'PMLFqAeA3TjsRNVHHkSrEzMwZDI4OTVlNjU1YzBjMTgxNzQ2NWM3YTQ3NTk1MjcwZWMzZjYxYThlMGFlZjgyZGQ3YzA5MjM1ZWFjMTY3MWXB0IJRlKOw/a2OCww0lEq+NsDMShqFj8ufvXsVXRlIqUwkv6yvkFcw0Y9+adGlvMMfTI/GXubd9+VqnfYSfdjl', NULL, NULL, NULL, NULL, '1', '2017-09-01 02:53:00', NULL, '1'),
(29, 29, 'administradorplataforma@uteg.edu.ec', '60sU04pqQwiP0I5NLm0pbLFhU8x_eUJw', 'PMLFqAeA3TjsRNVHHkSrEzMwZDI4OTVlNjU1YzBjMTgxNzQ2NWM3YTQ3NTk1MjcwZWMzZjYxYThlMGFlZjgyZGQ3YzA5MjM1ZWFjMTY3MWXB0IJRlKOw/a2OCww0lEq+NsDMShqFj8ufvXsVXRlIqUwkv6yvkFcw0Y9+adGlvMMfTI/GXubd9+VqnfYSfdjl', NULL, NULL, NULL, NULL, '1', '2017-09-01 02:53:00', NULL, '1'),

(30, 30, 'decanato_online@uteg.edu.ec', '60sU04pqQwiP0I5NLm0pbLFhU8x_eUJw', 'PMLFqAeA3TjsRNVHHkSrEzMwZDI4OTVlNjU1YzBjMTgxNzQ2NWM3YTQ3NTk1MjcwZWMzZjYxYThlMGFlZjgyZGQ3YzA5MjM1ZWFjMTY3MWXB0IJRlKOw/a2OCww0lEq+NsDMShqFj8ufvXsVXRlIqUwkv6yvkFcw0Y9+adGlvMMfTI/GXubd9+VqnfYSfdjl', NULL, NULL, NULL, NULL, '1', '2017-09-01 02:53:00', NULL, '1'),
(31, 31, 'cvelez@uteg.edu.ec', '60sU04pqQwiP0I5NLm0pbLFhU8x_eUJw', 'PMLFqAeA3TjsRNVHHkSrEzMwZDI4OTVlNjU1YzBjMTgxNzQ2NWM3YTQ3NTk1MjcwZWMzZjYxYThlMGFlZjgyZGQ3YzA5MjM1ZWFjMTY3MWXB0IJRlKOw/a2OCww0lEq+NsDMShqFj8ufvXsVXRlIqUwkv6yvkFcw0Y9+adGlvMMfTI/GXubd9+VqnfYSfdjl', NULL, NULL, NULL, NULL, '1', '2017-09-01 02:53:00', NULL, '1'),
(32, 32, 'cbarros@uteg.edu.ec', '60sU04pqQwiP0I5NLm0pbLFhU8x_eUJw', 'PMLFqAeA3TjsRNVHHkSrEzMwZDI4OTVlNjU1YzBjMTgxNzQ2NWM3YTQ3NTk1MjcwZWMzZjYxYThlMGFlZjgyZGQ3YzA5MjM1ZWFjMTY3MWXB0IJRlKOw/a2OCww0lEq+NsDMShqFj8ufvXsVXRlIqUwkv6yvkFcw0Y9+adGlvMMfTI/GXubd9+VqnfYSfdjl', NULL, NULL, NULL, NULL, '1', '2017-09-01 02:53:00', NULL, '1'),
(33, 33, 'kmunoz@uteg.edu.ec', '60sU04pqQwiP0I5NLm0pbLFhU8x_eUJw', 'PMLFqAeA3TjsRNVHHkSrEzMwZDI4OTVlNjU1YzBjMTgxNzQ2NWM3YTQ3NTk1MjcwZWMzZjYxYThlMGFlZjgyZGQ3YzA5MjM1ZWFjMTY3MWXB0IJRlKOw/a2OCww0lEq+NsDMShqFj8ufvXsVXRlIqUwkv6yvkFcw0Y9+adGlvMMfTI/GXubd9+VqnfYSfdjl', NULL, NULL, NULL, NULL, '1', '2017-09-01 02:53:00', NULL, '1'),
(34, 34, 'gmoran@uteg.edu.ec', '60sU04pqQwiP0I5NLm0pbLFhU8x_eUJw', 'PMLFqAeA3TjsRNVHHkSrEzMwZDI4OTVlNjU1YzBjMTgxNzQ2NWM3YTQ3NTk1MjcwZWMzZjYxYThlMGFlZjgyZGQ3YzA5MjM1ZWFjMTY3MWXB0IJRlKOw/a2OCww0lEq+NsDMShqFj8ufvXsVXRlIqUwkv6yvkFcw0Y9+adGlvMMfTI/GXubd9+VqnfYSfdjl', NULL, NULL, NULL, NULL, '1', '2017-09-01 02:53:00', NULL, '1'),
(35, 35, 'jhoyos@uteg.edu.ec', '60sU04pqQwiP0I5NLm0pbLFhU8x_eUJw', 'PMLFqAeA3TjsRNVHHkSrEzMwZDI4OTVlNjU1YzBjMTgxNzQ2NWM3YTQ3NTk1MjcwZWMzZjYxYThlMGFlZjgyZGQ3YzA5MjM1ZWFjMTY3MWXB0IJRlKOw/a2OCww0lEq+NsDMShqFj8ufvXsVXRlIqUwkv6yvkFcw0Y9+adGlvMMfTI/GXubd9+VqnfYSfdjl', NULL, NULL, NULL, NULL, '1', '2017-09-01 02:53:00', NULL, '1'),
(36, 36, 'mviteri@uteg.edu.ec', '60sU04pqQwiP0I5NLm0pbLFhU8x_eUJw', 'PMLFqAeA3TjsRNVHHkSrEzMwZDI4OTVlNjU1YzBjMTgxNzQ2NWM3YTQ3NTk1MjcwZWMzZjYxYThlMGFlZjgyZGQ3YzA5MjM1ZWFjMTY3MWXB0IJRlKOw/a2OCww0lEq+NsDMShqFj8ufvXsVXRlIqUwkv6yvkFcw0Y9+adGlvMMfTI/GXubd9+VqnfYSfdjl', NULL, NULL, NULL, NULL, '1', '2017-09-01 02:53:00', NULL, '1'),
(37, 37, 'sgarcia@uteg.edu.ec', '60sU04pqQwiP0I5NLm0pbLFhU8x_eUJw', 'PMLFqAeA3TjsRNVHHkSrEzMwZDI4OTVlNjU1YzBjMTgxNzQ2NWM3YTQ3NTk1MjcwZWMzZjYxYThlMGFlZjgyZGQ3YzA5MjM1ZWFjMTY3MWXB0IJRlKOw/a2OCww0lEq+NsDMShqFj8ufvXsVXRlIqUwkv6yvkFcw0Y9+adGlvMMfTI/GXubd9+VqnfYSfdjl', NULL, NULL, NULL, NULL, '1', '2017-09-01 02:53:00', NULL, '1'),

(38, 38, 'aleyton@uteg.edu.ec', '60sU04pqQwiP0I5NLm0pbLFhU8x_eUJw', 'PMLFqAeA3TjsRNVHHkSrEzMwZDI4OTVlNjU1YzBjMTgxNzQ2NWM3YTQ3NTk1MjcwZWMzZjYxYThlMGFlZjgyZGQ3YzA5MjM1ZWFjMTY3MWXB0IJRlKOw/a2OCww0lEq+NsDMShqFj8ufvXsVXRlIqUwkv6yvkFcw0Y9+adGlvMMfTI/GXubd9+VqnfYSfdjl', NULL, NULL, NULL, NULL, '1', '2017-09-01 02:53:00', NULL, '1'),
(39, 39, 'malvarado@cranea.com.ec', '60sU04pqQwiP0I5NLm0pbLFhU8x_eUJw', 'PMLFqAeA3TjsRNVHHkSrEzMwZDI4OTVlNjU1YzBjMTgxNzQ2NWM3YTQ3NTk1MjcwZWMzZjYxYThlMGFlZjgyZGQ3YzA5MjM1ZWFjMTY3MWXB0IJRlKOw/a2OCww0lEq+NsDMShqFj8ufvXsVXRlIqUwkv6yvkFcw0Y9+adGlvMMfTI/GXubd9+VqnfYSfdjl', NULL, NULL, NULL, NULL, '1', '2017-09-01 02:53:00', NULL, '1'),
(40, 40, 'community@cranea.com.ec', '60sU04pqQwiP0I5NLm0pbLFhU8x_eUJw', 'PMLFqAeA3TjsRNVHHkSrEzMwZDI4OTVlNjU1YzBjMTgxNzQ2NWM3YTQ3NTk1MjcwZWMzZjYxYThlMGFlZjgyZGQ3YzA5MjM1ZWFjMTY3MWXB0IJRlKOw/a2OCww0lEq+NsDMShqFj8ufvXsVXRlIqUwkv6yvkFcw0Y9+adGlvMMfTI/GXubd9+VqnfYSfdjl', NULL, NULL, NULL, NULL, '1', '2017-09-01 02:53:00', NULL, '1'),
(41, 41, 'coordinadministrativaposgrados@uteg.edu.ec', '60sU04pqQwiP0I5NLm0pbLFhU8x_eUJw', 'PMLFqAeA3TjsRNVHHkSrEzMwZDI4OTVlNjU1YzBjMTgxNzQ2NWM3YTQ3NTk1MjcwZWMzZjYxYThlMGFlZjgyZGQ3YzA5MjM1ZWFjMTY3MWXB0IJRlKOw/a2OCww0lEq+NsDMShqFj8ufvXsVXRlIqUwkv6yvkFcw0Y9+adGlvMMfTI/GXubd9+VqnfYSfdjl', NULL, NULL, NULL, NULL, '1', '2018-11-14 18:00:00', NULL, '1'),
(42, 42, 'msubia@cranea.com.ec', '60sU04pqQwiP0I5NLm0pbLFhU8x_eUJw', 'PMLFqAeA3TjsRNVHHkSrEzMwZDI4OTVlNjU1YzBjMTgxNzQ2NWM3YTQ3NTk1MjcwZWMzZjYxYThlMGFlZjgyZGQ3YzA5MjM1ZWFjMTY3MWXB0IJRlKOw/a2OCww0lEq+NsDMShqFj8ufvXsVXRlIqUwkv6yvkFcw0Y9+adGlvMMfTI/GXubd9+VqnfYSfdjl', NULL, NULL, NULL, NULL, '1', '2018-11-14 18:45:00', NULL, '1'),

(43, 43, 'asistentecontable@uteg.edu.ec', '60sU04pqQwiP0I5NLm0pbLFhU8x_eUJw', 'PMLFqAeA3TjsRNVHHkSrEzMwZDI4OTVlNjU1YzBjMTgxNzQ2NWM3YTQ3NTk1MjcwZWMzZjYxYThlMGFlZjgyZGQ3YzA5MjM1ZWFjMTY3MWXB0IJRlKOw/a2OCww0lEq+NsDMShqFj8ufvXsVXRlIqUwkv6yvkFcw0Y9+adGlvMMfTI/GXubd9+VqnfYSfdjl', NULL, NULL, NULL, NULL, '1', '2018-11-22 13:45:00', NULL, '1'),

(44, 44, 'caja01@uteg.edu.ec', '60sU04pqQwiP0I5NLm0pbLFhU8x_eUJw', 'PMLFqAeA3TjsRNVHHkSrEzMwZDI4OTVlNjU1YzBjMTgxNzQ2NWM3YTQ3NTk1MjcwZWMzZjYxYThlMGFlZjgyZGQ3YzA5MjM1ZWFjMTY3MWXB0IJRlKOw/a2OCww0lEq+NsDMShqFj8ufvXsVXRlIqUwkv6yvkFcw0Y9+adGlvMMfTI/GXubd9+VqnfYSfdjl', NULL, NULL, NULL, NULL, '1', '2018-12-20 10:30:00', NULL, '1'),
(45, 45, 'caja02@uteg.edu.ec', '60sU04pqQwiP0I5NLm0pbLFhU8x_eUJw', 'PMLFqAeA3TjsRNVHHkSrEzMwZDI4OTVlNjU1YzBjMTgxNzQ2NWM3YTQ3NTk1MjcwZWMzZjYxYThlMGFlZjgyZGQ3YzA5MjM1ZWFjMTY3MWXB0IJRlKOw/a2OCww0lEq+NsDMShqFj8ufvXsVXRlIqUwkv6yvkFcw0Y9+adGlvMMfTI/GXubd9+VqnfYSfdjl', NULL, NULL, NULL, NULL, '1', '2018-12-20 10:30:00', NULL, '1'),

(46, 46, 'webmastermkt@uteg.edu.ec', '60sU04pqQwiP0I5NLm0pbLFhU8x_eUJw', 'PMLFqAeA3TjsRNVHHkSrEzMwZDI4OTVlNjU1YzBjMTgxNzQ2NWM3YTQ3NTk1MjcwZWMzZjYxYThlMGFlZjgyZGQ3YzA5MjM1ZWFjMTY3MWXB0IJRlKOw/a2OCww0lEq+NsDMShqFj8ufvXsVXRlIqUwkv6yvkFcw0Y9+adGlvMMfTI/GXubd9+VqnfYSfdjl', NULL, NULL, NULL, NULL, '1', '2019-02-09 11:30:00', NULL, '1'),

/* profesores */
(47, 47, 'fcedeno@uteg.edu.ec', 'TEhHhAzIjNrpF2xxVoqBdUN_7M8_fAn1', '/YU7kIZJbO044LIKRpOiR2MwYmE1YWI3ODlhNDYwOTc5MGZjZWNmZWUxNTZmOTFiNGE4MjA4YzlhN2NjNWRkNmVmOGY2NWFlYjljOGE4MTfHNtbdqcVdxV4pLAi4cpeTOtaqcsHcFjzA4S/rBHrQWrrITxLgZ2ficx4LkfOuVPy90AeGAKpOA1wpRiUeIBKJ', NULL, NULL, NULL, NULL, '1', '2019-02-25 23:07:01', NULL, '1'),
(48, 48, 'pedritoandrade@gmail.com', 'v5BNCe6vNAl8cwTlXOYOC03pekkcSjBz', 'apnkuTtlIEE/D+5JUlqD7TVlYjBhZGZjMDViYjcyMTlmN2Q5YzRlNDE3ZmUyZGVhOWQ5Y2I0OGFlOTlmYWM1MTMzZDgzNmNlMTA4YzU1OTGtM8O6fNuLmDffyN6dg/RHSdjrU9efXhfBEkjSzqi2IekFy8W9jdOoTTQPNImFSp8nD1fQ9KbxtwWtBLuqVLgI', NULL, NULL, NULL, NULL, '1', '2019-02-25 23:06:54', NULL, '1'),
(49, 49, 'manazco03@yahoo.es', '7i44u_0qg8wenaTn7BCdP_QiO2bSvIyQ', 'Y/y6dbOvcCkgO81ayUpiB2U4YWJhNzE4NjNkMTU4NWYxOTIxMTE4ZjRiYWJlMzNmNTJiZTI3OTc5M2M2MGY1NDk5NWE5MjNhZmUyMzE4ZThOfukXOODx0WdzmRyzMY6i/0M+qQewhTwwobwp+DEQbtgm7BKYK+PYZ0B1Gf5OAtTP49xeQdcrx/06M/RhOeqL', NULL, NULL, NULL, NULL, '1', '2019-02-25 23:06:55', NULL, '1'),
(50, 50, 'mabambari@hotmail.com', 'Ct1WL6G5j2j36otisvk9BQYxJevhnwIZ', 'fISJEEELpwt985bdk4favmJiMDhiNGEzMTRkZTQ4MjRlYjNkZjdjMTBhYWVkYWI5MGYzNmVjZjNiOWRlZWMwOWZhYjQyOGRlNmYxNjlhYmPNKFneiYl0n6OZ2NfxhiHPjZ1icIVMYd/vxgYJSxiXN03WrxaYZrmqxU+9DV/TFcuWkbsxBZ/J8Vm1LiQ3Ba1s', NULL, NULL, NULL, NULL, '1', '2019-02-25 23:06:55', NULL, '1'),
(51, 51, 'alimayi@hotmail.com', 'WdGTpZAvs1WwYWDtGWp5xAPF8vG6yWPu', 'l/rHPwQZDdNL/T2teuuTJzU3YTRmZmNhYTIxNmJjODI1N2JkNTg5MzA0ZTI4NjM0MmY1ZWY2ZDc4MTZjYWVjYTE1MGE0ODQzOTRmOGJiZDN+CLIZBhUiHb6v/RPe/JVY87M2sHJ+zJs5KlE6Bl/AE4hmAkhUOwsvm3ndX/lMWb3xC9ivPSU7sbEGixH4QvBB', NULL, NULL, NULL, NULL, '1', '2019-02-25 23:06:55', NULL, '1'),
(52, 52, 'acugam2319@gmail.com', 'Kxp8biRoJNzdqBW8wBOepT7VNvBIvK-Z', 'KY5RdBdYltwdYVuUDz2sSGVjNTBmNWQ5ZWVlZDFhMDA2YWU2ZjBhZmU4MGYzZjE3MzNkYjU3MDQyNDA1NTdmODJiYWI2NjJhYzI4MjZkODR5KzOSyEr7LRw7YctlwO1UzeANfza4WLHGhfThEagql4GVXDXaQI6Zc2YwwmOvpLafv+3wd0+40PUC9HpmmaDK', NULL, NULL, NULL, NULL, '1', '2019-02-25 23:06:55', NULL, '1'),
(53, 53, 'gaguirre@uteg.edu.ec', 'b3g_yjGX0prPkUzv12_TGLVcB6cFedDj', 'UztXVa6BQljhKay6XvuGVjgwMDE4YWZiZjQ4OWExOTFmMzA0ZmY5M2JiMzg5N2QyNGQ0ZmQ4YThiMjE1MjczYTVjOWNkODAxYzYyYjQwOTK9s4J9p0mpX7zB4+VenxTUE+mlFHKtli7Whfly84Ao5Xhqfngez8HmfqZKsIx4O3wJNZ2fnJIG9kA/iAVqdJgx', NULL, NULL, NULL, NULL, '1', '2019-02-25 23:06:56', NULL, '1'),
(54, 54, 'dannyguns144@hotmail.com', 'VhJbmVMsdRsR-RgATz6j6ktldMqmlcPP', 'krbiLOANrMpNMSAVR0iv0jNiZjdiMGU0MjY3ZDEwMzM2OGI3ZjZhYmI0NWMyNmJmN2RhYWQ1ZTRmYjQ2ODc0YTM0YjdkOWUzNmJhZTczYjcBG3bx8rPdXvgFZioElcwujvlbYx9ZilUJzaixYTv4hjqhoNaU2aP1dIm9KUN2WoQ6WCfdbnmALcpRTcLy+Uty', NULL, NULL, NULL, NULL, '1', '2019-02-25 23:06:56', NULL, '1'),
(55, 55, 'alvaradokarina66@gmail.com', 'vbw6slwwiqxp4NR5pElCDM1sPnLfyxkf', 'qRv4vGo2LgIwjuY1BjyXymEwNTM2MDY5MGUwMTg2MmE2MTNhMjU1N2E1NTNiY2RlY2E3NzZiNjYwOWI4NzNiYmY3MGZkNzU1MTU2OGE4NDHkEaXrj3sWrw9FzFfYPZSo3w//AcuGPkVj2SAC9armg+nIkYkAoezcEKRS71qa1d0Mzu9wSHBGMilAdWdzb4bH', NULL, NULL, NULL, NULL, '1', '2019-02-25 23:06:56', NULL, '1'),
(56, 56, 'fx.ampuero@gmail.com', '2fMOQm0R9oxm_7RiM0p25Vmbzm25dsRW', 'A9R9Cs/vminW+RzfU1tRuDUzZTJhYTAwNmQ4OWQzMDZlYmM0ZGZjOTZjY2RmODhhYTFmZDQwMjZmY2QxMTlhMzZjNjIxNWY3YTE0Y2FjMDCC9yiMtA/u2Rjddu6bZACWNbV0L2ho1LfucFpr8GGm1RI8fmkIe/d2TGcszulHxb0cS5TAVHyYPlqWp/OB40v8', NULL, NULL, NULL, NULL, '1', '2019-02-25 23:06:56', NULL, '1'),
(57, 57, 'paoauria@espol.edu.ec', 'nTY-d_8uG4aJV5QOWP3cDDTm5r8_qc5C', 'uK6SlHAgIlHJL2sf7rr4fGJjZWM2NTQ5ODMwNTBiZGFmMTdlNmUwOWIyMTQ5ZjZhMzA1ZjRmNDEwOThmYzAwMWFmNTJmZjNjMjY2OGY3MzHx6RtR6EvVAr/XVinZIzzFcLNaD+Po6sy6bp8SVSXUq2la6RnCw1rEH6gvdGnz/FhDYigMV05uDCOtAIJJvbN7', NULL, NULL, NULL, NULL, '1', '2019-02-25 23:06:57', NULL, '1'),
(58, 58, 'xavier_avalos@yahoo.com.mx', 'TCRzdlwuIGM6fTM76l3T1QmjChEJKGGm', 'ZM8MC7wsceHFIai84dY51TkzZDY1M2FiZGQ4MWM2OWM5OGNlZWFmOTRmZjEwNWNlMjNmNTU3MmRlZGUxNTMwZGJkYzQ4NmQzY2NmMmZjZGLb73rkf8a5K2ftGHww3qvPSyuvYPYVqJnwfoLDdgys2hrrhbA+vKd3Vi9PymaquClUKzF/41u96+MO6kA1g95G', NULL, NULL, NULL, NULL, '1', '2019-02-25 23:06:57', NULL, '1'),
(59, 59, 'gaznaran_c@yahoo.com', 'j27zaidcWH0u1RFNYN_n6oLxOmxcp15A', 'oJyy9mOSajmjSzNqPkm8oDJmMGNkODIzN2I5Mjc1MzM2NjU1NTYzYWI3NmEzNzZkMjI3ZGM0ZThiMGUyYTVlNDMzZmQwOWExMzkwNTUxZmGjQP7R2OIesjY+DTlK2pK9/+oTpohAT+C2x9f5wUaUWNXoRVuamXWuFnThBb8qOhTYpSQVRBaBiwZoQf3MJ7eK', NULL, NULL, NULL, NULL, '1', '2019-02-25 23:06:57', NULL, '1'),
(60, 60, 'malen.ab@hotmail.com', 'AHQDXn7hB8zIf2T0BakxBS0ysFAT6GHQ', 'mPK5KQEcdGS78eg1VL8xz2RlZjYzYjRiZTU2MjkxZWM4MDNmYmViODViNzhkODAzY2JmOTNiMTZhYzA1OGI3YmRhNmYxZjUxODE4MGY2YmZcr+w1pMbXu+rBo/fByjKJuTKWcDZU4hBgIA5u5WgQ+fmNL1rPjCpN8xRanxf/FLVEGLy+fXE37b6JcZaUFvwk', NULL, NULL, NULL, NULL, '1', '2019-02-25 23:06:57', NULL, '1'),
(61, 61, 'marybpita@hotmail.com', 'KRD6FfidB3iPtbqhXUyMIlgCBa1R-kL1', 'Lp6bU4CHScqlhYPFJs40DDMwNzE3MmYzZjY1MWJmZjE1MTYzMGYwYmU5N2I0NDhhMmE3MTgxY2YzZjUzOWE3YTAwYjk3NmY2NTIyNzIxMjLmSk/ZHSHpd92/Ei2SxJDSaFeh63jxJnGTew9DAqD+Hwi+eoDKc8QiNNl0Q0B07rX7hil5DcaFzpEYWNHEMqbP', NULL, NULL, NULL, NULL, '1', '2019-02-25 23:06:58', NULL, '1'),
(62, 62, 'mjbejaranomacias@gmail.com', 'UVkCBcaDPIw26gRkrEsA00c-WYc3XN9U', 'Jk+V4v0sUWiOal7T814mtmM2NzNjZDYwZmZmZTQ2NTFiNjZkZGNhNzQxZmFhZDkzYjRlZDcyZTBlMTE4YjJhMTY1Y2E4NGY1MmM1MGI4OWMPtHAwv629IZYAJF7k/dhLQpkQMbpiAY1nRWsITaPkyxz+P8oHtgAwm0IrQxtqJVzUSDf8SlALdd+WWjtFyhZa', NULL, NULL, NULL, NULL, '1', '2019-02-25 23:06:58', NULL, '1'),
(63, 63, 'tito2503@hotmail.com', 'JfgwJ7E9zlhbktyPfRGd1JoRHnfYeJC_', 'clG9M6xHMIxLTfkF4Bg7CDFkOWJkNDFhMjQ2YmI1MGFiNzc1ZDhlNjBmZWUwNDI4MjBkZDZjYmUzMDk5MjIyNzlmNTE0MDQ0MDE1Yjk3NTQy4+iSkB5qcVXf8e5KUpzIepoL2BKAqT3XPG3pl1jDcQdHSD6Vkb457qifX8l/iH3ccYMKNYp33pO4ku64I2LF', NULL, NULL, NULL, NULL, '1', '2019-02-25 23:06:58', NULL, '1'),
(64, 64, 'jbohorquez@uteg.edu.ec', 'ne33P9z2buik87oh_D57PuBX186WExve', '1+HSb+3QsAz+AU8x57PM0mQxNDc1NTUwOGE4MTg0MzJkODhlYWVkYWMyNTEzNDY4MzAzM2Q4M2Y3MTcwOTA0ZjU0YWNlNTZhMjI0YjUyNTDaoT3kMCH5x5TgmezsDnr1MHhDI/w3LBFlaMnBLJarr3GahUE87h6X81Zy5e42wAoeMPCV7scKKR16dBbwy8rY', NULL, NULL, NULL, NULL, '1', '2019-02-25 23:06:58', NULL, '1'),
(65, 65, 'obravo@uteg.edu.ec', 'AgwyV4DyiS4d1Ccuhvuwy1O2fV0AOvtl', 'iF1vuqTDv+XtYNwbaWZsKDIzYzJlNzAyMjJiMzBlMDUzZDVmYzI1MWFjMWM3YzBlZGEwMDMwNGQxODgyNDBiMDY1NmE1ZGFlNDIwZmRiMWJ3fD5QJLx/+tD3O0XWr0zu8mQBRd+J46b4aFZFXJ4xTp5tgcj/d57XSIeJ34VrsAsX8DsTn+TIhtz8N68IOXOO', NULL, NULL, NULL, NULL, '1', '2019-02-25 23:06:59', NULL, '1'),
(66, 66, 'cbritobruno@gmail.com', '9cQW62ZpLGMyPvTuDfTw3HKHUUNOh7st', 'Hi3RaG9YuZtIfdGf6FsbyTIyMzQyMTQ5YTIxOTcxYjgzMzc1NDc1ODY3YzYyMTg2MWQyMDFjYWMwODAwNTU3OGMwNTVhZGE3YWMzYjU5ZTB300ML7s/qElzcRek2j/6eNLtyqeiv31khZTvFvmH82A+zimdOtxJ7u2+CW3sGMN3781Li/wZ4GZJTx42mkq1K', NULL, NULL, NULL, NULL, '1', '2019-02-25 23:06:59', NULL, '1'),
(67, 67, 'adquisicionesbrito@gmail.com', 'ptCoTFepn6vdv_7YCmmw6lJtWfnlImx-', 'q/XEn4pMAJdMhjq/f+lZgDJlOTRlMTE0MGM4M2QyZTg0NjA4MTQ5MTdhMDZhNTc0YzNiM2I3OGUwZTg1OTIzN2QyY2FhYTNhYWNlZTk4OTGSmtkU01V3WOZIErB8cToQRqEASuO55kfZgKShI42p18Ne+7JI65fcgNk96jgkQFvR0TpNZwZyx+l6XMYt9wBB', NULL, NULL, NULL, NULL, '1', '2019-02-25 23:06:59', NULL, '1'),
(68, 68, 'campoverdefelix@yahoo.com', '4SO7CJo19MNbkkCLDgr9sraAauqn-zpK', '1mQVWjQv8ugfNLaQwsP+k2ViMzA4NGU2MzMzNTEwNmZhNzFkZmNkZGZlZGM4MzcwYjU5YmE5NTQ1NmJhMGE4OTliMDBkYTFjODVlODFiOTOprGQnalRxq00HZxmUQecsqNonx4ORbcpkX8JKyeX9VdctlEl8JsIxqFb30pekGnBnFLtLZXMbMmflBCWnGi78', NULL, NULL, NULL, NULL, '1', '2019-02-25 23:07:00', NULL, '1'),
(69, 69, 'candoisabel@yahoo.com', '-2oJ0R3_5Uo4hqy8wboQaC7ecnpwPmMb', 'QbVDhfcoHM1r5NCoEwc+kTJmNzEwOTI3YTE1YzFmNmNhOGMzMzNmNWU2MGRlNmVhMTJlMzZkNjZhZDVjMDJjNjlhZjYyYjMzYWI0YWJlNTTSBNhpJg0LTthl4t1+DYAAZta6ulL6cg2nTrFD2r4A64aeHlcQWY7PaqJjjJ+usdtQj66t6FsUJsWiXZuSSBkU', NULL, NULL, NULL, NULL, '1', '2019-02-25 23:07:00', NULL, '1'),
(70, 70, 'rcarrasco555@hotmail.com', 'Mbxm8EzlvS1vf_mMBFE8dHnqD7vHVDSQ', 'H0UaAgDPyQ2YrV5G+bmJdjU4MTA1YTZmNjlkNWMyYjIwM2Q1YzA3ZDMzMWEyMGI2MTFlN2QxMmM0NmQ0Mjk4NDc0YzA0NzYwNDk3ZWY4ZGGr0HQqflnlGcKjX0uJfvt0U8SNU1+zU5iCO6FCWnGcuNzeDe6+GblK9YGR9FRIuS8q1YHS4iVT58IDDvX1Im6T', NULL, NULL, NULL, NULL, '1', '2019-02-25 23:07:00', NULL, '1'),
(71, 71, 'crcmespol@hotmail.com', 'AYOkSsk7hLIxHHbCoMhowrxgYDcL81fL', 'Of/Zyoqima+Y80FLlXbK7GFkNmRiZWIyYmZkMmM0NzM3MTY3ZmMxZDJkMWI4M2YzMmNhYjNhNTBjODZkMjQ1M2NmNWFmYTgzMWM4YmEzMTQHmIhPo17DKeCN822C8dLOwlgoWxVOnM+g1xQq6NzXAsThLTt1n66E15MiWF2KHZZbO0h5HJgoNQVyYZ0ebbc9', NULL, NULL, NULL, NULL, '1', '2019-02-25 23:07:00', NULL, '1'),
(72, 72, 'freddy0906@hotmail.com', 'hiMLqoQ04L7SLNbQ7SY0s-2xb2kCueOs', 'lRM+W6Y1rTfAE4W+ITiAk2JlMzViZWEzMjdkODc0MDI2ZDRiODhlNjRiYjllOGNhOWQ5M2E4ODFlZWRlZmY4YTk5MmQwMDkwNzViMDEyOGUiehj/SpYWPNud483xvFQWzwlCY+Zlc5YguPVWXvEUVNfh9d6db1lzSdTQqv9l+fIF0xJKU+H4Q/r6xGe1xqAe', NULL, NULL, NULL, NULL, '1', '2019-02-25 23:07:01', NULL, '1'),
(73, 73, 'ing.bolivar.castro@gmail.com', 'MX5cYexiPN7iBabEyiogP0D9rmZK7OPb', 'TiIj+BsYbqceCE3VvKqwz2RjZWQwNjlmZjgyYzgyNDAzOWYwMGQ1Njg5NmFlMDQyMWY1ZWZmYjU5MTZjYWU2YWYzNzkxOGUxZGIyNzdhODiK9q2wHkymLdq6jrs/CaZoqtEwPe3sS1wl0x+uNv8gBOWD7AC8ql83oysg3YdxgaTSE0mcmP9I9xB57Apiqyy2', NULL, NULL, NULL, NULL, '1', '2019-02-25 23:07:01', NULL, '1'),
(74, 74, 'favio_aguiarm@yahoo.com', 'co5ynSXNYbu7CImAL2pVXI2DzUpEg82b', 'oVKobgIXpE2BwwE047sY/jk2YmNkYTZlNGE5NjMwMDIzOGJhZGE5MzdhN2YzNTY0YjIxYjI1ZWE4OGFhYWZiZWE2ZDdkOTc3MzFmOTUwOGI1uDLW8Bux3AirpFgll+aSMMypAX7cbLKk2B0lSyxsko1RP/mDIFOc46vvctHxkNspNSSF7NEv+YpkDNdv2gU4', NULL, NULL, NULL, NULL, '1', '2019-02-25 23:06:54', NULL, '1'),
(75, 75, 'jazmive1984@hotmail.com', 'SARM2aSSpu8GXr2ZUgGWenP7XhWoIE-a', '+vUiSMSoZI5t/tTL0iKrODZkNTAyZjUxN2ZlMWY5ZGQ5YmI2NzlhMmY5ODAzMTdhZjZiMTUwNjhmNDQ1NWY3YzE0MjJjOTU3MTAyYjc2ZGO0meQJL7qWzgMRHlGeuXPnOs/0mkEBuO8JJYzQ7vKQAzwKWXH0yg7E6pLVU3fm2aRiITxYzcmNlUk2r7r9aCwa', NULL, NULL, NULL, NULL, '1', '2019-02-25 23:07:02', NULL, '1'),
(76, 76, 'mcevallos@hotmail.com', 'WzoTLTviNnmc8ObGB82Fg6OEnm6ejS2J', 'FNVGwcmkdNAwLEhZJH+8djQ1MjFkZmJiMmRmOWQwODg1MGE1NmQ4MDA3MjQ2ZmEwMGE0NWU4MTMxOTYyNTM1NWRjYzIwZjk2MWUzYmYzNWPCJJN8QZ4VODh81yAduZyOtX8wh3vyOOpH/H0SJvOAgabk4MrIkTopPh3T36EbP71s75kzD/a1z+/c7u4QgxIb', NULL, NULL, NULL, NULL, '1', '2019-02-25 23:07:02', NULL, '1'),
(77, 77, 'chapajl86@gmail.com', 'S6nlLfWYTbL2RHN0R9p8ADCUhRKpKsnu', 'ip/dGwcn0sgL3XE59WkFCTU3YzZkZmRlZWY5Mjc2MzM1ZDFiY2UyYjQ1YmJiNzI2YTcyNzg2NzJhODI0ZDhlZDk0OTI3NmQ5NWY2YzM1MTe05GryPuPMBefpbFMv9gyvMsQgBas3YkswYVy0UDIfupJ1GBP9ZQXEZgF8uRUwbzmS1GoxWP0uHaBayiAK8FdQ', NULL, NULL, NULL, NULL, '1', '2019-02-25 23:07:02', NULL, '1'),
(78, 78, 'jcocab@outlook.com', 'ranL5E8zExPnmE2vwc8kZ2J9o_1Q6Hzb', '0p6Iz05Y7ERAMs8LzqsJYWQzOGQ0MjllNGMzY2I3MTY4NjYxZjM4Y2MxMGVhOTA1MjFlMGIyZGQyN2I3MmU0YzljYjlmMzEzMjFjZjU2MzaHDwcwXUPQ64h6BWYy4sVzPiouqt/iP5hg+6KZEoK3gaMzIC9dO4i7MdmMQpcOoqg2l8ad1J31W5lYUiykGtHO', NULL, NULL, NULL, NULL, '1', '2019-02-25 23:07:02', NULL, '1'),
(79, 79, 'jose.coellar@gmail.com', 'e3FyYARdEK1plw51yKf8-7lMIaSuH7a9', 'OIsuhf0TxGs+pPmCSccDLGE3MjAyYjc2Mjk4ZDJlMzMwNTQ0ZDU0YWRhMzMzMDhkMzhkM2JjZmQxMTg2NDc2MTcxZjkwNzc2YjgwNWQ2NmRWdk9zUSTcba/BPQHbL1XWxvjIVc4b6UnG3EEWyyFjA/ndjvyEhXOgLcuMyodfnMFO+IP62fYR7ixV0i0cL7iP', NULL, NULL, NULL, NULL, '1', '2019-02-25 23:07:03', NULL, '1'),
(80, 80, 'veronicacoello@hotmail.com', 'GuSThb6s2tofpMMACf1JIILSaHoVjyce', 'zFllCaLKFJO2g3Bbf1fnjWQ5NDQ3ODc1YjVmM2UxMTRmODE4YTk5YWM0MjVjNjdiNjdjZDlmYzhmOWI5NzQ5NGM1NzNmZDM5ZmEwYmQxYjb7rbVDg3zUmfSqI8szxATTgEgFxR4fA3fSKN5Qejne3Clw2ooC0LFBd0sjcak5r/hHsRozSMOuMyJ7430ta3Nr', NULL, NULL, NULL, NULL, '1', '2019-02-25 23:07:03', NULL, '1'),
(81, 81, 'ycornejo@uteg.edu.ec', '_sm1OB6obZNDbPIh0dOOWbt30WJf3tF4', 'KcDItSBnpIUrpM0TVEVRizdhOGUxNmMzM2YwYjRhODM4ZWZhODQwN2Q5NWVmZThkYzJjYzk1YTA0YTdhYzBjZDE0YjY1ZjU5NzJkMmU3Y2QpTRLFNPgGZFC0tjTnAWaqr8kCCF6z6dZFDLBjuVWyvvbfKXzCsQjlXuxuj/wjqk+vQN4vh0jNoeoSbNkDvKa8', NULL, NULL, NULL, NULL, '1', '2019-02-25 23:07:04', NULL, '1'),
(82, 82, 'carlos.corral@uteg.edu.ec', 'sh36sQWaro9yguU36aUQ6D3T8ZNfJfPC', 'j8X1F8xWrUnGQ5n+j8xGyzEyYjg5MjNlNWY1YWY0ZmNhODFkNWUxZmE5N2FlYjFhMDc2M2E3NTUxNjUwMzVkNjc0NzlmZTgwODJhMDY4NWGm64gUX+miQrh68V+WYyPqhDvGIQV6xfANY87jk3BfSv3LtDSaRFRdZEDjygajr8qEIAJO+3gymcDkpfqjLTHX', NULL, NULL, NULL, NULL, '1', '2019-02-25 23:07:04', NULL, '1'),
(83, 83, 'wendyrcortes@hotmail.com', 'jq7mlhd8AQpNjbgok2ZBmG8U5yxfLlXo', 'kDCzCmOJw9cEhks0nN1IQWQ4MDFiOThhYzI2MjZhYTFiOTQ1NzI5N2RmZmU0OTQ2N2QxNTFmNDVhNjIwMTQwOWU2OWY2MWJiMmFiNmFiZTJbpIpYbMPAM7BcJ7npBxdIwe+bepLsK9frpaXy/+XnmKrtJj1uiS+CU4EdbKQblzpuV9NQUynlH8oB+UNZRl8/', NULL, NULL, NULL, NULL, '1', '2019-02-25 23:07:04', NULL, '1'),
(84, 84, 'cortesruth56@gmail.com', 'EqYpvU7I_ysnkWGQZzafiq2nRq_dpDUQ', 'gwDyucEdyFBDggxxLr7ifTIzZWQ3MmRiNTNkOTAxOTJlMTc4MzFhNzVlZmM4NDdkYzQ5ODExYTI2OWE3ODI2M2UwNmZlNDE1Nzg0YTg0OThNZrP87v3mBUKyST/TVaQUQXo9qFkSJ4YvF909y9hf5h3VAy1mwWH+nfwxuXzyLpu83LKnVjCyZmr5Q0mGd+oc', NULL, NULL, NULL, NULL, '1', '2019-02-25 23:07:04', NULL, '1'),
(85, 85, 'edu19432@gmail.com', 'WU93bHhLQglBvIkH_unxozVE7ZPlXt0K', 'p0etsbPCsp5IR37QAn7612QwODYyZjI0MGRjN2RmNDM2ODRkMmM5N2IxNDY5N2JmZDMyMjZhMGU3OWRhODk2MzljMmQ5Yjk0ZTc1NTkzMTCNKihRyezi7ve7t9almCR7bBguU+e0hFtEZPnt5WtAqnwL1XCtnMgYNpwM/oMzXbwfqy+vjoCsl3BQhskJoQtl', NULL, NULL, NULL, NULL, '1', '2019-02-25 23:07:05', NULL, '1'),
(86, 86, 'judithdiaz972@gmail.com', '5Iyuwk2Esh3chky1loW_Uiv4q6_gFSP5', 'V5n5Ji9wq73fMN5hFvtc1jU0ZTFiYmJjN2I5MzNiZmVhN2UxMzJiM2JlMzY4ZWI0OTgzNzliMWI2ZDY0ZGEzMGRjYWVlYTBlMzYzN2JhYzP/9CqwFv6JV/5q/yNq0PZjsYKGDi3klJQ6utviEXLSutWUMsNJyRyBvA6C5bixu5ZJQJxXagr/sAUUjO8EYtwl', NULL, NULL, NULL, NULL, '1', '2019-02-25 23:07:05', NULL, '1'),
(87, 87, 'diazs420@gmail.com', 'WKOJNderk05q3fwGxg88jFe-Vppq4SQd', 'ijurSo4GtrqRUTwwAc8Ur2E4YmViMjlkNjIwYWU0NzNkN2ZiNzE3OWQzY2NmMWQ3MGFlOThlYTc1NGZmMjM5M2QzNmNhMDdiMDI3NDhmN2FZTbUxz1HsKhN+upeIfq27Usy9jCs0Sj60RTu36Z3JwW3tJFv1A604YtaUGGHr9UM4KSqEzDIe+MZwqAZGWh3X', NULL, NULL, NULL, NULL, '1', '2019-02-25 23:07:05', NULL, '1'),
(88, 88, 'carlegas66@hotmail.com', 'XCb9PofBXAg2mR5XpcOgOJHc-6Q5-BBr', 'Yjps/i0EvKdp3B7zAUOQEGU3NzJlYzA2NGQ3YzRmYzBiNTc0YTAzNmM3MThmZTMyMGJmOWQ5NDI0Yzc4NzE0OTg1ZDE3ZTExOGQ4YzQ2Y2WMy+k8fTl1XGIiC3C/3B4XAEHXDCbhrm+xaKT5O9Q8LbVHT3nNrHiNkgfxoAS+lWw0hHR2/+g/Plr+rlZppOEi', NULL, NULL, NULL, NULL, '1', '2019-02-25 23:07:05', NULL, '1'),
(89, 89, 'cescudero@uteg.edu.ec', 'rnlJHqA_X7xiMJIzPuE35sRbBZp6xWUT', 'nOdnuakRWSbOamUiMgVfITMyMGE2NGQwNmNiNzE2MjUzNzA2MWE3ZTFhZWNhMGNmZDA0NDI5NjI1ZjY1NzIwZTY1ZjllYWJhNmVkZmU0OTli7vp4qHqd4LT5Di2mNZn2iujD15MFYmg/n1WRNaUu/m9lUkmgC3atMj+BuZoxgKTCM6nward6ZaFkBVsH7W+x', NULL, NULL, NULL, NULL, '1', '2019-02-25 23:07:06', NULL, '1'),
(90, 90, 'bryanespinoza@yahoo.es', 'dzAMff_fm0x0Crjrtg8AHTrpsJjqhOsE', 'g3tSC5eUY0I5kkAYmbqnEjJjM2E4NjZlYjkzYmZjMzgzOGJjMjJhM2FjNTkyYjVlMTk1M2E1YTAxNmI1N2EyZGQ0Y2MzODQ1YmJmM2UzMWXaJnsPVST1RQAQ0Mx6zLelzPrN2JfznQEaV+ekCc0yzwOs46M1cy5TPNCcltP7eMkZsZheqWsySQC3cbzGp5F3', NULL, NULL, NULL, NULL, '1', '2019-02-25 23:07:06', NULL, '1'),
(91, 91, 'cristinafalconig@gmail.com', '6rtZp1Big_ek4y7J9NDgCMzRW2IB4JpE', 'dC+7xc8HakOe08d6YpHwXzJiYzBmYzU2ZDA3NzA1OTZiMTZlNDVlNDY4ZjRmNjg3OTI4NWViYjVhODliODllNTgxYjlkYzk1OWUwODg4NzGQMY98zbsjB2hW+66vA2H69rhEunp8rT6gEZvaOH9AHl4dgxtjAZGsCHNwiB+6Fn4QO+2HxPl+4vE/DLEC6rxA', NULL, NULL, NULL, NULL, '1', '2019-02-25 23:07:06', NULL, '1'),
(92, 92, 'farfano@yahoo.com', 'eZrhOGdNS4v-iOjIVc4iD7VoTcgzdfdh', 'agCcfjNmTxFaaFI1x5iwfzcyNjhiMTk0YWZiNzllZDlkNzE2YzNiYmYyNmQ1ZmFmNTFhNjZlMjhmMGNkNTcwYzc3YjBmYTNkMDQ5YzhjYjF00Ns8uGVPxmyc29f4Q5yl3neHLah/uxTMo9WuiookJ1i419eqKCHsC+LC7eERw+QEYG77MrePpHp4PVnAEbX7', NULL, NULL, NULL, NULL, '1', '2019-02-25 23:07:07', NULL, '1'),
(93, 93, 'vhfernan@espol.edu.ec', '2GGsaEat_EyLIrziMJP55ShUihd-nBfG', 'h0fsSvf0XaKSsMuzNXKYGTRiYmFlNjdlZmVlZjI5MGU3NmFmMmJlNTQ4ZWFmOTYxMWU3NjljZTFhNzJiODNjZTZjMTA4MDc1MzUzM2NlYTM3Nx8U2Qfcqnp3Bd3wZbpxDOPDAkMoHd9Ak11jRdc9YU1U/bQD50MbxvithOM8Sb91/PeWVpQttPVOAxyhp3U2', NULL, NULL, NULL, NULL, '1', '2019-02-25 23:07:07', NULL, '1'),
(94, 94, 'marlon.figueroa78@gmail.com', 'b7scnzlVPvldOG30Q3j4Z5-6JW07mGlN', 'qBSzAHYr74NXHBm525MWf2M0MDdhNjJjYThkOGJiMDY2OWI5ZWNlZWMwNGE0Y2IwYTcxNWU1YTMzMTBkNGU4YTQ2NjRkYjAyNDExNmU1NTC+F65EZYkb+pLZWRVAmh2g06BB7rj2t6ev3jfz4Kitu1+dhGQANyTpGhQGy08abfCkWhWrEOdER7G2iA9tRt0w', NULL, NULL, NULL, NULL, '1', '2019-02-25 23:07:07', NULL, '1'),
(95, 95, 'joselof@yahoo.es', 'qVvVEpBjirNA7GoFAJkVE3CbM6OopraY', 'AFNRB+sgj/c8xozmOXikHmZjNzYwZjdhNzUyYzc1MzQ2ODU2N2M1OTI2ZDM3NmQ4MzM0NmIyODdkMGFjOTI2ZTJjYjgzMDRkYjFjNTNkZWYcJTr4rw/AgDwksV5GD/0+gNRlhUmLO4kQn1FwKCVMXNU+5vcn7bpwGUB7cbXsfAUK46CZSURo+tvTy9aiArZG', NULL, NULL, NULL, NULL, '1', '2019-02-25 23:07:08', NULL, '1'),
(96, 96, 'davidfreires@hotmail.com', 'EqPJlITEM1YYzmKm-6HUw4Z3xFjODNtx', 'lUDKx3/LC+CMHiwxIQNLIjMzZDQ4NDY3YTU4ZDI0YjBiMzRhYTkxZjI3NTYxZjM2NDE5ZGIwNTcyYWRhMjg2NGQxM2Q4NTFmNWExNzc4YjbPJ6rbpsbGKE73qIxtLP5uaaXf1hnNIn7RJ4/567Im2j/5DJ0RK3clJm5R3FYQ7vfZIr02dfshLW3qG8KJMdOQ', NULL, NULL, NULL, NULL, '1', '2019-02-25 23:07:10', NULL, '1'),
(97, 97, 'marcelagarcia13131@gmail.com', 'YNjv4h8I_bVrCg5K57tn48TJsCYLOpRj', 'vudwuV0lfTMnGR+Hvgh2YjA4YTQ5ZDQ1NDdhOTViMDUxYTlmODUyODc5MjJmYmFhZTI3YWU3YTY5MWNjMWI5ODBmN2U5Mzg0NjQzNGIwMGax7XjH9kA33FwDZ+yAf4z+zcFtLEjjOy5hyRMfy4SdCxbHu82yZFqKFl45EML8SUTW2Lt3QhWKOCkABF7FQUoH', NULL, NULL, NULL, NULL, '1', '2019-02-25 23:07:10', NULL, '1'),
(98, 98, 'garcia.regalado123@gmail.com', 'yMpbSweulrk1j1pPTa704oWRUK4Bk2LZ', '/taDbM3lhUzDafHitimhsTMyN2Y3NjNmNDhkZTkwMWVkNzNlZGRiNjM4NjE4M2ZhNjY2N2NjZjk4NmI2YzBkZDk2MjFmNjE1YzYwYmMwZDnQS+3WxVZIv/iseDzK/fvhtOweVI+fENkICZVjoUXE7QcepMHGgliLUvwMCvjJ4T3Xwcc9IQDC6aUebUr9Ybml', NULL, NULL, NULL, NULL, '1', '2019-02-25 23:07:11', NULL, '1'),
(99, 99, 'aagarcia@espol.edu.ec', 'HbIoq3QXFtonJuc2rRHp2LGwOCyMOw52', 'r+5EeLS4LeqNRcLUIUE3y2RkMGZjYWEyMTg2ODJmMWQ0ZDNiMDJhNTkyY2M0OTZkYjFkYTUxYzRjZDdmM2VmMWU3MTc1ZTg2NWUyOTcxNTAfK6uYqUmbgLCT9KsxM4QS8cnf4QiO+lu3P0qpUL9Vco+9C88zzGzh0EWiMniG0OdzSHVf2Dk7GIViDip7m36i', NULL, NULL, NULL, NULL, '1', '2019-02-25 23:07:11', NULL, '1'),
(100, 100, 'alcidesgomezyepez@hotmail.com', '2GM3tlJbW-WvwY8FwBIczB5AIm11ac-2', 'ONScbDJF1ArW4PJb3v/ECzVkNGNmMzgxZTJmODQ1ZTFlOGI1MWQxMDJlNTUxZmE0M2YzYTQwNjIyN2ExN2YwYjk3ZjQyOTE0MTNkYjczOGWdj+aj9X0lMZ/erXSkYZ9lnOPcX8kBEgSCA0WExtH95MOA8qplYKkdskMxO7OVy9+JIC7vQx8mLphZkXU2KHcW', NULL, NULL, NULL, NULL, '1', '2019-02-25 23:07:12', NULL, '1'),
(101, 101, 'aagonzabay@gmail.com', 'o7BH4w6tc5icDdgpmjem0a2sEslfUIkv', '17JFIJnrbs0wr9iBvwPqajhmYWE2YTVjNzcyNjQzMDRhNzI4ZjJlMWQ4OGU3YTFlNjJkNzNiMmNkNzc5MGNiODY3ZWE5OGQ4ZDNkMmY2ZGKtcUdT/4kXvYYY9PeH+OA5KqkS5lBRf3FgzUSZujf2GQG/esOhkXC3jsIgl6KuW9TjinxsYnWEWC0jLSlD9e7C', NULL, NULL, NULL, NULL, '1', '2019-02-25 23:07:12', NULL, '1'),
(102, 102, 'fgonza3@hotmail.com', 'epXMplCZtoYoumoooKgJfRRcNzFdWTgP', 'uB8jnNu6RGAW5hSKRQQEsWUyYzQ0NzQ1ZGRmYWY2ZWVkOTNkMjE5NmM0YTM4OTEyMjNmZGQ5MGI0Nzk0NTk5ZWM0NGFhM2RmODE3YzA5Mjco0rTbEyU98cK5X2aiRmInJRYLC2nCcJpgLXywRsQZ3OQLv6ZS/Hie/fFgQZm+bV1jzIt0mHrre9C+plRR3mas', NULL, NULL, NULL, NULL, '1', '2019-02-25 23:07:12', NULL, '1'),
(103, 103, 'marthis_gc@hotmail.com', '4cAQFAlb6dIeWNO44-oOeLnUKo1SVGTD', 'qUJyx7BF4RYuNBCmCvUOaGE3MmNkODZlNzY3ZDA0ZGExNDMwYjc5ZjRiNzI0OTBlMzZlMzJiYTkyOGRjNWU5MmY3NmVlZDBlMThkOWJkYjbgiqyB9NJUXSFjpVzotFCttGIfBiaIgECwQ2b3zM3ZyqWQjNXF3WiNxz7hf2nPODwJKgFFaReVwFToB0JTTC00', NULL, NULL, NULL, NULL, '1', '2019-02-25 23:07:12', NULL, '1'),
(104, 104, 'edisonjavier02@gmail.com', '2Mf6T2dTqQ8Q1HoIOax1kJn3B2buDfbR', 'm4gTusg2vQ6xvgnjAl3V1DlmNGQ2YzE1ZGVhNjBjZWY0MzE2YTc0MmU5OWRmYjhmOGYzNWJkNDlmZDcxODg0MThhM2M3ZTZjNGZjODAyZWOEldVtA4QZCig4rPUlPfCNopLO0rNN2WfJoHsjhlptMzuSrzDFfuBF5Q49sv01VrNON6eggPNDK0qDYs8S8QFY', NULL, NULL, NULL, NULL, '1', '2019-02-25 23:07:13', NULL, '1'),
(105, 105, 'gguerrero819@gmail.com', 'EzgUlwLdCBHdgxzi3Q9sSJO60rCt7Y5D', 'vqVdDiQIv+sfc+w+yQ5EgDg4MWEyOTRhYzU3M2JjOGY4YmQ1ZWQ4ZDFkYjc5ZjI3MzRhYTkzYzU1MTViMjk5YjA0MTc2MTc5ZGVjZjI5ZTQPjUlsHG7zgxv1cOXnzUiitzpw0uJoo65L447i0ChiaBn9KwS6O/eTKNHtLz5q7xN1U2k22A3v7c+QIXaSHkXc', NULL, NULL, NULL, NULL, '1', '2019-02-25 23:07:13', NULL, '1'),
(106, 106, 'cdga_140476@yahoo.com', 'i8nwICrZWiRiUK1DOZnaXLDQYJQbR6OT', 'FWiqKtW9/eo+ZoqZCktlkjI2NDI0ZDk1ZmUwZjc0ZWRhY2QxNzk1MTFhYTk5OTk4MDA4Y2I1YjdiMjZlZDM1YTJiZWRhN2RlMTNhNWJiYTZdGi+1apl66YJuCerU0OvtDq7fh51miz2P9kNLmGLK2YISwfIdkF6CCrQ0u7BL24YfF4J6TQ2DiiiBp7kOI21h', NULL, NULL, NULL, NULL, '1', '2019-02-25 23:07:13', NULL, '1'),
(107, 107, 'xheredia1@gmail.com', 'JJGohNLqcz2jZ0JHe6bg2FofXYXPFrb2', 'qfh3q0aOzN0J8KpKWxYSPDZkMDlhNjM3OWUwOWNhYjYyZDFlZTAwMDJmZjA3N2Q2MTQyNGU5YTU1ODRiYzEzZmIxNjJlOTg4M2VjMzBkNGHoI12mGlbIQF7Uu2YizRm9nJKg5XjFUeiCTfbFiVRLKpAvmncMfVXUwIy83x9ZBKfRtXS7fY/BEsmw6x6sSIkj', NULL, NULL, NULL, NULL, '1', '2019-02-25 23:07:13', NULL, '1'),
(108, 108, 'gerard.hirigoyen@u-bordeaux.fr', 'lpna9mJkn6I4xquEEMZl-0fK-mljuc5C', 'AKhDOJEqmcPXNDKw5/uhPzlmMzc5NzQzMWJlNTllMjExMGM3MzJiMWU4Mzk3MmE2YTljYWFmNTcyOTUzYTNjZTM4YzIzNTA3NDI3NTBiZjMPTFS1vt+LKqHK1u1i4LJCosMt/qVBbQlyEqckAdSRnNw3mlY2Fr/jizIS0Ck3NlkxGMoV5ItRv/2V1QTjolkr', NULL, NULL, NULL, NULL, '1', '2019-02-25 23:07:14', NULL, '1'),
(109, 109, 'jeka.hoyos.s@gmail.com', 'uS6saXXedlvPSCj4ph1ZVUIaDheLO1cV', 'Qv6MHei2GGgqdpvkEqk1Izk5YzBkZTMwNGMxNmJhZWU1Y2NkYTRhYzNiNDQxNjQ4MGIwYjAyMTU4YjIyMzc5MDczZjRmNmNiOWY1NWIyNTVlYYrNiAkzYo1ytNeulX227sOpMkyZ+OB6qdjk5dJGprguGuWcRE4sC9I1fabQjY2rhWZHvchdCQtNiPA2RIzV', NULL, NULL, NULL, NULL, '1', '2019-02-25 23:07:14', NULL, '1'),
(110, 110, 'imphuacon@hotmail.com', 'BlSxaEJ7FNRHJ1d_1VBzSFhuQPoMzx3U', 'HnBoYKQYULIAyYBsuhUhkDJmNmMyZWIxNjU3Mzg1ZGY5YWI3ZTI1NTlkZWMyOTJmMmY2MjNkOWVlZTc3MzI2ODczYjE1MzgxMTNmMTQ4NjXSAvGeVLuSXrbZMPBJBnssTByDHVqSREV0YV6VCdPjK3K+ok/97i1fhaJiJZZflYSBpzh6fgbJd7A9qvoBIauR', NULL, NULL, NULL, NULL, '1', '2019-02-25 23:07:15', NULL, '1'),
(111, 111, 'mariahelenaigallardo@gmail.com', 'vOBAHMMM6ZfqlULhqAtOM1Ci2bUsMNYl', 'pE17v1GT4wa/ZWXpUt1N02FhZDMyNDAwZjAzNjhhMzY1NGE2NjQxZDU4MmQyMDU4MGZiNGZhNGFkZDY1NmI2OWUyODgxYWU3ZmRjMTg1OGGr/Fm3oaU0qepRu0TyceC2GPkGRspOANTgMnMl2ZKXEAsnrtg1D/NnFzGilYocVkWl0KAk+P5jqZKQA4EMwvx/', NULL, NULL, NULL, NULL, '1', '2019-02-25 23:07:15', NULL, '1'),
(112, 112, 'miglesiasm77@hotmail.com', 'b6lMHIyf047JGSCX_A3_CP5N1Qbn7JQO', 'zdkL7m2AT7pJS+BO51KOUGU0MWU0NmI0NGM4MzA3MmZiMzg2NTBiYzNiOGM5N2RiM2Q0OThhMDJhMjRiMjhiZjk2ZjcyMzM5MjA4ZGJjYjFO8DprR0nFdx7/bACpJPUaHLYeJ7G+WTN5jfvJI+7YduOEVdX9OYDUNZFzNDMNq+5XxcvKB6YWuV6+8Gm4zYRT', NULL, NULL, NULL, NULL, '1', '2019-02-25 23:07:15', NULL, '1'),
(113, 113, 'ec_pedro_iglesias@hotmail.com', 'iSuFybzq4ll7MlLS-pi1PUKzlbyfCvf-', '1B3C6hnTyKUZ6F0vBL416WIyOWQ1YjU3YWZjNTU1ZWY3ODgwZDc5MzE0YzczYTMwOTAzODMwNzZhZTZiYzk0Yzc4NDllZTVhNjNjMTgzYTL4pBwk0ao+93SE4Qn9G7Qi0EGeH9LkwtW0HrI8iw1IISe9HM09J20ELLPp4mVU5Mkmeml2C6FlgsMWcA6sKCYF', NULL, NULL, NULL, NULL, '1', '2019-02-25 23:07:15', NULL, '1'),
(114, 114, 'yuryiturralde@hotmail.com', '2Fe8jheV0cTQBE22-QgOG95CqYQiCJ1a', 'M40dC1MW63GwsuCMQGO8YDM3MDVkMjg3OGYyOWNkNWIxYzY0OWFhNTFiNGE3NjQ2MjU0OTEwZjZlZjBmOWQ1YTZhYzRiYTEyYWY4M2Q0MmE9on81tKMfaMXEBS8xx/EqHO/bYTOKLBki7zAkwzDXZ6fEOpd7cB1QpS+ECuCwZH8qBSrzzDRm9dSENQ/1FXo9', NULL, NULL, NULL, NULL, '1', '2019-02-25 23:07:15', NULL, '1'),
(115, 115, 'edgarjimenezb@gmail.com', 'Pjuw1IwTuE0IYq_WLofrb5Cj5v8c7z9u', 'RtI+PbIDssnSFBLjj4OCpzMyMmZhZjdmOTlhYWMxZmRkYjQ3MDQzMjJiMmEyZDU0ZTg1ZTBjZWRlNmY1MjA4YjI3ZTM4YjMzMDk1ZmEzNjZUtaIahuNDWGUbhvSQl48aD+K2o6uGSE3ExIZFifj3siWlHvhADb9Hmu677LFqZK7M9E79zSIwQ82rGEeGdR2t', NULL, NULL, NULL, NULL, '1', '2019-02-25 23:07:16', NULL, '1'),
(116, 116, 'mauri0204@hotmail.com', 'NlEdG4N4NEx7yjbJrgH6kTUtP0M6UN6u', 'ktQCtJmmUJI/vC3rDeivnTcyNzNmNWEwY2FhMGM3ODQ1ZjE1Mjc0YjJhZjZjMzE2ZDNiZTk4ZDlkOWQ1MTE4NjU2YTE5MDBlNjlmMWEyYmbYId3JPe+gyaCJ+xN29ud7P3D5AYZyUfudcIaO0Tq6R5ZY0wc0+EgYj5aTGRpsLFtaE6M13q4BYIYuyGDcncYo', NULL, NULL, NULL, NULL, '1', '2019-02-25 23:07:16', NULL, '1'),
(117, 117, 'docenteidiomas@uteg.edu.ec', 'lUo0AWAgWnOckX23mEuqihRotfYnK4gl', 'S/bkJciAN5LX8Qwh0JHHLDdjNjk2NmI5NDg1NjI4ZGUyMmVmOGRiOTY4ZWRmNGQxYTkzY2M0ZWI2NTgzNzU5Y2NiNTNkOWFkM2Q1YTVlNTFXeDxgrorvkxVyY2NGlQFXeigZZOOtjEP8eSg7eqC3/X8R1Pt27FiP3CzkOFgtiUiNQi63+JNdJhf0FP8Yu1/S', NULL, NULL, NULL, NULL, '1', '2019-02-25 23:07:16', NULL, '1'),
(118, 118, 'glamota@uteg.edu.ec', 'GUJBJCYuWwk2ulxOh9pb9uWwXLcgo2PE', 'JRh4pLGxmOiwGZQn+BUBsDkxNDcwN2Q1ZjU3NWJhNTJiYTc3Yzk0OTVhMTFjZWUxMzEyZGI1YWZkMGE0YmY5MDMyNTE1MDhkMGZlZmY4NmQrtawj4yum3CRCO/rs5El1tibWsOgLVFNMO3nGkBFupA0D93BcaaXl9jIZdAG1j8869CNmm+4FVVUYfbqf7Y2K', NULL, NULL, NULL, NULL, '1', '2019-02-25 23:07:16', NULL, '1'),
(119, 119, 'manuellarrochelli@hotmail.com', '2zQIMgSxPpQkFPPe8gXpUaIyB2jOYJXa', '5b+65qpUTDfp6g4BcsFjTmZmMjE3MGFhMzU3NTVjZDk1MDBmZWEzZWRiODA0MGM0MDhkMWQ4YTIzMDczZGRmMTkzYWMwMWZkOTU2MmRjNTEjxWPWE4egWULqs+/l700nZZfOEoeRVwV5anQTd657SnVHRrVW0blNZh5vgPFxdwr2rc9+0tBCspI1MLzyDeaw', NULL, NULL, NULL, NULL, '1', '2019-02-25 23:07:17', NULL, '1'),
(120, 120, 'jlulema@hotmail.com', 'bwiUn95pVeFZ_YLRPpLFxbnhL4l6dzyQ', '9Y7Z4P6y20OpS6w2XiMrMTcwYjVlM2E5NmU1MzJhMzA4YTY3OGY5ZDg2Nzk5YWIwMjE4MzQ1OTdkYjJlMWJhMzAwNzhjMDE5YmI2M2M4M2Wk8jQEglcxElVVpecRF7j0cL5yP+atMxmxi00DwN8cpye51siWr4n9+uaOZhXuygcJEzikXxA6Z54XR2T2SVaz', NULL, NULL, NULL, NULL, '1', '2019-02-25 23:07:17', NULL, '1'),
(121, 121, 'linch.luis@gmail.com', 'py3652G0xMKf0c5jb46b6y1ICzQdRUm4', 'XbzjTNuzulivdQUsfDxYBTIwNTYxZWQ4ZTY2NzRlZmQzYjA2NDY5OTc1MzkyZTI3NjEwODU3MDI5ZTk5MjFmNDE3NzMyYTg5OGQ2M2RkMGa6LvyL/OJhboAl2uf1zJGcV7Xj8/rwNd4qIUgUC3+dB8qsLcomUKIDufOwju8+BKwEYN/AJOh+UGhrqOEP9iTM', NULL, NULL, NULL, NULL, '1', '2019-02-25 23:07:17', NULL, '1'),
(122, 122, 'elopez@uteg.edu.ec', 'WTIM6kbEIE6lwO8egpeJYOqRBeaMxz7B', '2Id30GfGoqgqpcLqNrLHZWNlZmNkMTQ1NzcyNDcyZTNjMTQ1NGFhMDU2ZmU2ZTZkMDk2MDliNWExYjcxYmNlNTE5Zjg0MWNiZjc1MGMwZTMRravw5cTLGhpH7b9Hs1RFR0lnSWnC5uw/hfuIF9XXVORTZN+b8W4Uypg+opflxlEPvxzNUo1Wr+5I19g7ANWi', NULL, NULL, NULL, NULL, '1', '2019-02-25 23:07:17', NULL, '1'),
(123, 123, 'flopez.mendieta@gmail.com', 'yGrUeTIYOl1W4R2nheU6sxLdxcdBVSXK', 'WClXn5M81cR+QUhyOnwI+DAyNWRkY2MwM2MyYzBmOWVjYWFlZTlkNDgyZjhjMjlkMThhNzE5M2NhODEyNjEwZGE1YWI2YTA5ZWE4ZDkxYTA6gGKXqvUc/f2xtqecUUhcd4B1t/bRVF+w/ZV/OegCX5U9HXhgyhgyWNVAN1QaVtfUMrkqqcu9UJRH6wlVoTvi', NULL, NULL, NULL, NULL, '1', '2019-02-25 23:07:18', NULL, '1'),
(124, 124, 'mmrodriguez@ucf.edu.ec', 'qE2QrhCBaaLclM8GgqZYTaqrvXYUahlx', 'pP6UGE3VQ8git2BWPzik+jI0NmQyODUwYmQzNDExOTU1ZjZmMGNjN2RjMTQxZjQzMDZjMmYwNmEwZGIzODVmYWFlNzkxZWZhYzMzN2UzNTnjpEAYGVmati+so2LnRjI4JunuZgoMThrYHbrybtjyNYqPZf9Iv2srNNKTHRw5t1Gd0B9UgzZY+Lv+UMq+R/Is', NULL, NULL, NULL, NULL, '1', '2019-02-25 23:07:18', NULL, '1'),
(125, 125, 'marymaltam2006@hotmail.com', 'qCLeI9XPDKvnaIkK4nb2-i9qwuApfbsN', 'h7RieFQ1jI+FfjF+f7Z0YmRiNWUxNTBiMGE0MzNiMDMyOTI5ZWRmNThiMzE2Zjk2MDhmY2MwMTRiN2IyZWE2MWQzMjY2Y2ZhZjBlNjQyNzTQRQGTMiLuoy/dvDEE6NyXUQ4e/5vl6wr+wa2glvIqImzWm0Bh70Ek0JZW1vAfStN7hP8Md2WxzgMfudRqJ10D', NULL, NULL, NULL, NULL, '1', '2019-02-25 23:07:18', NULL, '1'),
(126, 126, 'mmariduena@itsvr.edu.ec', 'OUXhkmJ5DbfqcfafhMkjAYtlZyyWawDY', 'WNAjTg8etgSKALK3W9ffQzMzODFjYWY0ZDBkNGFlNDJlZjM2ZDQ5OTVkYzkxNmRjZTdiNmNmZDVjOGM4YzFhNTBmNTIzNjk4Y2RkYWY4OTRpwJ9nO4YUlRMRC+wC0QELjnpZabQWdB/1I7m/FDVCCyqmvtp2LGtzCL1qrSvUcMvOyX7KJ2PxIDs2EbnBoSaK', NULL, NULL, NULL, NULL, '1', '2019-02-25 23:07:18', NULL, '1'),
(127, 127, 'martinezdealvarez@gmail.com', '_lwHne-0xG5MDmZjKH_NJznYmGpye-oF', 'ZDZksdIkDsU9bK6SMcEdt2MzMTBiMTE5ODBkMzVlY2ZjMTk1YWUwNTE4YzA1ZGQ0ZDg2Y2MyOTAyZGY4YWFiMTRjNTM2N2U4MjIzNjA5M2MNabeO0BnxI0O4RlnYXCEL8sa+DBnZhtsZfEhXPqt7jH0EPzvwFBvDCE0Yo3zdOS5Zz/e1AE5jU0ZumHYEHnzO', NULL, NULL, NULL, NULL, '1', '2019-02-25 23:07:18', NULL, '1'),
(128, 128, 'robertomartinezh7@hotmail.com', 'aLowVBkvDP-ELx6AIOyBKJTRVX79FXJ7', 'uS4dB1EABrw2yoivdffM5DNlYWVkMmU2Y2M5NmYxNTU0ZGE1NGQ3YTVjMzQ5ZDY5YzJkZmZkZjAyMWZiNjg0OTUxY2EzNDY1ODZjZGRhMjlP4GeitWvHYsx44u058HkljA2FCmBPKw3ZJzNw1t47acJP4d48x/ZBX+52r/4DcGYoopxS4i2BfK25WppNHXo+', NULL, NULL, NULL, NULL, '1', '2019-02-25 23:07:19', NULL, '1'),
(129, 129, 'martinezrobertoalfredo@gmail.com', 'aDU0yTJge4ZtC7fqgMjajlru4lTUlEML', 'u/HyKIsLSnFAstg177QoBjI4YmY1MTc2OWZhMGE0NDlmYzI2NDFmNTQ1YThhN2VlM2Q4NWE4MDYzMzYxMDlhNDliZTVhOGFkODJmNTA1YzhDIA4XX720fMbrvDVKEi9p2+0MG3KVOkRE3ETTOaL3QKF1I6iBKXs5mI0vd9d1d3oFscaint9Xzv0pnRmGAE9r', NULL, NULL, NULL, NULL, '1', '2019-02-25 23:07:19', NULL, '1'),
(130, 130, 'ailin.medrano@gmail.com', 'oCbN-ScVyBnnOC3tQ4wSfXxHiN6CvD7I', 'WkZFbRnAeVyAgXHwdAPYkGViYWMzMWY5YTNkZDBjMjU4NmYwZWZhNmU2NjBlMDgwNGYxMTk1ZmQxYjI2YmJkMDUwYTQyZmEzMmJhNWMxMTQdK6j//kTuLeU0kbArlEVokCVpcCpHuKeQDdOXCVeJOkzkcROLtnvkgLEp2yniciplTFcgeeKJX5y5YPh6czoS', NULL, NULL, NULL, NULL, '1', '2019-02-25 23:07:19', NULL, '1'),
(131, 131, 'emenosc@gmail.com', 'c4bJymw-fk_aEEllFOFtd_XG-FP-XU-R', 'TVnRmCKhjwWud+DL9OX0STY1YzVjNDA4NTMxMGVkM2Q4ZDE2MjVhNjNiN2QxYzU1YmY1ZTI3ZGQ2YzE0ZjUyNGU5YzIyM2YwZjIzNGI2OWECoZIzFo0+TPw/ra63O+Q6XTjWHIzszOupCle++F2Lnh68XOA5Qab+oN51F3tXMHH4xswGyf5zh1HkPI7Ow47p', NULL, NULL, NULL, NULL, '1', '2019-02-25 23:07:19', NULL, '1'),
(132, 132, 'dmielesc@unemi.edu.ec', 'qQVmEdqi9jnjNJvyDk0jEVtlTZkBKc6u', 'cx72iZbadQg6Yu0AEgcYMmQyZjljODEwYzBlZTk0NzA0N2RhMGYxMjE1YTE2NWY0MDI4YjljY2RkZWI4YzZkYjU3MjFjZjg3NWM0ZjJhMWIkCc7gUFOmiRZXaxgTHkW66/xJNdrE8BFeE+CR9EWVDMjiBIaUMORZt7kuyBWSeJ/xjv5S1LrD5uNLXxQBJdJN', NULL, NULL, NULL, NULL, '1', '2019-02-25 23:07:20', NULL, '1'),
(133, 133, 'roberto.milanesg@ug.edu.ec', 'Uk_sU_a51JrhNIlMdimK4Io20C4YBB1E', 'X+UBtVEfiztZ1lOnt01kVzczYTUxZDYzMjE1NTJiMDkzN2ZmNTVmOWQ3Mzk5N2NmZWVhNDFlNWIwYmJlN2FkOTUzNTYwZGIyODE2ZWUzOGF17WVX+47AnKNiKJ20qZeYwkrOK1C/PZR2cbBk+islxzPpk5cXf1Qs95L8yPLdlT2DjfkhbCrqbv6NETK6dRcx', NULL, NULL, NULL, NULL, '1', '2019-02-25 23:07:20', NULL, '1'),
(134, 134, 'enrique.moncayo@gmail.com', 'xBSIrjjdRzRoMN-mST8in8wwiEnPrq-9', 'oyHkG9xrb7UT2K0yVrR/aDVjNDRjNDVjNmVhNWY2ZDgzNzU5NjQ2ZjNhM2NlZmM3OTlhZDkwMjJmZTE5OTYzNjM3Nzc4OTVjZjk4ZGVkNTXWV0Jrgj1+EeNlfNHBLT/QJ6YuJPPhXqES/JsKE1Jwz29W2/S9LophqvnbiJWpak7wBCdyk5wPq6mihJBF7RV3', NULL, NULL, NULL, NULL, '1', '2019-02-25 23:07:20', NULL, '1'),
(135, 135, 'aselegsa@gmail.com', 'BbwL-h6a4zDBI6BBXzBZMD2BwBgzqEZI', '0pf1wTDIKdyUZbxYynAjrmY2ZGM1MzM4NTRiMDYzN2JjNjQ2OTMwNzQ1ODNiOGY5OWU2NjllOTM3MzExOWE1NWYxNjNmNjQyMDU1YTg2ZDNL1JGL4/abX0ANAOW3lJQDNL1NI77Y4onTCJmItspbX7R6TjMyZNFynT27iUOnvWWSbPCHqdirO5yUsF42Z1Kp', NULL, NULL, NULL, NULL, '1', '2019-02-25 23:07:21', NULL, '1'),
(136, 136, 'ricard_mor_1000@hotmail.com', 'KvgsNUNQ5tTcskSv3nTAI2TDIkFyT4y9', '4SGv86aesZHO+ZcM8HGZpmVjMWU5N2Q4NmVhZGEwMzRhYmEyODI1ZTE4YjhiZWM1ZDlmYjllMDU2ZGViNjAzMWEyMzZmZWI0Y2ExNjJhMzNF8IOJFz380lvMKeedRUhJJBTUQ42M1jkCvGGJzewOeONF06t4kNxczOf6pmajDHRmxAQZkSYjWavw1WOTEPA0', NULL, NULL, NULL, NULL, '1', '2019-02-25 23:07:21', NULL, '1'),
(137, 137, 'alexmoranv@hotmail.com', '0qjiqjNwG5idF6nSG5ODZHrfkB_62169', 'wTPRX9+SLywuxWhqhAUIbmI1NTVmZTRjZjI1MTc2ZWE0NWQ1ODQwM2Q0M2NkMDNmNDNhMjdiOTYzMjM4MGNjYTliZTczMDhjN2QxMTVkMWaq/yl1rPdsLURG/qCQCjFxFnrDT6Vt7ajafRlpELISVETCslbhNkHx5WODqThKMu/p0yGpJ6xK7tcic7jzUkGt', NULL, NULL, NULL, NULL, '1', '2019-02-25 23:07:21', NULL, '1'),
(138, 138, 'dorada_esperanza@hotmail.com', 'qWWdEfh0gBE13jMv89C0RAuY1G61nlvp', 'TxypHEM9LRG+IofwDjvH/DY2ZWY5MmI1OTA0MTA3OGVmODJmNzMwMDY2ZDBhNzhiYTg2MTUxYzRlMzUzMmI5MGFhMDFjZDg4ZmI1ODIyMzAwZsSwmPjh1NCkkzkNHyPD0d8+xc8BOG9nD2cf8agxtXRxhMed7jwfDU02D/eZ6XqEv8JVUfA0A0IlqnJMS7lE', NULL, NULL, NULL, NULL, '1', '2019-02-25 23:07:22', NULL, '1'),
(139, 139, 'amanda.moreirabq@hotmail.com', 'wUo0KcS96ElIQq1Tx9km_7XbOh-bsiKk', 'yR5pFhPao2hnedGbiOjQIDEyZjEzMzZiNWUzM2RiY2ExYzE3YTM4OTJlMGM1MTkwYzAxMmI4ZmE1ODA4OTIyOTQwYTFiMmRkMzEzNmU0NjB6eo6QFfN7pGNhOYeLHgB7DyPz26g/lWAicks7Rh7Tu/v6bb0UG3sGaGjIHbhEgepYHZRIZ9w8Ckl7HiG7vhZW', NULL, NULL, NULL, NULL, '1', '2019-02-25 23:07:22', NULL, '1'),
(140, 140, 'ymoreiras@outlook.com', 'TBGE_m7BU-9GDGknBZlsknqWtNNM5OOR', 'Fv/UEqzuPDswhV9/708unTY2MzdhNGQxOGQ2NzU3NWMxZDBhY2JmMGM5YjQwZjBiMDhjNTU0OGViNGExNThjMjA2ZmYyODllZmViYWY4Y2Z2gU88hOFeT24WDEA8ichBljhj452TvQl65qehjNTL+dL0jYlEkz/+u66LgmBB2xWyPurS9k17pk5BhLmlKqT9', NULL, NULL, NULL, NULL, '1', '2019-02-25 23:07:22', NULL, '1'),
(141, 141, 'remoc2000@yahoo.com', 'kc62MPUTXp-GcAY7izXBLS89D5PT5sfl', 'wToE/QPf9M7+S3OGtR2tUjUwODFmY2Q4MDVlNGViN2I3NjM3Y2Y1OTc3NmNkODk2M2I1MDkzMTdjNzUwOTFkNjYxYzVjMDg1OWY4MjZlYWUgKacAxJIJQQNvMptkuusIZp0giRIEVaQ/kvPlmbDSXtV0AP7Q7EanUf2tMGQJYhqu/XfmOyiKPx25gotDwaSv', NULL, NULL, NULL, NULL, '1', '2019-02-25 23:07:22', NULL, '1'),
(142, 142, 'amorla588@gmail.com', 'wNo2srnVOQNxRVKsEORra88AmHznM_AO', 'ulm8+iEbWDoVuH+bsfHPMzJmYzI4YjJlZTFjYmRmMWU5M2NiZTNjNzk0YWJiZTJlZGUwOGRmZTFhYjkyOTAzMzVhMTYzZTk0ZDUzYTYwZDceSC+CIzKtVvQvHFt/i6r7kuJG1hutIwwADUyP3IXhGO+4Z1YIsmyJ07nVmuypQov4xwnAJEmSSe14/DzlKP0L', NULL, NULL, NULL, NULL, '1', '2019-02-25 23:07:23', NULL, '1'),
(143, 143, 'antoine.mourad@yahoo.fr', 'hWU1quHADmj9zARXxrAuZ07XZI6ofCjV', '85WTdxGEHYvegIg2AQxltDBjMzRiZjBmZjhjNDYxZjQwNDNlZjU2ZjA5NjE3ZmMwZjZmZjgyNGQyMTE3YjZlMTc5ZjI4OGU4NmIzZTA5Y2JDF5tr7lQdcpeHJoT3adQbXdsYT/z8jltNkr0H3DSNyAn97uX5U95APAhahL969PVH8OpK89KihAuHGhfhJF9I', NULL, NULL, NULL, NULL, '1', '2019-02-25 23:07:23', NULL, '1'),
(144, 144, 'linamunozmora@gmail.com', 'jUrFeLy0OFjm3mjNO01mU2pCZXTcigyc', 'DSK3TJw5L7xcv5WDbo11AzBjNjdjNDE0MGEyZjRmZjc2OWNjNmFmMGNhYjVhODJjMjFjYmM0MDc1NjQ3MGRiZTc5YTFlY2VhZjdkYzVmOGV1NhNrT1cFV+x8Lav6QwPUxSgtSEOMkz/P/Z79ZbXcM5h+o5w2TGquWTF5ajZB9YTNprWHBVIoxwB+KQPpXGX6', NULL, NULL, NULL, NULL, '1', '2019-02-25 23:07:23', NULL, '1'),
(145, 145, 'directorlenguaje@uteg.edu.ec', 'hKz8fUsneGYitWBgHtTIg5Ke-RHddp-t', 'vjJTb3yMb5aEC7ANYtN+Z2IwZDJjODkyNzdhN2FjYzdiNWE4NzAxZjBjMzFmMmNiMDBhYWYwNjQ1NzNjYjZmMDNjYzAxZTc0NzIzZThmMGJx9IlRo5Idke12A5M/BQytwMdK1C4OWnlF86+pC/uxSBYeTcf9GkQGNY0LxLXQkj4ryVRgTT32nBTanX/Ho+Jx', NULL, NULL, NULL, NULL, '1', '2019-02-25 23:07:23', NULL, '1'),
(146, 146, 'glencasil@yahoo.com', 'Do081XuV-a1AfC0dGoWL7c_DaLYchWcE', '70hQpCSDMSIAk5up+4TxCjI2MDYxM2FmODUyODkwMDI1YWViOWZhN2YxN2NhMTJmMzUyYzA2MmM2NDJkOTNkOTkzZjI4NTZmNDM2YTk2NjcA7BD/4rfDJxb9nwP3RB5ep5DKzw3cdJ8Go7hFCRUp6DHYyHlSPvlCNgKwlLzaIVzVe6IMxXPwKz1oK0fN9QAH', NULL, NULL, NULL, NULL, '1', '2019-02-25 23:07:24', NULL, '1'),
(147, 147, 'michelle.narvaez@hotmail.com', 'QQbN7fkQf5VqKjcrsGeABanx_PFGnvfb', 'mSYSF21jciWRius2RlI3njIzZDBmMzFhYjBmZmU3NGQwNjNiMjVjMWY0Zjc0NDZmYTBmZmFjNjFkZWJiNWFkN2I4ZGVmNDdiNTcyZjEwMDFjqStci0CRvDT62FBS8iA0FhdsH5cr6tHuArFnYHB/bwZH4usvcL961/g6h86vQy2me0r/pgWntXgVPLaJprXt', NULL, NULL, NULL, NULL, '1', '2019-02-25 23:07:24', NULL, '1'),
(148, 148, 'gonzanarvaez@gmail.com', 'raVBCmtFRE8FPZdx9ZxDGq8eJdHB4YT3', '8hGTJ3PeQbjvb/hzqzImvTQwMjgzMTEyMWJhOGU2MTFkNTA2ZDYyYThlOWEwZDYzOTdhODhlODRjNzdiNDFhNWM4ZWYwMzVlZDE0ZTY4ZGaAjjjmP1eK61TK5+6aY7Vve0W7fh8/7qg62Ql52eNeF8Z/O42LvFplfVv+LKe7y5T2c0a+Hh1UfnMEgp4a5d9x', NULL, NULL, NULL, NULL, '1', '2019-02-25 23:07:24', NULL, '1'),
(149, 149, 'andrea.narvaez.figueroa@gmail.com', 'VpCNGflR6QTOtkZ4IoC3og0kh_ALKjUv', 'nkcGxoIC8cjGNaItA+NU8WYzNmFhNzkyMmNhYTIyMzZiOWJlOTI4YTEzOTIwMzZkMmJiNjlmYjkyZThkYTgzZDRhYzAyZmRhMTIyYjk5YjNYzK/f1mZC9Te2V8zhXcV2PEsGDZUZFZdNZh2/ncb6KE79TuQEuU1XBqiwEtMuEEC+bf9nw1DD4uxtkRWCfHwd', NULL, NULL, NULL, NULL, '1', '2019-02-25 23:07:24', NULL, '1'),
(150, 150, 'marthitanavarrete.b@gmail.com', 'o45DCmglzdlvPoSaFU65XPpzLhBj3V7C', '3Rc8cBzYLK9xDse9qutdWmFkYzg0YWQ5Nzk2OTc1NTcwMWYwOGI1OTQwZWZiMDJhM2ZhZDg0OTZiMjA0MzcyZGIwZDQ5M2NkNjgzYjQ2NDFEaVaALCRvOK1L07mWetynJ/O8aueM1ALqFOXdruBo+KHLxgIXSqpjUTovWLjKucoeDeidkSkz6EA6aI+lEBo1', NULL, NULL, NULL, NULL, '1', '2019-02-25 23:07:25', NULL, '1');
INSERT INTO `usuario` (`usu_id`, `per_id`, `usu_user`, `usu_sha`, `usu_password`, `usu_time_pass`, `usu_session`, `usu_last_login`, `usu_link_activo`, `usu_estado`, `usu_fecha_creacion`, `usu_fecha_modificacion`, `usu_estado_logico`) VALUES
(151, 151, 'joseantonio.navasv@gmail.com', '-ZChrdmlExKW1w0oMZFMvt2lBYdIG-5O', 'L5hGU9Tkwr280kYl+Xp5kmE5YzNmODMyM2VkOTUxNTliZGNlMTMyMzA3YWVlMjNiNDM1NTIzMTRlNzAxMjFlN2E2NDE2ZmNjOTRhMjJhNmM0JQfXHmCEf1zmK9j3NFoPhOZY3XvqDR5pLZP4allVj8wfXx1MDTAlVR6U2HZEssjX3D+IhFVINsqLLoGFHWMe', NULL, NULL, NULL, NULL, '1', '2019-02-25 23:07:25', NULL, '1'),
(152, 152, 'oropezamonica07@gmail.com', 'wh_18c95HbsK7BGzFJM0x6Ur1V0Bw9zZ', '8Uo90a4q0ogBJsuYThzuNGIwMDYxOGQ4NjU5MGNmYTFkZmVlYjlmYzAzYzRhNDc0NTUyZDBlM2RjOTNlNDUxODE3MWY5ZmVkMTM2ZjRjZjXsN3rX5oBr9xh3QYuqx2G2mgssTDi1MMiehVg2IxSTDZ+iyV3x3un5Ju1bBz31/4aeDcpzcqX76mYWa1N+MHfH', NULL, NULL, NULL, NULL, '1', '2019-02-25 23:07:25', NULL, '1'),
(153, 153, 'doloresortiz21@hotmail.com', 'J_h0rO1bNl1TSIzlMy7Z_b5ntDLLUB_E', '7cuZI+pqDN4Ee3wbU521rmEyMDIwOGJkNTkyNjgwZjU5YTkwZmZjYTMxNDA0YTExNmVjNTY2YjI1ZTBiZjEyZWQ1YThjYjhiZjVjM2Y2MGP6CqOZ32aagDw+27xYF3PI0R8PZ1wn9nCFyQ6CoOwY2SRwWOWLPGVEi2mX/zss10KDpzXysdG53Y2/DlUKhTou', NULL, NULL, NULL, NULL, '1', '2019-02-25 23:07:25', NULL, '1'),
(154, 154, 'tammyortiz@yahoo.com', 'lbbvE_0oBMBJ45QjYlp9VyGPFh7NItbX', 'fA2J2l+HYUxRmehJEckHCWRlNzI1Nzk0NzQ1OTgzNWY4MDEwODkwYjY5ODlhMWM2NGVmZWM2NzI1Zjk4OTM1ZWYzMzE3NWVlZjgxOWY5ZTTWnDKzy7GMe6bmX7bhhe1RGriNgNwTgzXejDsOePmP0W7uzmENkAigEkMzuWJh/u1Ra2ZLPBHkTyI7HLAj6m6f', NULL, NULL, NULL, NULL, '1', '2019-02-25 23:07:26', NULL, '1'),
(155, 155, 'guillermopacheco@hotmail.com', 'zXeemYr-FgxmJoMXTTqhz3vuk_H57Gb2', 'zVFTaivloVYIRDL+84mc12E2OTA2ZmNiYjUxN2RmMzczMmZkZTg4ZjZhYWU2Y2UwMDBiNTJhN2E1M2M1MGI3NDk4MDEwYzcwZWUzZjkyNjbnY4o3P88lR6BS6iy5N/lfoTmHy30RVuNVmiX7h45nFH0M2sL7jgVZ9SgNXx3YFiDTEy3GrDrZ1GMWtyIinN/E', NULL, NULL, NULL, NULL, '1', '2019-02-25 23:07:26', NULL, '1'),
(156, 156, 'MERCEDES.PADILLA@GMAIL.COM', 'd942GYIXeKcsyUuYr0xEhzM7Zne6CVKB', 'UViCTHyuJSNoRS3SEXvYnzk0NDdiOGM3OGY3YWM1NjA3ZWNkOGFmNzhlNjhkZGZjODdkYWEyZWU0NDlmYzJjNWNjNjJjMmY0OGMxMWNmYjEtFEOB2nkyt0vC8gs9VuvzQWNMUIfMeY8Kzmr6OVr5GhJ2DRVqOcyNn35ZJHrvOc9wDQnOvmfwJtSp+HSaHvwS', NULL, NULL, NULL, NULL, '1', '2019-02-25 23:07:26', NULL, '1'),
(157, 157, 'andpalma2@hotmail.com', 'hkTS3lp6gU_R-NTygxgVDY6DhHf6uluR', 'QtQCLCC7MqRtmsNHJ+ijPzJmY2FhZGU4N2UyNWNlY2Q5YjJjMDEzNTNiNDNkYzM0YWVmNWY5ZDQ1ZjQwZDI0NjM5Mjc1M2U1N2RlMGEzMjePLOyPZX6CeUhPQA9ZCIArXNAAKZ6nLjSDCNINQz1Jp/kqf2P2e+pjq7u8QZ+UDAMkADdQTVXwye28zQVf3wsL', NULL, NULL, NULL, NULL, '1', '2019-02-25 23:07:27', NULL, '1'),
(158, 158, 'santiago_pazmino@yahoo.com', 'AHObop1CeshrrO0XaSDloqPx4DqAfXDo', 'EQKrl8gZdePjgPBCusTkljgxNWEwOGM0MjAxNGVmYjY3MDk2N2ExM2MxM2YxNjNmZTQxNTUyMzcyZjNmMzlhYTQ3OTUxN2ZjZTg0MTUwYzSkf/XRXocM2zSrJi0Hqj/nJ7wAfPeYWiNkAd+ZPuarvDF1ZKzIAOEg2ecotH67SswyZutD0iCjTOj/PpQIM0xa', NULL, NULL, NULL, NULL, '1', '2019-02-25 23:07:27', NULL, '1'),
(159, 159, 'cfpazmino@yahoo.com', 'SBSpthc-gkCv2-OMZ4kDUa-LTZipkGFu', '+xmapSL8EQ/shdvmvLqhyjZlOGJkNGNkN2VmZmEzZmVjNTNlZjk4YzBkNTQ2MjI5ZDcyMjViMzYzMWQ4ZjViMGUzNjljN2M1ZjViMTM3MjdjR+yhWEtWWNMyoZRp45z+IB4F1AERyYaIbRKMvXpx36YBfpnGbqFmtl8BUeLlEXkh2CziKQdktwNRI9G7dhBt', NULL, NULL, NULL, NULL, '1', '2019-02-25 23:07:27', NULL, '1'),
(160, 160, 'jpelaez@audilex.com.ec', 'eT4KppcMhQEunpFYeFmZyQ8loIV_vHdP', '7m9etC++bNr+msTzOWef1GIwMzc2ODE3YmJjOGYxODE0NTBkZjgwMzg4M2MzMWIxNTljOTQ5MDA3Nzg5YWE4MmJiMDdlNGZmNzNkNjA4N2NDCBATsMSneGKMP2PZ/yxT3pJAsQTR+XN/Ub10detUTv2dis3vZXeWn0Ilx2XKMZddTr06BQIk83yNtVdtkeax', NULL, NULL, NULL, NULL, '1', '2019-02-25 23:07:27', NULL, '1'),
(161, 161, 'rperez@g.cfn.fin.ec', 'kfTKknZ6QskmYp_W4yeRw8OknjXBJm8w', 'Hz6rP6cUNuWQ9vS6qJBjUzk0ZTk5MWIyMjE1NGI4NzM1OThmZmQ0YmRiZDU1YWVmZGNhYjM5MGE5NTQ0YTc1MGIyNmY4Mzc2MmY1NDZmYmUxxI/rSbF2LRCWLuYZS/Vm4OJnljgmd+oZESBI/7Tp7ZzL7IXtyJJcfxt0oWA+pQ9skfFXxZKWDHASC1uuToYi', NULL, NULL, NULL, NULL, '1', '2019-02-25 23:07:28', NULL, '1'),
(162, 162, 'alexanderpinero12@gmail.com', 'uUaI1A0V1Nzlf-apfdEl7kQHqJXBJclz', 'ZefaCkbpva4nIALmMcSF7TBjY2E5YzdlMjdiYTMzZDJjMDJiNDY3YjMxZGM2Mzc5NjQxNWMyNGRiZWI5MzFlMTlhNGFhNGZmZDQwNjk5ZDN+TbgKYHLwcVVREqX1cxPr7nySQYLxvJRKCRTCxeRAuUZ3vbnyxmvUx9oqPDV8v876QJB+RerLuyEJU5M/GU4A', NULL, NULL, NULL, NULL, '1', '2019-02-25 23:07:28', NULL, '1'),
(163, 163, 'gerpin59@hotmail.com', 'pabCGcgiQZFt6DZ_LklSktA37UmoOalp', 'zZTiNu6lNk/mGKClYaAGWTJiMjdmZmQyNzkwYTI1ZjkxNmU0YTdiYTFhZTIyYTJmYWM5Y2E1MGE2ZDljNWIyYjVlNWY0NGZmZWY4ODY1YTN+cn+lKXXyZOXb8jm+MlvTlGpU8Mw1ThHEJ3VXKJCySnTG8Pm2z0nKRAG28XGzU4ia1FmVzLQVdF/4uC5yFADh', NULL, NULL, NULL, NULL, '1', '2019-02-25 23:07:29', NULL, '1'),
(164, 164, 'fatimaplaton_23@hotmail.com', 'z5FtNnVeSsXAJB7OIoz63dv2Otsvxyy_', 'd0hEPtISBVpgcJ/6VxVYjmQ5NmQ0ODExNmY2MGI1OGJiZTNhMDQ1ZTNhMWM4YWFhYmQzNDlhY2Y2ZTkyY2QwYTc1YzU3NjNmNmE0ZDA1NjJKuXOBEuzZhWzRUabRpGWFLtj7G8ECEz9gL3uu6y1wk7Kvxq1Gl8mXRsuVEMk4EKGfmBU71z0/AshHQYFiDQj1', NULL, NULL, NULL, NULL, '1', '2019-02-25 23:07:29', NULL, '1'),
(165, 165, 'marcoproa@hotmail.com', 'qaQGx1JKuvCWA0kJRaYmcsgW6ZkyQo18', 'JeGPBVMDYi9k2Z5MFXeN0TU1NGU5NTZiMWMzNzRkNmJjYWVkZWFlMDJiNDY2NDBmMmZlOTM2MjJmZTY2MTI1MjYxMDU1ZGQ1NjQ5ZjU2NDJEoguHMver2RvqydNgiQ9m8ZhAxVfjhdvt3MeA0+A5uEHWfxNmp+EH5URkDd3xxfSY8aDJNrBoW+80kf5Awg3T', NULL, NULL, NULL, NULL, '1', '2019-02-25 23:07:30', NULL, '1'),
(166, 166, 'mapm@uio.satnet.net', 'N71M6SrROA1JpNxLpA1r12tf1YTY0MKZ', '8dJwH1ZgHW7FOzJbSc7XZ2U4NWFlMGYxOGVlYjc1NmVmOTA1MTliNTQzZDdiYTFkOTQzNGU2MjcwZjA0OGZmMDdlMWNmYjI0OTU4ZTViNTEqfNBpmodjGu1j84gfIf88esnJ9eOThpKow7Gex9k2Y8VNrwf15i5UWbI/PAfIfbrFAvcxwWbne9qMbP2MUlM9', NULL, NULL, NULL, NULL, '1', '2019-02-25 23:07:30', NULL, '1'),
(167, 167, 'marlon_q77@hotmail.com', 'PrOEdy2lByYFwhndpHD0XYQR332Tkzps', 'mwYiEh4m3Qo5zICov5grwWExZDllZmIxYmJkYTQzNTQzZmQ2YTY0YmZlYWU0MTI2N2JlNDVmY2Y2YmQ2ODdhZTQ1OWY2ZjY5OTc4ZjA3NzKLZVPjaxIlFaBF7kFHEKjeHj/Z4M9P3j4QEI0RSlh2frhbLwjgFZVvdM5iibQulTqdyFb8UHn+/dyYbI4YSno9', NULL, NULL, NULL, NULL, '1', '2019-02-25 23:07:31', NULL, '1'),
(168, 168, 'rramireza@unemi.edu.ec', 'd8X0vg81C4z66uoKJLUCD2xvEWuQyseK', 'I8Ycqvd0iIPkOA6ey8tvq2I5NjU4NzlmYzJmNGVmOTNlYTdhNGM4ODVkNDNjZDMyY2NmYjc1ODUwYjZlNzA4NjVjMzJmOGI4ZGZjODZhYTRkOri/GVSMV5urRlswhgeyP5xPwXdHN0CQplH8uQZYWGynOWImuViQ4r6T878brw1FwyTeqdQHokoSMZTGrJsz', NULL, NULL, NULL, NULL, '1', '2019-02-25 23:07:31', NULL, '1'),
(169, 169, 'ernestowrangel@hotmail.com', 'cQWm8yIlHAuN7Zo-G5XuT2xkn_K4p5vf', '9Xi6m8le+GaoAokVbsx4i2MyZWZmYzI2MTQzYjI0NzhhMGMwMWE5OGU3ZmFlODgzMmU4YTIxMGJjZTU5YTIxNDg5M2FlNDZiYmNiNjM5MmWE3knowHSULVxgijCKMg3z2zFvwYlic6bYs+juR+mg/IYuWio0Tz845/kq4GmZrZI2EMeTPescyPMgU1lOggKK', NULL, NULL, NULL, NULL, '1', '2019-02-25 23:07:31', NULL, '1'),
(170, 170, 'javier.rendon@sherwin.com', '_5QSqHP9DSFCvqoHdJIJ8nOOAsPap6JM', '9XbGrlsYfNCfKYbQFkR/Gjk3Zjg5ZWU1OWIxYjIyMzliOGVmYzc3YWYxNmM2YTYxZGNmY2RiN2IwZmU5NDU4ZjQ0NzJlYjkyYTY5MzIyY2FkvGEajg6Kichx8k8VylsMBafH32tivRh8dbG3iNSgQYRKH3LXhoCqtPddGdr4MajKxKYZWcYuWFbWaIMerVHo', NULL, NULL, NULL, NULL, '1', '2019-02-25 23:07:32', NULL, '1'),
(171, 171, 'xrodriguez@electricaguayaqui.gov.ec', 'YK6hx_dT24bH2R6V6DqaWPEmH5ei_YqO', 'CPUgmTKDN7FaCsoaZ32SLTlmMThhNTIyZDZjNDk3NjcyZmUyZThlMzBiNmIzYzI5M2VjYWUzZmY2NjhiNTM5NmM0Y2FkMjM5NGZhNjIyNzHp34kPf7XJ7uZC1nt16G4dYxeTKJaKb5Q2eCKiMtvNKUYNDkIgdrwhgHsfI5ukIwvVgui4zQ46Mp8LgepWyYle', NULL, NULL, NULL, NULL, '1', '2019-02-25 23:07:32', NULL, '1'),
(172, 172, 'krodriguez@hotmail.com', 'T94mQhcraCChnbbrtmLoeRXNpxZgQo-H', 'ITkRBRv8TfJvnMANmKVoJGYyZmRhZGY3MzIwMmE2Y2ViZTg1MzQzMDRhZjNkOWU0ODZkNGM0MjM4NGFhMGNhMzc1ZTE0NjI0MWNkMTRlYzS7p5v45LcRlFZnfNHfprv+UVTpR2q6gz7fMN0Rrf1+Vwzc+FxjfJcC2Ca+fj+8H7AJxrtBqrzZfYfsoZNGzCW4', NULL, NULL, NULL, NULL, '1', '2019-02-25 23:07:32', NULL, '1'),
(173, 173, 'rosero.gabriel@gmail.com', 'z2qcIPI9RNkudgNsevn5h1XXXh5jehvi', 'RaG9UdfwCNKC/V5W3nD/g2YzY2U2NDE0NDNiNDcwYjE1NjE3MjE3YzkzNGQ0ZTVkNjJiMWUxNTA1NmM4OWU4MmQ3MDE5ODU5NDZiNjc4NjVJgATZzb77JcspvQT+/vOb8uVtVJ+IjucqUS6wAmDu36WHrM02VO47oyCTUSZ6p1qKLPQziYL6tJafhPeYqhdD', NULL, NULL, NULL, NULL, '1', '2019-02-25 23:07:32', NULL, '1'),
(174, 174, 'esalinas@uteg.edu.ec', 'YovPo1syC7WCFbPXgPGdidwMgSBmaK3O', '4NAac64lJizRybixFJ8r3TMwYWViZTVmOTc0ZDJkZTc0NjZiYTllNjY2Yjc5NWQyMjZiOWVhZWYxMjc2YmZiNGU1ZjkzYmFiNTA3ZDg3ZDW90/nlITR/NORjCAb41XVlH8iAT8jjn+TL6YcCcl/25aanaTTT9Es/AKFiCd8Zr3XTHgnlIMoT6Fx3kP9cG9Qp', NULL, NULL, NULL, NULL, '1', '2019-02-25 23:07:33', NULL, '1'),
(175, 175, 'wsalinas902@gmail.com', 'jEWqRZ_teWz7hMOcTvgwIMN-4QN0eWxt', 'D5b1x5tf+eVCnuLGjCWVy2ZmODAzN2IwYmY4NGQ3MWI5NGI5NDA4NDgyMGFkYzkxYjYwZDEyNjdkZjgzYjkyNTM5YWFmM2MxMzE4ZmZhZDC3hHor7lSGYgD7osQMJOk7yKUfLNcNTWAhJB5LJcT3ujrjXZX+HjWaKC4itQrxON/pC/w7Oe4Fkj22FSq8K49Y', NULL, NULL, NULL, NULL, '1', '2019-02-25 23:07:33', NULL, '1'),
(176, 176, 'ramiro.saltos@ing.uchile.cl', 'NtxcyaJvmeAC-QS1L60QsllcShixgfhT', '0cqQc5IYK+rKX1ppMoGnnjM0OTRiMmM1OWVlMGU5MDkwZmMwMDNkNTljZmU0MmJjYjlkZTFmY2RjZTlhNGU2Y2UzZTM5YjVjNTVjYmQ3ZTTRZlfn9QpHfUi54jmzxhBHPM44tockdE1Y7Mfh+slbi0BH7m9RpOoB+ms+J2goW8uvWwbF4w0YZDFiKumWsh9a', NULL, NULL, NULL, NULL, '1', '2019-02-25 23:07:33', NULL, '1'),
(177, 177, 'directortalento@uteg.edu.ec', 'OuqZELx7gG3mI_oOO7OPRG6712eu3_dk', 'l6pCBdHEONFut9tQX8X16WJjZTdlY2JmZjI3ZjI3NDY3N2QyODBiZTkxOGU4YjQ5YTMzNTJkZTcyOGUwNThlMDc0NjY1MDNhY2RmODJmNmb5xHrz7SHRY9zagl0iSs32uKwn067j9vNVDy/UkAd0AXMWJYZkv4VPShR0Ge/LJGgK55bzfmMX/4siEIrXdb+H', NULL, NULL, NULL, NULL, '1', '2019-02-25 23:07:33', NULL, '1'),
(178, 178, 'msanandres@uteg.edu.ec', 'udmbTIeKk3qsLOMa_E4MQdv5BqodeUuP', 'E1zr8jr93czOIQ0KelGFyjk4YzBiOWYwYjZhY2Y0NWFhMDUyYTdlNjNjZWYyOTI1ZDQ0ZWJlNTFjNjc4YTBhYWM0ZDU5MDNmYTBjOTgwOWYTSLnDRXYTAFlDHlBHD/EEBTQz7rkCEP2bZvK3SX1Sm81nN0VVfpQNiGBHso8HDQvpMRxdFmg49b/vzyeVxd2z', NULL, NULL, NULL, NULL, '1', '2019-02-25 23:07:34', NULL, '1'),
(179, 179, 'masanchezl@hotmail.com', '2tJEUKJhIuQwcfE93HMF67eJ1dh8929Q', 'nXGv41MRRVpk+Mrpatkp8zc5NzA3ZTQzOTc2OTc3Yzc4YjBhMTA3YTUzMDU4YzQ5M2VhNDJhNTZlNDg5YTQ2NGY0NTgxY2JiZjBkM2RmYmKODmYHCWorTavU5D2J/qHI04T78FZg4Td9ZBzVKBpDg9t1NguYBOUZGadPPbHjIPm5gGfLAgdxiQJwACB0UnXI', NULL, NULL, NULL, NULL, '1', '2019-02-25 23:07:34', NULL, '1'),
(180, 180, 'buzondeuri@gmail.com', 'LF9fxTKpAdQCY2aepHxR8dg4pn174aNC', 'nWvL3lxjKL9qrbCX3FlWyTRkNjQ3YTQ4MzExZmEzZWNjOThiZDlkMGUzOGYxNjdmMzA3MWE2YTBlNmEwZDdlOGE0MzIwOThkYWMxY2YwODiXBGk0cSoPupjhElp1DfnCyGFCV2LrLcTnTgcYKrd2Bni+OErNPGEsxFEmGaOCChvjvXwBAx+UnmMVNF7iugaS', NULL, NULL, NULL, NULL, '1', '2019-02-25 23:07:34', NULL, '1'),
(181, 181, 'myriam_sarabia@hotmail.com', 'IpzoW3BFgPJC2YwflPKD15BpWM3zuQsn', 'Y7xu0P5v0p53iexuVMDFgGI2MzVmZjQ3MmE0ZGYyMjEwYWI3ZWE5ZTQ4ZDBiOTM1MDZhYmNiZjk5MDZiMWRmYjhlYzE1ZWYxZmE2MGIyZGWQt9czPpLiSdZB9iORkzeAMSv2dIfkTq4VfL0cJY0B82jJOPPVJ8iwgg3acb/rqUFQ3RZ3OvM3Ttdk0b1Aoe2O', NULL, NULL, NULL, NULL, '1', '2019-02-25 23:07:35', NULL, '1'),
(182, 182, 'griffithlvo@yahoo.es', 'DmRccdYrr7FIAiHYTh2z5N5Z4XRaC_iE', 'EHzETtb5pzk0Dsjdd7blQThlZGI2OGI1MTc1ZGYxODA3YWE1OWFjNjljMGYzODM5M2ViYjU1MjdkODQ2ZjYyNWU2YWFmZDIwMjY4NThmMmNaZoR8tujeSy+L01MEpxyCHpKwtCtQ6wfgSLlYr5BdSla5cHG9X3m3yk8vfcLYUfWtmynpPKNI7biFMeyiBsfM', NULL, NULL, NULL, NULL, '1', '2019-02-25 23:07:35', NULL, '1'),
(183, 183, 'fsojos@uteg.edu.ec', 'bcSctDXglx04JSL3JyqjQF0JI8Ass2Vx', '911QACp0/WhXdvx0NXa3ZGZlZGYzYTU3MDFhZTg0MzBkMTA1ZWEwYjgyMzNlMTg5Y2NhNzAzZWQyMTI5NjU2NTJlNjc5ODBhNzFjNmQwNzgWKvkSBb3Nf9kVKeube6W3rOthOUBMfyMO1u4hLFzgESFi4YezhLwRy2lW7SW3m99zxNiGEGRHOfNRgwpodtsR', NULL, NULL, NULL, NULL, '1', '2019-02-25 23:07:37', NULL, '1'),
(184, 184, 'mishquipacha@yahoo.com', 'IPNDK_jqyFnG5uHGB0nrpnyfAV6vtUkT', 'ml88b59g96ooFwMxCDblHmM0OTEyYjBmMWQ0NGRiNjkyYzI5YjY3ZDY1MjlmMjdiZTllZTZmOWU3Zjg1MzBjMTFiMmY0NTNkMzVhMGM1ZmagwDcOAnuTs2VZVqULpeyvkcM9QR7LlXjYDjfLYyAuQZPqbQ/ffv6PcqxT1OcNhoV/poq4XnvwRFtwHt5nSbk9', NULL, NULL, NULL, NULL, '1', '2019-02-25 23:07:37', NULL, '1'),
(185, 185, 'opgsr@hotmail.com', 'aS8pl6Y-jvXF4DYKTJ4o7tWmTfmROgIE', 'c8gbvv//tgEJfCGIThYSjDQzYzI5MjkzYTNiNzExZTVhNjYyMzA2MWIxMTYzN2QxNGZkZDg1MWIxOGE2YmM1NjMxMzc4YzZjY2I1N2VhYmW8eZChaWICjLrT9MYrsgVHRbWf6BuyufblRO3Z/CWlObo0sYEI+ogYTLoCgKzgDDakW4J0VKtN0SQJVmCkjPDr', NULL, NULL, NULL, NULL, '1', '2019-02-25 23:07:38', NULL, '1'),
(186, 186, 'dblade86@gmail.com', 'AHuuret29ImQsEHz5fvakRqqWyQAabA4', 'eIgkbaGenQKKIQ+TuMSLYTY5YWJjZThmN2ZhYThjYzQ3NWIxNGNjNDQ5YzFmNGUxNmI2MWQyZjk5Y2E3ZmViODk0ZGEzZTA3NDk2MjhlMzMT8cmIQoVGSSrLRVZxlvL+fOHdpGyWjBShdWRGL23+Exm0sFVKWyRnlcxfA+YC/OvewvluH4Dgc36Ea5jFW9De', NULL, NULL, NULL, NULL, '1', '2019-02-25 23:07:39', NULL, '1'),
(187, 187, 'jose.townsend@uteg.edu.ec', 'eCBSNsTNuB9yb-yVbvNH47XXzAaGuv-U', 'y1v89oCo5T6kzSQPqSkUzTgzZjRmZjQ4MzE1Yjc5YTVmZDJlODY4YTNhOGY4MzU3ZjZmZGJiYzFkZWVlOWE0ZDczMDMyNjQ2N2FkZDA2Y2M+FCoti+p16fu9FtQFYpVdzgedw9UU4kgJoW2/IfpmQRGTVD4li3TRzMXjWBKXeaqxQHlX5knpJkIpzhWJAqE2', NULL, NULL, NULL, NULL, '1', '2019-02-25 23:07:40', NULL, '1'),
(188, 188, 'gaston_uefsa@hotmail.com', 'CjVGrXMIn4UOBM4hx4iUfejZcvimRF87', 'y+pf+bX1K4louUJ0cSsEUTdkZmYyMjk1ZDY4NTlmMzYxNjI4YmM2NjY1NDVjYWRjMTQ3MjRhNGQ4MTUxYWNhNmE5YTIyZDU3MzVhZDg3NWSIzagNF67ZezxPpDNKvvXIarHFQvdddUxnu6UjYLufcJNW5Wk48vsoJsOKyvUrfWAVvxM+vUCxIB3Lbtm+R1l1', NULL, NULL, NULL, NULL, '1', '2019-02-25 23:07:40', NULL, '1'),
(189, 189, 'von.valladares@gmail.com', 'zoG4TDlZUV3NxH1KxO152cIkAYGrExlt', 'SUvyynfwHCfVDPFXdeifzmI4MGMzNzVjNmI5NTc1MjNkMmM3OWU3ZmU0MTdiZmUzNzkyNDM5MThiNmY0N2IwZmZjOWFkMjVkOTYxNGNlOGHOTjutodqiDaBiPgpISAcs+0oRYQjxE5CdhtT0LEt+hraz87LvHnOScE4Hr5X+GoHVQEG/l5tDBmdM0UsOBgpy', NULL, NULL, NULL, NULL, '1', '2019-02-25 23:07:40', NULL, '1'),
(190, 190, 'luisvalverdeq@hotmail.com', 'iF8wMQ3PTaeib0A4VJ2mNI3P9mTeqMYn', 'nrgd4DCJvRkYSV+Heu2aETNiZDRhOGMxNmM1NmJiMzkyMjQyMzFmMmQ3NTJkZjM0ZTI5MDBhYzQ2MmZiMmFiMjhiMDdjOWMwMWM3NjNjYmHrJLfg0X+891fSh7s5nvcilstr4JEspUzoGV/4gjNXhxT0soGfy1cOagonIkKGfQvUZ6weJznRpvDzj1M2EBja', NULL, NULL, NULL, NULL, '1', '2019-02-25 23:07:41', NULL, '1'),
(191, 191, 'ricardovanegas@med.ec', 'JEEUGKEt8HzY7wINb3aDdF_g43eCO00c', 'aQdKO/D7bdbc3fym6c9EVDAxZGVhYmRkYmJiNjVjYmFiYzM4NGNkMjVkMzNlNDQyMWNiNTJkNjQwZGUxNzU5ZjI2MzUxNDBmNWZhNmVhZDNX68S0efdZdVjH7ZqTcGY7CVZ/6TrtG+EiKMhHVSWui67HLZFCAFENHFTjBx6Qhj5sxsj7u88Qg8RojDa8oRjp', NULL, NULL, NULL, NULL, '1', '2019-02-25 23:07:41', NULL, '1'),
(192, 192, 'sandra.vargas.lopez3@gmail.com', 'y8EPFHfRpEpaWw5JilG_Var-N27t3-RE', 'uD1DJ2rwC0zZHINvmoFQn2M2MzJmNGRmMzRhYjNkZDNmOTUxZWYyZWZmM2QxN2Q3ZThjNzZmNzFjOWU3NWFlMjFjYmYwZTdhNjNmOGQ1NzL01zNDGeevbe044zCVZ67ItbGlvmkz2e0YGRlWHC5VFP1XCC6kT9KKMpiI92Gd8Ot5FpEr0/XgCGz0rNkBbhxO', NULL, NULL, NULL, NULL, '1', '2019-02-25 23:07:42', NULL, '1'),
(193, 193, 'ogvargas@hotmail.com', 'AqBSe7_R0_NXb2txyEQJgYiyNL0lyDao', 'XeFy3xK/juTizPEkDQwuejIwZjZjMzE3ODY1OWVmZWU4NzgyMTI0YzY4ODdmMGVjYmIwYTFkMTNhMDhlNmYxMTBjZjJkZDA2NGQ1ODhlYjWwMRwj2ZndE+B+Gfri6jz4uZualZGnTXGDqP38jWHDBiJO3AROWuxVkjTn3KSpHsxj4cEFmYai+5GlImMkN9WY', NULL, NULL, NULL, NULL, '1', '2019-02-25 23:07:42', NULL, '1'),
(194, 194, 'carlosevelez@admunifondos.com', 'TMDVpqqpvdMivSQ6Va1PUP1bKvk1FeMk', 'qCXjIOSdu0baXGZamqq7tzRiNjUzODAxOTUzNWU5M2RiZDg0NjJhNTVlOGViZTE5NjUwNzFlMDczNGRiMTY1NmM5ZjM5OWZmNTg5MDI4YTaY+PV08b9mgGmlxasAQ0E7CvK782t+FayQ6NQhV4hW42XOmCmbmPi+5lF8IOHX5z+wyPPF5Eiyk15GwggSkyHo', NULL, NULL, NULL, NULL, '1', '2019-02-25 23:07:42', NULL, '1'),
(195, 195, 'jovelizt@gmail.com', 'C29yZK29FxcacN0ka72VJ7jHxcGZXwhu', 'Y9VuSRfuezs6dQEg0JwsUzNmZjdmNTY4MjAxODBjY2EwNGE2OTBjOThmODBmNDVhM2MyYTQwMDg0NmU2OGY1YTc1YTI2ZTQ4NWY2YzYyMzEE+JBxlIzkyiuNOv/rKalyaeFbDuIA24scql75SykITe2FclG03ytqXyYUBw0CGH8VYdILZfIys3HxBvjHoyy/', NULL, NULL, NULL, NULL, '1', '2019-02-25 23:07:42', NULL, '1'),
(196, 196, 'staynley@yahoo.com', 'hSu6rGY5OtvmMKFtAHfQH6E8ZSlJrIlF', 'd193Zcgwy9U6xEDsEDbRYGIwNDNjY2FiZTY3MDAwOGZhMjAzZTg3NjY2ZTlhMTc3ZGVlNzA1NmYzMDJiOTgwNDY5M2Q2Yzk4YTRiMjFiNGaStmJ/Cn5KsHgHOkTZ6+eRaAy5vu+K004ZUD4Bh+9z78qjRMSkEFPLiz86PvNr9dz6muwbiTG+pzKZLpvlJCGN', NULL, NULL, NULL, NULL, '1', '2019-02-25 23:07:43', NULL, '1'),
(197, 197, 'ferch_2003@hotmail.com', 'A7_mRCozTAszrHavUX5M4ZigiLNbjfSW', 'FcEnyqbhdjCqnFykKUkfcTBkNTgyMDY5NzYyZDg0ODlkOTg1ZjA2NDc4YTM4YzM2MmY0NzkxNWNiMjZlMjdiN2E1ZTAxZGU1YmI4ZTc3ZTDIsY3ZGInplki0jgCBW61v3dSS1fThRW/ILrWtEvI7s6om4l4bXkZ+gIJKQ+uTWW+MH52Df0lMuI60Mp7hCwdf', NULL, NULL, NULL, NULL, '1', '2019-02-25 23:07:43', NULL, '1'),
(198, 198, 'vvillacr@espol.edu.ec', 'TX7SRg7hwLbfRrI8lSkAaG8-tnPXAg7s', '4JucBj5D+j52XvbkH5bSyWE3ZGY0ZjIxYTdhZWIyZTJiNTRiM2MxMDEyNzNjNmI1NzJkMTg0NTAwNmI4NDAwZmVjNjI0MmNhOWVjMDg5MDR3VGiQYskaIS6IcJblwM0OWBFpAZv3AkdO8yC2IfR2dBsRGbJohrRCCQhi5oLYhDlWXiOi7WyN/hR2/0SOC9gR', NULL, NULL, NULL, NULL, '1', '2019-02-25 23:07:44', NULL, '1'),
(199, 199, 'ing.ivanvillamar_1283@hotmail.com', '_jh5IKPjxb9O7TUDdrJLctrcs3hrPEvf', 'cGHZI6B1GMNiBv+EyP5CZWVjNTZiNWY3NDdmY2E2ZjVkNDI3MWI3YTcyZjVjYzc3NDE4MDEwMWJiMmZkNWFhZDA2OGI4NTkwNjYzZWJkYWW08WYGLcdUSMmBxEkxfKKK9X3swy5iL3zRe63k1djr9tA4F3ATNqMSxEvmV406YNfTd26sPBeEqGceD7YqXEG/', NULL, NULL, NULL, NULL, '1', '2019-02-25 23:07:44', NULL, '1'),
(200, 200, 'cviteri2011@gmail.com', 'Zv1zK8UMU-gqKwyy4EVWXfwSxAihmxrP', 'dMU/xyftZunGSr7lBIgYlzcwYTc5ZTFmOTAxODc0YWIxNWVjZmNiZWIyMDIzNTdjZmZhNGU2MGJlMzk0ZGEzMTk0MzYxMWM0MzJjOWRjZWThuR8/H5ONOtuy2I+gARPozPu6vJMcaoaWnrKDUQAM2OqPv1hf7zJM+VWu9x6WATBaQhJwfM2nDQ4LqjcxVaiB', NULL, NULL, NULL, NULL, '1', '2019-02-25 23:07:45', NULL, '1'),
(201, 201, 'alfredomarcel@hotmail.com', 'Tsg_TGkrrcLsbiVMa6RZJK7ctLSK7HK7', 'B6giNvwAynQ7JYuaMyIsLThmZGI5ZjM2MjJiYTYxMjk1YmJlNWZkOWY1NDA0NGQwYzBlMWQxMTc2YTc0NmM4OGUzNTEzNjMyNTI1NzM4MznY1ObRm9NgBRc83HwpLfUB6heUPXsmFEumg9M4nlLzffvnPI3rkYeFEkMq6ipgM09oqvX/2bon0Gadf8TVLf4t', NULL, NULL, NULL, NULL, '1', '2019-02-25 23:07:46', NULL, '1'),
(202, 202, 'aleycaza@hotmail.com', 'jqmFNcpKvjQXzIWvv50cGOhoydnl4Ury', 'hbjfPjmJ2x2IxvGFMBMsgjVhNWJjMzIxNmRhODMzODQ4MjU1YTRmNjlmOGYzOTI3ZTdhMDYxMDZlZWMyMTQ2NjMwODg5YjI5MDVkN2UwODiviuyXksvBNTsKNhYVepSdzXneV79z/GXD1kEvxoUYkmAQga7+iY2YsJBoxd45wyZNRNYlbZcspVG2XgPZoq6X', NULL, NULL, NULL, NULL, '1', '2019-02-25 23:07:46', NULL, '1'),
(203, 203, 'andrea-yoncon@hotmail.com', 'Fb_a-JIzDQTOFiGwIL5--R7vJJFXBV5e', 'pcBBfVFISxaeezKAz1lLQzhmOTdjMGVlYWU1ZjdmMjM5OGI0N2MwNGNlMzM5OTdlZWUwMmZlZWExNTNmM2IwZjY3MmIxZWYyZDdlZWQ3YjalJJx2yorDMDEWIK2QpHicfhRstgYSvD2FUzddnLMM6DDDJeqSsBRGKF/B35Ro1kX2Jv5/PRQ+2lV5/vI+Vkmb', NULL, NULL, NULL, NULL, '1', '2019-02-25 23:07:46', NULL, '1'),
(204, 204, 'jzea1986@outlook.com', 'U7SaMICqoeTAzO2F-E2-Y-KHvjzMTbgu', 'T/e98IFa3JaA6CXV1j7o0mE3N2JhMmUyNmFkMGJlNTI4Y2FjZWZkZTI1YzI0NDVlZjM0NzBjZDBkZDlmNTJjNTBkYWMwNzA0ZTFlOWIwMTGBxJzmeJrioc7+WtQDwnP9QEOD4MNy4rqckbck0LE/08RS1xRMS46CbYOQyPtbvcg+9/32o9tY0K76gupkw7F7', NULL, NULL, NULL, NULL, '1', '2019-02-25 23:07:47', NULL, '1'),
(205, 205, 'eduardo.zea.74@gmail.com', 'VHWml2hcagvyq5_7fvKF6Ry6gPqedV_2', 'wfuExCSSzjZpX2SrkzJMKzA2Y2UwZTE0Zjk5Y2I1NmI2Y2JiNjc1N2JjYzJhZTM0YzlkYTg3MzYyZDUwMDNkNTQwNzNlN2M4MWJjOWFkNzJKl+LIvUxSWLiRbJqB+YHQUrJ1APuuSRK0h3u9uXdj19vuIfp4of3HSt1k3impjD41iW0VlqkpDm1edwrEe+hY', NULL, NULL, NULL, NULL, '1', '2019-02-25 23:07:47', NULL, '1'),
(206, 206, 'juridicojorgsosa@hotmail.com', 'VHWml2hcagvyq5_7fvKF6Ry6gPqedV_2', 'wfuExCSSzjZpX2SrkzJMKzA2Y2UwZTE0Zjk5Y2I1NmI2Y2JiNjc1N2JjYzJhZTM0YzlkYTg3MzYyZDUwMDNkNTQwNzNlN2M4MWJjOWFkNzJKl+LIvUxSWLiRbJqB+YHQUrJ1APuuSRK0h3u9uXdj19vuIfp4of3HSt1k3impjD41iW0VlqkpDm1edwrEe+hY', NULL, NULL, NULL, NULL, '1', '2019-02-25 23:07:47', NULL, '1');

--
-- Volcado de datos para la tabla `empresa_persona`
--
INSERT INTO `empresa_persona` (`eper_id`, `emp_id`, `per_id`, `eper_estado`, `eper_fecha_creacion`, `eper_fecha_modificacion`, `eper_estado_logico`) VALUES
(1, 1, 1, '1', '2017-09-01 02:53:00', NULL, '1'),
(2, 1, 2, '1', '2017-09-01 02:53:00', NULL, '1'),
(3, 1, 3, '1', '2017-09-01 02:53:00', NULL, '1'),
(4, 1, 4, '1', '2017-09-01 02:53:00', NULL, '1'),
(5, 1, 5, '1', '2017-09-01 02:53:00', NULL, '1'),
(6, 1, 6, '1', '2017-09-01 02:53:00', NULL, '1'),
(7, 1, 7, '1', '2017-09-01 02:53:00', NULL, '1'),
(8, 1, 8, '1', '2017-09-01 02:53:00', NULL, '1'),
(9, 1, 9, '1', '2017-09-01 02:53:00', NULL, '1'),
(10, 1, 10, '1', '2017-09-01 02:53:00', NULL, '1'),
(11, 1, 11, '1', '2017-09-01 02:53:00', NULL, '1'),
(12, 1, 12, '1', '2017-09-01 02:53:00', NULL, '1'),
(13, 1, 13, '1', '2017-09-01 02:53:00', NULL, '1'),
(14, 1, 14, '1', '2017-09-01 02:53:00', NULL, '1'),
(15, 1, 15, '1', '2017-09-01 02:53:00', NULL, '1'),
(16, 1, 16, '1', '2017-09-01 02:53:00', NULL, '1'),
(17, 1, 17, '1', '2017-09-01 02:53:00', NULL, '1'),
(18, 1, 18, '1', '2017-09-01 02:53:00', NULL, '1'),
(19, 1, 19, '1', '2017-09-01 02:53:00', NULL, '1'),
(20, 1, 20, '1', '2017-09-01 02:53:00', NULL, '1'),
(21, 1, 21, '1', '2017-09-01 02:53:00', NULL, '1'),
(22, 1, 22, '1', '2017-09-01 02:53:00', NULL, '1'),
(23, 1, 23, '1', '2017-09-01 02:53:00', NULL, '1'),
(24, 1, 24, '1', '2017-09-01 02:53:00', NULL, '1'),
(25, 1, 25, '1', '2017-09-01 02:53:00', NULL, '1'),
(26, 1, 26, '1', '2017-09-01 02:53:00', NULL, '1'),
(27, 1, 27, '1', '2017-09-01 02:53:00', NULL, '1'),
(28, 1, 28, '1', '2017-09-01 02:53:00', NULL, '1'),
(29, 1, 29, '1', '2017-09-01 02:53:00', NULL, '1'),

(30, 1, 30, '1', '2017-09-01 02:53:00', NULL, '1'),
(31, 1, 31, '1', '2017-09-01 02:53:00', NULL, '1'),
(32, 1, 32, '1', '2017-09-01 02:53:00', NULL, '1'),
(33, 1, 33, '1', '2017-09-01 02:53:00', NULL, '1'),
(34, 1, 34, '1', '2017-09-01 02:53:00', NULL, '1'),
(35, 1, 35, '1', '2017-09-01 02:53:00', NULL, '1'),
(36, 1, 36, '1', '2017-09-01 02:53:00', NULL, '1'),
(37, 1, 37, '1', '2017-09-01 02:53:00', NULL, '1'),

(38, 1, 38, '1', '2017-09-01 02:53:00', NULL, '1'),
(39, 1, 39, '1', '2017-09-01 02:53:00', NULL, '1'),
(40, 1, 40, '1', '2017-09-01 02:53:00', NULL, '1'),
(41, 1, 41, '1', '2018-11-14 18:00:00', NULL, '1'),
(42, 1, 42, '1', '2018-11-14 18:45:00', NULL, '1'),

(43, 1, 43, '1', '2018-11-22 13:45:00', NULL, '1'),

(44, 1, 44, '1', '2018-12-20 10:30:00', NULL, '1'),
(45, 1, 45, '1', '2018-12-20 10:30:00', NULL, '1'),

(46, 1, 46, '1', '2019-02-09 11:30:00', NULL, '1'),
/* profesores  */
(47, 1, 47, '1', '2019-02-09 11:30:00', NULL, '1'),
(48, 1, 48, '1', '2019-02-09 11:30:00', NULL, '1'), 
(49, 1, 49, 1, '2019-02-12 13:40:00', NULL, 1),
(50, 1, 50, 1, '2019-02-12 13:40:00', NULL, 1),
(51, 1, 51, 1, '2019-02-12 13:40:00', NULL, 1),
(52, 1, 52, 1, '2019-02-12 13:40:00', NULL, 1),
(53, 1, 53, 1, '2019-02-12 13:40:00', NULL, 1),
(54, 1, 54, 1, '2019-02-12 13:40:00', NULL, 1),
(55, 1, 55, 1, '2019-02-12 13:40:00', NULL, 1),
(56, 1, 56, 1, '2019-02-12 13:40:00', NULL, 1),
(57, 1, 57, 1, '2019-02-12 13:40:00', NULL, 1),
(58, 1, 58, 1, '2019-02-12 13:40:00', NULL, 1),
(59, 1, 59, 1, '2019-02-12 13:40:00', NULL, 1),
(60, 1, 60, 1, '2019-02-12 13:40:00', NULL, 1),
(61, 1, 61, 1, '2019-02-12 13:40:00', NULL, 1),
(62, 1, 62, 1, '2019-02-12 13:40:00', NULL, 1),
(63, 1, 63, 1, '2019-02-12 13:40:00', NULL, 1),
(64, 1, 64, 1, '2019-02-12 13:40:00', NULL, 1),
(65, 1, 65, 1, '2019-02-12 13:40:00', NULL, 1),
(66, 1, 66, 1, '2019-02-12 13:40:00', NULL, 1),
(67, 1, 67, 1, '2019-02-12 13:40:00', NULL, 1),
(68, 1, 68, 1, '2019-02-12 13:40:00', NULL, 1),
(69, 1, 69, 1, '2019-02-12 13:40:00', NULL, 1),
(70, 1, 70, 1, '2019-02-12 13:40:00', NULL, 1),
(71, 1, 71, 1, '2019-02-12 13:40:00', NULL, 1),
(72, 1, 72, 1, '2019-02-12 13:40:00', NULL, 1),
(73, 1, 73, 1, '2019-02-12 13:40:00', NULL, 1),
(74, 1, 74, 1, '2019-02-12 13:40:00', NULL, 1),
(75, 1, 75, 1, '2019-02-12 13:40:00', NULL, 1),
(76, 1, 76, 1, '2019-02-12 13:40:00', NULL, 1),
(77, 1, 77, 1, '2019-02-12 13:40:00', NULL, 1),
(78, 1, 78, 1, '2019-02-12 13:40:00', NULL, 1),
(79, 1, 79, 1, '2019-02-12 13:40:00', NULL, 1),
(80, 1, 80, 1, '2019-02-12 13:40:00', NULL, 1),
(81, 1, 81, 1, '2019-02-12 13:40:00', NULL, 1),
(82, 1, 82, 1, '2019-02-12 13:40:00', NULL, 1),
(83, 1, 83, 1, '2019-02-12 13:40:00', NULL, 1),
(84, 1, 84, 1, '2019-02-12 13:40:00', NULL, 1),
(85, 1, 85, 1, '2019-02-12 13:40:00', NULL, 1),
(86, 1, 86, 1, '2019-02-12 13:40:00', NULL, 1),
(87, 1, 87, 1, '2019-02-12 13:40:00', NULL, 1),
(88, 1, 88, 1, '2019-02-12 13:40:00', NULL, 1),
(89, 1, 89, 1, '2019-02-12 13:40:00', NULL, 1),
(90, 1, 90, 1, '2019-02-12 13:40:00', NULL, 1),
(91, 1, 91, 1, '2019-02-12 13:40:00', NULL, 1),
(92, 1, 92, 1, '2019-02-12 13:40:00', NULL, 1),
(93, 1, 93, 1, '2019-02-12 13:40:00', NULL, 1),
(94, 1, 94, 1, '2019-02-12 13:40:00', NULL, 1),
(95, 1, 95, 1, '2019-02-12 13:40:00', NULL, 1),
(96, 1, 96, 1, '2019-02-12 13:40:00', NULL, 1),
(97, 1, 97, 1, '2019-02-12 13:40:00', NULL, 1),
(98, 1, 98, 1, '2019-02-12 13:40:00', NULL, 1),
(99, 1, 99, 1, '2019-02-12 13:40:00', NULL, 1),
(100, 1, 100, 1, '2019-02-12 13:40:00', NULL, 1),
(101, 1, 101, 1, '2019-02-12 13:40:00', NULL, 1),
(102, 1, 102, 1, '2019-02-12 13:40:00', NULL, 1),
(103, 1, 103, 1, '2019-02-12 13:40:00', NULL, 1),
(104, 1, 104, 1, '2019-02-12 13:40:00', NULL, 1),
(105, 1, 105, 1, '2019-02-12 13:40:00', NULL, 1),
(106, 1, 106, 1, '2019-02-12 13:40:00', NULL, 1),
(107, 1, 107, 1, '2019-02-12 13:40:00', NULL, 1),
(108, 1, 108, 1, '2019-02-12 13:40:00', NULL, 1),
(109, 1, 109, 1, '2019-02-12 13:40:00', NULL, 1),
(110, 1, 110, 1, '2019-02-12 13:40:00', NULL, 1),
(111, 1, 111, 1, '2019-02-12 13:40:00', NULL, 1),
(112, 1, 112, 1, '2019-02-12 13:40:00', NULL, 1),
(113, 1, 113, 1, '2019-02-12 13:40:00', NULL, 1),
(114, 1, 114, 1, '2019-02-12 13:40:00', NULL, 1),
(115, 1, 115, 1, '2019-02-12 13:40:00', NULL, 1),
(116, 1, 116, 1, '2019-02-12 13:40:00', NULL, 1),
(117, 1, 117, 1, '2019-02-12 13:40:00', NULL, 1),
(118, 1, 118, 1, '2019-02-12 13:40:00', NULL, 1),
(119, 1, 119, 1, '2019-02-12 13:40:00', NULL, 1),
(120, 1, 120, 1, '2019-02-12 13:40:00', NULL, 1),
(121, 1, 121, 1, '2019-02-12 13:40:00', NULL, 1),
(122, 1, 122, 1, '2019-02-12 13:40:00', NULL, 1),
(123, 1, 123, 1, '2019-02-12 13:40:00', NULL, 1),
(124, 1, 124, 1, '2019-02-12 13:40:00', NULL, 1),
(125, 1, 125, 1, '2019-02-12 13:40:00', NULL, 1),
(126, 1, 126, 1, '2019-02-12 13:40:00', NULL, 1),
(127, 1, 127, 1, '2019-02-12 13:40:00', NULL, 1),
(128, 1, 128, 1, '2019-02-12 13:40:00', NULL, 1),
(129, 1, 129, 1, '2019-02-12 13:40:00', NULL, 1),
(130, 1, 130, 1, '2019-02-12 13:40:00', NULL, 1),
(131, 1, 131, 1, '2019-02-12 13:40:00', NULL, 1),
(132, 1, 132, 1, '2019-02-12 13:40:00', NULL, 1),
(133, 1, 133, 1, '2019-02-12 13:40:00', NULL, 1),
(134, 1, 134, 1, '2019-02-12 13:40:00', NULL, 1),
(135, 1, 135, 1, '2019-02-12 13:40:00', NULL, 1),
(136, 1, 136, 1, '2019-02-12 13:40:00', NULL, 1),
(137, 1, 137, 1, '2019-02-12 13:40:00', NULL, 1),
(138, 1, 138, 1, '2019-02-12 13:40:00', NULL, 1),
(139, 1, 139, 1, '2019-02-12 13:40:00', NULL, 1),
(140, 1, 140, 1, '2019-02-12 13:40:00', NULL, 1),
(141, 1, 141, 1, '2019-02-12 13:40:00', NULL, 1),
(142, 1, 142, 1, '2019-02-12 13:40:00', NULL, 1),
(143, 1, 143, 1, '2019-02-12 13:40:00', NULL, 1),
(144, 1, 144, 1, '2019-02-12 13:40:00', NULL, 1),
(145, 1, 145, 1, '2019-02-12 13:40:00', NULL, 1),
(146, 1, 146, 1, '2019-02-12 13:40:00', NULL, 1),
(147, 1, 147, 1, '2019-02-12 13:40:00', NULL, 1),
(148, 1, 148, 1, '2019-02-12 13:40:00', NULL, 1),
(149, 1, 149, 1, '2019-02-12 13:40:00', NULL, 1),
(150, 1, 150, 1, '2019-02-12 13:40:00', NULL, 1),
(151, 1, 151, 1, '2019-02-12 13:40:00', NULL, 1),
(152, 1, 152, 1, '2019-02-12 13:40:00', NULL, 1),
(153, 1, 153, 1, '2019-02-12 13:40:00', NULL, 1),
(154, 1, 154, 1, '2019-02-12 13:40:00', NULL, 1),
(155, 1, 155, 1, '2019-02-12 13:40:00', NULL, 1),
(156, 1, 156, 1, '2019-02-12 13:40:00', NULL, 1),
(157, 1, 157, 1, '2019-02-12 13:40:00', NULL, 1),
(158, 1, 158, 1, '2019-02-12 13:40:00', NULL, 1),
(159, 1, 159, 1, '2019-02-12 13:40:00', NULL, 1),
(160, 1, 160, 1, '2019-02-12 13:40:00', NULL, 1),
(161, 1, 161, 1, '2019-02-12 13:40:00', NULL, 1),
(162, 1, 162, 1, '2019-02-12 13:40:00', NULL, 1),
(163, 1, 163, 1, '2019-02-12 13:40:00', NULL, 1),
(164, 1, 164, 1, '2019-02-12 13:40:00', NULL, 1),
(165, 1, 165, 1, '2019-02-12 13:40:00', NULL, 1),
(166, 1, 166, 1, '2019-02-12 13:40:00', NULL, 1),
(167, 1, 167, 1, '2019-02-12 13:40:00', NULL, 1),
(168, 1, 168, 1, '2019-02-12 13:40:00', NULL, 1),
(169, 1, 169, 1, '2019-02-12 13:40:00', NULL, 1),
(170, 1, 170, 1, '2019-02-12 13:40:00', NULL, 1),
(171, 1, 171, 1, '2019-02-12 13:40:00', NULL, 1),
(172, 1, 172, 1, '2019-02-12 13:40:00', NULL, 1),
(173, 1, 173, 1, '2019-02-12 13:40:00', NULL, 1),
(174, 1, 174, 1, '2019-02-12 13:40:00', NULL, 1),
(175, 1, 175, 1, '2019-02-12 13:40:00', NULL, 1),
(176, 1, 176, 1, '2019-02-12 13:40:00', NULL, 1),
(177, 1, 177, 1, '2019-02-12 13:40:00', NULL, 1),
(178, 1, 178, 1, '2019-02-12 13:40:00', NULL, 1),
(179, 1, 179, 1, '2019-02-12 13:40:00', NULL, 1),
(180, 1, 180, 1, '2019-02-12 13:40:00', NULL, 1),
(181, 1, 181, 1, '2019-02-12 13:40:00', NULL, 1),
(182, 1, 182, 1, '2019-02-12 13:40:00', NULL, 1),
(183, 1, 183, 1, '2019-02-12 13:40:00', NULL, 1),
(184, 1, 184, 1, '2019-02-12 13:40:00', NULL, 1),
(185, 1, 185, 1, '2019-02-12 13:40:00', NULL, 1),
(186, 1, 186, 1, '2019-02-12 13:40:00', NULL, 1),
(187, 1, 187, 1, '2019-02-12 13:40:00', NULL, 1),
(188, 1, 188, 1, '2019-02-12 13:40:00', NULL, 1),
(189, 1, 189, 1, '2019-02-12 13:40:00', NULL, 1),
(190, 1, 190, 1, '2019-02-12 13:40:00', NULL, 1),
(191, 1, 191, 1, '2019-02-12 13:40:00', NULL, 1),
(192, 1, 192, 1, '2019-02-12 13:40:00', NULL, 1),
(193, 1, 193, 1, '2019-02-12 13:40:00', NULL, 1),
(194, 1, 194, 1, '2019-02-12 13:40:00', NULL, 1),
(195, 1, 195, 1, '2019-02-12 13:40:00', NULL, 1),
(196, 1, 196, 1, '2019-02-12 13:40:00', NULL, 1),
(197, 1, 197, 1, '2019-02-12 13:40:00', NULL, 1),
(198, 1, 198, 1, '2019-02-12 13:40:00', NULL, 1),
(199, 1, 199, 1, '2019-02-12 13:40:00', NULL, 1),
(200, 1, 200, 1, '2019-02-12 13:40:00', NULL, 1),
(201, 1, 201, 1, '2019-02-12 13:40:00', NULL, 1),
(202, 1, 202, 1, '2019-02-12 13:40:00', NULL, 1),
(203, 1, 203, 1, '2019-02-12 13:40:00', NULL, 1),
(204, 1, 204, 1, '2019-02-12 13:40:00', NULL, 1),
(205, 1, 205, 1, '2019-02-12 13:40:00', NULL, 1),
(206, 1, 206, 1, '2019-02-12 13:40:00', NULL, 1);

--
-- Volcado de datos para la tabla `usua_grol_eper`
--
INSERT INTO `usua_grol_eper` (`ugep_id`, `eper_id`, `usu_id`, `grol_id`, `ugep_estado`, `ugep_fecha_creacion`, `ugep_fecha_modificacion`, `ugep_estado_logico`) VALUES
(1, 1, 1, 1, '1', '2017-09-01 02:53:00', NULL, '1'),
(2, 2, 2, 2, '1', '2017-09-01 02:53:00', NULL, '1'),
(3, 3, 3, 2, '1', '2017-09-01 02:53:00', NULL, '1'),
(4, 4, 4, 2, '1', '2017-09-01 02:53:00', NULL, '1'),
(5, 5, 5, 2, '1', '2017-09-01 02:53:00', NULL, '1'),
(6, 6, 6, 3, '1', '2017-09-01 02:53:00', NULL, '1'),
(7, 7, 7, 5, '1', '2017-09-01 02:53:00', NULL, '1'),
(8, 8, 8, 5, '1', '2017-09-01 02:53:00', NULL, '1'),
(9, 9, 9, 5, '1', '2017-09-01 02:53:00', NULL, '1'),
(10, 10, 10, 5, '1', '2017-09-01 00:48:43', NULL, '1'),
(11, 11, 11, 5, '1', '2017-09-01 00:50:52', NULL, '1'),
(12, 12, 12, 5, '1', '2017-09-01 00:52:46', NULL, '1'),
(13, 13, 13, 5, '1', '2017-09-01 00:56:57', NULL, '1'),
(14, 14, 14, 5, '1', '2017-09-01 00:59:26', NULL, '1'),
(15, 15, 15, 5, '1', '2017-09-01 01:00:58', NULL, '1'),
(16, 16, 16, 4, '1', '2017-09-01 00:41:49', NULL, '1'),
(17, 17, 17, 5, '1', '2017-09-01 00:31:16', NULL, '1'),

(18, 18, 18, 5, '1', '2017-09-01 00:33:26', NULL, '1'),
(19, 19, 19, 5, '1', '2017-09-01 00:34:27', NULL, '1'),
(20, 20, 20, 5, '1', '2017-09-01 00:35:32', NULL, '1'),

(21, 21, 21, 11, '1', '2017-09-01 01:11:06', NULL, '1'),
(22, 22, 22, 12, '1', '2017-09-01 22:54:04', NULL, '1'),
(23, 23, 23, 15, '1', '2017-11-07 01:36:00', NULL, '1'),
(24, 24, 24, 19, '1', '2017-09-01 01:20:19', NULL, '1'),
(25, 25, 25, 19, '1', '2017-09-01 01:21:17', NULL, '1'),
(26, 26, 26, 23, '1', '2017-09-01 01:24:46', NULL, '1'),

(27, 27, 27, 17, '1', '2017-09-01 05:01:00', NULL, '1'),
(28, 28, 28, 16, '1', '2017-09-01 03:16:11', NULL, '1'),
(29, 29, 29, 14, '1', '2017-09-01 03:22:54', NULL, '1'),


(30, 30, 30, 15, '1', '2017-09-01 03:28:39', NULL, '1'),
(31, 31, 31, 33, '1', '2017-09-01 03:34:01', NULL, '1'),
(33, 33, 33, 35, '1', '2017-09-01 07:42:00', NULL, '1'),
(34, 34, 34, 33, '1', '2017-09-01 01:18:00', NULL, '1'),
(35, 35, 35, 33, '1', '2017-09-01 05:01:00', NULL, '1'),
(36, 36, 36, 33, '1', '2017-09-01 22:46:00', NULL, '1'),
(37, 37, 37, 33, '1', '2017-09-01 02:53:00', NULL, '1'),

(38, 38, 38, 27, '1', '2017-09-01 02:53:00', NULL, '1'),
(39, 39, 39, 28, '1', '2017-09-01 22:46:00', NULL, '1'),
(40, 40, 40, 28, '1', '2017-09-01 02:53:00', NULL, '1'),
(41, 41, 41, 24, '1', '2018-11-14 18:00:00', NULL, '1'),
(42, 42, 42, 27, '1', '2018-11-14 18:45:00', NULL, '1'),

(43, 43, 43, 9, '1', '2018-11-22 13:45:00', NULL, '1'),

(44, 44, 44, 12, '1', '2018-12-20 10:30:00', NULL, '1'),
(45, 45, 45, 12, '1', '2018-12-20 10:30:00', NULL, '1'),

(46, 46, 46, 34, '1', '2019-02-09 11:30:00', NULL, '1'), 
/* profesores */
(47, 47, 47, 19, '1', '2019-02-09 11:30:00', NULL, '1'), 
(48, 48, 48, 33, '1', '2019-02-09 11:30:00', NULL, '1'),
(49, 49, 49, 33, 1, '2019-02-12 13:40:00', NULL, 1),
(50, 50, 50, 33, 1, '2019-02-12 13:40:00', NULL, 1),
(51, 51, 51, 33, 1, '2019-02-12 13:40:00', NULL, 1),
(52, 52, 52, 33, 1, '2019-02-12 13:40:00', NULL, 1),
(53, 53, 53, 33, 1, '2019-02-12 13:40:00', NULL, 1),
(54, 54, 54, 33, 1, '2019-02-12 13:40:00', NULL, 1),
(55, 55, 55, 33, 1, '2019-02-12 13:40:00', NULL, 1),
(56, 56, 56, 33, 1, '2019-02-12 13:40:00', NULL, 1),
(57, 57, 57, 33, 1, '2019-02-12 13:40:00', NULL, 1),
(58, 58, 58, 33, 1, '2019-02-12 13:40:00', NULL, 1),
(59, 59, 59, 33, 1, '2019-02-12 13:40:00', NULL, 1),
(60, 60, 60, 33, 1, '2019-02-12 13:40:00', NULL, 1),
(61, 61, 61, 33, 1, '2019-02-12 13:40:00', NULL, 1),
(62, 62, 62, 33, 1, '2019-02-12 13:40:00', NULL, 1),
(63, 63, 63, 33, 1, '2019-02-12 13:40:00', NULL, 1),
(64, 64, 64, 33, 1, '2019-02-12 13:40:00', NULL, 1),
(65, 65, 65, 33, 1, '2019-02-12 13:40:00', NULL, 1),
(66, 66, 66, 33, 1, '2019-02-12 13:40:00', NULL, 1),
(67, 67, 67, 33, 1, '2019-02-12 13:40:00', NULL, 1),
(68, 68, 68, 33, 1, '2019-02-12 13:40:00', NULL, 1),
(69, 69, 69, 33, 1, '2019-02-12 13:40:00', NULL, 1),
(70, 70, 70, 33, 1, '2019-02-12 13:40:00', NULL, 1),
(71, 71, 71, 33, 1, '2019-02-12 13:40:00', NULL, 1),
(72, 72, 72, 33, 1, '2019-02-12 13:40:00', NULL, 1),
(73, 73, 73, 33, 1, '2019-02-12 13:40:00', NULL, 1),
(74, 74, 74, 33, 1, '2019-02-12 13:40:00', NULL, 1),
(75, 75, 75, 33, 1, '2019-02-12 13:40:00', NULL, 1),
(76, 76, 76, 33, 1, '2019-02-12 13:40:00', NULL, 1),
(77, 77, 77, 33, 1, '2019-02-12 13:40:00', NULL, 1),
(78, 78, 78, 33, 1, '2019-02-12 13:40:00', NULL, 1),
(79, 79, 79, 33, 1, '2019-02-12 13:40:00', NULL, 1),
(80, 80, 80, 33, 1, '2019-02-12 13:40:00', NULL, 1),
(81, 81, 81, 33, 1, '2019-02-12 13:40:00', NULL, 1),
(82, 82, 82, 33, 1, '2019-02-12 13:40:00', NULL, 1),
(83, 83, 83, 33, 1, '2019-02-12 13:40:00', NULL, 1),
(84, 84, 84, 33, 1, '2019-02-12 13:40:00', NULL, 1),
(85, 85, 85, 33, 1, '2019-02-12 13:40:00', NULL, 1),
(86, 86, 86, 33, 1, '2019-02-12 13:40:00', NULL, 1),
(87, 87, 87, 33, 1, '2019-02-12 13:40:00', NULL, 1),
(88, 88, 88, 33, 1, '2019-02-12 13:40:00', NULL, 1),
(89, 89, 89, 33, 1, '2019-02-12 13:40:00', NULL, 1),
(90, 90, 90, 33, 1, '2019-02-12 13:40:00', NULL, 1),
(91, 91, 91, 33, 1, '2019-02-12 13:40:00', NULL, 1),
(92, 92, 92, 33, 1, '2019-02-12 13:40:00', NULL, 1),
(93, 93, 93, 33, 1, '2019-02-12 13:40:00', NULL, 1),
(94, 94, 94, 33, 1, '2019-02-12 13:40:00', NULL, 1),
(95, 95, 95, 33, 1, '2019-02-12 13:40:00', NULL, 1),
(96, 96, 96, 33, 1, '2019-02-12 13:40:00', NULL, 1),
(97, 97, 97, 33, 1, '2019-02-12 13:40:00', NULL, 1),
(98, 98, 98, 33, 1, '2019-02-12 13:40:00', NULL, 1),
(99, 99, 99, 33, 1, '2019-02-12 13:40:00', NULL, 1),
(100, 100, 100, 33, 1, '2019-02-12 13:40:00', NULL, 1),
(101, 101, 101, 33, 1, '2019-02-12 13:40:00', NULL, 1),
(102, 102, 102, 33, 1, '2019-02-12 13:40:00', NULL, 1),
(103, 103, 103, 33, 1, '2019-02-12 13:40:00', NULL, 1),
(104, 104, 104, 33, 1, '2019-02-12 13:40:00', NULL, 1),
(105, 105, 105, 33, 1, '2019-02-12 13:40:00', NULL, 1),
(106, 106, 106, 33, 1, '2019-02-12 13:40:00', NULL, 1),
(107, 107, 107, 33, 1, '2019-02-12 13:40:00', NULL, 1),
(108, 108, 108, 33, 1, '2019-02-12 13:40:00', NULL, 1),
(109, 109, 109, 33, 1, '2019-02-12 13:40:00', NULL, 1),
(110, 110, 110, 33, 1, '2019-02-12 13:40:00', NULL, 1),
(111, 111, 111, 33, 1, '2019-02-12 13:40:00', NULL, 1),
(112, 112, 112, 33, 1, '2019-02-12 13:40:00', NULL, 1),
(113, 113, 113, 33, 1, '2019-02-12 13:40:00', NULL, 1),
(114, 114, 114, 33, 1, '2019-02-12 13:40:00', NULL, 1),
(115, 115, 115, 33, 1, '2019-02-12 13:40:00', NULL, 1),
(116, 116, 116, 33, 1, '2019-02-12 13:40:00', NULL, 1),
(117, 117, 117, 33, 1, '2019-02-12 13:40:00', NULL, 1),
(118, 118, 118, 35, 1, '2019-02-12 13:40:00', NULL, 1),
(119, 119, 119, 33, 1, '2019-02-12 13:40:00', NULL, 1),
(120, 120, 120, 33, 1, '2019-02-12 13:40:00', NULL, 1),
(121, 121, 121, 33, 1, '2019-02-12 13:40:00', NULL, 1),
(122, 122, 122, 33, 1, '2019-02-12 13:40:00', NULL, 1),
(123, 123, 123, 33, 1, '2019-02-12 13:40:00', NULL, 1),
(124, 124, 124, 33, 1, '2019-02-12 13:40:00', NULL, 1),
(125, 125, 125, 33, 1, '2019-02-12 13:40:00', NULL, 1),
(126, 126, 126, 33, 1, '2019-02-12 13:40:00', NULL, 1),
(127, 127, 127, 33, 1, '2019-02-12 13:40:00', NULL, 1),
(128, 128, 128, 33, 1, '2019-02-12 13:40:00', NULL, 1),
(129, 129, 129, 33, 1, '2019-02-12 13:40:00', NULL, 1),
(130, 130, 130, 33, 1, '2019-02-12 13:40:00', NULL, 1),
(131, 131, 131, 33, 1, '2019-02-12 13:40:00', NULL, 1),
(132, 132, 132, 33, 1, '2019-02-12 13:40:00', NULL, 1),
(133, 133, 133, 33, 1, '2019-02-12 13:40:00', NULL, 1),
(134, 134, 134, 33, 1, '2019-02-12 13:40:00', NULL, 1),
(135, 135, 135, 33, 1, '2019-02-12 13:40:00', NULL, 1),
(136, 136, 136, 33, 1, '2019-02-12 13:40:00', NULL, 1),
(137, 137, 137, 33, 1, '2019-02-12 13:40:00', NULL, 1),
(138, 138, 138, 33, 1, '2019-02-12 13:40:00', NULL, 1),
(139, 139, 139, 33, 1, '2019-02-12 13:40:00', NULL, 1),
(140, 140, 140, 33, 1, '2019-02-12 13:40:00', NULL, 1),
(141, 141, 141, 33, 1, '2019-02-12 13:40:00', NULL, 1),
(142, 142, 142, 33, 1, '2019-02-12 13:40:00', NULL, 1),
(143, 143, 143, 33, 1, '2019-02-12 13:40:00', NULL, 1),
(144, 144, 144, 33, 1, '2019-02-12 13:40:00', NULL, 1),
(145, 145, 145, 33, 1, '2019-02-12 13:40:00', NULL, 1),
(146, 146, 146, 33, 1, '2019-02-12 13:40:00', NULL, 1),
(147, 147, 147, 33, 1, '2019-02-12 13:40:00', NULL, 1),
(148, 148, 148, 33, 1, '2019-02-12 13:40:00', NULL, 1),
(149, 149, 149, 33, 1, '2019-02-12 13:40:00', NULL, 1),
(150, 150, 150, 33, 1, '2019-02-12 13:40:00', NULL, 1),
(151, 151, 151, 33, 1, '2019-02-12 13:40:00', NULL, 1),
(152, 152, 152, 33, 1, '2019-02-12 13:40:00', NULL, 1),
(153, 153, 153, 33, 1, '2019-02-12 13:40:00', NULL, 1),
(154, 154, 154, 33, 1, '2019-02-12 13:40:00', NULL, 1),
(155, 155, 155, 33, 1, '2019-02-12 13:40:00', NULL, 1),
(156, 156, 156, 33, 1, '2019-02-12 13:40:00', NULL, 1),
(157, 157, 157, 33, 1, '2019-02-12 13:40:00', NULL, 1),
(158, 158, 158, 33, 1, '2019-02-12 13:40:00', NULL, 1),
(159, 159, 159, 33, 1, '2019-02-12 13:40:00', NULL, 1),
(160, 160, 160, 33, 1, '2019-02-12 13:40:00', NULL, 1),
(161, 161, 161, 33, 1, '2019-02-12 13:40:00', NULL, 1),
(162, 162, 162, 33, 1, '2019-02-12 13:40:00', NULL, 1),
(163, 163, 163, 33, 1, '2019-02-12 13:40:00', NULL, 1),
(164, 164, 164, 33, 1, '2019-02-12 13:40:00', NULL, 1),
(165, 165, 165, 33, 1, '2019-02-12 13:40:00', NULL, 1),
(166, 166, 166, 33, 1, '2019-02-12 13:40:00', NULL, 1),
(167, 167, 167, 33, 1, '2019-02-12 13:40:00', NULL, 1),
(168, 168, 168, 33, 1, '2019-02-12 13:40:00', NULL, 1),
(169, 169, 169, 33, 1, '2019-02-12 13:40:00', NULL, 1),
(170, 170, 170, 33, 1, '2019-02-12 13:40:00', NULL, 1),
(171, 171, 171, 33, 1, '2019-02-12 13:40:00', NULL, 1),
(172, 172, 172, 33, 1, '2019-02-12 13:40:00', NULL, 1),
(173, 173, 173, 33, 1, '2019-02-12 13:40:00', NULL, 1),
(174, 174, 174, 33, 1, '2019-02-12 13:40:00', NULL, 1),
(175, 175, 175, 33, 1, '2019-02-12 13:40:00', NULL, 1),
(176, 176, 176, 33, 1, '2019-02-12 13:40:00', NULL, 1),
(177, 177, 177, 33, 1, '2019-02-12 13:40:00', NULL, 1),
(178, 178, 178, 33, 1, '2019-02-12 13:40:00', NULL, 1),
(179, 179, 179, 33, 1, '2019-02-12 13:40:00', NULL, 1),
(180, 180, 180, 33, 1, '2019-02-12 13:40:00', NULL, 1),
(181, 181, 181, 33, 1, '2019-02-12 13:40:00', NULL, 1),
(182, 182, 182, 33, 1, '2019-02-12 13:40:00', NULL, 1),
(183, 183, 183, 33, 1, '2019-02-12 13:40:00', NULL, 1),
(184, 184, 184, 33, 1, '2019-02-12 13:40:00', NULL, 1),
(185, 185, 185, 33, 1, '2019-02-12 13:40:00', NULL, 1),
(186, 186, 186, 33, 1, '2019-02-12 13:40:00', NULL, 1),
(187, 187, 187, 33, 1, '2019-02-12 13:40:00', NULL, 1),
(188, 188, 188, 33, 1, '2019-02-12 13:40:00', NULL, 1),
(189, 189, 189, 33, 1, '2019-02-12 13:40:00', NULL, 1),
(190, 190, 190, 33, 1, '2019-02-12 13:40:00', NULL, 1),
(191, 191, 191, 33, 1, '2019-02-12 13:40:00', NULL, 1),
(192, 192, 192, 33, 1, '2019-02-12 13:40:00', NULL, 1),
(193, 193, 193, 33, 1, '2019-02-12 13:40:00', NULL, 1),
(194, 194, 194, 33, 1, '2019-02-12 13:40:00', NULL, 1),
(195, 195, 195, 33, 1, '2019-02-12 13:40:00', NULL, 1),
(196, 196, 196, 33, 1, '2019-02-12 13:40:00', NULL, 1),
(197, 197, 197, 33, 1, '2019-02-12 13:40:00', NULL, 1),
(198, 198, 198, 33, 1, '2019-02-12 13:40:00', NULL, 1),
(199, 199, 199, 33, 1, '2019-02-12 13:40:00', NULL, 1),
(200, 200, 200, 33, 1, '2019-02-12 13:40:00', NULL, 1),
(201, 201, 201, 33, 1, '2019-02-12 13:40:00', NULL, 1),
(202, 202, 202, 33, 1, '2019-02-12 13:40:00', NULL, 1),
(203, 203, 203, 33, 1, '2019-02-12 13:40:00', NULL, 1),
(204, 204, 204, 33, 1, '2019-02-12 13:40:00', NULL, 1),
(205, 205, 205, 33, 1, '2019-02-12 13:40:00', NULL, 1),
(206, 206, 206, 33, 1, '2019-02-12 13:40:00', NULL, 1);

