--
-- Base de datos: `db_asgard`
--
USE `db_asgard`;

--
-- Volcado de datos para la tabla `usuario`
--

INSERT INTO `usuario` (`usu_id`, `per_id`, `usu_user`, `usu_sha`, `usu_password`, `usu_time_pass`, `usu_session`, `usu_last_login`, `usu_link_activo`, `usu_estado`, `usu_fecha_creacion`, `usu_fecha_modificacion`, `usu_estado_logico`) VALUES
(1, 1, 'dlopez@uteg.edu.ec', 'jkYnLjpgwzse50H4VbKE7zsbvTnC2uIb', '+Y97uXDhL0F9CQaHKKLcbjdmOGUyYTZkZWQxYWYyOGI0ZjhiNzViNDNkM2JkODlkMDMxZGMwYzg1MWM5NjhkMWIxMDI1YzlhY2M3YjUxZTSaXXoLsPecZttR73ENLIgbcsBkgGJ0huoMwIynpIoZv1mEbcqHxwiqBU8ryDMUPNGYoA/M0XhPLYH7dtlD6otV', NULL, NULL, NULL, NULL, '1', '2017-09-28 05:14:00', NULL, '1'),
(2, 2, 'jefedesarrollo@uteg.edu.ec', 'aP0XxgvEdoBZ8sr19fnN34L_PxTqu3wd', 'HiafLl62OR9qInOO705nwDI3NTczY2Q5MDViYjM5NWFlYTFlZGZkZTdlNTA2MThhMTUzNjc1MjhlYTlkZGZjMDBhMjA2ZTZhMDFmMThkZTcbj9uW0LIhjc0Z1IwPfDMMAfqHOfxNRiKCxVPFWrGNLxzaIPDXaUGGCQH8cyM00AFArFj4MpKR7+fCPiSxXVuF', NULL, NULL, NULL, NULL, '1', '2017-09-27 09:02:00', NULL, '1'),
(3, 3, 'analistadesarrollo01@uteg.edu.ec', 'aP0XxgvEdoBZ8sr19fnN34L_PxTqu3wd', 'HiafLl62OR9qInOO705nwDI3NTczY2Q5MDViYjM5NWFlYTFlZGZkZTdlNTA2MThhMTUzNjc1MjhlYTlkZGZjMDBhMjA2ZTZhMDFmMThkZTcbj9uW0LIhjc0Z1IwPfDMMAfqHOfxNRiKCxVPFWrGNLxzaIPDXaUGGCQH8cyM00AFArFj4MpKR7+fCPiSxXVuF', NULL, NULL, NULL, NULL, '1', '2017-09-27 09:02:00', NULL, '1'),
(4, 4, 'analistadesarrollo02@uteg.edu.ec', 'aP0XxgvEdoBZ8sr19fnN34L_PxTqu3wd', 'HiafLl62OR9qInOO705nwDI3NTczY2Q5MDViYjM5NWFlYTFlZGZkZTdlNTA2MThhMTUzNjc1MjhlYTlkZGZjMDBhMjA2ZTZhMDFmMThkZTcbj9uW0LIhjc0Z1IwPfDMMAfqHOfxNRiKCxVPFWrGNLxzaIPDXaUGGCQH8cyM00AFArFj4MpKR7+fCPiSxXVuF', NULL, NULL, NULL, NULL, '1', '2017-09-27 09:02:00', NULL, '1'),
(5, 5, 'analistadesarrollo03@uteg.edu.ec', 'aP0XxgvEdoBZ8sr19fnN34L_PxTqu3wd', 'HiafLl62OR9qInOO705nwDI3NTczY2Q5MDViYjM5NWFlYTFlZGZkZTdlNTA2MThhMTUzNjc1MjhlYTlkZGZjMDBhMjA2ZTZhMDFmMThkZTcbj9uW0LIhjc0Z1IwPfDMMAfqHOfxNRiKCxVPFWrGNLxzaIPDXaUGGCQH8cyM00AFArFj4MpKR7+fCPiSxXVuF', NULL, NULL, NULL, NULL, '1', '2017-09-27 09:02:00', NULL, '1'),
(6, 6, 'abejarano@uteg.edu.ec', 'hXiPmZ2Rw2ZZLMkhZ52MXAyU10jzzDJb', 'sn0ZtNfYI9LMSCKF+IUwDDMzZWJlMjhhMGVjMjQ1NzkwNTU0ZmRiNmEwNzM2YjdkMGYzOGU5MWIxYzk3ZGQxMWQwNDc5NjA3ZjdkZDJmYTH1kLkvd9zBO50mgAsIW9hyruABSo8PbR8kBfi5lYUy8TXHbV/N9qDTlta2ucFge0PxZfhUhvlYtY4Hs/qxKj8h', NULL, NULL, NULL, NULL, '1', '2017-10-25 02:53:00', NULL, '1'),
(7, 7, 'admisiones01@uteg.edu.ec', '60sU04pqQwiP0I5NLm0pbLFhU8x_eUJw', 'PMLFqAeA3TjsRNVHHkSrEzMwZDI4OTVlNjU1YzBjMTgxNzQ2NWM3YTQ3NTk1MjcwZWMzZjYxYThlMGFlZjgyZGQ3YzA5MjM1ZWFjMTY3MWXB0IJRlKOw/a2OCww0lEq+NsDMShqFj8ufvXsVXRlIqUwkv6yvkFcw0Y9+adGlvMMfTI/GXubd9+VqnfYSfdjl', NULL, NULL, NULL, NULL, '1', '2018-05-17 23:20:00', NULL, '1'),
(8, 8, 'admisiones02@uteg.edu.ec', '60sU04pqQwiP0I5NLm0pbLFhU8x_eUJw', 'PMLFqAeA3TjsRNVHHkSrEzMwZDI4OTVlNjU1YzBjMTgxNzQ2NWM3YTQ3NTk1MjcwZWMzZjYxYThlMGFlZjgyZGQ3YzA5MjM1ZWFjMTY3MWXB0IJRlKOw/a2OCww0lEq+NsDMShqFj8ufvXsVXRlIqUwkv6yvkFcw0Y9+adGlvMMfTI/GXubd9+VqnfYSfdjl', NULL, NULL, NULL, NULL, '1', '2018-05-17 23:25:00', NULL, '1'),
(9, 9, 'admisiones03@uteg.edu.ec', '60sU04pqQwiP0I5NLm0pbLFhU8x_eUJw', 'PMLFqAeA3TjsRNVHHkSrEzMwZDI4OTVlNjU1YzBjMTgxNzQ2NWM3YTQ3NTk1MjcwZWMzZjYxYThlMGFlZjgyZGQ3YzA5MjM1ZWFjMTY3MWXB0IJRlKOw/a2OCww0lEq+NsDMShqFj8ufvXsVXRlIqUwkv6yvkFcw0Y9+adGlvMMfTI/GXubd9+VqnfYSfdjl', NULL, NULL, NULL, NULL, '1', '2018-05-17 23:25:00', NULL, '1'),
(10, 10, 'admisiones04@uteg.edu.ec', '60sU04pqQwiP0I5NLm0pbLFhU8x_eUJw', 'PMLFqAeA3TjsRNVHHkSrEzMwZDI4OTVlNjU1YzBjMTgxNzQ2NWM3YTQ3NTk1MjcwZWMzZjYxYThlMGFlZjgyZGQ3YzA5MjM1ZWFjMTY3MWXB0IJRlKOw/a2OCww0lEq+NsDMShqFj8ufvXsVXRlIqUwkv6yvkFcw0Y9+adGlvMMfTI/GXubd9+VqnfYSfdjl', NULL, NULL, NULL, NULL, '1', '2018-05-17 23:25:00', NULL, '1'),
(11, 11, 'admisiones05@uteg.edu.ec', '60sU04pqQwiP0I5NLm0pbLFhU8x_eUJw', 'PMLFqAeA3TjsRNVHHkSrEzMwZDI4OTVlNjU1YzBjMTgxNzQ2NWM3YTQ3NTk1MjcwZWMzZjYxYThlMGFlZjgyZGQ3YzA5MjM1ZWFjMTY3MWXB0IJRlKOw/a2OCww0lEq+NsDMShqFj8ufvXsVXRlIqUwkv6yvkFcw0Y9+adGlvMMfTI/GXubd9+VqnfYSfdjl', NULL, NULL, NULL, NULL, '1', '2018-05-17 23:25:00', NULL, '1'),
(12, 12, 'admisiones06@uteg.edu.ec', '60sU04pqQwiP0I5NLm0pbLFhU8x_eUJw', 'PMLFqAeA3TjsRNVHHkSrEzMwZDI4OTVlNjU1YzBjMTgxNzQ2NWM3YTQ3NTk1MjcwZWMzZjYxYThlMGFlZjgyZGQ3YzA5MjM1ZWFjMTY3MWXB0IJRlKOw/a2OCww0lEq+NsDMShqFj8ufvXsVXRlIqUwkv6yvkFcw0Y9+adGlvMMfTI/GXubd9+VqnfYSfdjl', NULL, NULL, NULL, NULL, '1', '2018-05-17 23:25:00', NULL, '1'),
(13, 13, 'ventasposgrado01@uteg.edu.ec', '60sU04pqQwiP0I5NLm0pbLFhU8x_eUJw', 'PMLFqAeA3TjsRNVHHkSrEzMwZDI4OTVlNjU1YzBjMTgxNzQ2NWM3YTQ3NTk1MjcwZWMzZjYxYThlMGFlZjgyZGQ3YzA5MjM1ZWFjMTY3MWXB0IJRlKOw/a2OCww0lEq+NsDMShqFj8ufvXsVXRlIqUwkv6yvkFcw0Y9+adGlvMMfTI/GXubd9+VqnfYSfdjl', NULL, NULL, NULL, NULL, '1', '2018-05-17 23:25:00', NULL, '1'),
(14, 14, 'ventasposgrado02@uteg.edu.ec', '60sU04pqQwiP0I5NLm0pbLFhU8x_eUJw', 'PMLFqAeA3TjsRNVHHkSrEzMwZDI4OTVlNjU1YzBjMTgxNzQ2NWM3YTQ3NTk1MjcwZWMzZjYxYThlMGFlZjgyZGQ3YzA5MjM1ZWFjMTY3MWXB0IJRlKOw/a2OCww0lEq+NsDMShqFj8ufvXsVXRlIqUwkv6yvkFcw0Y9+adGlvMMfTI/GXubd9+VqnfYSfdjl', NULL, NULL, NULL, NULL, '1', '2018-05-17 23:25:00', NULL, '1'),
(15, 15, 'ventasposgrado03@uteg.edu.ec', '60sU04pqQwiP0I5NLm0pbLFhU8x_eUJw', 'PMLFqAeA3TjsRNVHHkSrEzMwZDI4OTVlNjU1YzBjMTgxNzQ2NWM3YTQ3NTk1MjcwZWMzZjYxYThlMGFlZjgyZGQ3YzA5MjM1ZWFjMTY3MWXB0IJRlKOw/a2OCww0lEq+NsDMShqFj8ufvXsVXRlIqUwkv6yvkFcw0Y9+adGlvMMfTI/GXubd9+VqnfYSfdjl', NULL, NULL, NULL, NULL, '1', '2018-05-17 23:25:00', NULL, '1'),
(16, 16, 'lidercontactcenter@uteg.edu.ec', '60sU04pqQwiP0I5NLm0pbLFhU8x_eUJw', 'PMLFqAeA3TjsRNVHHkSrEzMwZDI4OTVlNjU1YzBjMTgxNzQ2NWM3YTQ3NTk1MjcwZWMzZjYxYThlMGFlZjgyZGQ3YzA5MjM1ZWFjMTY3MWXB0IJRlKOw/a2OCww0lEq+NsDMShqFj8ufvXsVXRlIqUwkv6yvkFcw0Y9+adGlvMMfTI/GXubd9+VqnfYSfdjl', NULL, NULL, NULL, NULL, '1', '2018-08-01 12:15:00', NULL, '1'),
(17, 17, 'contactcenter01@uteg.edu.ec', '60sU04pqQwiP0I5NLm0pbLFhU8x_eUJw', 'PMLFqAeA3TjsRNVHHkSrEzMwZDI4OTVlNjU1YzBjMTgxNzQ2NWM3YTQ3NTk1MjcwZWMzZjYxYThlMGFlZjgyZGQ3YzA5MjM1ZWFjMTY3MWXB0IJRlKOw/a2OCww0lEq+NsDMShqFj8ufvXsVXRlIqUwkv6yvkFcw0Y9+adGlvMMfTI/GXubd9+VqnfYSfdjl', NULL, NULL, NULL, NULL, '1', '2018-08-01 12:15:00', NULL, '1'),
(18, 18, 'contactcenter02@uteg.edu.ec', '60sU04pqQwiP0I5NLm0pbLFhU8x_eUJw', 'PMLFqAeA3TjsRNVHHkSrEzMwZDI4OTVlNjU1YzBjMTgxNzQ2NWM3YTQ3NTk1MjcwZWMzZjYxYThlMGFlZjgyZGQ3YzA5MjM1ZWFjMTY3MWXB0IJRlKOw/a2OCww0lEq+NsDMShqFj8ufvXsVXRlIqUwkv6yvkFcw0Y9+adGlvMMfTI/GXubd9+VqnfYSfdjl', NULL, NULL, NULL, NULL, '1', '2018-08-01 12:15:00', NULL, '1'),
(19, 19, 'contactcenter03@uteg.edu.ec', '60sU04pqQwiP0I5NLm0pbLFhU8x_eUJw', 'PMLFqAeA3TjsRNVHHkSrEzMwZDI4OTVlNjU1YzBjMTgxNzQ2NWM3YTQ3NTk1MjcwZWMzZjYxYThlMGFlZjgyZGQ3YzA5MjM1ZWFjMTY3MWXB0IJRlKOw/a2OCww0lEq+NsDMShqFj8ufvXsVXRlIqUwkv6yvkFcw0Y9+adGlvMMfTI/GXubd9+VqnfYSfdjl', NULL, NULL, NULL, NULL, '1', '2018-08-01 12:15:00', NULL, '1'),
(20, 20, 'contactcenter04@uteg.edu.ec', '60sU04pqQwiP0I5NLm0pbLFhU8x_eUJw', 'PMLFqAeA3TjsRNVHHkSrEzMwZDI4OTVlNjU1YzBjMTgxNzQ2NWM3YTQ3NTk1MjcwZWMzZjYxYThlMGFlZjgyZGQ3YzA5MjM1ZWFjMTY3MWXB0IJRlKOw/a2OCww0lEq+NsDMShqFj8ufvXsVXRlIqUwkv6yvkFcw0Y9+adGlvMMfTI/GXubd9+VqnfYSfdjl', NULL, NULL, NULL, NULL, '1', '2018-08-01 12:15:00', NULL, '1'),
(21, 21, 'supervisorcolecturia@uteg.edu.ec', 'rpvwbGDLI7ilrqY_FwySkKJ4jTnDh3Wb', 'at0l/8F1Iql4VdQzARfFZzkxYzE4ODM3OWNmNTVkN2U5OThhODE4YjZjZjZmNDM4MjU0ZWVjYzE5NDFlZWUwOTg5YjU2MjdkNmNjMjczMjnTjulnuDx09CqSNXcAf3Ch6rKAlCnMls6WeVJdq5heXynGF5kJKIUGZrFLnMMGM18ujL4bkh3tGMd1zWbPbsSu', NULL, NULL, NULL, NULL, '1', '2018-01-30 20:13:00', NULL, '1'),
(22, 22, 'colecturia@uteg.edu.ec', '5ZSDLiC_OFlbibkEQ7ILDbUULNJjYpOX', 'EN/O1jrjQgSHZE6w+bd/nzI0MzJiYzFmZmMzNWMyNzRlMzIyZjdlZjdiMWJhYjJkNzkwMDYzNTAwZmFkMzljY2JiZGFmNWQ5MDI5MWI3Nzc1IMolYpiaYr9M2WC5m5c0JWGU5kQqWtB2gqoQ7gaGsJqiyn7F6x3hpOz5AUU0QrLmerh67ejvhUAAow9Pjefb', NULL, NULL, NULL, NULL, '1', '2018-01-30 20:19:00', NULL, '1'),
(23, 23, 'aalcivar@uteg.edu.ec', 'DI8IHwXsfNeFrNwdwI_cSwb_Gu7MmFf4', 'uGiTkVrUkRBXTiO2ktA4WTcwMTI1OWI0MTM4YzYwYjBlNDAyODVmMDA2NmZhZjc0MWNmMmZjNGI2OTdjNzEwYWE2M2RjYmI3ZWYxYzQ1MTSui71RbleQi0pTbykQBgrrfDnwAgJkDbij0mICOqkZK1UGn9stLQKZt4TYXU/lQKW9PVWZ9DfiW5KOPHR67Zov', NULL, NULL, NULL, NULL, '1', '2018-07-22 19:44:00', NULL, '1'),
(24, 24, 'xmosquera@uteg.edu.ec', '60sU04pqQwiP0I5NLm0pbLFhU8x_eUJw', 'PMLFqAeA3TjsRNVHHkSrEzMwZDI4OTVlNjU1YzBjMTgxNzQ2NWM3YTQ3NTk1MjcwZWMzZjYxYThlMGFlZjgyZGQ3YzA5MjM1ZWFjMTY3MWXB0IJRlKOw/a2OCww0lEq+NsDMShqFj8ufvXsVXRlIqUwkv6yvkFcw0Y9+adGlvMMfTI/GXubd9+VqnfYSfdjl', NULL, NULL, NULL, NULL, '1', '2018-08-01 23:59:00', NULL, '1'),
(25, 25, 'decanasemipresencial@uteg.edu.ec', '60sU04pqQwiP0I5NLm0pbLFhU8x_eUJw', 'PMLFqAeA3TjsRNVHHkSrEzMwZDI4OTVlNjU1YzBjMTgxNzQ2NWM3YTQ3NTk1MjcwZWMzZjYxYThlMGFlZjgyZGQ3YzA5MjM1ZWFjMTY3MWXB0IJRlKOw/a2OCww0lEq+NsDMShqFj8ufvXsVXRlIqUwkv6yvkFcw0Y9+adGlvMMfTI/GXubd9+VqnfYSfdjl', NULL, NULL, NULL, NULL, '1', '2018-08-02 15:46:00', NULL, '1'),
(26, 26, 'decanoposgrado@uteg.edu.ec', '60sU04pqQwiP0I5NLm0pbLFhU8x_eUJw', 'PMLFqAeA3TjsRNVHHkSrEzMwZDI4OTVlNjU1YzBjMTgxNzQ2NWM3YTQ3NTk1MjcwZWMzZjYxYThlMGFlZjgyZGQ3YzA5MjM1ZWFjMTY3MWXB0IJRlKOw/a2OCww0lEq+NsDMShqFj8ufvXsVXRlIqUwkv6yvkFcw0Y9+adGlvMMfTI/GXubd9+VqnfYSfdjl', NULL, NULL, NULL, NULL, '1', '2018-08-02 15:46:00', NULL, '1'),
(27, 27, 'secretariaonline@uteg.edu.ec', 'Zso9HhfUjWAo4oTOqx3dx6bJkab3yOhp', 'VXu9Ab+jhCp7EQLtSjtnPTcwZGM5MjVmODc5MmFlN2I3ZmQ3Nzk3NGNjOWMyZGVjN2NjYWM5OWM3OGZjMzIxNmFlYmVlY2QxMGVjNWNhOWIL04zbRKowoUHAejOfzVcXsbXouO37UTxuNnOeKuWgT+W3IvNSYiGC/l1ej3FB7z/DUzjQXD6p9VR7viiYqYX+', NULL, NULL, NULL, NULL, '1', '2018-03-13 19:24:00', NULL, '1'),
(28, 28, 'ahernandez@uteg.edu.ec', '60sU04pqQwiP0I5NLm0pbLFhU8x_eUJw', 'PMLFqAeA3TjsRNVHHkSrEzMwZDI4OTVlNjU1YzBjMTgxNzQ2NWM3YTQ3NTk1MjcwZWMzZjYxYThlMGFlZjgyZGQ3YzA5MjM1ZWFjMTY3MWXB0IJRlKOw/a2OCww0lEq+NsDMShqFj8ufvXsVXRlIqUwkv6yvkFcw0Y9+adGlvMMfTI/GXubd9+VqnfYSfdjl', NULL, NULL, NULL, NULL, '1', '2018-04-05 23:57:00', NULL, '1'),
(29, 29, 'administradorplataforma@uteg.edu.ec', '60sU04pqQwiP0I5NLm0pbLFhU8x_eUJw', 'PMLFqAeA3TjsRNVHHkSrEzMwZDI4OTVlNjU1YzBjMTgxNzQ2NWM3YTQ3NTk1MjcwZWMzZjYxYThlMGFlZjgyZGQ3YzA5MjM1ZWFjMTY3MWXB0IJRlKOw/a2OCww0lEq+NsDMShqFj8ufvXsVXRlIqUwkv6yvkFcw0Y9+adGlvMMfTI/GXubd9+VqnfYSfdjl', NULL, NULL, NULL, NULL, '1', '2018-04-13 04:06:00', NULL, '1'),





(30, 30, 'jperdomo1973@hotmail.com', 'JedLwGzMjlfn9yc3NAc6rX1rDyvLYCD8', 'LRH0azcb3M5qp4MvQe+gqzM5MWRlMjE4ZjRjNGQxYWYyODMwNzMxNTdhNmNlNTZjZGYwYWE0YTFjMjNlNTQ1NDI3YWE5ZjNjZmU1MzQ1ZDF6uiE3gFPIvlny2Bkv/aiCJMXTBiVhYK+pwS2qeMzrXkvHvLnDMvJWsIuURVmweBjbAklH2QNQJMntY/8k5gPl', NULL, NULL, NULL, NULL, '1', '2017-10-01 07:59:00', NULL, '1'),
(31, 31, 'alerova272@gmail.com', 'B2-uae3UPpKMkpAhFwTaGrX2T7LKtjjq', '4rT5e2PXvde3wh6WrysE+TJhMDMwNWI1YmNlMDU2N2VmM2JiYTU2ZDU5NTIwM2Y0MGQ2OTI0N2Y5NmQ1MTBiYmU4MGIyYzkzOWI2ODIzY2NLaRdwdHhN4wsnjGJBfa4huKR6t/88VjHUCK3I1WtatD8VGOoam36ylNK/efm1sWVI3vTGFeZjA+YcvYoQn+Q8', NULL, NULL, NULL, NULL, '1', '2017-10-03 12:38:00', NULL, '1'),
(32, 32, 'jsemblantes96@gmail.com', '5Xiqgcuk5QLqUC1dkzrcXtOojh1Bcsg3', '/rPdCpPvV2pWEZaTnxD/4zYzNTgzODVhMWNiZGNjYWU4NzQxYjVjMTRiMDNhZjJkNGE0Y2U3Y2ZiNDk0OTc1ZjQ0MzhlM2NkZGE4YWVjYTfdIvQX9DJSchT7vceTDzK+05+Dnma3Ls+cptxxht2+/uzD60/C9T7mqMX5nSW3eGoRi6GXVZ4OHfwlKV2QsqlT', NULL, NULL, NULL, NULL, '1', '2017-11-29 22:07:00', NULL, '1'),
(33, 33, 'bvpr1995@gmail.com', 'ZTlU-BRv-6WZP5CMJ76NwA1L_fHjmIuU', 'PWB+tPsK+KS1/BNvmE8H2jQ4NTNkZjdjODI2OTZmMjE1ZGQ3NWQwZDYxODc4YTg1Yzk5ZTk4ODAyNWQzMGJhZmNiMDNiNGU4NDRhNTg4OGIMoxv056j/wbNVZt00ALYGFR+/5STcCzmdpccMwkRyb14aoz7iB4Zn9G0YBPHEUZY5z2A//bvM/pnRh+rhuncK', NULL, NULL, NULL, NULL, '1', '2017-10-13 15:04:00', NULL, '1'),
(34, 34, 'marc18f@gmail.com', 'VHeV06MBRosYRgVnptpg2eLlaJ-jCgJA', '6qN34f0OxkDnJibAfLV9oGZkNTgwMjYxYTRmNWVjYTVmNjIwMDI4NWM3MmU4ZjEwNjgxMDVlM2Y5NzI2MmY5ZTc1NGFkY2Y5YmRiN2Y0NGFMTJq8WuUDu0QmG5y2UinmS85GI18j32lwHTy7/FzRShVPBCNSIPQQECUExbam7EIMxKbCAInPPssNk47LOEUK', NULL, NULL, NULL, NULL, '1', '2017-10-14 06:35:00', NULL, '1'),
(35, 35, 'lanza-00z@hotmail.com', 'mwny8IIF0cKvPHAUbNKvmCov0CExKKWZ', 'qdiYU1nCvGlRMhI0kkILLjMxOGJhNjc3MGI3ZGQwNmE3NzExMzk4MjlhZjY3MWJiNTkxNmExYzc3NDAxNzg1Zjg0YTA2NDRlMmQ5YjZhNzDF7EjbhrqthEcqr1t8u+0aWsWan8otFvX3rXaCB0hIsqssZn7AGuPEwL+HuU/4k813ItBhnIGR/vunJ96QvzX5', NULL, NULL, NULL, NULL, '1', '2017-10-15 01:44:00', NULL, '1'),
(36, 36, 'nelpaman1@hotmail.com', 'd0cYY3XIvqNvNJX7UYbnuAGsHhShGrcs', 'MlYiBmObaNRC4rGnRpZXeDAwNDhlMjRhMzM3MTdlNjNmNzVjNWI1YjIyMmFiYjI5OTkyMjg3ODFiMzlkMzYyZWU5NTY4MjZlMDI3ZjFjZjFwHm5pNp1WKhXxcXKJPj6+fS5IkdQV8o7BlJ41D2d5kzkQSE8ag4sqi73bIsgPeexXuSc4IGJMgzxIRa6RxoVR', NULL, NULL, NULL, NULL, '1', '2017-10-17 05:28:00', NULL, '1'),
(37, 37, 'saryn_1994@hotmail.com', 'pEVcpVqacS0S5xKwmi-Lua1pGkdy7Kzn', '485Ji5g0zFbdg23s90XVaTQ0MjZiOGEyZmUzNjAwNzA4YjhiZWFkY2RmNDhiZjZlYTA1MTRlYWMzZWY0NTBkYWYxN2IyMWEzNTA5NDA4N2X1nsCMgYgNE2VX9oY/xlxyyWV6B496vsD7vAEbIahsdXH3SaXgu2ASn6mYMWcNBMVuXxAOwOnxLUfC37KhqP4l', NULL, NULL, NULL, NULL, '1', '2017-10-18 00:57:00', NULL, '1'),
(38, 38, 'idis_flaquita15@hotmail.com', '9kVAIRD4cw8ZdYkY8W30Jxw_PiJEJOgL', 'w8UyX6LEIsEXR1BO+S/UAjBiYTIxNzFlNDZhMjI0MzM0ODE3MmU4OGY4NWZmMzY3M2IzZTA3MjhiM2FmMWU5MWNkMTZmMTdmMWIzMWQwZTiC0U90ULhKeraoqkwT7Ycr3Zb0ycHunMSE7F9phyxc+huxGc2aqhHQbvDfAseY1j4/GaFRGh29Lv4maQRXFSKJ', NULL, NULL, NULL, NULL, '1', '2017-10-18 01:07:00', NULL, '1'),
(39, 39, 'princecinthya@hotmail.com', '5ELaGE4n5kVUz3o6lrtWDeGjve4I611i', 'Mn+SIJNsew3T9WGJbLg+CjVlNDNlOGUyMjE3Mzc3MTQ5ZjU3OWQ0MzkxOGE2NjRiYTZkMThiMzlhMTFhZmRkNzIzMTI3MGJjZTFmZmRiNTJEuS8i9BBl2FfPUxSBRF2g1wq2Fk4OnPak3XsBvAz12ubf2ShHCsjRCgxJyuSfVKLokXbksrigi2uoIamf4Mge', NULL, NULL, NULL, NULL, '1', '2017-10-23 21:02:00', NULL, '1'),
(40, 40, 'transeleksa@hotmail.com', '4tpx30MAlVjz1RFYI_TsADegrrpcVOkD', 'uWdqUJ66J/nQRlS40Wze/GQ4ZmNlYTM5ZDNlODY0YjQxMjQ5NjQ4YTlmYWJiMmNhNzA3N2FjMTNmYTNmMzM1ODMyYjYyZWQ2OTk2N2Q0MmV+JiVkWvPb7ZPc6X70JH7pze4y6qFwBSHw9nPZ/v7YCHf9WDoJy74KG//5+luoDsG4aVRcgKDQcQFQ5SL7Ml11', NULL, NULL, NULL, NULL, '1', '2017-10-24 10:47:00', NULL, '1'),
(41, 41, 'ximenaelivasquez@gmail.com', 'AnUoPduUPbYrNiCVO_QJv-UyjZJEZA2L', 'r31Wpd6xHZIH6ZtSB5HLWGRlYmQ4MjQyMmE5YmVhNGIwNTdmMGU2MWIyZTFlMjdjYzY5NzAyMzQzYWU0N2M3NWExYzlmNTdjNmVlNDY5NGMV8sE5/OZxG6rBm+8G0PBt0iuGhWBUxEBQWDIJDAjurzMwYSHD6+uE6mQEtcD7AYOsu04pZnn+JlMCkAALU6f7', NULL, NULL, NULL, NULL, '1', '2017-11-10 21:31:00', NULL, '1'),
(42, 42, 'aguilerajohanna@hotmail.es', 'rmyVxO3vGIN8FA8bny4YwFzCZ__DO-rG', '7JNEsG1JW2MksYwkF3qA0GFkYTlkZjcxNjgwOTI0MjIzNWYyY2EwYTEzODM3MzZkMzYxZmY4MjU4NTg4NzNhM2ExYWU2NTczMjJkNGRiMjj1YMUlJJieRR9g9+4pdXFemKHs2GvSDrHZSe01sYVExHPyeteyUOyyBh+rYnY1dcHEF1ILf8WAP9sPmfwoDBwY', NULL, NULL, NULL, NULL, '1', '2017-11-08 23:42:00', NULL, '1'),
(43, 43, 'rtorres-2401@hotmail.com', '8Zgc_0Gw_jj0pd76HpQc7qUR_4OEwBka', 'kOZLIoQ2PV7hXIFov/5RzzAzYWUwZjA4MTcwMWIxNWEzZTQ0YzA3ZWEyYWM3MDI1YmQ1NTBjODU3OTRkMmFhMjMyOTNhNjM0NDY0MzEzNjnKukRj+jlnpe/OpZM/kyQ5i00HV7AZZYfpVGpRnb6P2UtlEgwFJvS/bu6vVZ8HvgiAAfH3hMxVT+m3aOhG8DZ9', NULL, NULL, NULL, NULL, '1', '2018-05-11 02:54:00', NULL, '1'),
(44, 44, 'isabelita2192@hotmail.com', 'd2IUtRA4YDlq-Deo4oAm4dL2QswIiXuS', 'VmpgDRaLwESARyK617XN+zhlNTY3ZTQ3NGM2MmYzOGMyMDYwMzFmOTQ0MjAwMWExMGQ0NzIwZDViZWI1YTFkZmM3MmU4MmMyODdhYWIzMjW3mSjTk1C0P8G6pf0B8coMW0wfaH5F7CFBYec7sJ/4VW4p+YW+dP6oPnAmMujSnbjqmIDVGY/VrQjtRqjWOS7/', NULL, NULL, NULL, NULL, '1', '2017-11-26 06:15:00', NULL, '1'),
(45, 45, 'ivan.buri@republicneg.com', 'wfB-27OPaCQOzBcvJZM1VI12iYRS_jDg', 'lbYfNlDpDc6mYlUrqmNkbTgyODczN2Y3NzE3ZjM1ZDM3Y2Y0NzJjODMyNTViMDE0YTFmZWI0NmJjOTFlZjU3MDc2ZWEzZTRhYTViOWZjN2arpZ1AKYyXl4SZK2Xp8sxi3hh9sENRnq8t+EpLjdODxPp7KR67BLqlGrO65uz1gWYxOBKlfH4SBoUeyBvk3Sqg', NULL, NULL, NULL, NULL, '1', '2017-10-26 21:02:00', NULL, '1'),
(46, 46, 'maose2392@gmail.com', 'EEJdqnWbg6UGZfAXwdZzgGZl37ozcEpn', 'HAN9TNQExCr2UsoyHUOSWmQ4MjZiMDMzZjQzZTMxNzIwNzk3M2Y4NWYzMzkyOGY0NTFkNDczMDUxNjhjMTEwZThkY2ViYmE5OWI5NzMxZjPfoO3pNQUAOwbRyBViZQL40WPHqZdCUiXucUsgBs0zVA8E6TiQTk9rK9QbFyUUif7YxqzK1tXsOwrETmxBZVto', NULL, NULL, NULL, NULL, '1', '2017-11-08 03:16:00', NULL, '1'),
(47, 47, 'anaormaza97@hotmail.com', '8_3zjkFxQJBghv9y7ALcRg6BhIVF7sco', 'rQg0rK5NpAVmIuxKSnoKQmZlZjNjMzljNTYxNDY3NDYxOGRhNzkzNTVmY2NhNGE0ZTE5ODJiYWEwMDBhMmIyNTIzNjFiMmJkMzUzZTU5NDO4f5l0NsWh3GTyRJj0DGDHSBRZgRT6sHRD+RrqD3rXuoTVl8/3UlqKIU89HfMmyrvgGhcsBj+bjWmK/n0XVpUX', NULL, NULL, NULL, NULL, '1', '2017-11-07 07:03:00', NULL, '1'),
(48, 48, 'simbanatoalaj@gmail.com', '6P6c3jG4vRWdYZBc9wk5KwkGONe90i3v', 'k8xPxBA83PC+Jh2UqkyFSmI1MWIzZjZmMmVkMWY0MjhhOGQ2ZDViMzMwOTRjMDA0OGI3NmZhMWZiODk2ZDBkNjY0OGZjODRhNzUyYWVjNjI9ZDHiEJwBtL0UNEoroUxGrPmWnaNBDoSORgWfP+rtur5N29KCjW0jF4cHbCFFpw5gYYcqYfpK2utCCgk0q4hS', NULL, NULL, NULL, NULL, '1', '2017-11-29 01:02:00', NULL, '1'),
(49, 49, 'veronicaarrobo@hotmail.es', 'ebuHmOlk-zcPfWWrH_6njO3ZtvPoUtc1', 'JMpeSSh+P+ca2JOVGjmEs2I0MGRkODUzMzYwMTFjNWVkMTMwMzkzNDZmZGY5MDMyYWQyMmE5YjhjM2Y4NDMwMWJkZTNmZjNjNDY5OWVhMDV0I0CEeK7FwCbFj0jsXuUWY8ksuX1ecPijsFnU1dqxZ6/teVdfG1tPPidIBky1DdpdoZ6HkNnzjs7Gy3lu+xYm', NULL, NULL, NULL, NULL, '1', '2017-11-08 10:59:00', NULL, '1'),
(50, 50, 'necpasnelson@gmail.com', 'vmTG6iCL3iSaeRp20lGZmGChRzaw7-XT', 'Jtyu0UQDvHE0Dsm9V9eXnmMxOTEyNWE0NWE5YjQwZTk4NTJiOGIwODg1Y2Q5Y2M2MTc0YzM3MWNjZmE1MDM2MDY4MDllNWU5NTU1ZmExMjF9rVJ2864x8ZeRKdcFCf8TC41i9ZbOUdxfyV+VGmVjMJY3Zvz582Z/Hz3ilYP/CeRKlwR0XL9g4vGRy+LyamNx', NULL, NULL, NULL, NULL, '1', '2017-11-11 07:05:00', NULL, '1'),
(51, 51, 'josue_tobar@hotmail.com', 'dU_oH5mlAkTQxO2tO_X9c_b4XOav0d6r', 'dXv8YI3/3Jo1Y3wpWV+EazViNDViODFjNmEyZGIzZmU4OWM0Y2MxODhlODc0YjEyZDc1YTVlMDJlNDQ1MmE0NDA3YTk1MDMzOTA4ZjZiYWbHHqva7C8H47c61cyN3X3kDBRgMpqZbNlRoyb68Ov7Fo0lf76AdFLuN5xtqpAzNcYeG4L4T0Kmf5JfXdt6V4U0', NULL, NULL, NULL, NULL, '1', '2017-11-12 19:06:00', NULL, '1'),
(52, 52, 'pablocastro81@live.com', 'P-uskOhV2gF0iMOkhckxFv2RcaugYmDS', 'NKgq4I8AcnpqAtdgSseL+TRlNzE5NjQ5Nzk2NDY0NTFiMTJlNzA0NGNkMjM0MWVlYjdjZWUxMGEzNDEyN2Q1MWIxNTJhZjQ3MGJmZWU3YzjnhfXJugXpLovQzCHabZInOHBEBw7KNHVOrGGHSYPjgQFLtCnCZaYfxgTNFuh7mEVDPiUgTOannvzw2MnQ4rvH', NULL, NULL, NULL, NULL, '1', '2017-11-13 21:00:00', NULL, '1'),
(53, 53, 'cmt.marcello@hotmail.com', '2S7xNOzamsQbDo2Fxam92Rb5pmI4WrA4', 'BlTNNkZQjvXlpUNPRqFbUjk3ZmM3MzY3MGVjOGM4Yzc5MGVhN2U5NTI5NGM3NWZmNWQwNjhjZDIyNTRkOTVlYjNmNjdlYWE3NzIwMTExYmPNqPn53iAtWUJ0LCYx/62l7dgxqqRLr7h57zZPgiW7CBewIJFOnxqLRUtYlnIW8vbQRpMMhxBfX6Cn93itlFAe', NULL, NULL, NULL, NULL, '1', '2017-11-18 03:58:00', NULL, '1'),
(54, 54, 'gardebal@hotmail.com', 'DgwEMpHDesIk6GV3-HYehdyisiSEe5lG', 'ugtKXzSCr1hBjwsQMVR0J2NiNGVlNzZmYzFkZjMwMmU5N2FlZDQ0NzM3MDdhODBkZGE3OWIzNzJlOTBmODNmMWNmNzdkOTMzZGI5MGNhZWJ71cIoIJfo/jEUKPfXLEeJqkn0LJgGbstI/0eHaaT2tURXAvhY75YK0n7j1/jk7m1ovG/3HwsHn1hKMvnVHJIw', NULL, NULL, NULL, NULL, '1', '2017-11-19 19:59:00', NULL, '1'),
(55, 55, 'ricarlovi@hotmail.com', '8YoLbBjfhoXGoG_8jPQJTefj2blV36xp', 'h10KeDNWE4ei3JxAC2wfCzg0MzBmZWU4MDYwM2EwNzAxODU1ZmI3NzRjMTU1MjBiNTc5YzIwNDRlOTczMjU0NjQwZTdjOTA5MDRiOGVhOTDzz4h+292O7r4+QQmsScDcMOqr3Z5Vs4KleLvidk9ahA5s0amjEv8IbtiO0Oy96PoXlMy38dLPgg/vu51BuCs8', NULL, NULL, NULL, NULL, '1', '2017-12-04 19:20:00', NULL, '1'),
(56, 56, 'vero_noemi@outlook.com', 'EllFetVYLjjyqc7akw-KoQSfpdg9mh3T', 'h92wY3dAd3YmT8EyqtcFzmJmODI1ZGE3ZmYyNGRmOTRmNzIwNmI0YTI4M2M0OGNhMmJjNTM3NDNiNTE2M2M3YTYwNGJlZmU4YWYzYWQwYzmgbnU6Uwuv/JKtbQT7dLegW8K2MXTREBL3YrysTvqhN9E/JNKsDOfc+L+WDWLVjeuJ5g3iI/Lwv7M0wWuCwUV1', NULL, NULL, NULL, NULL, '1', '2017-11-29 04:53:00', NULL, '1'),
(57, 57, 'oskarmora79@gmail.com', 'toD60w4NCCeX72Jt0hsXFBXBLWIgYqTP', '1ZB9FQx17rAkxLxH42OzWzM3NjNhOGIxNjNiMDg2ZTMyMWU0ZmZjMTRlYmJjMDIwZDBjMDMzNjQ2NTYxNGMwMzg0MjkzOWYwNmNjYWU4ZGY1hKdvSb3C7vI8IAt8RSw5KcoZj1T7B6GEwx2g0ezpcy1KWMRTKHLK4w0ZT6e+HU9jAJqwJl77x9GgQ+UA8nDr', NULL, NULL, NULL, NULL, '1', '2017-11-24 01:44:00', NULL, '1'),
(58, 58, 'david1929@hotmail.com', 'AALLZI4cC4GNn0Yd7jNwpvBuKzX4gzpg', '#¿NOMBRE?', NULL, NULL, NULL, NULL, '1', '2018-01-04 05:29:00', NULL, '1'),
(59, 59, 'miljara0503@gmail.com', 'jaXWX71CHSpmwJAFXccZw3Ilq2fjO9PW', 'UI8mUipkgUKP4R8POQhewGU4OGY1YWQ0OGJjNjJjNzVlYjIwMDgxMzE5NzgzZTk0N2Y0ZWNjYTAyYmViMWU2ZWJkZjE5YWE2YjQ0ZWZhNGHcALwhHaip+HkN03Aqy/dEwYbfWFBQn3Zmc4oFfVGj+4DJU1qxyCsyOTjN01eKlzTuvUYhvHndGimiSEdX1K05', NULL, NULL, NULL, NULL, '1', '2018-07-20 02:20:00', NULL, '1'),
(60, 60, 'gaby.1302@live.com', 'um4VlVsctnKu_8c_8XtUcew1dTy0z0fw', 'd+ZBAzgv9byjWYsfF232Vjc1ZjExZWE2M2E0MzNhM2U5YjFkYzY1YWNiMTExOTMwOGJhZDY3ODY5MWRlYTg3YWRhMDAyNjU2ZDM0OTRjMzSUdOYn4KA4sEFxjzuehH5+eZpQ+YYKzgE8sOAFgzBrSm5IJ5M37WOCq8DbWOdsMMck/uM2WC+CnfuTVmiVjjGP', NULL, NULL, NULL, NULL, '1', '2018-01-05 22:52:00', NULL, '1'),
(61, 61, 'www.agapito@hotmail.com', 'DTNdRlAljQ1QIviKel5PNT295rODZxBR', 'bGk7fkuaFCHuyfyHYnRx1zQ5YTUzNmE2ZThkZGYxMjhjMmFjZDdhZTQ0ZDkxM2UwMmRmZGE0NDNmNDg0MTkwYTkyNzc2MzM0ZjA4MDNkYzjGJn2XkgQpLE+xArqmAycbSSgmd65X8F7z8DpaW9/fbPkjNgD2MHzok5IeegYkuO7C4JlLK15RoV4Jk627wR8N', NULL, NULL, NULL, NULL, '1', '2018-01-08 10:22:00', NULL, '1'),
(62, 62, 'luisiana-ajpc@hotmail.com', 'Gre0Qt-NfH2E3RqLyRUc4vHSoJnR3W3R', '6IxbO9i8N9ay9ljBr83dJjYwZTdiZWRiN2EzZWUwODVmOWViZmIzNGExYjJkZDY2MDNiZThjN2NlMDY2M2VmOTRjZjRkMTYyYjRiZTEzZDF5D8Vret/ZacLsT9w0+AmHX7TVljfZYKWLVws6PvdSsWYzcWoX1tpXe78r+jFCsYbZPnnNC92PXba5RNPrS8KM', NULL, NULL, NULL, NULL, '1', '2018-01-11 07:00:00', NULL, '1'),
(63, 63, 'renatta.andreafr@gmail.com', 'sgaKvZIX4-_-sl2Z0g9vl2vwomPSRwgC', 'CMVhwaAVa1kcwV1Cupd25WE2ZjNlNmEyMDdjMjU1OTBhMThmYWU1ZDI2ODJlNDIzNDc3ODdjZGY0Y2UyNWQ2MDUyOWNjY2EzNTlkZTVhYTNMiOKRUrVoY+x82YRu3lzIRXHblf+Smepez/EtwApyspNFFfbbUCWNsB7Iu1dKY5YJEUqqEB7pr+mhAjcpWSne', NULL, NULL, NULL, NULL, '1', '2018-01-12 19:47:00', NULL, '1'),
(64, 64, 'pamela.ordonez.carvajal@gmail.com', '0h_EVAtkVgOe0vhaXtdpOWtvBzWyiGC_', 'yifT0qjJLBfNpLFvR5hsuDM5MjU3ZGM4NDRmNTFiNDkzMjY5ZjcwMWU1ZDM0NWNlMTdhMDM1ZmM4YTQwZjVkZTRjNDAxOGNmNmY3MjUxZWTYJbEmAS4tkiQkNVoUGutBrLTgig1DH6jGmtCEViAkrqXAQUBpjanf7wvKeUoWxa0Yi/ljoI6fzDNWqqyy+F0X', NULL, NULL, NULL, NULL, '1', '2018-01-20 00:22:00', NULL, '1'),
(65, 65, 'idotatrinidad@hotmail.com', '5-dDE2O5mVFov9vO1sTzpHqZRDfBjwAP', 'gNPDYkD7xZkVhCvZC9LWPTAxNDcyYTllNmU0NjkwNzc1MzM3NDk3NzU0YzQyMWRkYTc3M2NmZGY3ZjI0MDJkZTE1MjBlZTI3NTI2YmMzMTW1wJeaoOjOU99GX6expddIJZV+AcqJY2oqU8JhXv4eAbNFEoYQtxXXoKyL7dajFqSJPtonkEcxMLzYUZPY2CJl', NULL, NULL, NULL, NULL, '1', '2018-02-20 01:30:00', NULL, '1'),
(66, 66, 'luisphanna@gmail.com', 'NhHY5bEOQm8PM4JpQJfmf4Y5G10u8N5t', '0+Bwce9weiiSL3PaTdlynTIzYTZlNDg4OTQzNjIyMTFlZmE5ZGFhOTE1NWUyOTFmYzhhNGU5MWVkZDU1MmY2YWRiYzYzZGQ5MDIxM2QwNjf2PUHVqXOg9vwMdEDpSZM9H/uxsDc4xYAxL4NyA/XAH2f42fLEkCMrQ35alNXDRzSoHuohxc2te2p3Y6EFIpEv', NULL, NULL, NULL, NULL, '1', '2018-01-17 19:57:00', NULL, '1'),
(67, 67, 'nico11_05@hotmail.com', 'tTJ7_OsVEDv-W4vPjNHXdIduhsuPafIW', 'OPXA59w6RIFr1IYDyDRNizJiODM4Y2MzMzAxNTE0MmZjODYxNWY4ZTAwMThkNzk0MTI4YWI5ODUwMjc2YjAxOGRlYWM4MDg4ODI2MWRiYjMN+TJWWB/r860ASnRIOmDFgQAyv/QU0MZPkTl5lvLITUm/dCl959UpVst1l5znNEmSTdNF6/uATxd+3wGarzDV', NULL, NULL, NULL, NULL, '1', '2018-01-23 06:19:00', NULL, '1'),
(68, 68, 'gaesalzr@gmail.com', 'LuFeHuwjxnfTSdRPJAP4Pf5LuRjUu885', '6Iv9Gz5sHugrhbGy3a+QNzE1OWEwNTk2ZDRhNzg1NGI1MzNmZmFmMjVhODYyZWVjYzZkNTY1NTU2ODg3ZWRiODQyZDcyZjEzNWI2NzY2NWSYHB7eirFaEF2XIz5fQ09FcJ7wHVE5V3ZzoZvDOmoJfjOujuHgKERcQFYIK4R+Osw7IrK8oO/OgigtA+PeFk2+', NULL, NULL, NULL, NULL, '1', '2018-01-26 08:56:00', NULL, '1'),
(69, 69, 'danielcastroh1989@gmail.com', 'dkcS98Ha_nMF4fmFjFUuY55yhMRpi0le', 'rVFb5O2AU9m7ULzq+I89dTVhZGY4OWE2YmI3NTM1ZDY5MjdjOGI5Y2NiYmZiN2Q5YmYyMTRjZTQzMzhkMjgyNGFhN2YxMDc1ODE4ZWU5ZTPzW295aeVq2Br0uNRXjPbCyjlJlEsj/TCMNUeW3+on8HU7H+Jsvh2yqMZ1ad4pkqaeHO2gUfkIxwnFJecqMDX7', NULL, NULL, NULL, NULL, '1', '2018-01-29 03:52:00', NULL, '1'),
(70, 70, 'maricela895@hotmail.com', 'guAvQRHERuF3Ttc89vCkLD5UoNUmSkrr', 'y71rTrfvgLpBTKUVhgIhfTJkNDBiYmU0NDNiYTliYWYzYWEzY2VmNmRiZDc0ZjdlN2Y5MzRlYzBmMzk5NTAxYTRkMDI1Y2ViNjExYTA0OWWZxZ7SbyILMwPYjwD05V5JH29pq74Fzf0hVbzv3TPyT94wQqeg6ijq0zrI7aDsc7oJtEx8+Ebt+i8cV6uYGzyz', NULL, NULL, NULL, NULL, '1', '2018-01-29 20:19:00', NULL, '1'),
(71, 71, 'ayvcevallos@gmail.com', 'ZTXiVdS3ct6TT7GFIZOFcOHnteNGDr8c', 'GBlOFpLHthv7ChHJjvwfA2M3N2JkNGU3MzMwMWQ1N2JhMDc0Njk0ZmJmOTU2ZmJiOTczMDVjODI0NjUxOGQxZjVhYTY1OWJlYWM1MWU2ODTy7Pq8cCXgJwDSu7tBsOT2Qr8Q6gco8KVIrpniMADm7HfEsTAgOX6ycjvfOHlExBUyU+NxTlrZOYb6DRvv3x2F', NULL, NULL, NULL, NULL, '1', '2018-01-31 01:44:00', NULL, '1'),
(72, 72, 'hernandelg.99@gmail.com', '3V0QG4wlptNBVZE8tcEjANtZUWp0W_9i', '3bpuTWam4GZ3xWAJTsUzMGY2ZjdlNDZmMjEwMzY3ZWY5NTNmNDQ0MjUxM2E1ZjA0YzU3OTQwOGE4MzQ3ODRiNjk3NWQyOWE0MmIzZWMxNDJf9YqMc3qs7j9Q/r8szxBK0jvv4LucbtY8z4sy1h/ZMhlX2K3NMUb/9hDs50L5jeGT7v70rozzbwwVh89W8WaI', NULL, NULL, NULL, NULL, '1', '2018-02-08 02:00:00', NULL, '1'),
(73, 73, 'miguelalfredo_10@hotmail.com', '9GlP8nqFBfXI0EQZxSu1DLVEfGViGR0c', 'IV/awTqHN5F+wf3paE4mozc0OTMwZTI1YWUxMjc3NjVkODE1MTRhOWNjMDI2YjkxNmVhM2QwMDE4NDA1OWM0ODU1YTcyOWYzNmRhYWVjM2MpSi1Mg0TFTLC9vjItnToqokPvucv7XUneD3VMiJjq6dUan70X4qWdF7CI8GNTVpk3AYolEt9qhsuySqzfNCnA', NULL, NULL, NULL, NULL, '1', '2018-02-10 07:24:00', NULL, '1'),
(74, 74, 'mayeliza89@hotmail.com', 'sI-qWx69QSGxjl1J3atw3FvDMB1F9aro', 'wi+7gKGNcepWJ/ZH1l+df2IxMWI3ZDM0M2I5OTBhN2QzMWNkN2Y3MTg4OTNjMGJiNjczNmJiNWYxNTM0YmNjNWY0MzFlYWU0YjJkYjBiY2TlNovmMW9kfi1jsxn8hj4VeRJzmo07sEcfdskH2f0UBPp389aObopbjWKG7PoWexNj5A9aUY0bg7Va8MjiEPEd', NULL, NULL, NULL, NULL, '1', '2018-06-12 23:34:00', NULL, '1'),
(75, 75, 'veritdsh@gmail.com', 'LvaIUSVMEUbRRDnnTLtIfb6YHwRCQ9QC', 'tjO+ZHTEWO9rXfaBUdimpTE1NjkwZjFkMmUwMDMxM2U1MDhmNTA4NjY0NTI1NzU5YTYzNTVhYjg4NmZhZjBlZjhkYTNkYWRjODUxNzZjMmbEOV9kmxk6ll6C9UeiHfA/f+XfXFkr/RQxj05TIJ00AgygL9cIafg9JbDkgFQ74uEkACXbJNtAlL4Ze2rUkJbh', NULL, NULL, NULL, NULL, '1', '2018-02-20 03:32:00', NULL, '1'),
(76, 76, 'mveraroca6@gmail.com', 'pkT8nUfl1K4A62HM09uXarl9XiUASn3C', 'sqLJ2EVTP8ENUcOewFCMDDUxMjA1YWZmMzZhNjdiNGE0YjYxYzUyNWRhNDU0MWUzZDNhYTczOWZlMjJhYzY4N2EyMDFhMzQ5ZjdiOTdlYjj5q4PAsPVqI+VJLhZU4HC+UZOYaBuQ5NVHiMl7ILakPUYuGPB2oZ66auBXn7ViphFacf6TSffc2guLEcUyLmfU', NULL, NULL, NULL, NULL, '1', '2018-02-16 01:19:00', NULL, '1'),
(77, 77, 'narcisacajamarca86@gmail.com', 'zqF3_nEojXLGwRTLRriIXuaUwDCA34Cv', 'NP+Jzhncxl+mnMfmFy7kvmMxYjAwODdlOTAyMmIzOTFkNzhjZGEyNDk1NTU0NzRkYWE3YWYxZTJjMTlhMTYzN2JjMjAyZGM4YTMzNmY1NTDiFnvnBdZc/nszHRy0Xd5VGk1H7RZpj5w85hVddhJaLdy5QHxQ6LMYC8B1oXh0FDeVIlOTGNE7Ho9+KoXPSZQb', NULL, NULL, NULL, NULL, '1', '2018-02-17 07:33:00', NULL, '1'),
(78, 78, 'bel_parraga@yahoo.com', 'FvNK6RxfMKhYOAVdPveXadKkWNYSbLIy', 'lo3WKSmHAQoVCMrZ43kqyDViNGE1ZTAzOTMzOTFiZTJkMWQ2MmRkMWJlMTA5Y2NjODE4MDllNjJiNTQ0ODA2OWFkM2NjYTQ0MDg5ZmU4MTDaCBkn4ppsCoVZA1xZgg1qRITemZSYgtARv127bDeWY6/FZvIHKUxZkNKnpBFU9kWnBk3AEgZuQAXG3/Ru9TTs', NULL, NULL, NULL, NULL, '1', '2018-02-19 22:01:00', NULL, '1'),
(79, 79, 'michachiriboga@gmail.com', 'puLZaLiP7f2TN4-qXovUQ_fay_7neaZq', 'jr3uq2ml7tnBRNpSU4zkvmU0ZTE4YjY2MDI5NzI2MDE4NDc3YTEwYWE0MTk4NDhmZGIxOGE0ZjUyNjQ5ODBmMjgyM2ZhMWQzODFmNTZhNjMhSaPiEWy4shxnFBJgfDBeXo2L427sR7KL8kK0eOk4RTkavAUBSryaNKtCqvNFmc7WFy9USINDNzfsGT9wDhLH', NULL, NULL, NULL, NULL, '1', '2018-03-05 20:31:00', NULL, '1'),
(80, 80, 'joseton17@hotmail.com', 'Eh6ncAfs9SVUizMFhWAkVJjDS3n1oaHE', 'lKwipKjb8C/3CaIKpPyVwmI5ZmJlMDBjOTIwMzE3MjJiYmE4M2JhM2ViYzU4YjgyMGRlYWZhZTJjNmRkNDg1ZTFiMTViNzRiZmU0YjhiZjVT+LR2YDHbqsn1NKTnUgZ21TpOn+XiOLJxFAu6MO9PFSxvWPQghxLSqske+Tw2K4XX0M5BuxmR48wx3GKM82mb', NULL, NULL, NULL, NULL, '1', '2018-02-20 04:51:00', NULL, '1'),
(81, 81, 'mikaelamacas29@gmail.com', '_THczZ4FyMTlbm6RrZ-FrSddaja6o5HX', 'SwAdXFS6eAstScoB3q6HoTY0NzhiNzE3NjVkODRlOTExMTBiZGJhN2ZmYjk1ZTE5NTlmNzM5NGFmMTY0MDI1MDg1ZTc2OTZjYTJkNDYwZWM6xpSuVXEqmQ7e3JgJjOvIIOt6aP3tAjeYFPrP8xhcTehcqvn5AOhLub76jdoIFH58BG7K8v4NZLBOaNFXwbz1', NULL, NULL, NULL, NULL, '1', '2018-02-22 20:32:00', NULL, '1'),
(82, 82, 'carlos.naranjoecheverria@gmail.com', 'YMOZTW0j9iipxWykdrTu-QH2FlmGEsJ1', 'uA5RU+Hn0VUVL8Yv7tg5BWNiMTVkZmI4YTI0NGNlOGZkOWExYjBjNGU1MmRjZTc2ZWQyMTg4NGZhOWU3NWVjNWQ1YzQ3ZDQ5YjliOTU4MjgAg5V/kRYuoqgo4Ee284u/1LZKZQei8yllJmqix7ZBrIlVtoeYn78JDlFykSxke+zsNKmPiJ5ntMqeyK9svNNC', NULL, NULL, NULL, NULL, '1', '2018-03-02 03:25:00', NULL, '1'),
(83, 83, 'dronquillo.frandimacsa@gmail.com', 'uVvNb6w7bLO4NHUlcRV80NQKOFI_-lU7', 'PVBR8lFI2cHnMnuXPQfTfzk2Y2IxNTI0MmMzNDBkODg4NDU3YjlmNzkwNzk4NzZlZTQ3ZjczM2U4YmEwZDY4YjI0ZTNlYWQ4Mjc4OThjM2VssTfGKv+l45Bk3iTg2rHUDNvS+X8jNYB6lGAoDDJ4Xu/N4MZUMUMtntYH20vTAcvthNKdpZj/WwjvihnlxcBS', NULL, NULL, NULL, NULL, '1', '2018-03-02 03:37:00', NULL, '1'),
(84, 84, 'vale84_dmm23@outlook.com', 'e245sfASlh2kMYORM1IV--VtYjA7Z82E', 'uSZb3dAGXL7o3UADXNZhRDA5ZGE4MjMwY2U1ZDY1MmMwMTBlZTRmOWZhNmVhZTkyZjE1NzViM2Y5MGIxZTZmMzY2MjM3ZGNjYmVkYWJkMzR0zNIxPkmucoV+vmHNFh8epgQd052ig0Sotr0ldr5l4hZyLEzSg9Bbjte+2+TNB2Ef1GIbfI76AfaItAsFXh7K', NULL, NULL, NULL, NULL, '1', '2018-03-05 08:40:00', NULL, '1'),
(85, 85, 'karlitaromero10052017@gmail.com', 'RS_KeH34t9Jhi_PtkEeWVG-3csVYV8LI', 'uCyna3z8xOztU02fD5bimDEyODI4NmMzYmUwYzU3YTNhMGExN2Q5NTFmODk2NGM3MjA2MjQxMDg5NDVmOGM0YjlmYWYxZTAzZjNmZmQ1ZDFBa0z79j/vcmRN5vZqRfrKesbz8tU1cHrKRW8T/PTnlDSxymiYDJHzoynLCgutAsImdbtNIP9UyisNbJJ53Yx6', NULL, NULL, NULL, NULL, '1', '2018-03-06 21:48:00', NULL, '1'),
(86, 86, 'josedamian_2012@hotmail.com', 'lU-1-OyZgjBPGL1xRmUPI2qjPalSOYrq', 'U3Iq5rBlldwX4hDgBn4iDGUxZWQ4NDQzZDFjYmIyYWEwMzVjNjZjMDBlNGZjOGQwYjllMWM4ZGFhYjk1OWQ1ZTA1NWU5NWM3YWE5MzAyNDGi0X5IVlbgrIxQorn4oWBk21st1vfCM5jeGzBukLj+crAUVcI0F2FQpjy3KXhu8HV1MyaNX4M6aVSpHFJrUikl', NULL, NULL, NULL, NULL, '1', '2018-04-20 05:33:00', NULL, '1'),
(87, 87, 'christymontalvanp@gmail.com', '_V-OQyrcPxhKtBXAmA__DoRIoaHuCGB7', 'AJEheuuK90dxOUVxEX2FVGE2NzQxMTAzMmUwMWZlMDJkNmI3OTc4ODhmNzYwNmIwYTY3MzMzZTI2MGY2ZDQxNDBjNjMxZDI3MjNlYjhhMzCoK7PVgvLpU5Q/1T/qr6YFD26ntojAq4mPbPeUxdn+l6EU8qKzElT7vlN8eR+6x0FHON7fqU751dsbH48PWJTc', NULL, NULL, NULL, NULL, '1', '2018-04-19 17:43:00', NULL, '1'),
(88, 88, 'astriki2@hotmail.com', '0WT78Yxplq7zMdls6YvALZwdxIAxhXdB', 'jKV9b3rLAoPWuqL12IAHOGM5NWM3MWNiYjk5NTYzNjE2M2FiYjU4MzFjZTM3OGE4MjJjYTc3Njc2NmI3YTdhNzMyZmYyODgwODM2YmNhNGW3369crb1xoRUG99Az1NgNTMYLiep0mScujNPDxLCnAhn5A7Hc8VdkLQCt9PFCMPwQIdIe9oEa/1zibH91e7Is', NULL, NULL, NULL, NULL, '1', '2018-03-08 22:31:00', NULL, '1'),
(89, 89, 'chinitafernandez@yahoo.es', 'cWBM-IYRU3z1Eb-qNWU6eD5LpIevyLZV', 'NCjJWcq7kitacjsJO7iYq2VhMDhhMGUxMGMyZGE3MzMyZTlkZDA1OTdiNGM2Y2YwMDMyMmI5OTNjYmViMTY2ZDNiYzg1NWVkMjQ2OWE4ODGXKM0Uddub4L8/WBqMQi9qWFjMSDRbhZSf6xVOfrbtQD0oILf/qs96oK1T+dohieOOrNsbyOWUJDiiPbVVUjgq', NULL, NULL, NULL, NULL, '1', '2018-03-09 01:37:00', NULL, '1'),
(90, 90, 'ingridcv_88@hotmail.com', 'RvU8zku1C8Dw-5ZqCpH7dsg77ru6WRmw', '4Uk5aSupbNIwMK5lbH3DKjI2YWZlZmMxMjRmNzkyZmFkZTk0MDZkYTkxOTg2NDcxN2QyYzU1YmIxZDVhZjY5YzY4MDRkYzVlNDk4Y2EwZDEU7GyD9cFWWbXxf9EqhpJuqV1MjM8NQCD9HgjcCxHZz+DeHrh1c3Q70s8oPeYmbmPANwWmZZHFfbODZg+zivZi', NULL, NULL, NULL, NULL, '1', '2018-04-25 21:13:00', NULL, '1'),
(91, 91, 'israel.loorsoria@hotmail.com', 'dFnIB7Vwb7husCN2uHo6xZEFNyiBM9Wr', 'rSjg0NRkArQ9FZKdjhgGb2RhYzBjMjk4NDQ5NzEwMGQyMjQzM2ViYzAxOWQyZmI0NzNmMzVkMGYwZDI1YTQzNmQxZWRiY2U2ZDBiN2Y1MmESudcME5P54IiTyRJBNDZtqAABqqQp0uQyMnkaSMnRLauLL5G8zjH3o0LgXYMjdDf0jeML++jYAlFO0UwpWlUm', NULL, NULL, NULL, NULL, '1', '2018-03-09 08:02:00', NULL, '1'),
(92, 92, 'elenakarolina@hotmail.com', 'nmSt4ituchNCNl8QPEVdrhsqflIfm0SG', 'liK/ujxj0icFB1H+FV80bGUyMTUyMGU5MTNjOGEzZWYzOTk1MzNiM2ZkYWI0ZmU5MjQwZWI5YmU0ZDJlNmIzMjJmZTdlNTM5OTBiNmFiYWGxpnhFNbLGq56S05GTWRwo67DcTZHSm5pYQCFEHyRRiGashAVfvdV9B+CTus9HLXChfKddJD/mMWPjkasQhgLP', NULL, NULL, NULL, NULL, '1', '2018-03-10 23:45:00', NULL, '1'),
(93, 93, 'karlaycarlos49@gmail.com', 'RhU73FMoSnYDPKs03C8b7mXwTpiqNkJg', 'YTNK04rNeGT4aVGXAPe0rzEzZWNjZDA1N2JjZDViM2IyNTU1OWU3ODFmNzQ4MWQ2ZWU3ZGIwM2M2OWI4ZWFkZWQzZDU2YWNmYmUyMzhjNzP9g6/cn5JR+Q1MJqBc74ORU3dC0GAOexzM6aNKA5ecUO/3/FNi+SVutOnXNHfPqtEVg9jlYwFBriFMcbYi0yc6', NULL, NULL, NULL, NULL, '1', '2018-07-25 06:04:00', NULL, '1'),
(94, 94, 'majito2104@hotmail.com', '5ZklsZRayKgbXq2LV1X8X6kCdEIDG0nK', 'MuT1JnCtLtszIF17Y1ehcmUxYTFmNmY0NDdiNzZkZGI2NTVjMWQ5MmZmOTMxZWNjNTBhNWM1OWJmZjZiMTUzMzM3ZDFjNjQzNzY0YTU0ZTDTBm7oL1i6rTsyypvxlr86Kz1gqSbSAVWuZNTLiAyvS4CyOuKq9XQ6HU87FZVrgqqfIQTVjyztx2/t+Bpgk5IX', NULL, NULL, NULL, NULL, '1', '2018-03-12 08:07:00', NULL, '1'),
(95, 95, 'lukarito.labo@gmail.com', '_coua4KON9HMOSoxVuDKBWM5ebAgnEpL', 'iETXDej1vrP/wCXLQpDQ/TE3MDIzZGYwZmM2NzlmZDI0ZmE5YTc2YzY0NmU5YTc2YzZmM2Y4YWMwN2MyMTAzMTQwMTk4ODFlNDY3ZTU3Y2FOCQaXBOt/AYjkdZtvgghPrkeZkJrjPQeXbyn9XR6sWdC++W9/vguckmOX0dBmzvlpGKR/va/e+/k7pvCZOOZR', NULL, NULL, NULL, NULL, '1', '2018-03-12 22:47:00', NULL, '1'),
(96, 96, 'scja17714@gmail.com', 'aAM3idxyawbHgN8tpmRNjZt_B03BTAxW', 'mLB7Fj+V5MnYbehAIADplWMzYWI4N2NmZTBkNzhmY2E1YzZlOTVlY2IwNDRiM2IwZjA2N2UyYjI4MTViZTgwMmQ1Njk0ZWI1MzAxOTc4NzAWzXoeYvntfspQGV2EqmeOiSIbXvLZSVFFcaxVaBXFinyBF4QrpCnCGnk0FwM+7TbyJ1iIrIY6RPqkt/hEm/WG', NULL, NULL, NULL, NULL, '1', '2018-03-13 20:42:00', NULL, '1'),
(97, 97, 'ljsornoza4@gmail.com', 'LUDDTLbKgdVtJo6kL-41b44YAwsviwAV', 'lJFTFnZDytZ3Mk/m3/ehezMxZWE1ZTkwNDQyMzdlY2Q4ZjJjZjNhMTMxNWNkZjA1ZTc5YTAwOTVkMzlmMTBiNmRhMDhhMDA5NTQxODk4NzdKcT832Cfrhx18n0PZx7MMGs8p+ysauSIp6FwJnY+PnJjqMcwg6EewdjJsdLXNVpbrI7EdTvszzsNKcd6luRMx', NULL, NULL, NULL, NULL, '1', '2018-03-13 21:21:00', NULL, '1'),
(98, 98, 'jzambranolozano@gmail.com', 'Qwi4snmZWkjfXrUiQyeLFCZvff8d1a9x', 'DUU8vksxtNRdyl6zi7LqGWE5ODA0ZGQwNTE1ZmZkMTY1ZDM1MTMyNDNiZTRlMDI0MzI3ZWIzZjc1NTRmYjE2ZDEwNWM0NDQxZjc2MjM2NmT5S6xPQy9Jp3EaP/2YgmAImyhL+lQ+lJpg4O+vLIiMhTZ+APx8dDJINGgzRGXJTpqA1Jhag9H9KY75me0r2roE', NULL, NULL, NULL, NULL, '1', '2018-03-14 19:45:00', NULL, '1'),
(99, 99, 'steven_nugra14@outlook.com', 'hk3vXCPBtMOPz6e8Sb6DWL6qk_fL1y1W', 'Hya+PIUlWTzo10RF2cJtoDk5ZjdjNGZjMzBjZDEzYTgwYjlhMDRiYmQ0YWE4Yzg0ZWJiZDgwODk3YmFlZDc2ZGEyYzIwMjk0MjkyMDZmOGWOPABYi4tvgEYDpyXRFixl2qHiuixhb1kdlWR5AbTmKvqcXjijGByWJnl6Hn93/MdWqDbYMtwTOMTKx4Zobg34', NULL, NULL, NULL, NULL, '1', '2018-03-15 06:14:00', NULL, '1'),
(100, 100, 'e_alarcon_lamota88@hotmail.com', 'KfhcgisXsJqtAo8p-nAnnrrn6GwFza6p', 'v+vFBoP+vpIxV+ufvYEeXjI1ZjJiYTFkNmE1YzdiYTk3ZGZmNjFhNThkYzA0MDUzNjI0YTkwODQ3ODUxN2U4ZTIwOGMyOTZhYjg1YTM4ZDTAEVzMbv0TE/T893zEz6tTBc0lHDV2eqGTcMkpriyPbVRc3FXIroCQmuaJOfUrZFp3B5xeRR6s7qB5bTrZoU6Z', NULL, NULL, NULL, NULL, '1', '2018-03-15 17:42:00', NULL, '1'),
(101, 101, 'loreeliza43@hotmail.com', 'RbhnL9tV6ATi_tmAGPB7QYDlPa5xwRe0', '2muSXZBRcfHj5JIrhouvLGYzMjA1NGQ0NDE5MGMwN2ViNjI4NmU4ZmNmMmU2OGEzOGVhMWUwMmRjYWIwYjA2YWExNjBjMzBhNzM0ZTZhYTdrygx18s9ouPQmSzpRaVL1NvnPcTM7dohESKTTOPXSl13QkQc/Uq5BJVgGgXV32Z4nw8WxRI1SFvhXE8BdlEaT', NULL, NULL, NULL, NULL, '1', '2018-03-15 22:27:00', NULL, '1'),
(102, 102, 'correaoswaldo@hotmail.com', 'GyWvC0mnJquygtBpns48Ny7JRc3G3HXv', '9DLOpnOHBH+8LOra+ipai2NkZTE5NjcxOTRiZWU3N2Q1NzUwMWY5MWE1ZTRjOGQzMjQ2NzFlMmE5MGYxOTA4YWUzM2JjN2YwOTczYTc0NzdcSsrZtnDb24wSLB1RkkBVxwyKwEQMKqLIiXevZp0aXbJiprxB9wJFtSEoV67mJ250ZvY5SqFOb4RjIv8IFJcH', NULL, NULL, NULL, NULL, '1', '2018-03-16 04:29:00', NULL, '1'),
(103, 103, 'toalariel@gmail.com', 'KQNEB_lnTPMmBAxenPujV_zEZq7RHGaJ', '8hafuigE9lvzS5H322k+YTcxYjgwZWRjYjYzYjg3MzllMDU5MDE5ZDZlMDc2ZGI5MjVhNWJiMGQ1MDgxNjY2Y2ExNmIyMmQwMzQxZDYyNGXkz2cBQ4iv0MXGUQJtgjVUXvL1xnO9OSIigAnms38o66NLmsbRsCM/AAZTQaysXlSC/KZpuJQV3LJlz6jRKJKG', NULL, NULL, NULL, NULL, '1', '2018-03-16 05:47:00', NULL, '1'),
(104, 104, 'jalvarezlema@yahoo.com', '18p0fNlTBoaVTy8M3Dh8GlpEIrIqYMue', 'KvKkcHHR1XVlcMYQW0Z0CzQwMDdjMjNjZjRiMGMzMDQ3MzYxOTQyZGNmNTU1MGRiNWY4ODQyODA1NDUxMTgzNGU2ZmM2YzExYzc1M2Y3NjRM55DQsDappjkEqkGqaja4wv9v4pm29u09rql1lmwKRO/jsOD2rIiR06J5teqei6ILRkWj7uOEvzpPvFLB2Iqo', NULL, NULL, NULL, NULL, '1', '2018-03-16 07:38:00', NULL, '1'),
(105, 105, 'ramirobriones777@hotmail.com', 'T9Ez0YRshjWpboOevdyAGSy5-8wpm4Q1', 'zT04B76XDUMRxOyA4Z+7a2YwYzk1OTAxMmI0OGU5NmI0OGQ3YTg3MmZhOGU3YWVmMWI2ZDI4OWNjZmE5ZDg2MTA3NTIwMWQyODA1ZmU5NTA95S5o65mToNEsa30WijRwHtKcJnQKySTXP2YdSvY3fKg5dmNWGPeN44z1V6w6DarZNqNeqFtTa0IIKTdjYx7V', NULL, NULL, NULL, NULL, '1', '2018-03-16 22:36:00', NULL, '1'),
(106, 106, 'adelita_10@hotmail.es', '5hBFH8ikEE2yCvLOrpMWtHVS_btz71vm', 'Rf8N5jGHLSIwTsqRZ+W752U3N2EwNjU2ZDg2NDRmYjhhNGE1MTM0NjE0OWI4MmNmMDBiM2NjYmM0ODE1NDkyOTAwZDc4YTc4NGY1OTEzZWL5c0J/vCqfMQi5w5L/5virDOKhzv4Jbc3Ev80eHJ4DbmH52lGL1aUuIeNPxWSBGBkA0nEtmzvyK3sbXs/bUQzQ', NULL, NULL, NULL, NULL, '1', '2018-03-16 22:39:00', NULL, '1'),
(107, 107, 'shinodaboyd@hotmail.com', 'Dt4_0Jb9dEbC3NwSeIo22S8HsAftyu8A', 'z1QXtNMxJ+6DgGHdjkEOdTk2NDYwY2M1ZDA3M2ZjY2Q5MGMwNjk4Mzc2NGVhMzJmNTRmYTE2MjBjNWIyZDYxYTYyNDYzMjc0NDVhNWE2OGOAU7hcp/9chIFJUSUKPaeytTH70KJhKBNIrG0Gy2Omo9AeyGMl+Cx6QMZWdIdORvriSo2LaIcOa99zJmanOhY3', NULL, NULL, NULL, NULL, '1', '2018-03-17 04:26:00', NULL, '1'),
(108, 108, 'leoazul_82@hotmail.com', 'Wb76FewJ12c5N0AcbhUhd9eQ4g7sd9tt', '4cdul3FslpNVJN8MFFitLDY0YTliNGNjMDVlMDRjODhiODgwOWZkNGRiZjEyMGQ1MDU1ODZmMjdjZjBlNGU1Y2Y0Y2FiYWQ3MTZiOWUzMzTxCuMhUDjVPcY9mquNUTqkbG95lYAioG09MogeRMKOey1pOHBqDQNN1hDIiLpPID6TPrk9yRH/RblZ61Pe5m88', NULL, NULL, NULL, NULL, '1', '2018-03-19 05:32:00', NULL, '1'),
(109, 109, 'carolina.allan18@gmail.com', 'mDNWrvunKTv8Qft3Drp8Aqctva_OldI2', 'Hu7PePcxjenNYYeM67khJGZlNjBiYzQ3ZjVkZjA3MTA0M2ZlYzVmOWI4NWZlNjEwNzg3OWM2ODRkY2EwODdiN2JlNGJmYjMwNGRhODhiZDfKfGLNugRmDmV0n/qYZSNijnF9ZuJmUMrSD1HUoCXQGd+njaSi7xbya1nOVXNW/ek7vDG8HYHCMR6AY+yN4apA', NULL, NULL, NULL, NULL, '1', '2018-03-21 00:05:00', NULL, '1'),
(110, 110, 'jordy20172017@gmail.com', 'J5tzH3pP0J6iIxGS1qS501_jzeRbMEU0', 'oQ8PpePbCGNERy1PoHxKADI1MTkzN2I1MGNjNTQxOGUzYmRhYzkwNzMxNDAwMDBiZThlOGFiNzI4NzkwMmIyMjZmYWYwNDNkNjEwNWE4ZTLQARfn2y+KS5ke5v7XQJ1Xv3C1unTjCWlSom03OQI6Hgt0vYV9oZeYMJogFn5/UqWIZaJIUebLN0BD11SyZew7', NULL, NULL, NULL, NULL, '1', '2018-03-21 18:49:00', NULL, '1'),
(111, 111, 'kathelitz@gmail.com', 'n0ILowgs5431dfcMx_1Fa8zGicW-TOTe', 'hp2QUvvziVq6sEclb14r7WM3YzY5MDM5NGI3NGUyNzYzNGUzODhhYTFiZWJlYTFiYTQ1N2E4YzI0MTdmZTJkZTczYzNjYWRkNWFjOWJjYzip3WR+NDeibEQD6CrxuvlXp+0q91GIolZrox094f5dBzrNLnQ78uzlJ4TvWTYAFeSzPISXjMlcoa1fzY5jpChd', NULL, NULL, NULL, NULL, '1', '2018-03-22 02:37:00', NULL, '1'),
(112, 112, 'dome.stephania23@gmail.com', 'tGHshfcl2QA7CZNmqv-bW4DxTHXKYzvU', 'hiIf+wqE8HA8YnBB4i/bh2FhMGJhZDI5ZjFlY2NlOTg4NDE5ZjkwZTMyYjJhYTI1MjkyMGQ3NDA0ODE5ZGI3N2MwYWFiMzcyMWRmMGFkN2Eqd7IyR51aAWRtiFyoo5yEL8U+X05lfciacctXZo7UfuMq2JIpaIfEpF+lb+iP7b+UU2E5abrhaQ4Q2B9QrgB7', NULL, NULL, NULL, NULL, '1', '2018-03-22 05:12:00', NULL, '1'),
(113, 113, 'jrvago18@hotmail.com', 'T2LfiJ6wj-x__L9QDe6vHXkYyE7CF5s9', 'MO+RivxqVzVmLfYRHX6lNzQxNTNhODdlYWI4NGYzZWM2N2FlYzY5YmVlYTkxZjIyNGJkYTE3ZDdkNDM0MjI5ODYzZDA1M2Q4ZTBiYmVmNWX8rd2nsN2rMJ/0QlkPXgVXo4ipUPdb1pKkkkVGZ8aXOVEUqwYBDW/dS5W4xqNpXHFQ+hC90tb98ck9/czYhFMb', NULL, NULL, NULL, NULL, '1', '2018-04-06 04:19:00', NULL, '1'),
(114, 114, 'karie-karie@hotmail.com', 'pwNV7YyMVmpMeKjYzSI2d7Yjm0V0XSMR', '/9rE/uo/m8MElsJ5qj8nE2NiZDVkNDI5ZDhhMmE0MmQ5YjA0ODBjNDUwZjBmYWE3ZjIwNzJjZGM3NDBmMDlkYWFiMzkzYTc4YmEyMzlhZGNtelFHcLwUC2HmThl0UZI4bZ1S0CHXnXaVt0hhT6oipQAlhSxWlJnH0TxRZg/BeRmgg+agzEsKlDyWhrbjs4G5', NULL, NULL, NULL, NULL, '1', '2018-04-21 03:34:00', NULL, '1'),
(115, 115, 'gregory_kinchi@hotmail.com', 'OEwkdC5unRp0xLp_JL823WX1MyrePoFc', 'K/jxU5T2SsYNMrFknUntsDI5NWQ5NTQwOTJhMjYwZWFmMDQxNmM3MGNjZmE3MmViMjgzYzA4NzM2ZDZiNTgwZDE5ZjM3ZWI5NDA1MDU0NDZIP2KAAYXcbBbmhvCgB3X/qlQcnsfynCu59W3H1bnkF6j0su4sOH63CzHvJMPwJfaLNpbh1jyZhAlwNfcOBcTA', NULL, NULL, NULL, NULL, '1', '2018-03-27 04:45:00', NULL, '1'),
(116, 116, 'reyes19merchan@gmail.com', 'vzxhsAAZmf6_gCzyz5MyM1QJDfRtUfz2', '7KnykUwxy+GKPmoLkA0uxzM4OWVmZWQ4Mjk3NDNiZTY2YjNmYjIwNmMyZWMxMDFjNjQ4NzkyODg2YmZmMWU2MmFlZWM3N2Y2Nzk5OTBiODVt9EKH+bToXZl0jUxdG/dtCmafODX1uR6vTqrdorvhNuEqxM1/WtnCeg6AE1JC4Qo69fI5bXxI3YF7vRmBpNHF', NULL, NULL, NULL, NULL, '1', '2018-04-03 00:30:00', NULL, '1'),
(117, 117, 'irisphermenejildo1996@gmail.com', 'hKcaB0Hf26gVPc7AnKUQDi-prtguLBJw', '0RTRQgbyPfb3xh6kUfbkX2JkMGMxYzFiYTdlNDA0MzQ1OGYxNzcxNzA5ZGRjNGRhNWU4MzlhNmJiZDNlMTc0NDEzOTk2ZWI0ZmRkNGJmMDhbq3yBIWmUioCaFS6wZZidSt2I2+5RDOVKX7FFsAClxdxRIYvCGXjnEijEwPmBRl02L1i748pDANtsjHWiJTj1', NULL, NULL, NULL, NULL, '1', '2018-03-28 21:10:00', NULL, '1'),
(118, 118, 'cinthya8915@hotmail.com', '4bpMU3qDg8er3BWeFt2aw4g419aBmgh8', 'Vrw+G9qTxpYBmA3UaR1JjDU4Yjk3NDExNzJlOWVhYWVhYzkxNTNiZWNlMDMwMDYwNmM1NGQ1MGM3NDY5M2JjYWE5YmQ4NDViNjhlOGUyZmR47MYm8enDP9IQHPDPWsQBFggPHnHfeRbAIEW66ogixOrVK/Pp04mceHyKI+N9fslxdN2W5n6Um8S57eCORtz7', NULL, NULL, NULL, NULL, '1', '2018-03-29 21:56:00', NULL, '1'),
(119, 119, 'tomasgomezayala@gmail.com', 'KeXUwQzn_qaq1c46Grtjzsjp8tSn76Ps', 'gycZ6SLNv+3xegEqlcR5PDg0NDRlMDQ2NGJlNzA0NDdlOTNlNmQ1NjExNzc2NmIxNjNhODE5M2EzNDAzZGIxYjlmM2UxMTFmOTEwM2QxYTgwzmgL8q8/5nINb8P5WiAQ3o+qVTAFCZy/xQAqXWl0SAdpcC40RcFpj6c8mjxFaQXmX+Hf3WnnT5qJZAy00JLZ', NULL, NULL, NULL, NULL, '1', '2018-03-29 22:55:00', NULL, '1'),
(120, 120, 'jcocab@outlook.com', 'ltk35uUPocxZ__Xh0UoePaz2g1VusAEh', '8bJBCCgXy6ITTRB/Vv/zRjExM2E2NjI4OGY4NDVlYzJhOGM2ZWViODc1N2RiNGNiNjM4YTg3OTJmNDI0Mzc4ODExMTcxMjUxZmViYjc5MzjXckG7dW7LSdmgoWKDtejX3SVC6DacZx0it7htNMXivGi/K0DgFdy1pKV1o+Sc0DdLeRKIIp4Dt3A4UyN2ly7v', NULL, NULL, NULL, NULL, '1', '2018-03-30 09:33:00', NULL, '1'),
(121, 121, 'mildred1986@hotmail.es', '6By1IzkjvG22bcA_V-Yw9q-330zDGvQb', 'ea4nnQVJODWpjWoxOM6EtGMyMjczOGY1ZTY5ODRhN2JmNjcyZjVmMGQ1MGIyZGZhNDI5YWY5MWMyOTY2MWVmYzJhYjU4YTAxMTEwMjkyMDIiioXUB2nDOf6C31aWq4+YWQ5ofyQnk+1PX10q8MA9Vw0c85bSsTMhtX6BjXcEyhy0rDwEa9sfdl7GpygaToah', NULL, NULL, NULL, NULL, '1', '2018-04-12 08:24:00', NULL, '1'),
(122, 122, 'dario2223@hotmail.com', 'pftEGu2mM6iWSIGC1M9_tSVEPYc8iVVC', 'adUrbIysBYdCPTmmAycmPDZjMjg3MWI5ZjgxNzgwMmUzMTU5NWQxNjFiNDE2YjQ0YWMxMGQ1MGExYzRmNjY5OGJhNTI4MmNjMjM5OWMyOTlQF9/8P94ZKieMRgmRPhumfi4XHA4xPD1DwA/4iTQWSHozYrSmV5HaMDG+2SZH5LV6u6qB9LspPAKWTzn4g4CK', NULL, NULL, NULL, NULL, '1', '2018-03-31 06:34:00', NULL, '1'),
(123, 123, 'jennifersamuraix25@gmail.com', 'x6BMtte_ivMcUdqTCrb5gs28yxYUumko', 'iLdafBsMDVLk3nlh+G59sWU4N2MzOTBhNjkwMjg3ZGVkYTA2MjFiNTliMjU4N2MzNTVmMTU3NDc0OTkxOTc0MjY1YzBmMmQzMmE1ODdkZDg6mh68OoX/DRNhUxRUbPwH5p+Ndl/a3SxLcTXQePm4jY1tQCrlAZMGA3JruADsEV0xT2sODtOi1gJSlR1bB/QQ', NULL, NULL, NULL, NULL, '1', '2018-06-04 07:28:00', NULL, '1'),
(124, 124, 'meli_4572@hotmail.com', '3JmZFWMGLN95HJMnQ1XVaNuDUvgikxoO', 't5spDbyeNMAth8r5eYkRHWUwOGI3NjIzNTZhYzRhYWI0ZWVjOWZmZTJkYzVkMzJlOTQ4M2YyMjIwNDVkYjIxOWM1ODlhZDYwZjc5NjcwYzO1ilNzZjYhShikyBGxh5qM7lF4UMyfJl4sszorTmyX9MIuzeYsQVyxpWggo0D4fQxRJgTkbHC4fclNPgicjeWe', NULL, NULL, NULL, NULL, '1', '2018-04-03 02:51:00', NULL, '1'),
(125, 125, 'haroldtorres_1713@hotmail.com', 'UC6l2igNoJj6LKv-_jzwR634-LkfP3Eh', 'idoc1QI93VElF8dgfYAm5jY0MGZmMmNhMTg1MGNhMTg5ZDBmMDA3OTNkMDBmMGVjNDcwNjk1ODQyOGM1NTI5ZDhiYzc2MGE2OWI3ZGRjNmS27u0fP3zscdXrN3bdUK5cFzefdeDgKU9SehBLXDKQj9f9Oqyovpyp2qfmSv3bTuC+WkwjMq/B9VL6KUd5HpSR', NULL, NULL, NULL, NULL, '1', '2018-04-13 02:38:00', NULL, '1'),
(126, 126, 'anjoada24@outlook.com', 'yGuzwBuQQZklx6zXRRZGWrBV59njGQaE', 'dn1vM1qEfPjRQ3HLMbb7ETgxZjE2ZTYwMjkwMDljZmFkOWM5NWRlYzIwYzI1NTYzNjllNGRkMDFjNWE5NjJhYjg0OWY0MWM5ZGY1MTQxZmaRRnBIET0HfnAtFucPCvjZWzFRypuKe2iQQf6RIXvNRQtpJ5OXsbLp2dWvCIrBlaA2PCmJkYiq6duDb60e19kU', NULL, NULL, NULL, NULL, '1', '2018-07-16 07:30:00', NULL, '1'),
(127, 127, 'juanquinaluisa50@gmail.com', 'S6TpALukqeo_xc8nAbBC8gaRKnWh63h8', 'F8E+7OVyn+YjjT6RA67szzY5MDM3ZGVjNTk3YTRkZDRhZDQ3OTQ4YTliMzFjZDhkMmE5MDlhZmNkZDI1NjIwODgxMTY1ZDBkZmIwYTJkM2Mkhy8YxJ1DussbyGyb78iVdLRekYQqFxAOSIEtUPKE48cvsKQodFm2F777luZ0diKB2fHsnUj9o3ebh8e3xXF5', NULL, NULL, NULL, NULL, '1', '2018-04-05 08:54:00', NULL, '1'),
(128, 128, 'cachorritachone@hotmail.com', '6RbWr__kZCNrS5uF5N2RsQ3B-AESvh-7', '7+6v300hdqeKBUeRjS8FNzhlOWY1OGQwZmZiMTIzYjY0YWEyNzg5NmYzZmEzMzM5YjgxMzI1NWM0YzljMWRlNGY2MTVjY2MzZmY5ZjMxM2XXJrnjfreHC4UvKd4A/9fDq2c+/dGNpZBJ9kw2+T35L1o9Rheoe9Yorv1mto78VBqWbfWrab7cBCSvBQ10WbQA', NULL, NULL, NULL, NULL, '1', '2018-04-06 00:34:00', NULL, '1'),
(129, 129, 'raulfloresmoreira@gmail.com', 'FaguZHBnpI03-OL19ngPWt6vTW3WnmOJ', 'VzY4ymnzw1FKp94buN/OeTE4NTg5NDg1YWYyMTRkNjkxZjA0YmYzZGZhYTMwNWMyN2MwMGVhNzg3NjcxNmM3N2JjNjczMzU1MWZhYjQzMzfPrCwGUUFUrGCXchcSd8+zHybTdqMuU3TI75GvHgjIkQtB6Dda1AdkAGAcy1hCsa+hk02/yas5eC198TKjd4qd', NULL, NULL, NULL, NULL, '1', '2018-04-06 02:12:00', NULL, '1'),
(130, 130, 'baquenarcisa16@gmail.com', 'xexAKaKhm7sdglYXNLSkCv2Mvi8a2Gy2', '8Vs/bfT+rjfwTWlHzNeabjNiNWM1MGNiYTE2MzVjNTZjY2EzMzlhM2VlNjQ5NjYxOTk3MmM1MjhlYzNmZjgyODBhNWZkN2Q0ODQwM2UzZWNvnxQedITrL88tsNUalYFCJnWjqwMkc5JvdBlgVsnQgF6Eee4qDihcL1TZfAyLkk3b8r8MOQ/uxG+uLqx7svpi', NULL, NULL, NULL, NULL, '1', '2018-04-06 23:56:00', NULL, '1'),
(131, 131, 'nicolletroccoly@hotmail.com', 'HNkd8t91Tfpn0uk2Ga7VclcUksb0Ql8t', 'L5lweZ8DtA++99xLsFzMVWQ5YmMwNzE3MmQzNzMwZWRiNTVlMWJmNDI2ZTRjYWNmMmYzZjIxNDg3NzZkZDU4OGU3Y2ViYTM0NzMyYTNlNDaR8WWzBl18DmqEwgySKFsJfIftrz8rx8i9rsGcswgGy5kzHD87xQ5M9JjOhm3YulXmXqYTfUEs4CX/2tv1LElc', NULL, NULL, NULL, NULL, '1', '2018-04-07 05:07:00', NULL, '1'),
(132, 132, 'renelagirlcastellanos@gmail.com', 'OiiGbgq1Wob_bTuJk-IJFjg9i7WMDTwH', 'YfsHpPpH0gKf3zZUcBVMTzg4MTk4YTA2ZTA5OGQxYzYyNTczNTM1NGFlMjJlMGYwYTMxZTFiMDBhNjE2MzQxMzBmZDBhZTNjMGE2OGUwMzkIpK+8JdnOVU08lNE56mbCbi/m/8N+/iEIOX5loDbm+7Sr5ZqL34QP0DFpvNP+H0gZzPD+QwuCcEXxgaB13eIV', NULL, NULL, NULL, NULL, '1', '2018-04-08 00:52:00', NULL, '1'),
(133, 133, 'stevenmuoz86@hotmail.com', 'M5fBxto30y6W3aIrahBl4ZnOt8o6LEDw', 'lz/bSDIwxPUckFrfJtKARTI2YjRiYzNiNDUyZjNlZTVkZTU1ZDdjNGFiODMyNTUwNGE3YTdhNzBhMTUwZjVlMGE4M2EyMDdjYjZjNzMyM2b6JoTVwZjyHwZCOjtEwDI7zGS2pKf98brrtEk+iw45QUQje4rNEd6qWivcoSY0q5hzs8HvTlNWfy8+9U08Xsff', NULL, NULL, NULL, NULL, '1', '2018-04-08 22:50:00', NULL, '1'),
(134, 134, 'candycaramelo1980@hotmail.com', 'MYunNXoCp71O_mJL6sQHEoz_NQfDJf6B', 'xzLpn8noBL1dWfghZCGCLDhkYmE5NWM2NTVlZmIzNDhmMGUyMjUzODQ1MmJkN2UwZjI0YzBjNDhhZTM5NTFkNGVkMGY5MmExYzQ5OTg0MmKKRFg5rT4YeQlznd3gAZq3fX0usBe10GLEBY25Ja/EMyPkYCfsUur1DINQO0pACXxqFtQ8a3BxfSocSGaGkyPA', NULL, NULL, NULL, NULL, '1', '2018-04-09 21:43:00', NULL, '1'),
(135, 135, 'edisoncoxe@gmail.com', 'SnRZfkN-zRzZOYxzs0_gd5C75Dhsm_tH', 'LrkF423BnFhQ6Txy39bZnDgxOTg5MzE4MzRlNzVmZWJhMjUyNzRlOTUzMjAwNjkyOWVlNThmZDk4ODE2MWQ0NjU1NmQ4NjBjYzgyZDVhYTTEf+/ENSfX4xO6rmyrHQIQP6CkZYgWVcLiVh5zXgrlHCwyX3gwRGbo3hUcpx+R/4PGBuU1xcH9nOUZ0+t05SBK', NULL, NULL, NULL, NULL, '1', '2018-04-10 04:50:00', NULL, '1'),
(136, 136, 'trinidad.cedenio.78@gmail.com', 's3PxVluPyCH7LTltEgz9fV0zIplgCDuA', '5pGIBH3RiKFopbDmW1fRUzJiMmE4MjgxMmU5Njk0YTM2ZDgzMDJlYmRhM2EwN2IzN2FmNGZmMmJhZDg3ZTE4MTZiOGYxZmJkMTcwMDAwMjG/AuyJLqLoxDXc4HJ6YY7a4AWX7meDYzTE7PTf2KYFTeJoZ3RlFg0PO7r9wE9thfsspOQIQ3tSgAsxD/9wVlOH', NULL, NULL, NULL, NULL, '1', '2018-04-10 08:30:00', NULL, '1'),
(137, 137, 'sebastianmacias77@hotmail.com', 'OM3WUIysksKLyh0UYA-wF0fXZZpfAzkH', 'UJdI5PESGbtfUF+zNXiR2WI3MWM2NjA5MDM4YWFjZTlmMzkwMzMzNzdlZDY5MWE2ZGU3MzQ1YWJhZGExYmU4YTEwMTNmZDNlZjI2NDBiM2M+0z/qBsB746BlwSdBY31jKPXS4s4SuN49zRw2Riq5pHYpsq0qgkrIwUOnlUfg3HWRiLkvY76171/qlTpitoC7', NULL, NULL, NULL, NULL, '1', '2018-04-10 21:48:00', NULL, '1'),
(138, 138, 'israelandradeg@hotmail.com', 'WiQMmtmiAUs5P4ApzvGO5WDVMwOGnPjB', 'HPq55VQFEruubkKOJc9mAGU5MDZkMTJiOTNmY2Y5MmE3Yzc1YzRlMjk5YzEwNDc4NWRiYTc5MjYyYjI1YTQ0NjJkNDljNTA2ZDRkMWY0ZjT3fnniAq1YOLxPofsj//fFHzn9AuHZnGuelFWYxjO6RIJnmzd0UPE85DhRdXQx0qV1zPk08ls61Iy1PqTwsO55', NULL, NULL, NULL, NULL, '1', '2018-04-10 23:34:00', NULL, '1'),
(139, 139, 'jazminquito_1999@hotmail.com', 'bWCNzVafxHX_NdL1ZNKEChAEfWgPM53-', 'tZjzUnRjG42eFoJtov0ZtTg5NDBmMDg3MmY2Zjk4ZmI3OWQ5NGVlMWM0NDAzZTU4ODdkMjIzNDBlNTc3YTEzOWE4MzAxYmFlM2EyODY1YjnWLHYhAc0TzrP+z9cAbGiaH5X6COu+rYH8W4DzZFMmwZdEMupQd9bDdGz2Y6ZQjZGoeeAmrYRuwM/19RO3jAC6', NULL, NULL, NULL, NULL, '1', '2018-04-12 22:56:00', NULL, '1'),
(140, 140, 'k_s_smebaby@outlook.com', 'hrPnU3KZ8NKZT7VWh4XOimQ33U4_jpdU', 'p4GkuqPLcoUm+GdWgWCdMDg3ZjZjMjJjOTc2NDliYzQwOThlMmQwY2FiOTY5ZTEyODcxYjU2NmRhNGRhZjJkMDE4MDMwMjJjZmZkMGNlZTJYsBJ325VqLx1oDfmAs8igMN6OH6zbOTRwIvH8Re3uezL9vf5aX2bMBq4JCmCn+aeitbmPxOdaal9/ALwoMZLq', NULL, NULL, NULL, NULL, '1', '2018-04-11 21:58:00', NULL, '1'),
(141, 141, 'virusrossy@hotmail.com', 'NrF_XEr3Wdf3CcY7LzIbi-gAsZdxuhXP', '7xrUCkx9yLlZwkAZsJrK1TA2MTRjMDhlNGM0MTU3YmE3NWRkNWNkZDQwNmY1MDFmNDNjYzMwNGMxZjZiMzRhMTFkN2UwMjlkMGY0NGRhYzEBq5xVfq3FgU7ZsTJd7+7zX0T2OLC1i1lSo1ANLo7pgCeWaeDkKR5Aqgs7FT/SIMDFCJ2ESq24RQyLWLzn+fxG', NULL, NULL, NULL, NULL, '1', '2018-04-12 01:15:00', NULL, '1'),
(142, 142, 'quitui83@gmail.com', 'Q09eF0Se-1l9-o-Kcr4dRBGTyHUu-W4T', 'pRMrP2viJ4WIHm2nnVNfMzA0NzViNzJiMDRkNzJiZDhlMDAzMTVkMWFmNjU5ZTY0OGRkYzg5ZWRkZWEzZGMxNWNmYzJjMzUyNDA2ZmM3MjiNytAYx05tbgsYA5yWkLnQmEefnschv/w6NMXKpAF3oOyqhztNv3nolHj6JphOSl6WiRAZZPBHgGWHmoqD6zxk', NULL, NULL, NULL, NULL, '1', '2018-04-12 23:02:00', NULL, '1'),
(143, 143, 'nathy_josth@hotmail.com', 'mGRTD2gbuFTUCdSvo8TkEsoqtUADiA_j', 'b+EI/WORCzQbQAy3+Vtka2JhNjU1MmU5YWQwMjAyZTg0MWFiZDI1MmEzODQ4ZjMwOWI1ZjZmNTlkYjQ2NDZiNDdlNTRjZTZlMmE1NTcyZGEh257R87gKH5ig0abwI2BEAbT/HA/VJSOq4hdsCV5ooll9YuKu7ew+RdE7L0+L3f9zbDGwCqJXV0I9RFF/RE8b', NULL, NULL, NULL, NULL, '1', '2018-04-13 00:20:00', NULL, '1'),
(144, 144, 'pgutierrez@cuenca.gob.ec', 'XLnMcBNdLEO_F0I5VbwQTszSyChCp88C', 'L0qPoyFMChM7GM4iZQpKzGM0YzE5MjVkNjNhYjczNDQ1NTM2OWU2ZjFkOTUyYmM1MzFjYjQ1YTM2ODBjNzMxZjYwNjEwYmExYWJmYjcwOTEYRSo9k32HGL7hOKTng7rnbyuJuRFVrqH13zMAoFBSDsc+CPr/YqOqNDhjYSY/KEfJ/1yddkb5W1F3PKde2f+n', NULL, NULL, NULL, NULL, '1', '2018-04-13 03:58:00', NULL, '1'),
(145, 145, 'wilyfer33@yahoo.es', 'xWklwMvxlvk9ijfh2PLlt4KV0z7E1zap', 'nSDnOYpbFm8IcFHKv0xzeGI3MjlkZmY0ODM4NGFiNTNjY2Q5MDIyODYxYzRmYzgwMzQxNDY1YWE3OTU1NjU1MGQ1OTg5MTk5NTAwNjcyOWPomJc8hPDFQ6iekgrxxI6pLPxDYS8oHibNq6Ud4Lp5Q9+ksAWJxAKsVJyxtL0fe+ciooTndNWBy/JcaE52UPwC', NULL, NULL, NULL, NULL, '1', '2018-04-13 22:05:00', NULL, '1'),
(146, 146, 'andreaarreguialvarado@outlook.es', 'YRvyXvpNfWwJEhWbMvF4Q-kIVnNSFkX-', 'Q9mpZgx4JoQi8Z9rqVUd0TA2NWJlM2ZlYmY3ZTJmZmM5NGI2MzQ2ZTdhOGM1MWQ3ZjU2ZThhNDhjZjFlYWU5YTE0Zjk5MGY2YWE3MDAxZDg1S62ixRWy/oH0uls+P8L+T8FNntIpLrhDef5asBdHu+aCeeIbPVfWHoFEjx3knrHCkw09zTl6wDeOfHqbgHaC', NULL, NULL, NULL, NULL, '1', '2018-04-18 00:28:00', NULL, '1'),
(147, 147, 'lif0317@hotmail.com', 'hlzMAG3lPHtM_V15CuDcJudxU-ryxXcc', 'siZuz8491vBIkF4tfIlrZTVmZWYwYTVlYTVjMGIxOGViNzJkMGE0ZmEyMmNmOGNkMWQ1NzE2ZWI4NmNlY2Y4Nzg5Y2U0ZmFlZmFiMDkyM2bJUeA8X+NOGcxEuICCVOJSsHUV7qjQrTM+A5E3MolsJnKurIur1RA1o6w9VbQPBr97RSeHIz9FbHCRfoJPadd6', NULL, NULL, NULL, NULL, '1', '2018-04-18 04:20:00', NULL, '1'),
(148, 148, 'w_illy84@hotmail.com', 'ww7hPaXpql0Nv-3QlWXn5758XixOjDO9', 'IlnjvGHyUeo65vpYM9EsCjcxMDBhZGRmMzU3NGI4ZGY5M2QxY2M0ODM2MmUxZjU1ZjdkM2Q5ODk2MzVlNGM1YWY0NTgzMjM0NTg3ZWE3MmY+PMjNN2t1KCDDlT7D4tYEJPcUQeZlqxNBpKSC++Y6aP9Qc0WI567exhkOs4B9gCNS/04gthdXiOlMJo3DNp6E', NULL, NULL, NULL, NULL, '1', '2018-04-18 04:50:00', NULL, '1'),
(149, 149, 'solartejair@gmail.com', 'xeWJHXxkYd36bEl5lThLf1cNge2B5nRT', 'sZ6Tqn3tQFe49R6Wjg208TMyMWEyYmNhODFiZGRjMzlkMmRkOTExMWIzZDI0ZTQ0ZWM2MjNmZTAwOWI2YTY4NmFjMzc1NzI4MWVlMzc2MWajoFCCYdQdw6jCRaLO75hEP67mgYbU2ksXPI5gK8GZyvBhsSih9IrPQeakKOmA0orRLFFTdtY+qQxO7N6DVS/p', NULL, NULL, NULL, NULL, '1', '2018-04-18 05:01:00', NULL, '1'),
(150, 150, 'jennyave85@hotmail.com', 'ATWSt39XhQaC3ZbompCD7DGWZL6AK4JR', 'Hjp5xvtcocMXsbPa+Ub7tmYyNjQyNmRlYjBmMGQwNDA4MzVkN2NjOGZjZTNmZTEzMmJjMzA4YTMzMjA1YjJiZjM4ZjE5MzBhZGJlYTUwNDb3jcGqAEZYC8wm55wSa/lfewqxWwj2gLu1RDbtKtykczpT7xq4+cBbySvqqY1l+TaIjuZgBknELKcoHJDVrZDg', NULL, NULL, NULL, NULL, '1', '2018-04-19 01:16:00', NULL, '1');
INSERT INTO `usuario` (`usu_id`, `per_id`, `usu_user`, `usu_sha`, `usu_password`, `usu_time_pass`, `usu_session`, `usu_last_login`, `usu_link_activo`, `usu_estado`, `usu_fecha_creacion`, `usu_fecha_modificacion`, `usu_estado_logico`) VALUES
(151, 151, 'nixon_erick_cede50@outlook.es', 'oVrn_jx8ZR-Ga9WFEWubdolhmtcnXn4L', 'VFgP2akaJCzhCcMiX+E92Dk1ZTlmNDEwODFhODJkYTQ1Zjk5ZjZkOGZhNDdhN2YwZjkxYTgzYjg3YzU3ZmUzZTZiOTk1NjBhZmRkMWYzOWE5xEAzcjfclYi/9PwjcIf2UqgQuxg0ecxcVSnBEfiz7MCl0dqjGZfzvbepPh5BRfvLTbx3WX3JhCil3b3Nfnt0', NULL, NULL, NULL, NULL, '1', '2018-04-20 23:14:00', NULL, '1'),
(152, 152, 'pttyvl@gmail.com', 's8TjgzI2geuNAaj5XQyj4OAYxyotO-5f', 'cDvWMjkL/+Da8Vohxyb4eGRjNDZiNjI1NjkzYjRkMDIzYWM5NGVkZWZiOWZjYmIzMmVhZTFmMDhkZDk5YmQ5MmEzMTdiMzFkODY1OGVkMDQL70ADAnADtz7x9g5DQIUSLxJlDjo4mgFq2iXqYtt3fzazI4X7hhmNzLgoztZi2yzCM5ekU/WM1EZXx4LPKQgE', NULL, NULL, NULL, NULL, '1', '2018-05-04 01:32:00', NULL, '1'),
(153, 153, 'andreselfantasma1@gmail.com', 'qQN7HRLnkfYC3XK8dLyEo0EQjPG0dAn0', 'c76qNSPpBcn41bcvJfYU9jE2YWRjNWE5NzUyYTQ3ODEzMzI5ZjI2NjNhNGUwYmFjOGExZDhlOThiMDYyM2FlOGQ2NWFmY2VkYmRjNGJkZTV+/NYanpfmMUHFyZiv4chScPoOMie5CBTok7d3tp+gQI9g9YGxzqjVhtl4uNdLnMocGAXOO2xJeWG1OlwuVGr7', NULL, NULL, NULL, NULL, '1', '2018-04-25 07:39:00', NULL, '1'),
(154, 154, 'carolinaelizabeth144@gmail.com', 'bnQZlF3zYkc2g4GdMB7sI7Zm0uZhRYsL', 'Ua6qF8rVZ17/9rBvAZSWdzBlYTM2MjRkOGUwYmMwZTY1OGFiYjc1YTRhNGM5OWIwOWU3MDFkM2EwMDUxZDRkZjZjMDJiNjhkNGY4YzNkOTGfVRRWxTBVfwa8V0X3WwL+BXNNqxlHUeXAsooBhNIIqCHA44E+in/KC6qtG+YQfU8t3xARQB0XJl4Kmhdqw2Yv', NULL, NULL, NULL, NULL, '1', '2018-04-27 02:24:00', NULL, '1'),
(155, 155, 'alex_salva2010@hotmail.com', 'UJGKghb7q-tWvM_XpNhHhLnjXdWw62Rr', 'GIn+6IWeEHzyHE6kd1HaEjVhMzY3ODE0MWM5YjQxZmYxYmNiMGY3NmEwOGY1NzQ2ODE4YmU3NzFlMWQ0YzhiM2U4ZTU4MjJkMTkyMTVhZTZSdRg+hJg4KEMSQN2ZTuFH14xy8+QfDZx0RLHtewvrbxwkPAXHMyM/2cdWEk63pqzOC+uNAqstyyyGYwYr7TM+', NULL, NULL, NULL, NULL, '1', '2018-04-27 23:25:00', NULL, '1'),
(156, 156, 'gla_aviles@hotmail.com', 'ohpHlngLPqSeIMQtI8mg5WEcdoB3c7YG', 'qRDRNpNf4nmBBPJgKUkliGIxODMxNjM2OGJhNjk4N2M0MGFkODdjYWIyODM0OTcxNjcyZmQzZWU3YjRkMzc1NzhjYTQzN2RlM2ZiZmMyNzYaiRQBlPU61Fui2GtpLe6+eZPHbT0tULxHbqdqt6Rj4Qt3S38LA95+GQrIaN7Cw49EEf+V6YqIrrBnHauP2k3h', NULL, NULL, NULL, NULL, '1', '2018-05-03 02:41:00', NULL, '1'),
(157, 157, 'morenobrithany@hotmail.com', 'xU_vYdoFvCtvb4dplmOuU5L9GW3IeoQH', 'gEvJicybacuwLexmSoANxDRlYTljYTA4NWU1ZDRjNjU1YmUxYTI1MWU0M2JiOWY2MzllNzRiZDdmZGZmMDM2MjE2NzFlN2ZmMTBiMGFlYjaY5xJPZghQ/BMVtUL4xzvpDr0PlLAS8/+cL3JKVx7Q0SDOL7nmemYG+alFPNASjLqGcBCvIZdQontCBYc3peP0', NULL, NULL, NULL, NULL, '1', '2018-06-30 22:04:00', NULL, '1'),
(158, 158, 'jorgepazminosotomayor@gmail.com', 'lhzlV8tugpAOaLaz-RwnVHGLFRyGVd2s', 'sW6w/o+31nigDnflHSTSXGEyNzI5M2Q5MzM1NDNkMjU3ZjA2ZGZmZmJlZDBmNWM3NWFlYWNkNjEzNDFmMmY4Y2M5NDU4Zjg5MGE4OTZjMDQ3hi7kMmTmr4d4O8pgJoKn/+gp215vFtaa6vXyhllSKYWsOsgLi2qJetH0R49GY73xfcBPIwsITfZpJW9MQQtz', NULL, NULL, NULL, NULL, '1', '2018-05-04 21:00:00', NULL, '1'),
(159, 159, 'jenny.j.fernandez.l@gmail.com', 'wGI7okSPXhww3HNopykRzG6rZ59YKbhW', 'hgIsNdNDQ10J/wdlB4QBFzI1ZmVjYWY3MGQ1OWNkM2RjY2I5NDg3YzU2ZDg3MWRkZDhkMTRlYmRmOGI2ODE2NDMwM2M2ZmYzODU5YWRlOTcfOigcHkj/SN+UTcarqvb4VFtSuRqbj3XdB27Mos5ZiDmJUgRGxtlenrUkqnx+euscdwe593MGn4a9NzClkjNs', NULL, NULL, NULL, NULL, '1', '2018-05-04 21:25:00', NULL, '1'),
(160, 160, 'ssuanm_13@hotmail.es', 'j7R38wYcealQueodvFocFVP7UfyQVPuD', 'wD7np8absnGgaf8GEBOn/mZhYTc3NDIwYTM0NWQ4OGFmM2FhYTllOWY1MzM3MDVlNGVkNWM3YzUzMTczZjg2MjViMTM1MDYyMzdkYTFhYTFKSoNjSuuZo3UBSuBDgDAJcxhwUDg8twZykh6DYteATBcm+/RV1jqJWT8QufUD8Ch6J8eVkpI4UbC61OH8to6s', NULL, NULL, NULL, NULL, '1', '2018-05-08 04:52:00', NULL, '1'),
(161, 161, 'geovanny_auria@hotmail.com', 'EZRPdp2Tp9x-0YJBTijSqbbFQ-W-tiEG', '0EjQ/qXERSP7SL2EtKUkMGMwZDI1MjJkZGQwZTUwMTBlZWI1NjE2ZWNjMTg4YTIwMzU1Njc0MzM1MzAwMTQ4NDVmNjFmNTFjY2UyZjI2ZDUan54bVm3uX7jJTBjcW35BZNorKThP0VuVBp0oq5jU/7wZ6l0d7TH/KJ5NKnH+T+AZNVhnlnqx7gXT6qnajUOz', NULL, NULL, NULL, NULL, '1', '2018-05-28 19:28:00', NULL, '1'),
(162, 162, 'mautj-100@hotmail.com', 'jrqCtP0YFgWXlOtVV6tlQgIl963AHtux', 'LffelLa/iTR5SlzjEjKat2I4ZmQzZGIxYjMzNzJiZDg2ZGVhMjQ0ZjkyN2U0ZDcxZGEyYzlkMDg3MDA0YzI2ODAwNjU4Y2Y5ZWY2YzdlYWHdRa6B7jcUlaJIbEYUozyWQZNPdZENuruDLpvra/ouIfpRuDKdOVJkcL/LwA2ipYOKhntWr4uqKdeIJWNKN0/Y', NULL, NULL, NULL, NULL, '1', '2018-06-09 22:55:00', NULL, '1'),
(163, 163, 'jessypao23_1988@hotmail.com', 'WfObFwLrzZMJo0y7bjp5MPGatsoFEsdM', 'ezMqf0U3rMCqU8qfaLi9gWViYTk0NzJkZTYyNTBkOWQ5NzU4YjM4ZjU0ZDc5NzdlNmYyOGYxOTZiMDA1YmJkMjg5ODNhMzI5MjI4YWI5N2VXNt+xlEjKj57FrJFuUiodaL9RsHYPGLsyd7Kzg7jU5IBimiUhYpViKm8S/W1KOPwcuWAWgvMOLmXk4ucuNTH0', NULL, NULL, NULL, NULL, '1', '2018-05-16 00:51:00', NULL, '1'),
(164, 164, 'freiremaritza@hotmail.com', 'i0R0IzrXfQe2GqVb6wlDmITZONzLzV9-', 'j3DPFIZ1LIKvAUHBIJ9l+WRlYjhhNzFiMjc5NTAzNDIyODVlNWEwNDAxZGRkNTNiNjFkMDBhMDJiMDhhYTExMzk5NjZlMmI4ZDE5YTM2NmWI7Ff478RNaagOBpUz4cwdC8Fbz+zjtw7I35zkATftBE2UMMpe3YkUC3WQIfMGeutImjAXE20mmnepXBoomAoT', NULL, NULL, NULL, NULL, '1', '2018-05-17 04:40:00', NULL, '1'),
(165, 165, 'johnsalavarria2321@gmail.com', '31iJ0I506Ed19uIlyfwW5nxwZIVUXxjM', 'cwI2eN7Kvd2XCdZ9RIMI/TNjYWEzZGFmNzI2ZDU3OGE1MThjZmUwYzY2YTRmNTVhODUwNWFlMjZjYmI5YWUxYmY5Y2RlMGVlMWJlY2M0ZDC7w7KwoCxGYXt4SlaCjP9E3sC0ZDrK7Zb4x44XzgtdiwVVkhtWiT05pghl17s/tgmNnlplCeTfxwhGBjC0uScZ', NULL, NULL, NULL, NULL, '1', '2018-05-19 02:09:00', NULL, '1'),
(166, 166, 'gmkelly.kjg@gmail.com', 'BjAKhw3I5kyPBdFn7u470J6TJX3CmmwC', 'S5cm3gIGKu+3jJGQwImWrGE1YzVhMTFmOThmNzQ5MTNmOTUzZTc2OWY5YzJkNzZhMTEwZTg1ZDhlMDA1M2QzMzMyY2JmZTc2MzljOTgwMzFhcJTrqdaCrOBbpCykZoJ1ssWRsxrFNW/hiZqXNIc49701ecg1tII+kLIe0GAfIsI/6Mey3Dk/ggf/e0X8kw7I', NULL, NULL, NULL, NULL, '1', '2018-05-24 00:31:00', NULL, '1'),
(167, 167, 'vacs1179@gmail.com', '4VuNPLZ1Mb9J8KDh08xvBkejyvbzgpib', 'SAdmRjphE8eYPIMW5Vs8gDFhOTE3ZDA0ZTBhYWQwMzliYWQyM2JjMzE0YjU1YjdjZDc1MzI3NWVhZjE3OTM4NTg1ZThiZGQ5MDdhYjIzMDi0iqAE5NP8fikBDrVZWHkn/4efVZKruqo290ORwbSc2uQ3UNzW16KgxKR/XYEP2bQrn/nocPDbMmkj0CmstZVU', NULL, NULL, NULL, NULL, '1', '2018-05-29 00:19:00', NULL, '1'),
(168, 168, 'jona_punk69@hotmail.com', 'XYfAHlGLNSVS1PRGB__5SAeKQI5EqxbA', 'rAvGM5NSHb08hUXSGa95IDgxOGZkMmE1MTk4N2JhNTE1MWVmYTQ3NzlmZTk3Y2MxNThmZTlmY2JmYjI2MDVjYTNhNTkyYTY0MjU1ZmRiMzEESsWem/MHj/+u8W+NW+8ZnpSKH1o2YrUNDongWqAxWhR4Ymws2/OiGxrHVExQ86se9vM58BEaEH0OKAfE/Cmp', NULL, NULL, NULL, NULL, '1', '2018-05-30 05:18:00', NULL, '1'),
(169, 169, 'fabiansayo2912@hotmail.com', 'gBSKsY7LCAZQjVKbLIjKTSuopp58Nuzq', 'u6cJMlh8XG5Ze27fAxkoEzUyMjZmZDhlMmViOTUxYTU1Nzk2NTI4MmRlNDE3NjRjZjZiMmI4NzVlMzJmYjM5ZTVhYTNlOWQxNzY5YmI5NjERZv0dM70/KUIX8Bu6BHZAHBMz6eArybUJxDaThTwKsWxPe+2nis+tIzljeXJ0SSspfozTkjUP3r3TlASSFa+H', NULL, NULL, NULL, NULL, '1', '2018-05-30 20:36:00', NULL, '1'),
(170, 170, 'zaccida86@hotmail.com', 'wJBucsvR_aaWWOmGq9Q_FAbD97jRt0FB', 'hQbSvTi8/dJohsCeGlrGNDg3OTNhYzY3ZjQ4YzkzOTJmZTA5NzA3Zjk4MTRlYTIwMTVhMmFhNzk4NWQ3MjgyMzU2ZWFlOWQxZDA5ZmE3OTIEIXbglFwSNvs4p/fZlPf6YK5Vkh9ljqWdd/ob0+r4rWIaeAPayAqouhQhH1Bd4dq+OEFcjfuGJm14OXZAJbNR', NULL, NULL, NULL, NULL, '1', '2018-06-01 03:14:00', NULL, '1'),
(171, 171, 'nancympj197474@gmail.com', 'uXl56if2AiMe2jkZ1ziBtMj-t2xvqPPP', 'o5yCJdO+r45Lhg4T2KHL+jk0NmEzMWQ0NDQwYThlODcyZTk2NTYxNjBmNmUzZjczMzk2NjU4MGZlZTNjNTE4NDM1NDM2MDM2NzIzZTFiODPY/TVy8aN5ps8+ntvKOGECwHipsQAVnpave1IFFp/WGSRY+cyqF0ln5LmYwxREK71OqUVVgzKpNpJhHFbbxxf0', NULL, NULL, NULL, NULL, '1', '2018-06-27 05:16:00', NULL, '1'),
(172, 172, 'catherine1990@outlook.es', 'CoyyqbJ7pC-x0mKr0WHfyondQQu9-yyK', 'lsVW1lJhtGVU6be7BQrdpjllZDc1ZWY3YTdhZDgzM2ZhZGE1MjZjN2RhMmQyMTNkM2MzZmVlMDI0NGUzYjdjYjJjNTkzNmQ4ZTRjZmI1YzM9le5RTzXB1cq9vWtAt26yUqkdmjuUb/YmrNv2O6aLzfJ1WwqOkFoA3neYcrQ0gj5K8WweO2DdwRayTTqlhR64', NULL, NULL, NULL, NULL, '1', '2018-05-31 23:53:00', NULL, '1'),
(173, 173, 'ruiz16387@gmail.com', 'IpDQvtGT9z7yy6AsUWtALAao8P5APlBd', '#¿NOMBRE?', NULL, NULL, NULL, NULL, '1', '2018-06-01 01:21:00', NULL, '1'),
(174, 174, 'auquilla-angel@hotmail.com', 'YHrH7TBaTvYmf-o_-un4ND013HI5C4_v', 'DsCvpeyoN6RKKD/kqOuHeWQzNzE5MWI4OTM0NTBiNTFjY2QzOTFmZTllY2JlMjI0NzY0ZDYwMzFlNDg0MjNkYjU5M2QwMTg5MTZiY2JjZmTo3SUoq4UHhZmB4KGDuAHWs2X9EGifXVdscYMBVnl9izKyO21uWx5PKho3Ed+MsQCFKbfFkioe0Zg5We7qB9EW', NULL, NULL, NULL, NULL, '1', '2018-06-07 22:46:00', NULL, '1'),
(175, 175, 'vebehinco@hotmail.com', 'Y25U2K0PE2zXUeSIOOWXD02igcDkoPyK', 'DUwRInu3bWDS//83JYxdMjlhN2ZlYjBiMjNkNTk2OGUzYzBkYjkxNTFjYTNkMzZiMGMyYmFlMDc3OTVkMmQ1ZjVhMDg1OGNjNTFmNTliNGERDfZm971HqPs1pFNvKWhSJiiHgUA3AIgs6MCUFMP9uWcNHWXtF9aDi2hj2ZE7YZ+sebRe1q1KIVFQpjW2wXXj', NULL, NULL, NULL, NULL, '1', '2018-06-04 23:38:00', NULL, '1'),
(176, 176, 'betcruz97@gmail.com', 'V_v20OeD41cGX1ZiehK35lIU74-FvySv', 'o3+LZ1YJgf9g/tXkHClAgDUwMmI3ZWUyYjhjOGRlMDA1YzQ1YWI5YmU0MDJjYTBhYzM2MmQyZTMxY2U5MzM5ZjIzNDQ2YjhhMDBlM2ExZTOB3dmTAF+cgtrLkrzZYM/RIImfcKa5zXZKPHq8mHYcQBHR+zrD/mAh63x4Ym7jw615BDWmDyX6LAGs3j3YKDaK', NULL, NULL, NULL, NULL, '1', '2018-06-02 21:14:00', NULL, '1'),
(177, 177, 'adriantroccoly1@gmail.com', 'opOKLYWOwrraEuQPtkWZiGTVSSF3_hbh', 'BUstUbgOh2Dl1syRycKWAjg4MTNkZjU1MWQxODIwMzI2ODg0ZjJhNGM1YzVlNDQwMDkwNDdlMjE1ZDU0NmY5OWExMzFkMzQ0N2QzNjJlNWNDCr6LBsnDyoZzBjvxSszRH50TddqATzJW60vMfOhjZ/T/prl8YjKImoNcpZD/P+L7omB7+fl9S4BrunqpC7A7', NULL, NULL, NULL, NULL, '1', '2018-06-05 02:46:00', NULL, '1'),
(178, 178, 'karen.r.2014@hotmail.com', 'v-3UMKu-TMB1J84dp8ciM9Fof7bdMfQb', '1l+QGWnseQpa/oCRIcLtozk5MGJjNjJmNDcyNjEzMzQwZjEwOGI1ZmUwMWY3N2Q1ZDM4OWM2OTU5MWQ0YmNkZTY0MjYzYjI0OTc3MTM3OWUkvGOU3mZMcAEjnMZ3m54QZ6fU6gpWJmApMo11h18NuObW3mMFD5gqB1/+O9B9pshedsQ/qNKUUUe9Ok5LggUs', NULL, NULL, NULL, NULL, '1', '2018-06-05 23:46:00', NULL, '1'),
(179, 179, 'ma_elenac@outlook.com', 'aUJ00YGCGpuL47m3kJnp77BRpoChCW7E', 'UTOFz3nGo3u9ooJjB8ewKzg3NDFjYjBhODkyMWI3MWU0NTUxNDM5MjU0N2E4ZTY5YjVlOTczZjk2YTY4OWI5ZmQ5MzdjNmZhYjkwM2QzNDi1gRAmRwazGjOECD3kBXIQChrleSH2U6PS+RexwromaAt1We/jHZ5f+Z3Rt+qIgccKZkbZ6iQVyZNCwrE0dknr', NULL, NULL, NULL, NULL, '1', '2018-06-08 22:43:00', NULL, '1'),
(180, 180, 'rubenormaza@hotmail.com', 'ybyu-7C3iVQ1YxSekFiA6ZCpTPUnn7eC', 'qg4NWtoCG3mQVfC8o+vSrTg2ZjcyOWZhM2JlZDVlMWNjMjczYjg4ZjM0ZWI5YTVhNGEyZTUwZjIzOTdjOTRlMzYxMTQ3NjI0YmNkM2E4MTIMn0uWh5aJBLVP61kfePJ+JI5isMoynDypGfspsD/osL2+Upf1EIqtdZ0P72iIG6wJMYpVa/agTE/PMgX7J7M3', NULL, NULL, NULL, NULL, '1', '2018-06-08 04:06:00', NULL, '1'),
(181, 181, 'jessica_eliza1997@hotmail.com', 'c2ZgoHe7t31eMWKjUkJRKM23uuWQXloa', '7WZbZxqeSas8jMKYSxnh9DFlMTc2NzlkZWYwZGU2MGVkNzFmODZjNzBiNDNjOGY5YTg3MzJiY2Q4ZTY2ZDRlZjFhYTNkYmYzYTFjNTM4ZjP0bXCsie9OjD+uV1FqddiqDicmpzpKrLzZwoawKE0wOzhAQxUlP5F4iNhBfqcZCfYn+WxSvUlf0F68htY47hNu', NULL, NULL, NULL, NULL, '1', '2018-06-09 02:57:00', NULL, '1'),
(182, 182, 'lis.rodriguez22@hotmail.com', 'W3y2xUgYH1x7LN7LBiepP3NsriusaQaw', 'Wyu43M4lE2oBazsxHXNBHGZmYzhmYmNmYWY0YjAxYWMzYWE5MjI1ZjJjYjc2MmJhMzQ1MDZlNDFjOTBlNGI5M2Y0NzMzM2Q1YzJmOGFiYjcPGKAze3IgGq1kImOBu4Ih1hveRnQoalHzFDIPaqPbtilBg+fYLZAsrWXxWw45yjM/JjDM8Zln/m1h/EoZbUtC', NULL, NULL, NULL, NULL, '1', '2018-06-12 02:52:00', NULL, '1'),
(183, 183, 'jaramilloj@novacero.com', 'E7KBqWn5FKb3qSA-I_dJhSwF5bXq2VBY', 'Qw7iP6EXcD1gC+cu1nFkMDI2NmQxMWE3OTRjYzdmNWQ0NzU0NzJmMzQ4YzYwZTY0MmUyMDQ1NGU5NWE1MWM0ZTNjNmIzMTQzZTJlNDU3NTj1tT8fjNwC49CWN6WH0CeLZBjd1WAb8OCLcajQhp8Ctun8jBtCilvGSuXmnFDfdYrGfpd81jOOo9FEms9Brf3o', NULL, NULL, NULL, NULL, '1', '2018-06-12 05:12:00', NULL, '1'),
(184, 184, 'hernancoloma3@gmail.com', 'Nz0fUUHtVyf0kFZy96NfRtiPnhefCDC7', 'PDLsUJ60pdIiSjlDOIrviTM1YmZmZGZhNWU4MjliODk1NjAyYzZjYTE0NGMzNWYyZmZkNjllYWEzZGZmMTMxMDI0NmFlNjE5NzFiMmJjM2XKmugSjaPPHp1LsGr2nF/CsjT76jBd5hmd2phu5aoi/yGDxEu0V0dwhAES3ax+15vWlLIV2rgvMxEQmc7GS3uw', NULL, NULL, NULL, NULL, '1', '2018-06-17 01:01:00', NULL, '1'),
(185, 185, 'delgadocristhian14@gmail.com', 'IONp5MqU9iuPiyY6HXf93kBMDvm0j3mN', 'iQ9WHvL6KotDqe0NqDD0M2M5MzlkNWU3MWFmNzE4Zjg0ZmI4NTE2ZWJkNWFmYTk2YTZkZTdhNmRkNzdkN2E1MWM1OWQ0ZDZiN2VmMGVkMmUaYH4UdyZ8nZzbhGf3B6PhlJFNX/0kKinlL4YSqPYGkGvzJfdnnrDNHra//agbPebWikhnc2mPgqI9T6jvk+T1', NULL, NULL, NULL, NULL, '1', '2018-06-17 19:36:00', NULL, '1'),
(186, 186, 'mpricaurte88@gmail.com', 'Al1AHkcfRr-zT9aLhaoy6rizSBay98JL', 'shrv9kTerF3wIzKyCX+dETUyMmUwNDI2ODU4M2U5YzdjOWI4YmUwMjM0NmZhYjcxYzZjYWNkMGE2NTlmZTBlODY3Y2ZkYTRlYmVmNGJjODk6s4NHMkimLPvyDdG2Fg3hVghjznYqPj8Eyt/LAF69+FsNvrxAH1hP6MPCfcKSKlcBiuuu0mds6lBYiCWoIWjO', NULL, NULL, NULL, NULL, '1', '2018-06-26 23:49:00', NULL, '1'),
(187, 187, 'tito_triana@hotmail.com', 'xp9zpQTUNBmA2qKJyxGT0q6StsNX3-lP', 'c2LO+Neza5J5Gn6Ff8qa8GYzZjM3NmViN2ZiYWI0MWQ5M2QwZjQ4ZmRhMmE2M2UyMmEyZmQ1ZTI2MzlmOThhNzExYjc5MjJmMTU3ZDA4OWR5a6QZ2feRXDZP/xT6gmVLfnAGBhYy4MTiY7ADaZCCrU9ve08lXXD3EqXrhzyWTtPo9sSRl8uV6FTwJNh5zi7E', NULL, NULL, NULL, NULL, '1', '2018-06-27 05:45:00', NULL, '1'),
(188, 188, 'cdda0214@gmail.com', 'u6gjn4kqBePoUXaek5-NpsYjORDuwWGw', 'd7gd65y35g1ZwThQfKrLL2E2NzJiMzJjOWViZDc0ZWFlN2JlMjUxYTc2ZThiNDg5NjAyZGE1MWZkM2IxNGYzZTFmM2FjMDhmOWVmZTQxNzbF9WEdpPKe0YyTGxs7NmwEL+NwzM3D1VAmtcrwlWKLaI0MfA7JKJqbwldrngSBVhQvJU13XIlg4SuNCDBDE/EP', NULL, NULL, NULL, NULL, '1', '2018-07-16 01:02:00', NULL, '1'),
(189, 189, 'inescculqui62@gmail.com', 'YVOU5VBB3PUYyvaYPP1Y0IMloaGxR7_6', 'GKf+S4HcO46MeOyVjPyHeGIxOWRlMTZhNzE3MTAzMmEwMWRmYzAxZjMxY2RiMzdlNzJkZjEzMWQyNjMyMGY4ZjBiMDk0OGViNGIyYjAzMGal+V7kbeB3XkB3xVNj/QfIbZOeJrZ1hg12nrX26wxUEzVMvYwEkmY9lBj0UcEvusbrmfqRmU7Js78V4EeMH64U', NULL, NULL, NULL, NULL, '1', '2018-07-03 20:13:00', NULL, '1'),
(190, 190, 'malmache78@hotmail.com', 'Qkf8ofw-3InIKg6ztC216szMR5V8oe6B', 'q9iBzZok0iH/KqBnfX22t2UzZWVjZDFjZTg4MWZhZWJhNDUxNDVhZDk2NzRiNWViMjQ4NTBjMzc4NjBlZmJkNDljOGU5YzJjOThlYmVlYTZeaA4bBmHR/MqAFdJMxEMRvC3zdBq/yJ1zUUWJuYQAxaqH51D6AYQS3/8Lb1+F4V1tLwoRKqPrkr2ZUz86BVx8', NULL, NULL, NULL, NULL, '1', '2018-07-10 00:08:00', NULL, '1'),
(191, 191, 'freddydavid_1989@hotmail.com', 'zg_mkXATqo9A7FF5HasrDOo9hxzj3vd5', 'faxKsd7WZCILfhnWnEzjkzg4YzJkZjJjMjE2YzAyNjNjYjhmYWNhMDI4NjRlODk2Zjk0OTk3ZmNhZWVjMGI4NTI3YjM2NTNhYThjY2QxMmHkzWf9q7nl2oFIKSW1OvVJqXGCq5DrEKxeQaAHB5b2O+dhrm0I4tr79O3HZo3aqyNZ4t0ZvosO2jPwl3l8VmW1', NULL, NULL, NULL, NULL, '1', '2018-07-10 20:45:00', NULL, '1'),
(192, 192, 'karina_2422@hotmail.com', 'A-DY9-yY4m8rYZuLKEV2iz-j5w8SeoJ7', 'hv5G23doborRiFiyszTA1jAzZjAwNTU3NGI5ZjM3YmQ5Yjc1YmU1NTdjNjU3MjgzNzZhNzU3ZGY2MTA5MzBiNzljYTMyM2YyNDMyNjFhMWJXh8YWEZGJAO8gRPzCHf4qFgQKZ2aVDuLYDCJ4sbV/eSQzo4wtdqAbnMQOL6RJuIg7Y/ro7hs8CKCNasMwVRE4', NULL, NULL, NULL, NULL, '1', '2018-07-17 22:21:00', NULL, '1'),
(193, 193, 'do32911@gmail.com', '-21DNb024mS6bNph4NxsVvQY4wC0UD8f', 'QuNvrpOF7317LCV2qYcNSzdjODdhNjA5MzQ3ZWFlMDU0MmEzZWEzZGNmZmVjNmE4YWQ1ZmU1MzgxMmY4ZTNlYWYzNDkyM2ExZTgzOTgyNGaZAl0qhUoSYvHE3R7Z9a/WIJNUwveiNflSWq2EbORKc1Zp4ti7RSGGTri5ZU5NQr5dgkATV179OhWzFm6cW0ig', NULL, NULL, NULL, NULL, '1', '2018-07-12 03:29:00', NULL, '1'),
(194, 194, 'cristiansmartinez@hotmail.com', 'wLtYOmR4tLOIg602DX04KD0pJV5Hy-rK', 'd9qljgIAmBEoYgdRbE7zzGQyMWRkMjMyMTRjMTJhZGQ2YjdmNjBjYjg4YTQzOTcxYmMzZGIyZmZhYjA1OGNjYzBkNzA2YWNmNzYxNzI2MzDwZ074ZXEntzWwK6fK3d6sZqGfhHJVPsC+28AezgPu/mGGH91DMmYrsOFfVH/WfWHFFX1x8I5VeQDZIjfutx4A', NULL, NULL, NULL, NULL, '1', '2018-07-30 23:19:00', NULL, '1'),
(195, 195, 'alanaastu00@gmail.com', '60sU04pqQwiP0I5NLm0pbLFhU8x_eUJw', 'PMLFqAeA3TjsRNVHHkSrEzMwZDI4OTVlNjU1YzBjMTgxNzQ2NWM3YTQ3NTk1MjcwZWMzZjYxYThlMGFlZjgyZGQ3YzA5MjM1ZWFjMTY3MWXB0IJRlKOw/a2OCww0lEq+NsDMShqFj8ufvXsVXRlIqUwkv6yvkFcw0Y9+adGlvMMfTI/GXubd9+VqnfYSfdjl', NULL, NULL, NULL, NULL, '1', '2018-07-14 02:24:00', NULL, '1'),
(196, 196, 'angelsequera1996@gmail.com', '60sU04pqQwiP0I5NLm0pbLFhU8x_eUJw', 'PMLFqAeA3TjsRNVHHkSrEzMwZDI4OTVlNjU1YzBjMTgxNzQ2NWM3YTQ3NTk1MjcwZWMzZjYxYThlMGFlZjgyZGQ3YzA5MjM1ZWFjMTY3MWXB0IJRlKOw/a2OCww0lEq+NsDMShqFj8ufvXsVXRlIqUwkv6yvkFcw0Y9+adGlvMMfTI/GXubd9+VqnfYSfdjl', NULL, NULL, NULL, NULL, '1', '2018-07-14 02:24:00', NULL, '1'),
(197, 197, 'Yeferson.economist@gmail.com', '60sU04pqQwiP0I5NLm0pbLFhU8x_eUJw', 'PMLFqAeA3TjsRNVHHkSrEzMwZDI4OTVlNjU1YzBjMTgxNzQ2NWM3YTQ3NTk1MjcwZWMzZjYxYThlMGFlZjgyZGQ3YzA5MjM1ZWFjMTY3MWXB0IJRlKOw/a2OCww0lEq+NsDMShqFj8ufvXsVXRlIqUwkv6yvkFcw0Y9+adGlvMMfTI/GXubd9+VqnfYSfdjl', NULL, NULL, NULL, NULL, '1', '2018-07-14 02:24:00', NULL, '1'),
(198, 198, 'carlosjaviermorenosalazar@gmail.com', '60sU04pqQwiP0I5NLm0pbLFhU8x_eUJw', 'PMLFqAeA3TjsRNVHHkSrEzMwZDI4OTVlNjU1YzBjMTgxNzQ2NWM3YTQ3NTk1MjcwZWMzZjYxYThlMGFlZjgyZGQ3YzA5MjM1ZWFjMTY3MWXB0IJRlKOw/a2OCww0lEq+NsDMShqFj8ufvXsVXRlIqUwkv6yvkFcw0Y9+adGlvMMfTI/GXubd9+VqnfYSfdjl', NULL, NULL, NULL, NULL, '1', '2018-07-14 02:24:00', NULL, '1'),
(199, 199, 'mogollonjose2000@gmail.com', '-M35G3uaaXnZUr2U6vdrEgTkFVcoq-_P', 'KIzFwBpPUVXlNCUFu6b+5WUyYTZiMGI4OWUxN2JlMWMzMmZjMzI1N2JhN2I3MTkzODBhZTNjMmNmYTRiNzU5YjlhZmI0MzQ5YjFjMjJiZDW3u5bggF9hz4rcolb4VG5sz8oJj3XSVo6SzwwZN3HCT1GqrMN1GVFMH1XN7Xzw2F8nKyZ10QH8GT6qwanqH3AJ', NULL, NULL, NULL, NULL, '1', '2018-07-18 02:54:00', NULL, '1'),
(200, 200, 'michelfonsecaantequera@gmail.com', '60sU04pqQwiP0I5NLm0pbLFhU8x_eUJw', 'PMLFqAeA3TjsRNVHHkSrEzMwZDI4OTVlNjU1YzBjMTgxNzQ2NWM3YTQ3NTk1MjcwZWMzZjYxYThlMGFlZjgyZGQ3YzA5MjM1ZWFjMTY3MWXB0IJRlKOw/a2OCww0lEq+NsDMShqFj8ufvXsVXRlIqUwkv6yvkFcw0Y9+adGlvMMfTI/GXubd9+VqnfYSfdjl', NULL, NULL, NULL, NULL, '1', '2018-07-14 02:24:00', NULL, '1'),
(201, 201, 'doriscastillogiusti@gmail.com', '60sU04pqQwiP0I5NLm0pbLFhU8x_eUJw', 'PMLFqAeA3TjsRNVHHkSrEzMwZDI4OTVlNjU1YzBjMTgxNzQ2NWM3YTQ3NTk1MjcwZWMzZjYxYThlMGFlZjgyZGQ3YzA5MjM1ZWFjMTY3MWXB0IJRlKOw/a2OCww0lEq+NsDMShqFj8ufvXsVXRlIqUwkv6yvkFcw0Y9+adGlvMMfTI/GXubd9+VqnfYSfdjl', NULL, NULL, NULL, NULL, '1', '2018-07-14 02:24:00', NULL, '1'),
(202, 202, 'robertlinares8@gmail.com', '60sU04pqQwiP0I5NLm0pbLFhU8x_eUJw', 'PMLFqAeA3TjsRNVHHkSrEzMwZDI4OTVlNjU1YzBjMTgxNzQ2NWM3YTQ3NTk1MjcwZWMzZjYxYThlMGFlZjgyZGQ3YzA5MjM1ZWFjMTY3MWXB0IJRlKOw/a2OCww0lEq+NsDMShqFj8ufvXsVXRlIqUwkv6yvkFcw0Y9+adGlvMMfTI/GXubd9+VqnfYSfdjl', NULL, NULL, NULL, NULL, '1', '2018-07-14 02:24:00', NULL, '1'),
(203, 203, 'luisguedez2001@gmail.com', '60sU04pqQwiP0I5NLm0pbLFhU8x_eUJw', 'PMLFqAeA3TjsRNVHHkSrEzMwZDI4OTVlNjU1YzBjMTgxNzQ2NWM3YTQ3NTk1MjcwZWMzZjYxYThlMGFlZjgyZGQ3YzA5MjM1ZWFjMTY3MWXB0IJRlKOw/a2OCww0lEq+NsDMShqFj8ufvXsVXRlIqUwkv6yvkFcw0Y9+adGlvMMfTI/GXubd9+VqnfYSfdjl', NULL, NULL, NULL, NULL, '1', '2018-07-14 02:24:00', NULL, '1'),
(204, 204, 'moises_david_perez_perez@hotmail.com', 'XBP4VmTas-7FENzY6KTjWpYmC_pn4yAx', 'y26FA0mdJaNAEx5JpjlMcDI0NjRkMWQyZTQyZWMwOWYzMWQ1ZTA5NTQ1ZTdjNGFiYjg5YjFlNWI2MWMwYzhmZGNlYTA0YjQxMjY1Y2U3NzatvlEtBfGdAggBvGU+wJL0VIbkZS03ejwc2+mmT4P3avIH5bYBHvftgOpMxAFrNkhq8sBTwC3imi7sh1P9B3nf', NULL, NULL, NULL, NULL, '1', '2018-07-29 19:15:00', NULL, '1'),
(205, 205, 'yulitzaflores23@gmail.com', '60sU04pqQwiP0I5NLm0pbLFhU8x_eUJw', 'PMLFqAeA3TjsRNVHHkSrEzMwZDI4OTVlNjU1YzBjMTgxNzQ2NWM3YTQ3NTk1MjcwZWMzZjYxYThlMGFlZjgyZGQ3YzA5MjM1ZWFjMTY3MWXB0IJRlKOw/a2OCww0lEq+NsDMShqFj8ufvXsVXRlIqUwkv6yvkFcw0Y9+adGlvMMfTI/GXubd9+VqnfYSfdjl', NULL, NULL, NULL, NULL, '1', '2018-07-14 02:24:00', NULL, '1'),
(206, 206, 'katherinneromano@gmail.com', '60sU04pqQwiP0I5NLm0pbLFhU8x_eUJw', 'PMLFqAeA3TjsRNVHHkSrEzMwZDI4OTVlNjU1YzBjMTgxNzQ2NWM3YTQ3NTk1MjcwZWMzZjYxYThlMGFlZjgyZGQ3YzA5MjM1ZWFjMTY3MWXB0IJRlKOw/a2OCww0lEq+NsDMShqFj8ufvXsVXRlIqUwkv6yvkFcw0Y9+adGlvMMfTI/GXubd9+VqnfYSfdjl', NULL, NULL, NULL, NULL, '1', '2018-07-14 02:24:00', NULL, '1'),
(207, 207, 'arriechemayra@gmail.com', 'IBBeUK2RKYb-5hDYOzNQwFHnC2w5qq_Z', 'bU6mpDjJ/jgTMMah2P7ZGWMyZWIxNzliYmVlNDk3M2Q1ZDg5ZmU2MGE4NjQyNTZlZDUzMWI3ZTdmMWVjOGU2NGRlNGFiODFmODg3OGRjNzJU5YNqjVGct9qkKqMPEVYjQEj1BT6s6V0Ncs/jjfERXvX1Qh/pchTy9WWEUo0Xq8T4AbPUlN6WxQP/adyUUOfu', NULL, NULL, NULL, NULL, '1', '2018-07-20 23:46:00', NULL, '1'),
(208, 208, 'maryrodrivaz@gmail.com', '60sU04pqQwiP0I5NLm0pbLFhU8x_eUJw', 'PMLFqAeA3TjsRNVHHkSrEzMwZDI4OTVlNjU1YzBjMTgxNzQ2NWM3YTQ3NTk1MjcwZWMzZjYxYThlMGFlZjgyZGQ3YzA5MjM1ZWFjMTY3MWXB0IJRlKOw/a2OCww0lEq+NsDMShqFj8ufvXsVXRlIqUwkv6yvkFcw0Y9+adGlvMMfTI/GXubd9+VqnfYSfdjl', NULL, NULL, NULL, NULL, '1', '2018-07-14 02:24:00', NULL, '1'),
(209, 209, 'lailaramirez68@gmail.com', '60sU04pqQwiP0I5NLm0pbLFhU8x_eUJw', 'PMLFqAeA3TjsRNVHHkSrEzMwZDI4OTVlNjU1YzBjMTgxNzQ2NWM3YTQ3NTk1MjcwZWMzZjYxYThlMGFlZjgyZGQ3YzA5MjM1ZWFjMTY3MWXB0IJRlKOw/a2OCww0lEq+NsDMShqFj8ufvXsVXRlIqUwkv6yvkFcw0Y9+adGlvMMfTI/GXubd9+VqnfYSfdjl', NULL, NULL, NULL, NULL, '1', '2018-07-14 02:24:00', NULL, '1'),
(210, 210, 'chuchoperez@yahoo.com', '60sU04pqQwiP0I5NLm0pbLFhU8x_eUJw', 'PMLFqAeA3TjsRNVHHkSrEzMwZDI4OTVlNjU1YzBjMTgxNzQ2NWM3YTQ3NTk1MjcwZWMzZjYxYThlMGFlZjgyZGQ3YzA5MjM1ZWFjMTY3MWXB0IJRlKOw/a2OCww0lEq+NsDMShqFj8ufvXsVXRlIqUwkv6yvkFcw0Y9+adGlvMMfTI/GXubd9+VqnfYSfdjl', NULL, NULL, NULL, NULL, '1', '2018-07-14 02:24:00', NULL, '1'),
(211, 211, 'mpmJS1@gmail.com', 'b3X62Q7zVcq_07t5RM5suTTzJNyEqqfh', '7JaYnY8PrNWyysfUyYHpGmIxYTMzNWUxZmUxOGFiMzI0NjM2NWI3OTVkNGQ3MzkzODQ3OGU5ZTJkNDE5MTY0ZTQ0NTgxZjJiNDdkMjI2NDHUA01wlpJ00wGKETR//rFJrD7zLEl9mOAKeeysLot4VP3phAZn80CBSS0hf1FbLR1Z4rcKaQKtB/2apmGWd3I8', NULL, NULL, NULL, NULL, '1', '2018-07-26 17:57:00', NULL, '1'),
(212, 212, 'marcoadiaz2611@gmail.com', '2mx8W25wZdVqFNCtn1fm_8yybF3pfjWM', 'CtGM7z3SegcZLILGJox4kTM4YzJkODBhZjdhZWE5NDQ0ZDI5ZDg4OTU4MjIyZDM4MmRhYTE5MTNhNWRlNDgyNTc2ODU3OTgyM2U2MDZjNjVdPEfyIqsDD882rPFvFvcXOQoTeDRGg7FXooErfh+ei0GvlCJR7wTyUoRZwmTw8hlMsFkMjECGLp/+w4hE1M7P', NULL, NULL, NULL, NULL, '1', '2018-07-31 20:52:00', NULL, '1'),
(213, 213, 'gianfrancoradomileoquendo@gmail.com', '60sU04pqQwiP0I5NLm0pbLFhU8x_eUJw', 'PMLFqAeA3TjsRNVHHkSrEzMwZDI4OTVlNjU1YzBjMTgxNzQ2NWM3YTQ3NTk1MjcwZWMzZjYxYThlMGFlZjgyZGQ3YzA5MjM1ZWFjMTY3MWXB0IJRlKOw/a2OCww0lEq+NsDMShqFj8ufvXsVXRlIqUwkv6yvkFcw0Y9+adGlvMMfTI/GXubd9+VqnfYSfdjl', NULL, NULL, NULL, NULL, '1', '2018-07-14 02:24:00', NULL, '1'),
(214, 214, 'anateresabarrios@gmail.com', '60sU04pqQwiP0I5NLm0pbLFhU8x_eUJw', 'PMLFqAeA3TjsRNVHHkSrEzMwZDI4OTVlNjU1YzBjMTgxNzQ2NWM3YTQ3NTk1MjcwZWMzZjYxYThlMGFlZjgyZGQ3YzA5MjM1ZWFjMTY3MWXB0IJRlKOw/a2OCww0lEq+NsDMShqFj8ufvXsVXRlIqUwkv6yvkFcw0Y9+adGlvMMfTI/GXubd9+VqnfYSfdjl', NULL, NULL, NULL, NULL, '1', '2018-07-14 02:24:00', NULL, '1'),
(215, 215, 'chaconmariaalejandra2@gmail.com', '60sU04pqQwiP0I5NLm0pbLFhU8x_eUJw', 'PMLFqAeA3TjsRNVHHkSrEzMwZDI4OTVlNjU1YzBjMTgxNzQ2NWM3YTQ3NTk1MjcwZWMzZjYxYThlMGFlZjgyZGQ3YzA5MjM1ZWFjMTY3MWXB0IJRlKOw/a2OCww0lEq+NsDMShqFj8ufvXsVXRlIqUwkv6yvkFcw0Y9+adGlvMMfTI/GXubd9+VqnfYSfdjl', NULL, NULL, NULL, NULL, '1', '2018-07-14 02:24:00', NULL, '1'),
(216, 216, 'anavhc2001@gmail.com', '2mqUtC7XZcIba0XwtS5St2IEIBMzxqpf', '7bNA4RlJKRD9+He7MdPAdzcwY2QwMTM3MTdlZDI0ZDNiOGM3YjM1NTljM2Y1YjhjNTRlNGU4MDI0MTBmZjA1NjI2YjQ1YmM1ZTlmZWIxZjmE/kTW5MhtdrBzAoWkIKVEyUzWUb0SFSN9HtNsqr8eGiu2+o2Wq3K2W9BDPJX66hpLwwR12EmX2+JKW6lGqyQo', NULL, NULL, NULL, NULL, '1', '2018-07-17 00:29:00', NULL, '1'),
(217, 217, 'fabirome18@gmail.com', '60sU04pqQwiP0I5NLm0pbLFhU8x_eUJw', 'PMLFqAeA3TjsRNVHHkSrEzMwZDI4OTVlNjU1YzBjMTgxNzQ2NWM3YTQ3NTk1MjcwZWMzZjYxYThlMGFlZjgyZGQ3YzA5MjM1ZWFjMTY3MWXB0IJRlKOw/a2OCww0lEq+NsDMShqFj8ufvXsVXRlIqUwkv6yvkFcw0Y9+adGlvMMfTI/GXubd9+VqnfYSfdjl', NULL, NULL, NULL, NULL, '1', '2018-07-14 02:24:00', NULL, '1'),
(218, 218, 'fernandoklein8@hotmail.com', '60sU04pqQwiP0I5NLm0pbLFhU8x_eUJw', 'PMLFqAeA3TjsRNVHHkSrEzMwZDI4OTVlNjU1YzBjMTgxNzQ2NWM3YTQ3NTk1MjcwZWMzZjYxYThlMGFlZjgyZGQ3YzA5MjM1ZWFjMTY3MWXB0IJRlKOw/a2OCww0lEq+NsDMShqFj8ufvXsVXRlIqUwkv6yvkFcw0Y9+adGlvMMfTI/GXubd9+VqnfYSfdjl', NULL, NULL, NULL, NULL, '1', '2018-07-14 02:24:00', NULL, '1'),
(219, 219, 'roolopez1998@gmail.com', '60sU04pqQwiP0I5NLm0pbLFhU8x_eUJw', 'PMLFqAeA3TjsRNVHHkSrEzMwZDI4OTVlNjU1YzBjMTgxNzQ2NWM3YTQ3NTk1MjcwZWMzZjYxYThlMGFlZjgyZGQ3YzA5MjM1ZWFjMTY3MWXB0IJRlKOw/a2OCww0lEq+NsDMShqFj8ufvXsVXRlIqUwkv6yvkFcw0Y9+adGlvMMfTI/GXubd9+VqnfYSfdjl', NULL, NULL, NULL, NULL, '1', '2018-07-14 02:24:00', NULL, '1'),
(220, 220, 'julianchamorro17@gmail.com', '60sU04pqQwiP0I5NLm0pbLFhU8x_eUJw', 'PMLFqAeA3TjsRNVHHkSrEzMwZDI4OTVlNjU1YzBjMTgxNzQ2NWM3YTQ3NTk1MjcwZWMzZjYxYThlMGFlZjgyZGQ3YzA5MjM1ZWFjMTY3MWXB0IJRlKOw/a2OCww0lEq+NsDMShqFj8ufvXsVXRlIqUwkv6yvkFcw0Y9+adGlvMMfTI/GXubd9+VqnfYSfdjl', NULL, NULL, NULL, NULL, '1', '2018-07-14 02:24:00', NULL, '1'),
(221, 221, 'emanuelgiraldo625@gmail.com', 'VFq_0ehOzi9Fy27o0B5E1H2PA4gJATcW', 'Y1dFjhlW73C2ieBd5Foh7Dg5ZGEyZjgwN2U4MmJhYTdjOGI4Mjk3NTU3YWUxN2JiYWYyMzNjNDQwM2U4MjA1ZDAzNjg2ODBkYjE5OTcyYjNEvwf2ljsOJvFWhCZ+pNk3i4bPY+PZGznZVcgUm58Dj/+NRwV3J+bbbkILQ8mQbsxh8Zw8W3SWuKBfs8QKmAeo', NULL, NULL, NULL, NULL, '1', '2018-07-23 16:45:00', NULL, '1'),
(222, 222, 'isabel24vergara@gmail.com', '60sU04pqQwiP0I5NLm0pbLFhU8x_eUJw', 'PMLFqAeA3TjsRNVHHkSrEzMwZDI4OTVlNjU1YzBjMTgxNzQ2NWM3YTQ3NTk1MjcwZWMzZjYxYThlMGFlZjgyZGQ3YzA5MjM1ZWFjMTY3MWXB0IJRlKOw/a2OCww0lEq+NsDMShqFj8ufvXsVXRlIqUwkv6yvkFcw0Y9+adGlvMMfTI/GXubd9+VqnfYSfdjl', NULL, NULL, NULL, NULL, '1', '2018-07-14 02:24:00', NULL, '1'),
(223, 223, 'paulaandrea.goez@gmail.com', '60sU04pqQwiP0I5NLm0pbLFhU8x_eUJw', 'PMLFqAeA3TjsRNVHHkSrEzMwZDI4OTVlNjU1YzBjMTgxNzQ2NWM3YTQ3NTk1MjcwZWMzZjYxYThlMGFlZjgyZGQ3YzA5MjM1ZWFjMTY3MWXB0IJRlKOw/a2OCww0lEq+NsDMShqFj8ufvXsVXRlIqUwkv6yvkFcw0Y9+adGlvMMfTI/GXubd9+VqnfYSfdjl', NULL, NULL, NULL, NULL, '1', '2018-07-14 02:24:00', NULL, '1'),
(224, 224, 'wendybustos22@hotmail.com', 'WJMmWkTRpAADjv9R-ni0ZB8CpQUw9xph', 'JkjIGx9KPKK4UWdagAlChjEzOGQxYTdjMGYxNjExZTkxOTRjYjZjNDUwZTE1N2ZhNjYzNTQxOTkxYzE5YzlhMGIyNzg3ZDcwYjFjYjVlMzLclXZ+Bz7prZ62tIB/loIZ93RF3YhktRJA16iBsxVXjHPLS97teKAw+Rrrcs2eYsSFiNF2zExjPII3eSoYYnS+', NULL, NULL, NULL, NULL, '1', '2018-07-19 00:48:00', NULL, '1'),
(225, 225, 'pucheco7@hotmail.com', 'T8iyzqvtlyBhY-8MGCUkR36toEJqmtSH', 'IZzoA+ZsuVy/SknmSYZPYDU2MjAyZDZjOGMwMzM0NDAzMDAxMWZiZGFiNmYzYTc0MDNkZTkzMzU4MjhmMmZlODk5ZDFkZTFmMThjNDBkNmJxUxE+bOup0jTSDLoo8b94tNOItDW0qpWEpgZMC0FzsOhbsme01wiuSvs26cVuoSNMJcdiPKBRL+DidQBURI9f', NULL, NULL, NULL, NULL, '1', '2018-07-19 23:35:00', NULL, '1'),
(226, 226, 'alvaroramirez_98@hotmail.com', '60sU04pqQwiP0I5NLm0pbLFhU8x_eUJw', 'PMLFqAeA3TjsRNVHHkSrEzMwZDI4OTVlNjU1YzBjMTgxNzQ2NWM3YTQ3NTk1MjcwZWMzZjYxYThlMGFlZjgyZGQ3YzA5MjM1ZWFjMTY3MWXB0IJRlKOw/a2OCww0lEq+NsDMShqFj8ufvXsVXRlIqUwkv6yvkFcw0Y9+adGlvMMfTI/GXubd9+VqnfYSfdjl', NULL, NULL, NULL, NULL, '1', '2018-07-14 02:24:00', NULL, '1'),
(227, 227, 'mile-2695@hotmail.com', '60sU04pqQwiP0I5NLm0pbLFhU8x_eUJw', 'PMLFqAeA3TjsRNVHHkSrEzMwZDI4OTVlNjU1YzBjMTgxNzQ2NWM3YTQ3NTk1MjcwZWMzZjYxYThlMGFlZjgyZGQ3YzA5MjM1ZWFjMTY3MWXB0IJRlKOw/a2OCww0lEq+NsDMShqFj8ufvXsVXRlIqUwkv6yvkFcw0Y9+adGlvMMfTI/GXubd9+VqnfYSfdjl', NULL, NULL, NULL, NULL, '1', '2018-07-14 02:24:00', NULL, '1'),
(228, 228, 'soesmer.280695@gmail.com', '60sU04pqQwiP0I5NLm0pbLFhU8x_eUJw', 'PMLFqAeA3TjsRNVHHkSrEzMwZDI4OTVlNjU1YzBjMTgxNzQ2NWM3YTQ3NTk1MjcwZWMzZjYxYThlMGFlZjgyZGQ3YzA5MjM1ZWFjMTY3MWXB0IJRlKOw/a2OCww0lEq+NsDMShqFj8ufvXsVXRlIqUwkv6yvkFcw0Y9+adGlvMMfTI/GXubd9+VqnfYSfdjl', NULL, NULL, NULL, NULL, '1', '2018-07-14 02:24:00', NULL, '1'),
(229, 229, 'angiesantacruzcapa@gmail.com', '60sU04pqQwiP0I5NLm0pbLFhU8x_eUJw', 'PMLFqAeA3TjsRNVHHkSrEzMwZDI4OTVlNjU1YzBjMTgxNzQ2NWM3YTQ3NTk1MjcwZWMzZjYxYThlMGFlZjgyZGQ3YzA5MjM1ZWFjMTY3MWXB0IJRlKOw/a2OCww0lEq+NsDMShqFj8ufvXsVXRlIqUwkv6yvkFcw0Y9+adGlvMMfTI/GXubd9+VqnfYSfdjl', NULL, NULL, NULL, NULL, '1', '2018-07-14 02:24:00', NULL, '1'),
(230, 230, 'mileydicornejochavez@gmail.com', '60sU04pqQwiP0I5NLm0pbLFhU8x_eUJw', 'PMLFqAeA3TjsRNVHHkSrEzMwZDI4OTVlNjU1YzBjMTgxNzQ2NWM3YTQ3NTk1MjcwZWMzZjYxYThlMGFlZjgyZGQ3YzA5MjM1ZWFjMTY3MWXB0IJRlKOw/a2OCww0lEq+NsDMShqFj8ufvXsVXRlIqUwkv6yvkFcw0Y9+adGlvMMfTI/GXubd9+VqnfYSfdjl', NULL, NULL, NULL, NULL, '1', '2018-07-14 02:24:00', NULL, '1'),
(231, 231, 'Robertoydler11@gmail.com', 'Z1HSBghkJ1xS2EHSgFzBiVJjw1I1e-0p', 'GJz1PZp/NEnDD5hgbCG/QTJkMzMzOWFhNzdlY2FhZjg1NDJmYTY3MDYzZWRkYWU4MzYzOGI5N2U5MzRlODRmNmQyYzA5ZDUwODg0ODBhOWYeTIj5cY0QRbZ/eulTXfOE+k0/Xf/hBdkwfKh1NKPMVPyZ/LqMI0i3Sb0nEs/6ye6sq0L9tdkfTjD/IbFW/Fix', NULL, NULL, NULL, NULL, '1', '2018-07-17 07:53:00', NULL, '1'),
(232, 232, 'mychu.2711@gmail.com', 'zYiISuiaueBa4ILAJISj-a5IgvYQIMm8', 'lQkYd0GxcpxKhK93GB95STg1YjUyYjlhZTczZWU5ZGFjMTMxNzhlMTE1NWZhNmNmYWFmM2Y0OThlMjQwZTkxNDMxYWQ4MTY5ZjAwMTA3ZTDA7YUouETjOBOyADsL6Tiod37d7kW9kINqTvCLh4wnmSd4BHPPb39FvlqCrcgyJ2wa+tIxOUGvVhn2Q0B5HOAg', NULL, NULL, NULL, NULL, '1', '2018-07-14 23:34:00', NULL, '1'),
(233, 233, 'jhoselyn30@live.com', 'Ah665yBu07q_y13J5GFAsG2pqGdaELzF', 'sS+bmPGr+zKKKaiTSwdl3WNlMTVhNjYzMWY1NWU0MjM2NDE3NDIyODNkMjg4OTVlY2YwNjM0MjljYWIzY2YzZDg0ZjBkNzM2NTJlNWJiNzZMOLdTo7jqudBKUYrkePyLVyC3cPRQpxU8kqbYdZx+WuXZ4wqWPkA5GULohMc4tBYAzLFnG3pxghgPIXUjiUaa', NULL, NULL, NULL, NULL, '1', '2018-07-16 23:41:00', NULL, '1'),
(234, 234, 'alejaek_2412@hotmail.com', 'QGJhYG63D-aRyz5RnsLCmze2OAI_Hvji', 'meCgi4RW+t9enNIMNHt/VGVkNjA1NzdkNTRlYTliZTM3MzdjYjJkNThiNjg5MDU4NzA4NGFkZGJjZmFiZDMxNmM4NTA3NmNlYTFmZmRlMmOD0FeeU9Q/jkmJ0t7pt4VTTXPbZEtGnc79nyuh6vtjd3U+6pFWOzgVfplogCmyQqCAxB620uJBptpEsTQbOcRr', NULL, NULL, NULL, NULL, '1', '2018-07-31 08:07:00', NULL, '1'),
(235, 235, 'n_loor_vera24@hotmail.com', '3NfCo2Ksa3XaTKMQag_tqGDE1L0MovwK', 'SnOJ/u/VPh2FrBipVNfu2TZjOWE2NmI5Mjk4MDVmNjc1ZDhkZDMwOTY2NDZjNjJhNmFlZjkwMDZmMGE0ODQ1MDUxYTViM2MyMzZlMTUxNGYoun3E1U8wByCcIB0wMdiROEuBAuJs/W3SxAumRGuGHlzbtaSQ5C9dKvKmAXZ8XIGcaQsGg4hAD491jmarXwJa', NULL, NULL, NULL, NULL, '1', '2018-07-17 03:19:00', NULL, '1'),
(236, 236, 'leonela080801@gmail.com', '_4iCPa0gEBQAIwmkg3z0-TQAvr5a1AFO', 'WU2Jr4j8Tq0ssptVemlJ3jM3OWRjZWI4ZjM3OWRkYWUyZDUyMjYyYjVkZmJlNDNkYjYyZWYzNDRlOWY4YmZiOTMyMmRmMDFhMjUyMDM3ZjbRA7SHZbPKEoniYSsp5G7t3OIz4qRZa+N8ZjqNTnxBKk8vh9I/05XONFt57a6vl9OibAEuZadO3Hi9BqJuOZnR', NULL, NULL, NULL, NULL, '1', '2018-07-30 17:30:00', NULL, '1'),
(237, 237, 'isabelcrow2006@hotmail.com', 'HHg1_Je-DCH4uHuOKlylINLqURqNvPxv', 'rbn2+ByFrf9Es3zw0+skdTc4ODUyMzU1YTczYTZlNWQ4MGFjMTEyYTJhOGVlMmIzNjFhMjIyNzUzNmZhZDZkYWE3MzE1ZWZlMmFjYjE3ODWf2qkS7noZqubWcWychA+0ySZtb3Rx4Q1XaQlHdjptURh1Q9KV/BnxDHnmhXsqXggeT+tus2C4b3tmiSgUZk2X', NULL, NULL, NULL, NULL, '1', '2018-07-22 01:34:00', NULL, '1'),
(238, 238, 'haroldcastillo94@hotmail.com', 'EBThUR7fvhEIu47lLdmGfvl5UnfViEWZ', '/EwGdw2hJ3q1ZItYm+Xr0zkzMDM1MjQ1MmVhN2E5NGI4ODkwY2UyODI4YWY5YTdhNjVjMmU0NDcwYWZhMzc2YTY1ZTU4OTRkMWYwZDBjYzbFIDvTxqJjWNuD9zVcgzksD0piJRW25G9kXRKML83QPXwkWIotuwiPmGJINMvrZ53lVcmujE1L9MRPkC7cEEJa', NULL, NULL, NULL, NULL, '1', '2018-07-25 05:33:00', NULL, '1'),
(239, 239, 'karen.picado29@gmail.com', '-DU43kGCXpzUUq8O_con5czUW-6e7pZz', 'OxXfKrXIQB+d3CtsUjJQCGQxMjkyZjhjNjRiNDE5NDlmMzllZTQyMzEzZjJiYjdjMjc5MzE0N2M5ZGQzODYyNWUyYjg1MGYxZmE4NmUxNzBseFoxbtLqBZfMzuAIV6Rn+JkwbSO9AsRDe7wvhGIO+KEMKCmh4kjpEeU6eSVnV0IIDxLT5NRzZgFXiexPUxni', NULL, NULL, NULL, NULL, '1', '2018-07-30 21:50:00', NULL, '1'),
(240, 240, 'allisonlazocun97@gmail.com', 'Zs90ew9zvlerKvlBPlHgBo_5GsRfbtBH', 'RoFL7Z9JWaDdN/DSKNXhqmMwNWM4Y2IxMDFhNmU5NjFiYWZmNTJjNjRkZjI1MjUxMmYxMmNiODk4Y2VkZTEzMmJjOTNlNjBmZjZjMjFjZjao26D+na5Ny7AGdiFGAPaXy/IS8AWYQd4xNr9iOH8sVQoi4m2jg30eJb+b4kDj8N7RUZi9I3agYInnuSez4ol/', NULL, NULL, NULL, NULL, '1', '2018-07-31 07:26:00', NULL, '1'),
(241, 241, 'erickarana99@outlook.com', '60sU04pqQwiP0I5NLm0pbLFhU8x_eUJw', 'PMLFqAeA3TjsRNVHHkSrEzMwZDI4OTVlNjU1YzBjMTgxNzQ2NWM3YTQ3NTk1MjcwZWMzZjYxYThlMGFlZjgyZGQ3YzA5MjM1ZWFjMTY3MWXB0IJRlKOw/a2OCww0lEq+NsDMShqFj8ufvXsVXRlIqUwkv6yvkFcw0Y9+adGlvMMfTI/GXubd9+VqnfYSfdjld', NULL, NULL, NULL, NULL, '1', '2018-08-03 19:22:00', NULL, '1'),
(242, 242, 'ajosignacio@hotmail.com.ar', '60sU04pqQwiP0I5NLm0pbLFhU8x_eUJw', 'PMLFqAeA3TjsRNVHHkSrEzMwZDI4OTVlNjU1YzBjMTgxNzQ2NWM3YTQ3NTk1MjcwZWMzZjYxYThlMGFlZjgyZGQ3YzA5MjM1ZWFjMTY3MWXB0IJRlKOw/a2OCww0lEq+NsDMShqFj8ufvXsVXRlIqUwkv6yvkFcw0Y9+adGlvMMfTI/GXubd9+VqnfYSfdjld', NULL, NULL, NULL, NULL, '1', '2018-08-09 20:41:00', NULL, '1'),
(243, 243, 'jesmar-011@hotmail.com', '60sU04pqQwiP0I5NLm0pbLFhU8x_eUJw', 'PMLFqAeA3TjsRNVHHkSrEzMwZDI4OTVlNjU1YzBjMTgxNzQ2NWM3YTQ3NTk1MjcwZWMzZjYxYThlMGFlZjgyZGQ3YzA5MjM1ZWFjMTY3MWXB0IJRlKOw/a2OCww0lEq+NsDMShqFj8ufvXsVXRlIqUwkv6yvkFcw0Y9+adGlvMMfTI/GXubd9+VqnfYSfdjld', NULL, NULL, NULL, NULL, '1', '2018-08-08 15:56:43', NULL, '1'),
(244, 244, 'blass_andreita@hotmail.com', '60sU04pqQwiP0I5NLm0pbLFhU8x_eUJw', 'PMLFqAeA3TjsRNVHHkSrEzMwZDI4OTVlNjU1YzBjMTgxNzQ2NWM3YTQ3NTk1MjcwZWMzZjYxYThlMGFlZjgyZGQ3YzA5MjM1ZWFjMTY3MWXB0IJRlKOw/a2OCww0lEq+NsDMShqFj8ufvXsVXRlIqUwkv6yvkFcw0Y9+adGlvMMfTI/GXubd9+VqnfYSfdjld', NULL,	NULL, NULL, NULL, '1', '2018-08-14 13:35:19',	NULL, '1');

--
-- Volcado de datos para la tabla `empresa_persona`
--
INSERT INTO `empresa_persona` (`eper_id`, `emp_id`, `per_id`, `eper_estado`, `eper_fecha_creacion`, `eper_fecha_modificacion`, `eper_estado_logico`) VALUES
(1, 1, 1, '1', '2017-05-10 23:00:00', NULL, '1'),
(2, 1, 2, '1', '2017-05-10 23:00:00', NULL, '1'),
(3, 1, 3, '1', '2017-05-10 23:00:00', NULL, '1'),
(4, 1, 4, '1', '2017-05-10 23:00:00', NULL, '1'),
(5, 1, 5, '1', '2017-05-10 23:00:00', NULL, '1'),
(6, 1, 6, '1', '2017-05-10 23:00:00', NULL, '1'),
(7, 1, 7, '1', '2017-05-10 23:00:00', NULL, '1'),
(8, 1, 8, '1', '2017-05-10 23:00:00', NULL, '1'),
(9, 1, 9, '1', '2017-05-10 23:00:00', NULL, '1'),
(10, 1, 10, '1', '2017-05-10 23:00:00', NULL, '1'),
(11, 1, 11, '1', '2017-05-10 23:00:00', NULL, '1'),
(12, 1, 12, '1', '2017-05-10 23:00:00', NULL, '1'),
(13, 1, 13, '1', '2017-05-10 23:00:00', NULL, '1'),
(14, 1, 14, '1', '2017-05-10 23:00:00', NULL, '1'),
(15, 1, 15, '1', '2017-05-10 23:00:00', NULL, '1'),
(16, 1, 16, '1', '2017-05-10 23:00:00', NULL, '1'),
(17, 1, 17, '1', '2017-05-10 23:00:00', NULL, '1'),
(18, 1, 18, '1', '2017-05-10 23:00:00', NULL, '1'),
(19, 1, 19, '1', '2017-05-10 23:00:00', NULL, '1'),
(20, 1, 20, '1', '2018-08-01 14:43:07', NULL, '1'),
(21, 1, 21, '1', '2017-05-10 23:00:00', NULL, '1'),
(22, 1, 22, '1', '2017-05-10 23:00:00', NULL, '1'),
(23, 1, 23, '1', '2017-05-10 23:00:00', NULL, '1'),
(24, 1, 24, '1', '2017-05-10 23:00:00', NULL, '1'),
(25, 1, 25, '1', '2017-05-10 23:00:00', NULL, '1'),
(26, 1, 26, '1', '2017-05-10 23:00:00', NULL, '1'),
(27, 1, 27, '1', '2017-05-10 23:00:00', NULL, '1'),
(28, 1, 28, '1', '2018-08-02 00:00:03', NULL, '1'),
(29, 1, 29, '1', '2018-08-02 15:59:11', NULL, '1'),
(30, 1, 30, '1', '2017-05-10 23:00:00', NULL, '1'),
(31, 1, 31, '1', '2017-05-10 23:00:00', NULL, '1'),
(32, 1, 32, '1', '2017-05-10 23:00:00', NULL, '1'),
(33, 1, 33, '1', '2017-05-10 23:00:00', NULL, '1'),
(34, 1, 34, '1', '2017-05-10 23:00:00', NULL, '1'),
(35, 1, 35, '1', '2017-05-10 23:00:00', NULL, '1'),
(36, 1, 36, '1', '2017-05-10 23:00:00', NULL, '1'),
(37, 1, 37, '1', '2017-05-10 23:00:00', NULL, '1'),
(38, 1, 38, '1', '2017-05-10 23:00:00', NULL, '1'),
(39, 1, 39, '1', '2017-05-10 23:00:00', NULL, '1'),
(40, 1, 40, '1', '2017-05-10 23:00:00', NULL, '1'),
(41, 1, 41, '1', '2017-05-10 23:00:00', NULL, '1'),
(42, 1, 42, '1', '2017-05-10 23:00:00', NULL, '1'),
(43, 1, 43, '1', '2017-05-10 23:00:00', NULL, '1'),
(44, 1, 44, '1', '2017-05-10 23:00:00', NULL, '1'),
(45, 1, 45, '1', '2017-05-10 23:00:00', NULL, '1'),
(46, 1, 46, '1', '2017-05-10 23:00:00', NULL, '1'),
(47, 1, 47, '1', '2017-05-10 23:00:00', NULL, '1'),
(48, 1, 48, '1', '2017-05-10 23:00:00', NULL, '1'),
(49, 1, 49, '1', '2017-05-10 23:00:00', NULL, '1'),
(50, 1, 50, '1', '2017-05-10 23:00:00', NULL, '1'),
(51, 1, 51, '1', '2017-05-10 23:00:00', NULL, '1'),
(52, 1, 52, '1', '2017-05-10 23:00:00', NULL, '1'),
(53, 1, 53, '1', '2017-05-10 23:00:00', NULL, '1'),
(54, 1, 54, '1', '2017-05-10 23:00:00', NULL, '1'),
(55, 1, 55, '1', '2017-05-10 23:00:00', NULL, '1'),
(56, 1, 56, '1', '2017-05-10 23:00:00', NULL, '1'),
(57, 1, 57, '1', '2017-05-10 23:00:00', NULL, '1'),
(58, 1, 58, '1', '2017-05-10 23:00:00', NULL, '1'),
(59, 1, 59, '1', '2017-05-10 23:00:00', NULL, '1'),
(60, 1, 60, '1', '2017-05-10 23:00:00', NULL, '1'),
(61, 1, 61, '1', '2017-05-10 23:00:00', NULL, '1'),
(62, 1, 62, '1', '2017-05-10 23:00:00', NULL, '1'),
(63, 1, 63, '1', '2017-05-10 23:00:00', NULL, '1'),
(64, 1, 64, '1', '2017-05-10 23:00:00', NULL, '1'),
(65, 1, 65, '1', '2017-05-10 23:00:00', NULL, '1'),
(66, 1, 66, '1', '2017-05-10 23:00:00', NULL, '1'),
(67, 1, 67, '1', '2017-05-10 23:00:00', NULL, '1'),
(68, 1, 68, '1', '2017-05-10 23:00:00', NULL, '1'),
(69, 1, 69, '1', '2017-05-10 23:00:00', NULL, '1'),
(70, 1, 70, '1', '2017-05-10 23:00:00', NULL, '1'),
(71, 1, 71, '1', '2017-05-10 23:00:00', NULL, '1'),
(72, 1, 72, '1', '2017-05-10 23:00:00', NULL, '1'),
(73, 1, 73, '1', '2017-05-10 23:00:00', NULL, '1'),
(74, 1, 74, '1', '2017-05-10 23:00:00', NULL, '1'),
(75, 1, 75, '1', '2017-05-10 23:00:00', NULL, '1'),
(76, 1, 76, '1', '2017-05-10 23:00:00', NULL, '1'),
(77, 1, 77, '1', '2017-05-10 23:00:00', NULL, '1'),
(78, 1, 78, '1', '2017-05-10 23:00:00', NULL, '1'),
(79, 1, 79, '1', '2017-05-10 23:00:00', NULL, '1'),
(80, 1, 80, '1', '2017-05-10 23:00:00', NULL, '1'),
(81, 1, 81, '1', '2017-05-10 23:00:00', NULL, '1'),
(82, 1, 82, '1', '2017-05-10 23:00:00', NULL, '1'),
(83, 1, 83, '1', '2017-05-10 23:00:00', NULL, '1'),
(84, 1, 84, '1', '2017-05-10 23:00:00', NULL, '1'),
(85, 1, 85, '1', '2017-05-10 23:00:00', NULL, '1'),
(86, 1, 86, '1', '2017-05-10 23:00:00', NULL, '1'),
(87, 1, 87, '1', '2017-05-10 23:00:00', NULL, '1'),
(88, 1, 88, '1', '2017-05-10 23:00:00', NULL, '1'),
(89, 1, 89, '1', '2017-05-10 23:00:00', NULL, '1'),
(90, 1, 90, '1', '2017-05-10 23:00:00', NULL, '1'),
(91, 1, 91, '1', '2017-05-10 23:00:00', NULL, '1'),
(92, 1, 92, '1', '2017-05-10 23:00:00', NULL, '1'),
(93, 1, 93, '1', '2017-05-10 23:00:00', NULL, '1'),
(94, 1, 94, '1', '2017-05-10 23:00:00', NULL, '1'),
(95, 1, 95, '1', '2017-05-10 23:00:00', NULL, '1'),
(96, 1, 96, '1', '2017-05-10 23:00:00', NULL, '1'),
(97, 1, 97, '1', '2017-05-10 23:00:00', NULL, '1'),
(98, 1, 98, '1', '2017-05-10 23:00:00', NULL, '1'),
(99, 1, 99, '1', '2017-05-10 23:00:00', NULL, '1'),
(100, 1, 100, '1', '2017-05-10 23:00:00', NULL, '1'),
(101, 1, 101, '1', '2017-05-10 23:00:00', NULL, '1'),
(102, 1, 102, '1', '2017-05-10 23:00:00', NULL, '1'),
(103, 1, 103, '1', '2017-05-10 23:00:00', NULL, '1'),
(104, 1, 104, '1', '2017-05-10 23:00:00', NULL, '1'),
(105, 1, 105, '1', '2017-05-10 23:00:00', NULL, '1'),
(106, 1, 106, '1', '2017-05-10 23:00:00', NULL, '1'),
(107, 1, 107, '1', '2017-05-10 23:00:00', NULL, '1'),
(108, 1, 108, '1', '2017-05-10 23:00:00', NULL, '1'),
(109, 1, 109, '1', '2017-05-10 23:00:00', NULL, '1'),
(110, 1, 110, '1', '2017-05-10 23:00:00', NULL, '1'),
(111, 1, 111, '1', '2017-05-10 23:00:00', NULL, '1'),
(112, 1, 112, '1', '2017-05-10 23:00:00', NULL, '1'),
(113, 1, 113, '1', '2017-05-10 23:00:00', NULL, '1'),
(114, 1, 114, '1', '2017-05-10 23:00:00', NULL, '1'),
(115, 1, 115, '1', '2017-05-10 23:00:00', NULL, '1'),
(116, 1, 116, '1', '2017-05-10 23:00:00', NULL, '1'),
(117, 1, 117, '1', '2017-05-10 23:00:00', NULL, '1'),
(118, 1, 118, '1', '2017-05-10 23:00:00', NULL, '1'),
(119, 1, 119, '1', '2017-05-10 23:00:00', NULL, '1'),
(120, 1, 120, '1', '2017-05-10 23:00:00', NULL, '1'),
(121, 1, 121, '1', '2017-05-10 23:00:00', NULL, '1'),
(122, 1, 122, '1', '2017-05-10 23:00:00', NULL, '1'),
(123, 1, 123, '1', '2017-05-10 23:00:00', NULL, '1'),
(124, 1, 124, '1', '2017-05-10 23:00:00', NULL, '1'),
(125, 1, 125, '1', '2017-05-10 23:00:00', NULL, '1'),
(126, 1, 126, '1', '2017-05-10 23:00:00', NULL, '1'),
(127, 1, 127, '1', '2017-05-10 23:00:00', NULL, '1'),
(128, 1, 128, '1', '2017-05-10 23:00:00', NULL, '1'),
(129, 1, 129, '1', '2017-05-10 23:00:00', NULL, '1'),
(130, 1, 130, '1', '2017-05-10 23:00:00', NULL, '1'),
(131, 1, 131, '1', '2017-05-10 23:00:00', NULL, '1'),
(132, 1, 132, '1', '2017-05-10 23:00:00', NULL, '1'),
(133, 1, 133, '1', '2017-05-10 23:00:00', NULL, '1'),
(134, 1, 134, '1', '2017-05-10 23:00:00', NULL, '1'),
(135, 1, 135, '1', '2017-05-10 23:00:00', NULL, '1'),
(136, 1, 136, '1', '2017-05-10 23:00:00', NULL, '1'),
(137, 1, 137, '1', '2017-05-10 23:00:00', NULL, '1'),
(138, 1, 138, '1', '2017-05-10 23:00:00', NULL, '1'),
(139, 1, 139, '1', '2017-05-10 23:00:00', NULL, '1'),
(140, 1, 140, '1', '2017-05-10 23:00:00', NULL, '1'),
(141, 1, 141, '1', '2017-05-10 23:00:00', NULL, '1'),
(142, 1, 142, '1', '2017-05-10 23:00:00', NULL, '1'),
(143, 1, 143, '1', '2017-05-10 23:00:00', NULL, '1'),
(144, 1, 144, '1', '2017-05-10 23:00:00', NULL, '1'),
(145, 1, 145, '1', '2017-05-10 23:00:00', NULL, '1'),
(146, 1, 146, '1', '2017-05-10 23:00:00', NULL, '1'),
(147, 1, 147, '1', '2017-05-10 23:00:00', NULL, '1'),
(148, 1, 148, '1', '2017-05-10 23:00:00', NULL, '1'),
(149, 1, 149, '1', '2017-05-10 23:00:00', NULL, '1'),
(150, 1, 150, '1', '2017-05-10 23:00:00', NULL, '1'),
(151, 1, 151, '1', '2017-05-10 23:00:00', NULL, '1'),
(152, 1, 152, '1', '2017-05-10 23:00:00', NULL, '1'),
(153, 1, 153, '1', '2017-05-10 23:00:00', NULL, '1'),
(154, 1, 154, '1', '2017-05-10 23:00:00', NULL, '1'),
(155, 1, 155, '1', '2017-05-10 23:00:00', NULL, '1'),
(156, 1, 156, '1', '2017-05-10 23:00:00', NULL, '1'),
(157, 1, 157, '1', '2017-05-10 23:00:00', NULL, '1'),
(158, 1, 158, '1', '2017-05-10 23:00:00', NULL, '1'),
(159, 1, 159, '1', '2017-05-10 23:00:00', NULL, '1'),
(160, 1, 160, '1', '2017-05-10 23:00:00', NULL, '1'),
(161, 1, 161, '1', '2017-05-10 23:00:00', NULL, '1'),
(162, 1, 162, '1', '2017-05-10 23:00:00', NULL, '1'),
(163, 1, 163, '1', '2017-05-10 23:00:00', NULL, '1'),
(164, 1, 164, '1', '2017-05-10 23:00:00', NULL, '1'),
(165, 1, 165, '1', '2017-05-10 23:00:00', NULL, '1'),
(166, 1, 166, '1', '2017-05-10 23:00:00', NULL, '1'),
(167, 1, 167, '1', '2017-05-10 23:00:00', NULL, '1'),
(168, 1, 168, '1', '2017-05-10 23:00:00', NULL, '1'),
(169, 1, 169, '1', '2017-05-10 23:00:00', NULL, '1'),
(170, 1, 170, '1', '2017-05-10 23:00:00', NULL, '1'),
(171, 1, 171, '1', '2017-05-10 23:00:00', NULL, '1'),
(172, 1, 172, '1', '2017-05-10 23:00:00', NULL, '1'),
(173, 1, 173, '1', '2017-05-10 23:00:00', NULL, '1'),
(174, 1, 174, '1', '2017-05-10 23:00:00', NULL, '1'),
(175, 1, 175, '1', '2017-05-10 23:00:00', NULL, '1'),
(176, 1, 176, '1', '2017-05-10 23:00:00', NULL, '1'),
(177, 1, 177, '1', '2017-05-10 23:00:00', NULL, '1'),
(178, 1, 178, '1', '2017-05-10 23:00:00', NULL, '1'),
(179, 1, 179, '1', '2017-05-10 23:00:00', NULL, '1'),
(180, 1, 180, '1', '2017-05-10 23:00:00', NULL, '1'),
(181, 1, 181, '1', '2017-05-10 23:00:00', NULL, '1'),
(182, 1, 182, '1', '2017-05-10 23:00:00', NULL, '1'),
(183, 1, 183, '1', '2017-05-10 23:00:00', NULL, '1'),
(184, 1, 184, '1', '2017-05-10 23:00:00', NULL, '1'),
(185, 1, 185, '1', '2017-05-10 23:00:00', NULL, '1'),
(186, 1, 186, '1', '2017-05-10 23:00:00', NULL, '1'),
(187, 1, 187, '1', '2017-05-10 23:00:00', NULL, '1'),
(188, 1, 188, '1', '2017-05-10 23:00:00', NULL, '1'),
(189, 1, 189, '1', '2017-05-10 23:00:00', NULL, '1'),
(190, 1, 190, '1', '2017-05-10 23:00:00', NULL, '1'),
(191, 1, 191, '1', '2017-05-10 23:00:00', NULL, '1'),
(192, 1, 192, '1', '2017-05-10 23:00:00', NULL, '1'),
(193, 1, 193, '1', '2017-05-10 23:00:00', NULL, '1'),
(194, 1, 194, '1', '2017-05-10 23:00:00', NULL, '1'),
(195, 1, 195, '1', '2017-05-10 23:00:00', NULL, '1'),
(196, 1, 196, '1', '2017-05-10 23:00:00', NULL, '1'),
(197, 1, 197, '1', '2017-05-10 23:00:00', NULL, '1'),
(198, 1, 198, '1', '2017-05-10 23:00:00', NULL, '1'),
(199, 1, 199, '1', '2017-05-10 23:00:00', NULL, '1'),
(200, 1, 200, '1', '2017-05-10 23:00:00', NULL, '1'),
(201, 1, 201, '1', '2017-05-10 23:00:00', NULL, '1'),
(202, 1, 202, '1', '2017-05-10 23:00:00', NULL, '1'),
(203, 1, 203, '1', '2017-05-10 23:00:00', NULL, '1'),
(204, 1, 204, '1', '2017-05-10 23:00:00', NULL, '1'),
(205, 1, 205, '1', '2017-05-10 23:00:00', NULL, '1'),
(206, 1, 206, '1', '2017-05-10 23:00:00', NULL, '1'),
(207, 1, 207, '1', '2017-05-10 23:00:00', NULL, '1'),
(208, 1, 208, '1', '2017-05-10 23:00:00', NULL, '1'),
(209, 1, 209, '1', '2017-05-10 23:00:00', NULL, '1'),
(210, 1, 210, '1', '2017-05-10 23:00:00', NULL, '1'),
(211, 1, 211, '1', '2017-05-10 23:00:00', NULL, '1'),
(212, 1, 212, '1', '2017-05-10 23:00:00', NULL, '1'),
(213, 1, 213, '1', '2017-05-10 23:00:00', NULL, '1'),
(214, 1, 214, '1', '2017-05-10 23:00:00', NULL, '1'),
(215, 1, 215, '1', '2017-05-10 23:00:00', NULL, '1'),
(216, 1, 216, '1', '2017-05-10 23:00:00', NULL, '1'),
(217, 1, 217, '1', '2017-05-10 23:00:00', NULL, '1'),
(218, 1, 218, '1', '2017-05-10 23:00:00', NULL, '1'),
(219, 1, 219, '1', '2017-05-10 23:00:00', NULL, '1'),
(220, 1, 220, '1', '2017-05-10 23:00:00', NULL, '1'),
(221, 1, 221, '1', '2017-05-10 23:00:00', NULL, '1'),
(222, 1, 222, '1', '2017-05-10 23:00:00', NULL, '1'),
(223, 1, 223, '1', '2017-05-10 23:00:00', NULL, '1'),
(224, 1, 224, '1', '2017-05-10 23:00:00', NULL, '1'),
(225, 1, 225, '1', '2017-05-10 23:00:00', NULL, '1'),
(226, 1, 226, '1', '2017-05-10 23:00:00', NULL, '1'),
(227, 1, 227, '1', '2017-05-10 23:00:00', NULL, '1'),
(228, 1, 228, '1', '2017-05-10 23:00:00', NULL, '1'),
(229, 1, 229, '1', '2017-05-10 23:00:00', NULL, '1'),
(230, 1, 230, '1', '2017-05-10 23:00:00', NULL, '1'),
(231, 1, 231, '1', '2017-05-10 23:00:00', NULL, '1'),
(232, 1, 232, '1', '2017-05-10 23:00:00', NULL, '1'),
(233, 1, 233, '1', '2017-05-10 23:00:00', NULL, '1'),
(234, 1, 234, '1', '2017-05-10 23:00:00', NULL, '1'),
(235, 1, 235, '1', '2017-05-10 23:00:00', NULL, '1'),
(236, 1, 236, '1', '2017-05-10 23:00:00', NULL, '1'),
(237, 1, 237, '1', '2017-05-10 23:00:00', NULL, '1'),
(238, 1, 238, '1', '2017-05-10 23:00:00', NULL, '1'),
(239, 1, 239, '1', '2017-05-10 23:00:00', NULL, '1'),
(240, 1, 240, '1', '2017-05-10 23:00:00', NULL, '1'),
(241, 1, 241, '1', '2018-08-03 19:10:03', NULL, '1'),
(242, 1, 242, '1', '2018-08-09 19:45:13', NULL, '1'),
(243, 1, 243, '1', '2018-08-03 14:10:03', NULL,	'1'),
(244, 1, 244, '1', '2018-08-14 13:11:45', NULL,	'1');

--
-- Volcado de datos para la tabla `usua_grol_eper`
--
INSERT INTO `usua_grol_eper` (`ugep_id`, `eper_id`, `usu_id`, `grol_id`, `ugep_estado`, `ugep_fecha_creacion`, `ugep_fecha_modificacion`, `ugep_estado_logico`) VALUES
(1, 1, 1, 1, '1', '2017-09-27 09:02:00', NULL, '1'),
(2, 2, 2, 1, '1', '2017-09-27 09:02:00', NULL, '1'),
(3, 3, 3, 1, '1', '2017-09-27 09:02:00', NULL, '1'),
(4, 4, 4, 1, '1', '2017-09-27 09:02:00', NULL, '1'),
(5, 5, 5, 6, '1', '2017-09-27 09:02:00', NULL, '1'),
(6, 6, 6, 7, '1', '2018-05-29 19:59:00', NULL, '1'),
(7, 7, 7, 7, '1', '2018-05-25 03:34:00', NULL, '1'),
(8, 8, 8, 7, '1', '2018-05-25 03:34:00', NULL, '1'),
(9, 9, 9, 7, '1', '2018-05-17 23:30:00', NULL, '1'),
(10, 10, 10, 8, '1', '2017-09-27 09:02:00', NULL, '1'),
(11, 11, 11, 8, '1', '2017-09-27 09:02:00', NULL, '1'),
(12, 12, 12, 8, '1', '2018-01-31 21:15:00', NULL, '1'),
(13, 13, 13, 8, '1', '2018-05-17 23:30:00', NULL, '1'),
(14, 14, 14, 8, '1', '2018-05-17 23:30:00', NULL, '1'),
(15, 15, 15, 8, '1', '2018-05-17 23:30:00', NULL, '1'),
(16, 16, 16, 8, '1', '2018-05-17 23:30:00', NULL, '1'),
(17, 17, 17, 8, '1', '2018-05-17 23:30:00', NULL, '1'),
(18, 18, 18, 8, '1', '2018-05-24 04:05:00', NULL, '1'),
(19, 19, 19, 8, '1', '2018-05-24 04:05:00', NULL, '1'),
(20, 20, 20, 8, '1', '2018-08-01 19:36:00', NULL, '1'),
(21, 21, 21, 9, '1', '2018-01-30 03:39:00', NULL, '1'),
(22, 22, 22, 14, '1', '2017-10-03 07:45:00', NULL, '1'),
(23, 23, 23, 15, '1', '2017-11-06 20:36:00', NULL, '1'),
(24, 24, 24, 16, '1', '2018-01-30 02:42:00', NULL, '1'),
(25, 25, 25, 16, '1', '2018-01-30 02:42:00', NULL, '1'),
(26, 26, 26, 17, '1', '2018-03-27 20:18:00', NULL, '1'),
(27, 27, 27, 18, '1', '2018-04-06 00:01:00', NULL, '1'),
(28, 28, 28, 19, '1', '2018-08-02 17:46:00', NULL, '1'),
(29, 29, 29, 19, '1', '2018-08-02 16:04:00', NULL, '1'),
(30, 30, 30, 11, '1', '2017-10-01 08:14:00', NULL, '1'),
(31, 31, 31, 11, '1', '2017-10-03 12:57:00', NULL, '1'),
(32, 32, 32, 11, '1', '2017-10-10 05:31:00', NULL, '1'),
(33, 33, 33, 11, '1', '2017-10-13 15:19:00', NULL, '1'),
(34, 34, 34, 11, '1', '2017-10-14 11:34:00', NULL, '1'),
(35, 35, 35, 11, '1', '2017-10-15 01:56:00', NULL, '1'),
(36, 36, 36, 11, '1', '2017-10-17 06:44:00', NULL, '1'),
(37, 37, 37, 11, '1', '2017-10-18 01:06:00', NULL, '1'),
(38, 38, 38, 11, '1', '2017-10-18 01:26:00', NULL, '1'),
(39, 39, 39, 11, '1', '2018-01-23 00:29:00', NULL, '1'),
(40, 40, 40, 11, '1', '2017-10-27 09:16:00', NULL, '1'),
(41, 41, 41, 11, '1', '2017-11-06 03:49:00', NULL, '1'),
(42, 42, 42, 11, '1', '2017-11-08 23:54:00', NULL, '1'),
(43, 43, 43, 11, '1', '2017-10-25 21:45:00', NULL, '1'),
(44, 44, 44, 11, '1', '2017-11-01 03:11:00', NULL, '1'),
(45, 45, 45, 11, '1', '2017-10-26 21:21:00', NULL, '1'),
(46, 46, 46, 11, '1', '2017-11-02 00:29:00', NULL, '1'),
(47, 47, 47, 11, '1', '2017-11-07 20:31:00', NULL, '1'),
(48, 48, 48, 11, '1', '2017-11-07 19:54:00', NULL, '1'),
(49, 49, 49, 11, '1', '2017-11-08 11:10:00', NULL, '1'),
(50, 50, 50, 11, '1', '2017-11-11 07:26:00', NULL, '1'),
(51, 51, 51, 11, '1', '2017-11-12 19:38:00', NULL, '1'),
(52, 52, 52, 11, '1', '2017-11-13 21:21:00', NULL, '1'),
(53, 53, 53, 11, '1', '2017-11-15 00:06:00', NULL, '1'),
(54, 54, 54, 11, '1', '2017-11-19 20:09:00', NULL, '1'),
(55, 55, 55, 11, '1', '2017-12-04 19:28:00', NULL, '1'),
(56, 56, 56, 11, '1', '2017-11-21 02:50:00', NULL, '1'),
(57, 57, 57, 11, '1', '2017-11-24 01:50:00', NULL, '1'),
(58, 58, 58, 11, '1', '2018-01-04 05:44:00', NULL, '1'),
(59, 59, 59, 11, '1', '2018-07-20 02:37:00', NULL, '1'),
(60, 60, 60, 11, '1', '2018-01-05 23:16:00', NULL, '1'),
(61, 61, 61, 11, '1', '2018-01-08 10:44:00', NULL, '1'),
(62, 62, 62, 11, '1', '2018-01-11 07:26:00', NULL, '1'),
(63, 63, 63, 11, '1', '2018-01-13 03:11:00', NULL, '1'),
(64, 64, 64, 11, '1', '2018-01-13 05:11:00', NULL, '1'),
(65, 65, 65, 11, '1', '2018-01-16 05:18:00', NULL, '1'),
(66, 66, 66, 11, '1', '2018-01-17 20:10:00', NULL, '1'),
(67, 67, 67, 11, '1', '2018-01-24 08:10:00', NULL, '1'),
(68, 68, 68, 11, '1', '2018-01-26 09:05:00', NULL, '1'),
(69, 69, 69, 11, '1', '2018-01-29 04:08:00', NULL, '1'),
(70, 70, 70, 11, '1', '2018-01-29 20:32:00', NULL, '1'),
(71, 71, 71, 11, '1', '2018-01-31 02:01:00', NULL, '1'),
(72, 72, 72, 11, '1', '2018-02-08 03:05:00', NULL, '1'),
(73, 73, 73, 11, '1', '2018-02-10 07:55:00', NULL, '1'),
(74, 74, 74, 11, '1', '2018-04-22 21:23:00', NULL, '1'),
(75, 75, 75, 11, '1', '2018-02-20 04:02:00', NULL, '1'),
(76, 76, 76, 11, '1', '2018-02-16 01:31:00', NULL, '1'),
(77, 77, 77, 11, '1', '2018-02-17 07:47:00', NULL, '1'),
(78, 78, 78, 11, '1', '2018-02-19 22:27:00', NULL, '1'),
(79, 79, 79, 11, '1', '2018-02-28 02:48:00', NULL, '1'),
(80, 80, 80, 11, '1', '2018-02-20 05:30:00', NULL, '1'),
(81, 81, 81, 11, '1', '2018-02-22 20:46:00', NULL, '1'),
(82, 82, 82, 11, '1', '2018-03-02 04:18:00', NULL, '1'),
(83, 83, 83, 11, '1', '2018-03-02 03:45:00', NULL, '1'),
(84, 84, 84, 11, '1', '2018-03-05 09:02:00', NULL, '1'),
(85, 85, 85, 11, '1', '2018-03-06 22:42:00', NULL, '1'),
(86, 86, 86, 11, '1', '2018-03-09 06:00:00', NULL, '1'),
(87, 87, 87, 11, '1', '2018-03-08 21:02:00', NULL, '1'),
(88, 88, 88, 11, '1', '2018-03-08 22:45:00', NULL, '1'),
(89, 89, 89, 11, '1', '2018-03-09 01:55:00', NULL, '1'),
(90, 90, 90, 11, '1', '2018-03-09 03:43:00', NULL, '1'),
(91, 91, 91, 11, '1', '2018-03-09 08:26:00', NULL, '1'),
(92, 92, 92, 11, '1', '2018-03-10 23:55:00', NULL, '1'),
(93, 93, 93, 11, '1', '2018-03-12 04:56:00', NULL, '1'),
(94, 94, 94, 11, '1', '2018-03-12 08:16:00', NULL, '1'),
(95, 95, 95, 11, '1', '2018-03-12 23:04:00', NULL, '1'),
(96, 96, 96, 11, '1', '2018-03-13 20:49:00', NULL, '1'),
(97, 97, 97, 11, '1', '2018-03-13 21:42:00', NULL, '1'),
(98, 98, 98, 11, '1', '2018-03-16 02:21:00', NULL, '1'),
(99, 99, 99, 11, '1', '2018-03-15 06:39:00', NULL, '1'),
(100, 100, 100, 11, '1', '2018-03-15 23:57:00', NULL, '1'),
(101, 101, 101, 11, '1', '2018-03-16 00:47:00', NULL, '1'),
(102, 102, 102, 11, '1', '2018-03-16 04:45:00', NULL, '1'),
(103, 103, 103, 11, '1', '2018-03-16 06:49:00', NULL, '1'),
(104, 104, 104, 11, '1', '2018-03-16 07:50:00', NULL, '1'),
(105, 105, 105, 11, '1', '2018-03-16 22:58:00', NULL, '1'),
(106, 106, 106, 11, '1', '2018-03-16 23:24:00', NULL, '1'),
(107, 107, 107, 11, '1', '2018-03-17 04:36:00', NULL, '1'),
(108, 108, 108, 11, '1', '2018-03-19 05:46:00', NULL, '1'),
(109, 109, 109, 11, '1', '2018-03-21 00:17:00', NULL, '1'),
(110, 110, 110, 11, '1', '2018-03-21 19:03:00', NULL, '1'),
(111, 111, 111, 11, '1', '2018-03-22 03:18:00', NULL, '1'),
(112, 112, 112, 11, '1', '2018-03-22 05:28:00', NULL, '1'),
(113, 113, 113, 11, '1', '2018-04-06 04:34:00', NULL, '1'),
(114, 114, 114, 11, '1', '2018-03-25 00:07:00', NULL, '1'),
(115, 115, 115, 11, '1', '2018-03-27 06:08:00', NULL, '1'),
(116, 116, 116, 11, '1', '2018-04-04 08:06:00', NULL, '1'),
(117, 117, 117, 11, '1', '2018-03-29 03:21:00', NULL, '1'),
(118, 118, 118, 11, '1', '2018-03-29 22:12:00', NULL, '1'),
(119, 119, 119, 11, '1', '2018-03-29 23:12:00', NULL, '1'),
(120, 120, 120, 11, '1', '2018-03-30 09:48:00', NULL, '1'),
(121, 121, 121, 11, '1', '2018-03-31 05:44:00', NULL, '1'),
(122, 122, 122, 11, '1', '2018-03-31 06:50:00', NULL, '1'),
(123, 123, 123, 11, '1', '2018-04-10 22:29:00', NULL, '1'),
(124, 124, 124, 11, '1', '2018-04-04 00:49:00', NULL, '1'),
(125, 125, 125, 11, '1', '2018-04-04 01:00:00', NULL, '1'),
(126, 126, 126, 11, '1', '2018-04-05 06:25:00', NULL, '1'),
(127, 127, 127, 11, '1', '2018-04-10 02:59:00', NULL, '1'),
(128, 128, 128, 11, '1', '2018-04-06 00:43:00', NULL, '1'),
(129, 129, 129, 11, '1', '2018-04-10 05:01:00', NULL, '1'),
(130, 130, 130, 11, '1', '2018-04-10 20:22:00', NULL, '1'),
(131, 131, 131, 11, '1', '2018-04-10 04:33:00', NULL, '1'),
(132, 132, 132, 11, '1', '2018-04-11 03:59:00', NULL, '1'),
(133, 133, 133, 11, '1', '2018-04-13 06:29:00', NULL, '1'),
(134, 134, 134, 11, '1', '2018-04-09 22:12:00', NULL, '1'),
(135, 135, 135, 11, '1', '2018-04-10 05:01:00', NULL, '1'),
(136, 136, 136, 11, '1', '2018-04-10 08:53:00', NULL, '1'),
(137, 137, 137, 11, '1', '2018-04-17 22:13:00', NULL, '1'),
(138, 138, 138, 11, '1', '2018-04-11 00:42:00', NULL, '1'),
(139, 139, 139, 11, '1', '2018-04-12 23:12:00', NULL, '1'),
(140, 140, 140, 11, '1', '2018-04-11 22:24:00', NULL, '1'),
(141, 141, 141, 11, '1', '2018-04-12 01:22:00', NULL, '1'),
(142, 142, 142, 11, '1', '2018-04-13 21:16:00', NULL, '1'),
(143, 143, 143, 11, '1', '2018-04-13 00:45:00', NULL, '1'),
(144, 144, 144, 11, '1', '2018-04-13 04:46:00', NULL, '1'),
(145, 145, 145, 11, '1', '2018-04-13 22:17:00', NULL, '1'),
(146, 146, 146, 11, '1', '2018-04-18 00:43:00', NULL, '1'),
(147, 147, 147, 11, '1', '2018-04-18 20:18:00', NULL, '1'),
(148, 148, 148, 11, '1', '2018-04-18 04:56:00', NULL, '1'),
(149, 149, 149, 11, '1', '2018-04-18 19:23:00', NULL, '1'),
(150, 150, 150, 11, '1', '2018-04-19 01:48:00', NULL, '1'),
(151, 151, 151, 11, '1', '2018-04-20 23:19:00', NULL, '1'),
(152, 152, 152, 11, '1', '2018-04-23 22:48:00', NULL, '1'),
(153, 153, 153, 11, '1', '2018-04-25 07:48:00', NULL, '1'),
(154, 154, 154, 11, '1', '2018-04-27 02:43:00', NULL, '1'),
(155, 155, 155, 11, '1', '2018-04-28 08:01:00', NULL, '1'),
(156, 156, 156, 11, '1', '2018-05-03 03:06:00', NULL, '1'),
(157, 157, 157, 11, '1', '2018-06-28 21:33:00', NULL, '1'),
(158, 158, 158, 11, '1', '2018-05-04 21:15:00', NULL, '1'),
(159, 159, 159, 11, '1', '2018-05-04 21:38:00', NULL, '1'),
(160, 160, 160, 11, '1', '2018-05-08 04:59:00', NULL, '1'),
(161, 161, 161, 11, '1', '2018-05-09 23:31:00', NULL, '1'),
(162, 162, 162, 11, '1', '2018-06-09 20:19:00', NULL, '1'),
(163, 163, 163, 11, '1', '2018-05-16 01:45:00', NULL, '1'),
(164, 164, 164, 11, '1', '2018-05-17 10:08:00', NULL, '1'),
(165, 165, 165, 11, '1', '2018-05-19 02:30:00', NULL, '1'),
(166, 166, 166, 11, '1', '2018-06-02 21:26:00', NULL, '1'),
(167, 167, 167, 11, '1', '2018-05-29 00:36:00', NULL, '1'),
(168, 168, 168, 11, '1', '2018-05-30 05:35:00', NULL, '1'),
(169, 169, 169, 11, '1', '2018-05-30 20:42:00', NULL, '1'),
(170, 170, 170, 11, '1', '2018-05-31 19:55:00', NULL, '1'),
(171, 171, 171, 11, '1', '2018-06-21 22:10:00', NULL, '1'),
(172, 172, 172, 11, '1', '2018-06-01 00:09:00', NULL, '1'),
(173, 173, 173, 11, '1', '2018-06-01 01:26:00', NULL, '1'),
(174, 174, 174, 11, '1', '2018-06-01 07:12:00', NULL, '1'),
(175, 175, 175, 11, '1', '2018-06-02 18:52:00', NULL, '1'),
(176, 176, 176, 11, '1', '2018-06-02 22:21:00', NULL, '1'),
(177, 177, 177, 11, '1', '2018-06-05 02:55:00', NULL, '1'),
(178, 178, 178, 11, '1', '2018-06-06 05:43:00', NULL, '1'),
(179, 179, 179, 11, '1', '2018-06-07 01:12:00', NULL, '1'),
(180, 180, 180, 11, '1', '2018-06-08 04:22:00', NULL, '1'),
(181, 181, 181, 11, '1', '2018-06-09 03:16:00', NULL, '1'),
(182, 182, 182, 11, '1', '2018-06-11 22:02:00', NULL, '1'),
(183, 183, 183, 11, '1', '2018-06-12 05:18:00', NULL, '1'),
(184, 184, 184, 11, '1', '2018-06-17 01:13:00', NULL, '1'),
(185, 185, 185, 11, '1', '2018-06-19 09:02:00', NULL, '1'),
(186, 186, 186, 11, '1', '2018-06-27 03:29:00', NULL, '1'),
(187, 187, 187, 11, '1', '2018-06-27 05:56:00', NULL, '1'),
(188, 188, 188, 11, '1', '2018-06-28 07:26:00', NULL, '1'),
(189, 189, 189, 11, '1', '2018-07-03 20:24:00', NULL, '1'),
(190, 190, 190, 11, '1', '2018-07-10 00:19:00', NULL, '1'),
(191, 191, 191, 11, '1', '2018-07-10 21:59:00', NULL, '1'),
(192, 192, 192, 11, '1', '2018-07-12 01:25:00', NULL, '1'),
(193, 193, 193, 11, '1', '2018-07-12 03:49:00', NULL, '1'),
(194, 194, 194, 11, '1', '2018-07-12 19:45:00', NULL, '1'),
(195, 195, 195, 11, '1', '2018-07-24 04:28:00', NULL, '1'),
(196, 196, 196, 11, '1', '2018-07-23 05:44:00', NULL, '1'),
(197, 197, 197, 11, '1', '2018-07-17 06:43:00', NULL, '1'),
(198, 198, 198, 11, '1', '2018-07-19 04:03:00', NULL, '1'),
(199, 199, 199, 11, '1', '2018-07-18 03:47:00', NULL, '1'),
(200, 200, 200, 11, '1', '2018-07-21 19:49:00', NULL, '1'),
(201, 201, 201, 11, '1', '2018-07-28 07:29:00', NULL, '1'),
(202, 202, 202, 11, '1', '2018-07-17 18:09:00', NULL, '1'),
(203, 203, 203, 11, '1', '2018-07-22 00:17:00', NULL, '1'),
(204, 204, 204, 11, '1', '2018-07-29 19:43:00', NULL, '1'),
(205, 205, 205, 11, '1', '2018-07-27 01:45:00', NULL, '1'),
(206, 206, 206, 11, '1', '2018-07-17 03:51:00', NULL, '1'),
(207, 207, 207, 11, '1', '2018-07-21 00:12:00', NULL, '1'),
(208, 208, 208, 11, '1', '2018-07-30 01:34:00', NULL, '1'),
(209, 209, 209, 11, '1', '2018-07-15 02:19:00', NULL, '1'),
(210, 210, 210, 11, '1', '2018-07-24 04:43:00', NULL, '1'),
(211, 211, 211, 11, '1', '2018-07-19 03:57:00', NULL, '1'),
(212, 212, 212, 11, '1', '2018-07-20 03:15:00', NULL, '1'),
(213, 213, 213, 11, '1', '2018-07-31 08:20:00', NULL, '1'),
(214, 214, 214, 11, '1', '2018-07-28 20:49:00', NULL, '1'),
(215, 215, 215, 11, '1', '2018-07-28 21:46:00', NULL, '1'),
(216, 216, 216, 11, '1', '2018-07-17 03:00:00', NULL, '1'),
(217, 217, 217, 11, '1', '2018-07-21 01:42:00', NULL, '1'),
(218, 218, 218, 11, '1', '2018-07-23 23:36:00', NULL, '1'),
(219, 219, 219, 11, '1', '2018-07-29 03:23:00', NULL, '1'),
(220, 220, 220, 11, '1', '2018-07-25 04:25:00', NULL, '1'),
(221, 221, 221, 11, '1', '2018-07-23 17:01:00', NULL, '1'),
(222, 222, 222, 11, '1', '2018-07-31 03:29:00', NULL, '1'),
(223, 223, 223, 11, '1', '2018-07-24 22:18:00', NULL, '1'),
(224, 224, 224, 11, '1', '2018-07-19 01:04:00', NULL, '1'),
(225, 225, 225, 11, '1', '2018-07-20 01:34:00', NULL, '1'),
(226, 226, 226, 11, '1', '2018-07-17 02:53:00', NULL, '1'),
(227, 227, 227, 11, '1', '2018-07-20 21:19:00', NULL, '1'),
(228, 228, 228, 11, '1', '2018-07-19 03:57:00', NULL, '1'),
(229, 229, 229, 11, '1', '2018-07-16 07:48:00', NULL, '1'),
(230, 230, 230, 11, '1', '2018-07-18 04:34:00', NULL, '1'),
(231, 231, 231, 11, '1', '2018-07-17 06:12:00', NULL, '1'),
(232, 232, 232, 11, '1', '2018-07-14 23:42:00', NULL, '1'),
(233, 233, 233, 11, '1', '2018-07-15 00:48:00', NULL, '1'),
(234, 234, 234, 11, '1', '2018-07-17 23:39:00', NULL, '1'),
(235, 235, 235, 11, '1', '2018-07-17 03:46:00', NULL, '1'),
(236, 236, 236, 11, '1', '2018-07-21 18:47:00', NULL, '1'),
(237, 237, 237, 11, '1', '2018-07-22 01:42:00', NULL, '1'),
(238, 238, 238, 11, '1', '2018-07-25 05:20:00', NULL, '1'),
(239, 239, 239, 11, '1', '2018-07-30 23:06:00', NULL, '1'),
(240, 240, 240, 11, '1', '2018-07-31 07:53:00', NULL, '1'),
(241, 241, 241, 11, '1', '2018-08-03 19:46:00', NULL, '1'),
(242, 242, 242, 11, '1', '2018-08-11 16:43:00', NULL, '1'),
(243, 243, 243,	11, '1', '2018-08-10 10:06:48',	NULL, '1'),
(244, 244, 244,	11, '1', '2018-08-14 13:56:11', NULL, '1');

--
-- Volcado de datos para la tabla `user_passreset`
--
INSERT INTO `user_passreset` (`upas_id`, `usu_id`, `upas_token`, `upas_remote_ip_inactivo`, `upas_remote_ip_activo`, `upas_link`, `upas_fecha_inicio`, `upas_fecha_fin`, `upas_estado_activo`, `upas_fecha_creacion`, `upas_fecha_modificacion`, `upas_estado_logico`) VALUES
(1, 241, NULL, '190.152.39.58', NULL, '', '2018-08-03 19:10:04', NULL, '1', NULL, NULL, '1'),
(2, 242, NULL, '201.218.21.42', NULL, '', '2018-08-09 19:45:14', NULL, '1', NULL, NULL, '1'),
(3, 243, NULL, '131.196.8.252', NULL,	'https://www.uteg.edu.ec/asgard/site/updatepass?wg=Y4TwEt0IRYovdfkWtUKtOGdqrBYoA72H', '2018-08-03 18:44:39', NULL, '1',	NULL, NULL, '1'),
(4, 244, NULL, '181.211.183.131', NULL,	'https://www.uteg.edu.ec/asgard/site/updatepass?wg=jtTSGSaQvaYJXT2gWwpuIbKT20o9K3', '2018-08-14 13:11:45', NULL, '1', NULL, NULL, '1');

--
-- Volcado de datos para la tabla `persona_contacto`
--
INSERT INTO `persona_contacto` (`pcon_id`, `per_id`, `pcon_nombre`, `tpar_id`, `pcon_direccion`, `pcon_telefono`, `pcon_celular`, `pcon_estado`, `pcon_fecha_creacion`, `pcon_fecha_modificacion`, `pcon_estado_logico`) VALUES
(1, 241, 'Jessica Maricela Arana Cuzme', 10, 'La Concordia', NULL, '988087978', '1', '2018-08-03 19:46:57', '2018-08-03 19:51:27', '1'),
(2, 238, 'Efigenia Aura Martinez Cantos', 12, 'Jorge Carrera Y Rio Pastaza', '2712294', '990832062', '1', '2018-08-05 15:10:02', NULL, '1'),
(3, 242, 'Barbara Sanchez', 2, 'Garzota Ii', '5064268', '988132273', '1', '2018-08-11 16:43:18', NULL, '1');

