--
-- Base de datos: `db_inventario`
--
USE `db_inventario`;

insert into `empresa_inventario` (`einv_id`, `einv_descripcion`, `einv_estado`, `einv_estado_logico`) VALUES
(1, 'UTEG', '1', '1'),
(2, 'MyDCatering', '1', '1'),
(3, 'Cranea', '1', '1');

insert into `tipo_bien` (`tbie_id`, `tbie_descripcion`, `tbie_estado`, `tbie_estado_logico`) VALUES
(1, 'Equipos de Computación', '1', '1'),
(2, 'Muebles de Oficina', '1', '1'),
(3, 'Equipos de Oficina', '1', '1'),
(4, 'Suministros de Computación', '1', '1'),
(5, 'Suministros de Oficina', '1', '1'),
(6, 'Suministros de Limpieza', '1', '1'),
(7, 'Suministros de Impresión', '1', '1'),
(8, 'Suministros Varios', '1', '1'),
(9, 'Equipos Médicos', '1', '1'),
(10, 'Mobiliario Académico', '1', '1'),
(11, 'Equipos de Producción', '1', '1'),
(12, 'Equipos de Seguridad', '1', '1');

INSERT INTO `categoria` (`cat_id`, `tbie_id`, `cat_descripcion`, `cat_estado`, `cat_estado_logico`) VALUES
(1, 1, 'Computadora', 1, 1),
(2, 1, 'Laptop', 1, 1),
(3, 1, 'CPU', 1, 1),
(4, 1, 'Monitor', 1, 1),
(5, 4, 'Teclado', 1, 1),
(6, 4, 'Mouse', 1, 1),
(7, 1, 'Impresora', 1, 1),
(8, 4, 'Parlantes', 1, 1),
(9, 1, 'Proyector', 1, 1),
(10, 4, 'Teléfono', 1, 1),
(11, 4, 'Router', 1, 1),
(12, 1, 'Switch', 1, 1),
(13, 2, 'Escritorios', 1, 1),
(14, 2, 'Sillas', 1, 1),
(15, 2, 'Archivadores', 1, 1),
(16, 2, 'Aéreos', 1, 1),
(17, 2, 'Mesas', 1, 1),
(18, 3, 'Splits', 1, 1),
(19, 3, 'Televisión', 1, 1),
(20, 3, 'Nevera', 1, 1),
(21, 5, 'Acordeon - para archivar documentos grande', 1, 1),
(22, 5, 'Acordeon - para archivar documentos pqueño', 1, 1),
(23, 5, 'Almohadillas', 1, 1),
(24, 5, 'Bitácora', 1, 1),
(25, 5, 'Borrador de lápiz', 1, 1),
(26, 5, 'Borrador de pizarra', 1, 1),
(27, 5, 'Caja de grapas', 1, 1),
(28, 5, 'Caja vinchas', 1, 1),
(29, 5, 'Cajas de clip mariposa', 1, 1),
(30, 5, 'Cajas de clip pequeños', 1, 1),
(31, 5, 'Cajas de papel continuo / troquelado 3 copia', 1, 1),
(32, 5, 'Calculadora', 1, 1),
(33, 5, 'Carpeta palito', 1, 1),
(34, 5, 'Carpetas colgantes', 1, 1),
(35, 5, 'Carpetas esmaltadas color azul', 1, 1),
(36, 5, 'Carpetas esmaltadas color celeste', 1, 1),
(37, 5, 'Carpetas esmaltadas color naranja', 1, 1),
(38, 5, 'Carpetas esmaltadas color ploma', 1, 1),
(39, 5, 'Carpetas esmaltadas color roja', 1, 1),
(40, 5, 'Carpetas esmaltadas color verde', 1, 1),
(41, 5, 'Carpetas manila', 1, 1),
(42, 5, 'Carpetas manila / colores varios', 1, 1),
(43, 5, 'Cartulina crema - diplomas', 1, 1),
(44, 5, 'Cartulinas A4 colores varios', 1, 1),
(45, 5, 'CD - regrabable', 1, 1),
(46, 5, 'Ceras', 1, 1),
(47, 5, 'Cinta de embalaje', 1, 1),
(48, 5, 'Cinta masking de papel', 1, 1),
(49, 5, 'Cintas scotch lx 350', 1, 1),
(50, 5, 'Correctores - liquid paper', 1, 1),
(51, 5, 'Cuaderno universitario cuadros', 1, 1),
(52, 5, 'Cuaderno universitario líneas', 1, 1),
(53, 5, 'Cubo de notas', 1, 1),
(54, 5, 'Dispensador de cinta scotch', 1, 1),
(55, 5, 'Dispensador de clips', 1, 1),
(56, 5, 'Espirles # 17 mm', 1, 1),
(57, 5, 'Estiletes', 1, 1),
(58, 5, 'Etiquetas ahesivas cuadradas', 1, 1),
(59, 5, 'Etiquetas ahesivas rectangulares', 1, 1),
(60, 5, 'Formularios de adminisión posgrados - block', 1, 1),
(61, 5, 'Forros de carpeta', 1, 1),
(62, 5, 'Fundas de stiker', 1, 1),
(63, 5, 'Goma en barra', 1, 1),
(64, 5, 'Goma liquida', 1, 1),
(65, 5, 'Grapadora', 1, 1),
(66, 5, 'Hojas adesivas', 1, 1),
(67, 5, 'Hojas membretadas rectorado', 1, 1),
(68, 5, 'Hojas membretadas uteg azul', 1, 1),
(69, 5, 'Hojas posgrado vino', 1, 1),
(70, 5, 'Lapicero', 1, 1),
(71, 5, 'Leitz delgados', 1, 1),
(72, 5, 'Leitz grandes', 1, 1),
(73, 5, 'Leitz pequeños', 1, 1),
(74, 5, 'Ligas - paquetes', 1, 1),
(75, 5, 'Marcador permanente', 1, 1),
(76, 5, 'Marcadores acrilicos azul', 1, 1),
(77, 5, 'Marcadores acrilicos negro', 1, 1),
(78, 5, 'Marcadores acrilicos rojo', 1, 1),
(79, 5, 'Papel ministro paquete x 20 unidades', 1, 1),
(80, 5, 'Marcadores billetes falsos', 1, 1),
(81, 5, 'Pasta para anillar de color', 1, 1),
(82, 5, 'Pasta para anillar transparente', 1, 1),
(83, 5, 'Perforadoras', 1, 1),
(84, 5, 'Pilas doble AA', 1, 1),
(85, 5, 'Pilas triple AAA', 1, 1),
(86, 5, 'Pilas triple AAA recargables', 1, 1),
(87, 5, 'Plumas unidades color azul', 1, 1),
(88, 5, 'Plumas unidades color negra', 1, 1),
(89, 5, 'Plumas unidades color rojo', 1, 1),
(90, 5, 'Porta lapices', 1, 1),
(91, 5, 'Protector de hojas paquete x 100', 1, 1),
(92, 5, 'Protector de hojas paquete x 25', 1, 1),
(93, 5, 'Reglas', 1, 1),
(94, 5, 'Resaltadores unidades - amarillo', 1, 1),
(95, 5, 'Resaltadores unidades - azul', 1, 1),
(96, 5, 'Resaltadores unidades - naranja', 1, 1),
(97, 5, 'Resaltadores unidades -verde', 1, 1),
(98, 5, 'Resaltadores unidades -rosado', 1, 1),
(99, 5, 'Resma hoja A4', 1, 1),
(100, 5, 'Sacagrapas', 1, 1),
(101, 5, 'Sacapuntas', 1, 1),
(102, 5, 'Separador de hojas - paquete', 1, 1),
(103, 5, 'Sobre manila amarillo A3 -UTEG', 1, 1),
(104, 5, 'Sobre manila amarillo A4', 1, 1),
(105, 5, 'Sobre manila amarillo A4 - UTEG', 1, 1),
(106, 5, 'Sobre manila amarillo A5', 1, 1),
(107, 5, 'Sobre manila amarillo A5 - UTEG', 1, 1),
(108, 5, 'Sobre manila blanco A4 - UTEG', 1, 1),
(109, 5, 'Sobre manila blanco A5 - UTEG', 1, 1),
(110, 5, 'Sobre manila blanco F6 - UTEG - grandes', 1, 1),
(111, 5, 'Sobre manila F6 - UTEG - grandes', 1, 1),
(112, 5, 'Sobres carta blanco', 1, 1),
(113, 5, 'Sobres carta uteg', 1, 1),
(114, 5, 'Tablero acrilico', 1, 1),
(115, 5, 'Tachuelas - caja x 50 / 100', 1, 1),
(116, 5, 'Tijeras', 1, 1),
(117, 5, 'Tinta para almohadilla', 1, 1),
(118, 6, 'Ambientador antitabaco', 1, 1),
(119, 6, 'Ambientador spray', 1, 1),
(120, 6, 'Ambiental repuesto', 1, 1),
(121, 6, 'Azúcar San Carlos', 1, 1),
(122, 6, 'Café molido Minerva', 1, 1),
(123, 6, 'Cloro galon', 1, 1),
(124, 6, 'Desengrasante / arrasagrasa', 1, 1),
(125, 6, 'Desinfectante galon', 1, 1),
(126, 6, 'Detergente deja 200 (180 gr)', 1, 1),
(127, 6, 'Escobas madera', 1, 1),
(128, 6, 'Escobas plasticas', 1, 1),
(129, 6, 'Esponja fibra abrasiva', 1, 1),
(130, 6, 'Esponja vileda', 1, 1),
(131, 6, 'Filtros para café (paq. 100 c/u)', 1, 1),
(132, 6, 'Franela tela', 1, 1),
(133, 6, 'Funda de basura 30 x 36', 1, 1),
(134, 6, 'Fundas de basura blanca-baños', 1, 1),
(135, 6, 'Fundas de basura extra grande', 1, 1),
(136, 6, 'Gel antibacterial - familia', 1, 1),
(137, 6, 'Gel antibacterial galon', 1, 1),
(138, 6, 'Guantes', 1, 1),
(139, 6, 'Insecticida spray', 1, 1),
(140, 6, 'Jabon espuma mano (posgrados)', 1, 1),
(141, 6, 'Jabon liquido antibacterial mano / familia', 1, 1),
(142, 6, 'Jabon liquido galon', 1, 1),
(143, 6, 'Jabon liquido mano /dispensador', 1, 1),
(144, 6, 'Lavavajilla', 1, 1),
(145, 6, 'Limpion industrial', 1, 1),
(146, 6, 'Mano de oso', 1, 1),
(147, 6, 'Pañuelos servilletas', 1, 1),
(148, 6, 'Paquete servilletas', 1, 1),
(149, 6, 'Pato tanque', 1, 1),
(150, 6, 'Ph rollo pequeño', 1, 1),
(151, 6, 'Recogedor de basura', 1, 1),
(152, 6, 'Rejilla desodorante urinario', 1, 1),
(153, 6, 'Rollos ph jumbo', 1, 1),
(154, 6, 'Rollos ph jumbo - posgrados', 1, 1),
(155, 6, 'Sacasarros', 1, 1),
(156, 6, 'Sorbetes para cafe', 1, 1),
(157, 6, 'Tachos de basura', 1, 1),
(158, 6, 'Tips para baños', 1, 1),
(159, 6, 'Toalla de mano rollo / familia', 1, 1),
(160, 6, 'Toalla de mano Z', 1, 1),
(161, 6, 'Toalla limpion', 1, 1),
(162, 6, 'Trapeador o mopa', 1, 1),
(163, 6, 'Trapeador o mopa microfibra', 1, 1),
(164, 6, 'Vasos coleros paquetes de 25', 1, 1),
(165, 6, 'Vasos coleros paquetes de 50', 1, 1),
(166, 6, 'Vasos termicos paquetes de 25', 1, 1),
(167, 6, 'Vinagre', 1, 1),
(168, 7, 'Toner lexmark / 604 h', 1, 1),
(169, 7, 'Tambor de imagen 500 z', 1, 1),
(170, 7, 'Lexmark CX622ADE 78C4UKE (negro)', 1, 1),
(171, 7, 'Lexmark CX622ADE 78C4UYE (amarillo)', 1, 1),
(172, 7, 'Lexmark CX622ADE 78C4UCE (cyan)', 1, 1),
(173, 7, 'CLT M 404 S (magenta)', 1, 1),
(174, 7, 'CLT Y 404 S (amarillo)', 1, 1),
(175, 7, 'CLT -K 404 S (negro)', 1, 1),
(176, 7, 'CLT -C 404 S (celeste)', 1, 1),
(177, 7, 'Lexmark CX622ADE 78C4UME (magenta)', 1, 1),
(178, 5, 'Lápiz', 1, 1),
(179, 7, 'HP CF503A (magenta) 202A', 1, 1),
(180, 7, 'HP CF502A (yellow) 202A', 1, 1),
(181, 7, 'HP CF501A (cyan) 202A', 1, 1),
(182, 7, 'HP CF500A (black) 202A', 1, 1),
(183, 7, 'Epson LX 350', 1, 1),
(184, 7, 'Epson LX 300', 1, 1),
(185, 7, 'Epson LX 80', 1, 1),
(186, 7, 'Tinta color negro', 1, 1),
(187, 7, 'Tinta color amarillo', 1, 1),
(188, 7, 'Tinta color celeste', 1, 1),
(189, 7, 'Tinta color magenta', 1, 1),
(190, 7, 'CF 283 A', 1, 1),
(191, 7, 'Datacard print', 1, 1),
(192, 8, 'Medidor de temperatura', 1, 1),
(193, 8, 'Medidor de luz', 1, 1),
(194, 8, 'Deshumificador', 1, 1),
(195, 8, 'Gafas de protección', 1, 1),
(196, 8, 'Batas', 1, 1),
(197, 8, 'Piola de algodón', 1, 1),
(198, 8, 'Rollo de pellón', 1, 1),
(199, 8, 'Funda de guaipe', 1, 1),
(200, 8, 'Mascarillas', 1, 1),
(201, 8, 'Brochas grandes', 1, 1),
(202, 8, 'Brochas pequeñas', 1, 1),
(203, 8, 'Gorros quirúrgicos', 1, 1),
(204, 8, 'Colgante para credencial', 1, 1),
(205, 8, 'Protector para credencial', 1, 1),
(206, 8, 'Tarjetas blancas para credencial', 1, 1),
(207, 8, 'Fichas de control', 1, 1),
(208, 8, 'Sobre para ficha de control', 1, 1),
(209, 8, 'Camisetas', 1, 1),
(210, 8, 'Camisetas polo', 1, 1),
(211, 8, 'Chalecos', 1, 1),
(212, 8, 'Bolsos UTEG', 1, 1),
(213, 8, 'Libretas', 1, 1),
(214, 8, 'Cajas archivísticas', 1, 1),
(215, 9, 'Camilla de examen', 1, 1),
(216, 9, 'Lámpara cuello de ganzo', 1, 1),
(217, 9, 'Báscula con estadímetro', 1, 1),
(218, 9, 'Tensiometro de pedestal', 1, 1),
(219, 9, 'Estetoscopio', 1, 1),
(220, 9, 'Equipo de diagnostico pequeño', 1, 1),
(221, 9, 'Mesa de curacion acero', 1, 1),
(222, 9, 'Esterilizador', 1, 1),
(223, 9, 'Collarete rígido', 1, 1),
(224, 9, 'Collarete flexible', 1, 1),
(225, 9, 'Glucometro accu chek', 1, 1),
(226, 9, 'Tambor 12 cm acero inoxidable algodón', 1, 1),
(227, 9, 'Equipo de cirugía menor', 1, 1),
(228, 9, 'Tambor 12 cm acero inoxidable gasas', 1, 1),
(229, 9, 'Recipiente desechos cortopunzantes', 1, 1),
(230, 8, 'Plumas UTEG', 1, 1),
(231, 8, 'Dipticos (Malla)', 1, 1),
(232, 8, 'Tripticos UTEG', 1, 1),
(233, 8, 'Flyer Maestría en Investigación', 1, 1),
(234, 8, 'Flyer Programa Maestría en Administración de Empresas mención Dirección Estratégicas de Empresas Familiares.', 1, 1),
(235, 8, 'Flyer Programa Maestría en Administración de Empresas.', 1, 1),
(236, 8, 'Flyer Programa Maestría en Finanzas mención Tributación.', 1, 1),
(237, 8, 'Flyer Programa Maestría en Gestión del Talento Humano.', 1, 1),
(238, 8, 'Flyer Programa Maestría en Marketing.', 1, 1),
(239, 8, 'Flyer Programa Maestría en Educación.', 1, 1),
(240, 8, 'Flyer Programa Maestría en Gestión de Empresas Turísticas.', 1, 1),
(241, 8, 'Flyer Programa Maestría en Sistemas de Información Gerencial ', 1, 1),
(242, 8, 'Flyer Programa Maestría en Negocios Internacionales mención Gestión de Mercados Globales', 1, 1),
(243, 8, 'Roll up', 1, 1),
(244, 8, 'Fundas plásticas UTEG.', 1, 1),
(245, 8, 'Inflable UTEG.', 1, 1),
(246, 8, 'Carpetas UTEG.', 1, 1),
(247, 4, 'Tablet.', 1, 1),
(248, 8, 'Diademas telefonicas', 1, 1),
(249, 8, 'Gorras', 1, 1),
(250, 10, 'Armario', 1, 1),
(251, 10, 'Bancos', 1, 1),
(252, 10, 'Botiquín', 1, 1),
(253, 10, 'Buzón de sugerencia', 1, 1),
(254, 10, 'Cuna', 1, 1),
(255, 10, 'Dispensador de agua', 1, 1),
(256, 10, 'Extintor', 1, 1),
(257, 10, 'Futbolín', 1, 1),
(258, 10, 'Mesa dual', 1, 1),
(259, 10, 'Microondas', 1, 1),
(260, 10, 'Mueble', 1, 1),
(261, 10, 'Pantalla de proyección', 1, 1),
(262, 10, 'Parasol', 1, 1),
(263, 10, 'Perezosa plástica', 1, 1),
(264, 10, 'Pileta', 1, 1),
(265, 10, 'Pizarra', 1, 1),
(266, 10, 'Punto ecológico', 1, 1),
(267, 10, 'Repisa', 1, 1),
(268, 10, 'Tacho de basura', 1, 1),
(269, 10, 'Triturador de papel ', 1, 1),
(270, 10, 'Vitrina', 1, 1),
(271, 10, 'Pupitre', 1, 1),
(272, 8, 'Lápiz UTEG', 1, 1),
(273, 8, 'Dípticos (Online)', 1, 1),
(274, 8, 'Stickers UTEG para vehículos', 1, 1),
(275, 8, 'Cuadernos UTEG sin "misión y visión"', 1, 1),
(276, 8, 'Cuadernos UTEG con "misión y visión"', 1, 1),
(277, 8, 'Tarjetas Bar UTEG', 1, 1),
(278, 8, 'Acordeones Violencia de Género', 1, 1),
(279, 8, 'Acordeones Servicios de Bienestar', 1, 1),
(280, 8, 'Cupones Dsct. Rinconcito Paisa', 1, 1),
(281, 11, 'Equipos de video', 1, 1),
(282, 11, 'Equipos de audio', 1, 1),
(283, 11, 'Equipos de fotografía', 1, 1),
(284, 10, 'Carpa', 1, 1),
(285, 2, 'Máquina guillotina', 1, 1),
(286, 2, 'Caja metálica', 1, 1),
(287, 2, 'Máquina para perforar papel', 1, 1),
(288, 8, 'Pulceras', 1, 1),
(289, 8, 'Porta tarjetas', 1, 1),
(290, 8, 'Celular', 1, 1),
(291, 8, 'Especies', 1, 1),
(292, 12, 'Radio', 1, 1),
(293, 12, 'Arma', 1, 1),
(294, 10, 'Cocina', 1, 1),
(295, 10, 'Refrigerador', 1, 1),
(296, 10, 'Tanque de gas', 1, 1),
(297, 10, 'Banco de espera', 1, 1),
(298, 2, 'Caja fuerte', 1, 1),
(299, 4, 'Cable HDMI', 1, 1),
(300, 4, 'Cable VGA', 1, 1);


INSERT INTO `activo_fijo` (`afij_id`, `einv_id`, `are_id`, `cat_id`, `afij_secuencia`, `afij_codigo`, `afij_custodio`, `afij_descripcion`, `afij_marca`, `afij_modelo`, `afij_num_serie`, `afij_cantidad`, `afij_ram`, `afij_disco_hdd`, `afij_disco_ssd`, `afij_procesador`, `afij_ip`, `afij_estado`, `afij_estado_logico`) VALUES
(1, 1, 13, 212, 1, 'UTEG00821200001', 'Carolina Aguilar', 'Bolsos Tipo Cartera, material Cambrela', NULL, NULL, NULL, 227, NULL, NULL, NULL, NULL, NULL, 1, 1),
(2, 1, 13, 230, 1, 'UTEG00823000001', 'Carolina Aguilar', 'Bolígrafos color Blanco con logo de la UTEG, tinta azul ', NULL, NULL, NULL, 1950, NULL, NULL, NULL, NULL, NULL, 1, 1),
(3, 1, 13, 232, 1, 'UTEG00823200001', 'Carolina Aguilar', NULL, NULL, NULL, NULL, NULL, NULL, NULL, NULL, NULL, NULL, 1, 1),
(4, 1, 13, 244, 1, 'UTEG00824400001', 'Carolina Aguilar', 'Fundas plásticas de mano color blaco con logo de la UTEG', NULL, NULL, NULL, 825, NULL, NULL, NULL, NULL, NULL, 1, 1),
(5, 1, 13, 245, 1, 'UTEG00824500001', 'Carolina Aguilar', NULL, NULL, NULL, NULL, 1, NULL, NULL, NULL, NULL, NULL, 1, 1),
(6, 1, 13, 246, 1, 'UTEG00824600001', 'Carolina Aguilar', 'un carton con carpetas azules diseño UTEG', NULL, NULL, NULL, 550, NULL, NULL, NULL, NULL, NULL, 1, 1),
(7, 1, 13, 272, 1, 'UTEG00827200001', 'Carolina Aguilar', 'Lápices color Blanco con logo de la UTEG - 15 cajas', NULL, NULL, NULL, 1500, NULL, NULL, NULL, NULL, NULL, 1, 1),
(8, 1, 13, 231, 1, 'UTEG00823100001', 'Carolina Aguilar', 'Mallas de Carreras de Grado Modalidad Presencial, Distancia', NULL, NULL, NULL, 4541, NULL, NULL, NULL, NULL, NULL, 1, 1),
(9, 1, 13, 273, 1, 'UTEG00827300001', 'Carolina Aguilar', 'Mallas Carreras Online', NULL, NULL, NULL, 1883, NULL, NULL, NULL, NULL, NULL, 1, 1),
(10, 1, 13, 233, 1, 'UTEG00823300001', 'Carolina Aguilar', NULL, NULL, NULL, NULL, 203, NULL, NULL, NULL, NULL, NULL, 1, 1),
(11, 1, 13, 234, 1, 'UTEG00823400001', 'Carolina Aguilar', NULL, NULL, NULL, NULL, 33, NULL, NULL, NULL, NULL, NULL, 1, 1),
(12, 1, 13, 235, 1, 'UTEG00823500001', 'Carolina Aguilar', NULL, NULL, NULL, NULL, 14, NULL, NULL, NULL, NULL, NULL, 1, 1),
(13, 1, 13, 236, 1, 'UTEG00823600001', 'Carolina Aguilar', NULL, NULL, NULL, NULL, 49, NULL, NULL, NULL, NULL, NULL, 1, 1),
(14, 1, 13, 237, 1, 'UTEG00823700001', 'Carolina Aguilar', NULL, NULL, NULL, NULL, 0, NULL, NULL, NULL, NULL, NULL, 1, 1),
(15, 1, 13, 238, 1, 'UTEG00823800001', 'Carolina Aguilar', NULL, NULL, NULL, NULL, 34, NULL, NULL, NULL, NULL, NULL, 1, 1),
(16, 1, 13, 239, 1, 'UTEG00823900001', 'Carolina Aguilar', NULL, NULL, NULL, NULL, 113, NULL, NULL, NULL, NULL, NULL, 1, 1),
(17, 1, 13, 240, 1, 'UTEG00824000001', 'Carolina Aguilar', NULL, NULL, NULL, NULL, 19, NULL, NULL, NULL, NULL, NULL, 1, 1),
(18, 1, 13, 241, 1, 'UTEG00824100001', 'Carolina Aguilar', NULL, NULL, NULL, NULL, 57, NULL, NULL, NULL, NULL, NULL, 1, 1),
(19, 1, 13, 242, 1, 'UTEG00824200001', 'Carolina Aguilar', NULL, NULL, NULL, NULL, 30, NULL, NULL, NULL, NULL, NULL, 1, 1),
(20, 1, 13, 243, 1, 'UTEG00824300001', 'Carolina Aguilar', 'Roll Up de: Piensa Ecuador, Carreras de Grado y Posgrado, Convenios UNE, Piensa Ecuador, FEDEC, ASECCBI, UTEG', NULL, NULL, NULL, 23, NULL, NULL, NULL, NULL, NULL, 1, 1),
(21, 1, 13, 213, 1, 'UTEG00821300001', 'Carolina Aguilar', NULL, NULL, NULL, NULL, 525, NULL, NULL, NULL, NULL, NULL, 1, 1),
(22, 1, 14, 247, 1, 'UTEG00824700001', 'Carolina Aguilar', 'Tablets Samsung A6', 'Samsung', 'A6', NULL, 4, NULL, NULL, NULL, NULL, NULL, 1, 1),
(23, 1, 13, 247, 2, 'UTEG00824700002', 'Carolina Aguilar', 'Tablets Samsung A6', 'Samsung', 'A6', NULL, 2, NULL, NULL, NULL, NULL, NULL, 1, 1);
