-- MySQL dump 10.13  Distrib 5.7.20, for Linux (x86_64)
--
-- Host: localhost    Database: db_facturacion
-- ------------------------------------------------------
-- Server version	5.7.20

/*!40101 SET @OLD_CHARACTER_SET_CLIENT=@@CHARACTER_SET_CLIENT */;
/*!40101 SET @OLD_CHARACTER_SET_RESULTS=@@CHARACTER_SET_RESULTS */;
/*!40101 SET @OLD_COLLATION_CONNECTION=@@COLLATION_CONNECTION */;
/*!40101 SET NAMES utf8 */;
/*!40103 SET @OLD_TIME_ZONE=@@TIME_ZONE */;
/*!40103 SET TIME_ZONE='+00:00' */;
/*!40014 SET @OLD_UNIQUE_CHECKS=@@UNIQUE_CHECKS, UNIQUE_CHECKS=0 */;
/*!40014 SET @OLD_FOREIGN_KEY_CHECKS=@@FOREIGN_KEY_CHECKS, FOREIGN_KEY_CHECKS=0 */;
/*!40101 SET @OLD_SQL_MODE=@@SQL_MODE, SQL_MODE='NO_AUTO_VALUE_ON_ZERO' */;
/*!40111 SET @OLD_SQL_NOTES=@@SQL_NOTES, SQL_NOTES=0 */;

--
-- Table structure for table `categoria`
--

DROP TABLE IF EXISTS `categoria`;
/*!40101 SET @saved_cs_client     = @@character_set_client */;
/*!40101 SET character_set_client = utf8 */;
CREATE TABLE `categoria` (
  `cat_id` bigint(20) NOT NULL AUTO_INCREMENT,
  `cat_nombre` varchar(200) NOT NULL,
  `cat_descripcion` varchar(500) NOT NULL,
  `cat_usu_ingreso` bigint(20) NOT NULL,
  `cat_usu_modifica` bigint(20) DEFAULT NULL,
  `cat_estado` varchar(1) NOT NULL,
  `cat_fecha_creacion` timestamp NOT NULL DEFAULT CURRENT_TIMESTAMP,
  `cat_fecha_modificacion` timestamp NULL DEFAULT NULL,
  `cat_estado_logico` varchar(1) NOT NULL,
  PRIMARY KEY (`cat_id`)
) ENGINE=InnoDB AUTO_INCREMENT=2 DEFAULT CHARSET=utf8;
/*!40101 SET character_set_client = @saved_cs_client */;

--
-- Dumping data for table `categoria`
--

LOCK TABLES `categoria` WRITE;
/*!40000 ALTER TABLE `categoria` DISABLE KEYS */;
INSERT INTO `categoria` VALUES (1,'Solicitudes de Inscripción','Solicitudes de Inscripción',1,NULL,'1','2018-01-02 16:35:16',NULL,'1');
/*!40000 ALTER TABLE `categoria` ENABLE KEYS */;
UNLOCK TABLES;

--
-- Table structure for table `comprobante`
--

DROP TABLE IF EXISTS `comprobante`;
/*!40101 SET @saved_cs_client     = @@character_set_client */;
/*!40101 SET character_set_client = utf8 */;
CREATE TABLE `comprobante` (
  `com_id` bigint(20) NOT NULL AUTO_INCREMENT,
  `tcom_id` bigint(20) NOT NULL,
  `com_padre_id` bigint(20) DEFAULT NULL,
  `com_nombres_cliente` varchar(250) NOT NULL,
  `com_direccion` varchar(500) DEFAULT NULL,
  `com_telefono` varchar(50) DEFAULT NULL,
  `com_correo` varchar(50) DEFAULT NULL,
  `com_valor` double NOT NULL,
  `com_usuario_transaccion` bigint(20) NOT NULL,
  `com_estado` varchar(1) DEFAULT NULL,
  `com_fecha_creacion` timestamp NOT NULL DEFAULT CURRENT_TIMESTAMP,
  `com_fecha_modificacion` timestamp NULL DEFAULT NULL,
  `com_estado_logico` varchar(1) DEFAULT NULL,
  PRIMARY KEY (`com_id`)
) ENGINE=InnoDB DEFAULT CHARSET=utf8;
/*!40101 SET character_set_client = @saved_cs_client */;

--
-- Dumping data for table `comprobante`
--

LOCK TABLES `comprobante` WRITE;
/*!40000 ALTER TABLE `comprobante` DISABLE KEYS */;
/*!40000 ALTER TABLE `comprobante` ENABLE KEYS */;
UNLOCK TABLES;

--
-- Table structure for table `desglose_pago`
--

DROP TABLE IF EXISTS `desglose_pago`;
/*!40101 SET @saved_cs_client     = @@character_set_client */;
/*!40101 SET character_set_client = utf8 */;
CREATE TABLE `desglose_pago` (
  `dpag_id` bigint(20) NOT NULL AUTO_INCREMENT,
  `opag_id` bigint(20) NOT NULL,
  `dpag_subtotal` double NOT NULL,
  `dpag_iva` double NOT NULL,
  `dpag_total` double NOT NULL,
  `dpag_fecha_ini_vigencia` timestamp NULL DEFAULT NULL,
  `dpag_fecha_fin_vigencia` timestamp NULL DEFAULT NULL,
  `dpag_estado_pago` varchar(1) DEFAULT NULL,
  `dpag_usu_ingreso` bigint(20) NOT NULL,
  `dpag_usu_modifica` bigint(20) DEFAULT NULL,
  `dpag_estado` varchar(1) NOT NULL,
  `dpag_fecha_creacion` timestamp NOT NULL DEFAULT CURRENT_TIMESTAMP,
  `dpag_fecha_modificacion` timestamp NULL DEFAULT NULL,
  `dpag_estado_logico` varchar(1) NOT NULL,
  PRIMARY KEY (`dpag_id`),
  KEY `opag_id` (`opag_id`),
  CONSTRAINT `desglose_pago_ibfk_1` FOREIGN KEY (`opag_id`) REFERENCES `orden_pago` (`opag_id`)
) ENGINE=InnoDB AUTO_INCREMENT=314 DEFAULT CHARSET=utf8;
/*!40101 SET character_set_client = @saved_cs_client */;

--
-- Dumping data for table `desglose_pago`
--

LOCK TABLES `desglose_pago` WRITE;
/*!40000 ALTER TABLE `desglose_pago` DISABLE KEYS */;
INSERT INTO `desglose_pago` VALUES (1,1,150,0,150,'2017-10-03 08:57:02',NULL,'S',11,NULL,'1','2017-10-03 08:57:02','2017-10-11 11:22:45','1'),(2,2,150,0,150,'2017-10-05 02:34:19',NULL,'S',12,NULL,'1','2017-10-05 02:34:19','2017-10-12 11:22:27','1'),(3,3,150,0,150,'2017-10-11 02:11:37',NULL,'P',1,NULL,'0','2017-10-11 02:11:37',NULL,'1'),(4,4,150,0,150,'2017-10-12 08:22:51',NULL,'S',12,NULL,'1','2017-10-12 08:22:51','2017-11-29 22:48:09','1'),(5,5,150,0,150,'2017-10-14 01:56:35',NULL,'P',12,NULL,'0','2017-10-14 01:56:35',NULL,'1'),(6,6,150,0,150,'2017-10-14 02:00:05',NULL,'S',12,NULL,'1','2017-10-14 02:00:05','2017-10-14 07:14:02','1'),(7,7,150,0,150,'2017-10-15 02:08:58',NULL,'S',12,NULL,'1','2017-10-15 02:08:58','2017-10-15 07:15:17','1'),(8,8,150,0,150,'2017-10-15 02:21:25',NULL,'S',12,NULL,'1','2017-10-15 02:21:25','2017-10-15 07:23:17','1'),(9,9,150,0,150,'2017-10-17 07:47:34',NULL,'S',11,NULL,'1','2017-10-17 07:47:34','2017-10-17 13:03:17','1'),(10,10,150,0,150,'2017-10-17 08:46:24',NULL,'P',12,NULL,'0','2017-10-17 08:46:24',NULL,'1'),(11,11,150,0,150,'2017-10-18 02:36:05',NULL,'S',11,243,'1','2017-10-18 02:36:05','2018-04-03 16:37:06','1'),(12,12,150,0,150,'2017-10-18 18:30:21',NULL,'S',12,NULL,'1','2017-10-18 18:30:21','2017-10-19 06:16:40','1'),(13,13,150,0,150,'2017-10-26 23:49:21',NULL,'P',11,NULL,'0','2017-10-26 23:49:21',NULL,'1'),(14,14,150,0,150,'2017-10-27 00:32:26',NULL,'S',11,NULL,'1','2017-10-27 00:32:26','2017-11-01 05:52:50','1'),(15,15,90,0,90,'2017-11-01 21:55:44',NULL,'S',12,241,'1','2017-11-01 21:55:44','2018-02-23 22:06:24','1'),(16,16,150,0,150,'2017-11-07 03:30:13',NULL,'S',11,NULL,'1','2017-11-07 03:30:13','2017-11-29 20:10:45','1'),(17,17,150,0,150,'2017-11-08 22:55:44',NULL,'S',11,NULL,'1','2017-11-08 22:55:44','2017-11-13 20:37:15','1'),(18,18,150,0,150,'2017-11-09 04:33:57',NULL,'S',11,NULL,'1','2017-11-09 04:33:57','2017-11-29 20:11:46','1'),(19,19,150,0,150,'2017-11-09 04:36:57',NULL,'S',11,NULL,'1','2017-11-09 04:36:57','2017-11-11 00:11:46','1'),(20,20,150,0,150,'2017-11-10 02:44:49',NULL,'P',11,NULL,'0','2017-11-10 02:44:49',NULL,'1'),(21,21,150,0,150,'2017-11-10 03:38:39',NULL,'P',11,NULL,'0','2017-11-10 03:38:39',NULL,'0'),(22,22,150,0,150,'2017-11-10 03:39:20',NULL,'P',11,NULL,'0','2017-11-10 03:39:20',NULL,'1'),(23,23,150,0,150,'2017-11-10 03:39:59',NULL,'P',12,NULL,'0','2017-11-10 03:39:59',NULL,'1'),(24,24,150,0,150,'2017-11-11 02:32:49',NULL,'S',11,NULL,'1','2017-11-11 02:32:49','2017-11-29 02:52:05','1'),(25,25,150,0,150,'2017-11-11 03:04:37',NULL,'S',11,NULL,'1','2017-11-11 03:04:37','2017-11-22 22:52:58','1'),(26,26,150,0,150,'2017-11-13 19:38:27',NULL,'S',11,NULL,'1','2017-11-13 19:38:27','2017-11-29 20:18:29','1'),(27,27,150,0,150,'2017-11-13 19:49:51',NULL,'S',12,243,'1','2017-11-13 19:49:51','2018-04-26 15:05:50','1'),(28,28,150,0,150,'2017-11-14 00:10:20',NULL,'S',12,NULL,'1','2017-11-14 00:10:20','2017-11-14 02:09:18','1'),(29,29,150,0,150,'2017-11-15 21:23:18',NULL,'S',12,NULL,'1','2017-11-15 21:23:18','2017-11-18 21:24:30','1'),(30,30,150,0,150,'2017-11-19 22:02:34',NULL,'S',12,NULL,'1','2017-11-19 22:02:34','2017-11-20 19:15:51','1'),(32,32,150,0,150,'2017-11-22 22:05:50',NULL,'S',12,NULL,'1','2017-11-22 22:05:50','2017-11-29 02:49:32','1'),(33,33,150,0,150,'2017-11-29 05:17:05',NULL,'S',12,NULL,'1','2017-11-29 05:17:05','2017-11-29 19:36:25','1'),(34,34,150,0,150,'2017-12-05 02:27:50',NULL,'S',11,243,'1','2017-12-05 02:27:50','2018-05-14 15:32:38','1'),(35,35,150,0,150,'2017-12-14 19:04:53',NULL,'S',11,112,'1','2017-12-14 19:04:53','2018-01-10 17:59:15','1'),(36,36,150,0,150,'2018-01-02 05:00:00',NULL,'P',12,NULL,'0','2018-01-02 20:01:24',NULL,'1'),(37,37,150,0,150,'2018-01-05 05:00:00',NULL,'P',12,NULL,'0','2018-01-05 20:28:48',NULL,'1'),(38,38,150,0,150,'2018-01-08 05:00:00',NULL,'S',11,112,'1','2018-01-08 15:10:26','2018-01-08 21:38:18','1'),(39,39,150,0,150,'2018-01-08 05:00:00',NULL,'S',11,112,'1','2018-01-08 16:41:52','2018-01-09 16:14:55','1'),(40,40,90,0,90,'2018-01-09 05:00:00',NULL,'P',12,NULL,'0','2018-01-09 21:54:41',NULL,'1'),(41,41,150,0,150,'2018-01-12 05:00:00',NULL,'S',12,112,'1','2018-01-12 15:20:20','2018-01-12 20:02:01','1'),(42,42,150,0,150,'2018-01-12 05:00:00',NULL,'S',12,112,'1','2018-01-12 19:25:42','2018-01-13 14:02:10','1'),(43,43,150,0,150,'2018-01-15 05:00:00',NULL,'S',12,112,'1','2018-01-15 19:49:18','2018-01-19 22:53:50','1'),(44,44,150,0,150,'2018-01-15 05:00:00',NULL,'S',12,243,'1','2018-01-15 19:49:38','2018-04-26 15:11:56','1'),(45,45,150,0,150,'2018-01-17 05:00:00',NULL,'S',12,112,'1','2018-01-17 22:11:53','2018-01-19 14:02:30','1'),(46,46,90,0,90,'2018-01-18 05:00:00',NULL,'P',12,NULL,'0','2018-01-18 20:55:05',NULL,'1'),(47,47,150,0,150,'2018-01-22 05:00:00',NULL,'S',12,112,'1','2018-01-22 21:13:50','2018-01-22 22:15:16','1'),(48,48,150,0,150,'2018-01-26 05:00:00',NULL,'S',12,243,'1','2018-01-26 20:05:48','2018-02-01 22:13:32','1'),(49,49,150,0,150,'2018-01-26 05:00:00',NULL,'S',12,243,'1','2018-01-27 02:37:15','2018-01-30 19:16:01','1'),(50,50,120,0,120,'2018-01-31 05:00:00',NULL,'S',12,241,'1','2018-01-31 20:02:43','2018-02-19 21:06:39','1'),(51,51,150,0,150,'2018-01-31 05:00:00',NULL,'S',12,243,'1','2018-01-31 20:03:04','2018-02-05 17:14:02','1'),(52,52,150,0,150,'2018-02-01 05:00:00',NULL,'S',12,241,'1','2018-02-01 21:29:53','2018-02-19 16:48:18','1'),(53,53,150,0,150,'2018-02-14 05:00:00',NULL,'S',12,242,'1','2018-02-14 20:00:32','2018-02-15 22:46:11','1'),(54,54,150,0,150,'2018-02-16 05:00:00',NULL,'S',12,241,'1','2018-02-16 16:35:17','2018-02-20 19:39:15','1'),(55,55,150,0,150,'2018-02-16 05:00:00',NULL,'S',11,241,'1','2018-02-16 21:25:00','2018-02-16 21:37:14','1'),(56,56,150,0,150,'2018-02-19 05:00:00',NULL,'S',12,241,'1','2018-02-19 15:07:51','2018-02-19 16:40:50','1'),(57,57,150,0,150,'2018-02-19 05:00:00',NULL,'P',12,NULL,'0','2018-02-19 19:45:31',NULL,'1'),(58,58,150,0,150,'2018-02-19 05:00:00',NULL,'S',12,243,'1','2018-02-19 21:11:58','2018-02-19 21:25:24','1'),(59,59,150,0,150,'2018-02-20 05:00:00',NULL,'S',11,243,'1','2018-02-20 14:25:00','2018-02-20 19:15:14','1'),(60,60,150,0,150,'2018-02-20 05:00:00',NULL,'S',11,243,'1','2018-02-20 14:38:07','2018-02-20 15:28:10','1'),(61,61,150,0,150,'2018-02-20 05:00:00',NULL,'S',11,243,'1','2018-02-20 15:42:31','2018-02-20 15:59:56','1'),(62,62,150,0,150,'2018-02-23 05:00:00',NULL,'S',12,241,'1','2018-02-24 01:40:56','2018-02-25 16:25:46','1'),(63,63,150,0,150,'2018-02-26 05:00:00',NULL,'P',12,NULL,'0','2018-02-26 13:59:45',NULL,'1'),(64,64,150,0,150,'2018-03-01 05:00:00',NULL,'S',11,243,'1','2018-03-01 23:52:39','2018-03-02 19:40:23','1'),(65,65,150,0,150,'2018-03-02 05:00:00',NULL,'S',12,242,'1','2018-03-02 14:14:04','2018-03-05 19:15:46','1'),(66,66,150,0,150,'2018-03-02 05:00:00',NULL,'S',12,243,'1','2018-03-02 14:14:25','2018-03-02 14:41:19','1'),(67,67,150,0,150,'2018-03-05 05:00:00',NULL,'S',12,243,'1','2018-03-05 18:34:01','2018-03-06 13:35:02','1'),(68,68,150,0,150,'2018-03-08 05:00:00',NULL,'S',11,243,'1','2018-03-08 21:18:25','2018-03-09 14:23:10','1'),(69,69,120,0,120,'2018-03-09 05:00:00',NULL,'S',11,243,'1','2018-03-09 16:49:58','2018-03-13 17:15:22','1'),(70,70,150,0,150,'2018-03-09 05:00:00',NULL,'S',11,243,'1','2018-03-09 17:05:08','2018-03-13 14:07:15','1'),(71,71,150,0,150,'2018-03-09 05:00:00',NULL,'S',12,243,'1','2018-03-09 19:36:17','2018-03-12 14:34:33','1'),(72,72,150,0,150,'2018-03-09 05:00:00',NULL,'S',11,243,'1','2018-03-09 23:37:40','2018-03-13 14:05:38','1'),(73,73,150,0,150,'2018-03-10 05:00:00',NULL,'S',12,242,'1','2018-03-10 14:30:26','2018-03-11 15:32:56','1'),(74,74,150,0,150,'2018-03-10 05:00:00',NULL,'P',12,NULL,'0','2018-03-10 17:11:02',NULL,'1'),(75,75,150,0,150,'2018-03-10 05:00:00',NULL,'S',12,242,'1','2018-03-10 18:19:23','2018-03-10 19:34:41','1'),(76,76,150,0,150,'2018-03-12 05:00:00',NULL,'P',12,NULL,'0','2018-03-12 19:34:55',NULL,'1'),(77,77,150,0,150,'2018-03-12 05:00:00',NULL,'P',11,NULL,'0','2018-03-12 23:37:12',NULL,'1'),(78,78,150,0,150,'2018-03-13 05:00:00',NULL,'S',11,243,'1','2018-03-13 15:04:23','2018-03-16 15:20:56','1'),(79,79,150,0,150,'2018-03-13 05:00:00',NULL,'S',12,243,'1','2018-03-13 21:23:54','2018-03-16 15:22:35','1'),(80,80,120,0,120,'2018-03-14 05:00:00',NULL,'S',12,243,'1','2018-03-14 17:00:31','2018-04-18 16:46:23','1'),(81,81,150,0,150,'2018-03-14 05:00:00',NULL,'S',12,243,'1','2018-03-14 20:00:14','2018-03-16 15:24:28','1'),(82,82,150,0,150,'2018-03-14 05:00:00',NULL,'P',12,NULL,'0','2018-03-14 20:00:48',NULL,'1'),(83,83,150,0,150,'2018-03-14 05:00:00',NULL,'P',12,NULL,'0','2018-03-14 21:15:02',NULL,'1'),(84,84,150,0,150,'2018-03-15 05:00:00',NULL,'S',12,241,'1','2018-03-15 19:21:25','2018-03-17 13:25:33','1'),(85,85,150,0,150,'2018-03-15 05:00:00',NULL,'P',11,NULL,'0','2018-03-15 21:08:13',NULL,'1'),(86,86,150,0,150,'2018-03-16 05:00:00',NULL,'S',12,243,'1','2018-03-16 16:59:38','2018-03-28 21:06:56','1'),(87,87,150,0,150,'2018-03-16 05:00:00',NULL,'S',12,241,'1','2018-03-16 16:59:53','2018-03-17 13:22:43','1'),(88,88,150,0,150,'2018-03-16 05:00:00',NULL,'S',11,243,'1','2018-03-16 19:04:01','2018-03-19 19:25:23','1'),(89,89,150,0,150,'2018-03-17 05:00:00',NULL,'P',12,NULL,'0','2018-03-17 14:51:15',NULL,'1'),(90,90,150,0,150,'2018-03-17 05:00:00',NULL,'S',12,243,'1','2018-03-17 14:52:44','2018-03-17 16:23:22','1'),(91,91,150,0,150,'2018-03-17 05:00:00',NULL,'S',12,243,'1','2018-03-17 15:20:11','2018-03-17 16:22:06','1'),(92,92,150,0,150,'2018-03-17 05:00:00',NULL,'S',12,243,'1','2018-03-17 16:52:11','2018-03-19 19:31:49','1'),(93,93,150,0,150,'2018-03-19 05:00:00',NULL,'S',12,243,'1','2018-03-19 15:28:27','2018-03-20 15:34:00','1'),(94,94,150,0,150,'2018-03-19 05:00:00',NULL,'S',11,243,'1','2018-03-19 16:12:51','2018-03-19 20:42:33','1'),(95,95,150,0,150,'2018-03-19 05:00:00',NULL,'S',12,243,'1','2018-03-19 16:30:36','2018-03-19 20:42:03','1'),(96,96,150,0,150,'2018-03-19 05:00:00',NULL,'P',11,NULL,'0','2018-03-19 16:32:07',NULL,'1'),(97,97,150,0,150,'2018-03-19 05:00:00',NULL,'P',12,NULL,'0','2018-03-19 16:32:42',NULL,'1'),(98,98,150,0,150,'2018-03-19 05:00:00',NULL,'S',12,243,'1','2018-03-19 18:17:32','2018-03-19 19:32:29','1'),(100,100,150,0,150,'2018-03-19 05:00:00',NULL,'S',12,243,'1','2018-03-19 21:46:24','2018-03-20 13:34:20','1'),(101,101,150,0,150,'2018-03-20 05:00:00',NULL,'P',12,NULL,'0','2018-03-20 17:40:19',NULL,'1'),(102,102,150,0,150,'2018-03-21 05:00:00',NULL,'S',12,243,'1','2018-03-21 15:11:19','2018-03-21 20:19:15','1'),(103,103,150,0,150,'2018-03-21 05:00:00',NULL,'P',11,NULL,'0','2018-03-21 17:20:29',NULL,'1'),(104,104,150,0,150,'2018-03-21 05:00:00',NULL,'S',11,243,'1','2018-03-21 17:53:29','2018-03-21 19:23:25','1'),(105,105,150,0,150,'2018-03-21 05:00:00',NULL,'S',11,243,'1','2018-03-22 00:23:46','2018-03-22 16:00:52','1'),(106,106,150,0,150,'2018-03-22 05:00:00',NULL,'S',12,242,'1','2018-03-22 15:53:40','2018-03-23 01:12:34','1'),(107,107,150,0,150,'2018-03-29 05:00:00',NULL,'S',12,243,'1','2018-03-29 16:45:29','2018-03-29 22:03:06','1'),(108,108,150,0,150,'2018-03-29 05:00:00',NULL,'P',11,NULL,'0','2018-03-29 16:57:06',NULL,'1'),(109,109,120,0,120,'2018-04-02 05:00:00',NULL,'S',12,241,'1','2018-04-02 13:44:01','2018-04-09 18:25:16','1'),(110,110,120,0,120,'2018-04-02 05:00:00',NULL,'S',12,243,'1','2018-04-02 13:44:44','2018-04-03 15:01:29','1'),(111,111,150,0,150,'2018-04-02 05:00:00',NULL,'P',12,NULL,'0','2018-04-02 13:45:00',NULL,'1'),(112,112,150,0,150,'2018-04-02 05:00:00',NULL,'P',11,NULL,'0','2018-04-02 22:50:06',NULL,'1'),(113,113,90,0,90,'2018-04-03 05:00:00',NULL,'S',11,243,'1','2018-04-03 20:53:47','2018-04-06 19:32:01','1'),(114,114,120,0,120,'2018-04-03 05:00:00',NULL,'S',11,243,'1','2018-04-03 22:27:16','2018-04-09 23:10:29','1'),(115,115,150,0,150,'2018-04-03 05:00:00',NULL,'P',11,NULL,'0','2018-04-03 22:28:55',NULL,'1'),(116,116,150,0,150,'2018-04-04 05:00:00',NULL,'S',12,243,'1','2018-04-04 16:20:31','2018-04-13 20:45:47','1'),(117,117,120,0,120,'2018-04-04 05:00:00',NULL,'S',12,243,'1','2018-04-04 16:21:17','2018-04-14 15:13:43','1'),(118,118,150,0,150,'2018-04-05 05:00:00',NULL,'S',12,243,'1','2018-04-05 19:30:59','2018-04-10 21:40:58','1'),(119,119,150,0,150,'2018-04-05 05:00:00',NULL,'S',12,243,'1','2018-04-05 19:31:17','2018-04-10 21:45:56','1'),(120,120,120,0,120,'2018-04-06 05:00:00',NULL,'S',12,243,'1','2018-04-06 14:11:14','2018-04-09 17:34:09','1'),(121,121,120,0,120,'2018-04-06 05:00:00',NULL,'S',12,243,'1','2018-04-06 14:13:49','2018-04-18 16:45:52','1'),(122,122,150,0,150,'2018-04-06 05:00:00',NULL,'S',12,241,'1','2018-04-06 17:19:52','2018-07-20 21:09:48','1'),(123,123,150,0,150,'2018-04-06 05:00:00',NULL,'P',12,NULL,'0','2018-04-06 17:23:06',NULL,'1'),(124,124,150,0,150,'2018-04-10 05:00:00',NULL,'S',401,243,'1','2018-04-10 19:43:19','2018-04-10 21:16:19','1'),(125,125,150,0,150,'2018-04-10 05:00:00',NULL,'S',401,243,'1','2018-04-10 19:50:31','2018-04-10 21:23:59','1'),(126,126,150,0,150,'2018-04-10 05:00:00',NULL,'S',401,243,'1','2018-04-10 19:57:32','2018-04-12 23:03:22','1'),(127,127,150,0,150,'2018-04-10 05:00:00',NULL,'S',401,243,'1','2018-04-10 20:01:44','2018-04-10 21:35:34','1'),(128,128,90,0,90,'2018-04-10 05:00:00',NULL,'P',401,NULL,'0','2018-04-10 20:09:38',NULL,'1'),(129,129,120,0,120,'2018-04-10 05:00:00',NULL,'S',401,243,'1','2018-04-10 20:52:00','2018-04-14 15:13:20','1'),(130,130,120,0,120,'2018-04-11 05:00:00',NULL,'S',401,243,'1','2018-04-11 14:26:59','2018-04-11 22:06:18','1'),(131,131,120,0,120,'2018-04-11 05:00:00',NULL,'S',401,243,'1','2018-04-11 18:32:29','2018-04-11 22:05:18','1'),(132,132,120,0,120,'2018-04-11 05:00:00',NULL,'S',401,243,'1','2018-04-11 18:34:43','2018-04-13 14:12:07','1'),(133,133,120,0,120,'2018-04-12 05:00:00',NULL,'S',401,243,'1','2018-04-12 16:33:04','2018-04-12 20:45:01','1'),(134,134,120,0,120,'2018-04-12 05:00:00',NULL,'S',401,243,'1','2018-04-12 16:37:12','2018-04-12 17:09:03','1'),(135,135,120,0,120,'2018-04-13 05:00:00',NULL,'S',401,243,'1','2018-04-13 20:31:38','2018-04-14 15:12:48','1'),(136,136,120,0,120,'2018-04-13 05:00:00',NULL,'S',401,243,'1','2018-04-13 22:37:16','2018-04-14 18:49:55','1'),(137,137,120,0,120,'2018-04-13 05:00:00',NULL,'S',401,243,'1','2018-04-13 22:41:00','2018-04-17 20:56:12','1'),(138,138,120,0,120,'2018-04-13 05:00:00',NULL,'S',401,243,'1','2018-04-13 22:44:04','2018-04-16 17:37:36','1'),(139,139,120,0,120,'2018-04-13 05:00:00',NULL,'S',12,243,'1','2018-04-13 23:11:33','2018-04-14 15:15:28','1'),(140,140,120,0,120,'2018-04-13 05:00:00',NULL,'S',12,243,'1','2018-04-13 23:13:28','2018-04-16 17:35:57','1'),(141,141,90,0,90,'2018-04-13 05:00:00',NULL,'S',401,243,'1','2018-04-13 23:51:26','2018-04-13 23:59:20','1'),(142,142,120,0,120,'2018-04-16 05:00:00',NULL,'S',12,243,'1','2018-04-16 13:51:18','2018-04-16 22:56:57','1'),(143,143,120,0,120,'2018-04-16 05:00:00',NULL,'S',12,243,'1','2018-04-16 13:57:06','2018-04-17 21:13:30','1'),(144,144,120,0,120,'2018-04-16 05:00:00',NULL,'P',12,NULL,'0','2018-04-16 13:59:43',NULL,'1'),(145,145,120,0,120,'2018-04-17 05:00:00',NULL,'S',401,243,'1','2018-04-17 19:26:57','2018-04-17 20:57:50','1'),(146,146,120,0,120,'2018-04-17 05:00:00',NULL,'S',401,243,'1','2018-04-17 19:58:58','2018-04-17 20:59:36','1'),(147,147,120,0,120,'2018-04-17 05:00:00',NULL,'S',12,243,'1','2018-04-17 22:20:31','2018-04-18 15:41:27','1'),(148,148,120,0,120,'2018-04-17 05:00:00',NULL,'S',12,241,'1','2018-04-18 00:16:05','2018-04-18 00:48:49','1'),(149,149,120,0,120,'2018-04-18 05:00:00',NULL,'S',401,241,'1','2018-04-18 16:11:46','2018-04-19 01:41:02','1'),(150,150,60,0,60,'2018-04-18 05:00:00',NULL,'S',401,243,'1','2018-04-18 22:37:41','2018-04-27 16:06:18','1'),(151,151,120,0,120,'2018-04-18 05:00:00',NULL,'S',8,241,'1','2018-04-19 00:44:37','2018-04-19 01:39:08','1'),(152,152,150,0,150,'2018-04-24 05:00:00',NULL,'S',401,241,'1','2018-04-24 14:43:35','2018-05-10 23:33:21','1'),(153,153,150,0,150,'2018-04-24 05:00:00',NULL,'S',401,243,'1','2018-04-24 14:44:44','2018-04-25 17:22:02','1'),(154,154,150,0,150,'2018-04-28 05:00:00',NULL,'S',8,243,'1','2018-04-28 21:20:51','2018-05-02 15:30:21','1'),(155,155,150,0,150,'2018-05-02 05:00:00',NULL,'P',401,NULL,'0','2018-05-02 15:00:51',NULL,'1'),(156,156,150,0,150,'2018-05-02 05:00:00',NULL,'S',401,241,'1','2018-05-02 15:07:40','2018-05-04 22:25:59','1'),(157,157,150,0,150,'2018-05-02 05:00:00',NULL,'P',401,NULL,'0','2018-05-02 20:06:19',NULL,'1'),(158,158,150,0,150,'2018-05-03 05:00:00',NULL,'S',8,243,'1','2018-05-03 20:16:38','2018-05-11 22:30:11','1'),(159,159,150,0,150,'2018-05-04 05:00:00',NULL,'S',401,243,'1','2018-05-04 16:50:52','2018-05-08 23:03:28','1'),(160,160,150,0,150,'2018-05-04 05:00:00',NULL,'S',401,243,'1','2018-05-04 16:59:41','2018-05-10 22:08:17','1'),(161,161,150,0,150,'2018-05-08 05:00:00',NULL,'S',401,243,'1','2018-05-08 16:07:58','2018-05-14 15:28:17','1'),(162,162,150,0,150,'2018-05-09 05:00:00',NULL,'S',8,243,'1','2018-05-09 19:27:46','2018-05-28 15:22:28','1'),(163,163,150,0,150,'2018-05-10 05:00:00',NULL,'S',401,243,'1','2018-05-10 23:10:03','2018-05-11 22:29:23','1'),(164,164,150,0,150,'2018-05-15 05:00:00',NULL,'S',401,243,'1','2018-05-15 15:46:03','2018-05-15 17:38:53','1'),(165,165,150,0,150,'2018-05-15 05:00:00',NULL,'S',401,243,'1','2018-05-15 15:48:04','2018-05-16 23:09:37','1'),(166,166,150,0,150,'2018-05-16 05:00:00',NULL,'S',401,243,'1','2018-05-16 18:45:32','2018-05-16 19:37:18','1'),(167,167,150,0,150,'2018-05-17 05:00:00',NULL,'S',401,243,'1','2018-05-17 16:37:55','2018-05-18 15:45:41','1'),(168,168,150,0,150,'2018-05-18 05:00:00',NULL,'P',401,NULL,'0','2018-05-18 15:43:10',NULL,'1'),(169,169,150,0,150,'2018-05-24 05:00:00',NULL,'S',401,243,'1','2018-05-24 20:33:38','2018-06-01 15:37:56','1'),(170,170,150,0,150,'2018-05-30 05:00:00',NULL,'S',401,243,'1','2018-05-30 14:29:09','2018-06-07 17:37:03','1'),(171,171,150,0,150,'2018-05-30 05:00:00',NULL,'S',401,243,'1','2018-05-30 16:14:21','2018-05-30 20:05:19','1'),(172,172,150,0,150,'2018-05-30 05:00:00',NULL,'P',401,NULL,'0','2018-05-30 17:40:10',NULL,'1'),(173,173,150,0,150,'2018-05-30 05:00:00',NULL,'P',401,NULL,'0','2018-05-30 19:14:34',NULL,'1'),(174,174,120,0,120,'2018-05-31 05:00:00',NULL,'S',401,241,'1','2018-05-31 15:17:40','2018-05-31 22:36:10','1'),(175,175,150,0,150,'2018-05-31 05:00:00',NULL,'S',401,243,'1','2018-05-31 19:39:12','2018-06-07 21:22:22','1'),(176,176,150,0,150,'2018-05-31 05:00:00',NULL,'S',401,243,'1','2018-05-31 20:02:18','2018-05-31 20:56:46','1'),(177,177,150,0,150,'2018-05-31 05:00:00',NULL,'S',401,243,'1','2018-05-31 20:32:41','2018-06-05 15:00:28','1'),(178,178,150,0,150,'2018-06-01 05:00:00',NULL,'P',8,NULL,'0','2018-06-01 14:09:08',NULL,'1'),(179,179,150,0,150,'2018-06-01 05:00:00',NULL,'P',8,NULL,'0','2018-06-01 14:10:08',NULL,'1'),(180,180,150,0,150,'2018-06-01 05:00:00',NULL,'P',8,NULL,'0','2018-06-01 17:20:15',NULL,'1'),(181,181,150,0,150,'2018-06-01 05:00:00',NULL,'S',8,243,'1','2018-06-01 18:21:39','2018-06-07 17:53:57','1'),(182,182,150,0,150,'2018-06-01 05:00:00',NULL,'P',401,NULL,'0','2018-06-01 23:01:31',NULL,'1'),(183,183,150,0,150,'2018-06-02 05:00:00',NULL,'S',8,243,'1','2018-06-02 14:28:32','2018-06-05 14:59:14','1'),(184,184,150,0,150,'2018-06-02 05:00:00',NULL,'S',8,243,'1','2018-06-02 16:29:33','2018-06-04 17:50:39','1'),(185,185,150,0,150,'2018-06-04 05:00:00',NULL,'S',8,243,'1','2018-06-04 16:26:30','2018-06-04 17:51:48','1'),(186,186,150,0,150,'2018-06-04 05:00:00',NULL,'S',8,241,'1','2018-06-04 23:19:16','2018-06-05 20:26:46','1'),(187,187,150,0,150,'2018-06-04 05:00:00',NULL,'P',8,NULL,'0','2018-06-04 23:19:43',NULL,'1'),(188,188,150,0,150,'2018-06-06 05:00:00',NULL,'S',401,243,'1','2018-06-06 20:42:01','2018-06-08 15:20:01','1'),(189,189,150,0,150,'2018-06-07 05:00:00',NULL,'P',401,NULL,'0','2018-06-07 17:03:39',NULL,'1'),(190,190,150,0,150,'2018-06-08 05:00:00',NULL,'S',401,243,'1','2018-06-08 14:41:59','2018-06-09 14:32:25','1'),(191,191,90,0,90,'2018-06-08 05:00:00',NULL,'P',401,NULL,'0','2018-06-08 14:55:52',NULL,'1'),(192,192,150,0,150,'2018-06-08 05:00:00',NULL,'S',401,243,'1','2018-06-08 17:18:36','2018-06-08 18:32:40','1'),(193,193,150,0,150,'2018-06-09 05:00:00',NULL,'S',8,241,'1','2018-06-09 16:17:11','2018-06-09 18:43:35','1'),(194,194,150,0,150,'2018-06-09 05:00:00',NULL,'S',8,243,'1','2018-06-09 16:18:59','2018-06-16 17:33:24','1'),(195,195,150,0,150,'2018-06-11 05:00:00',NULL,'S',8,243,'1','2018-06-11 18:57:15','2018-06-11 22:22:07','1'),(196,196,150,0,150,'2018-06-11 05:00:00',NULL,'P',8,NULL,'0','2018-06-11 20:45:11',NULL,'1'),(197,197,150,0,150,'2018-06-12 05:00:00',NULL,'S',401,243,'1','2018-06-12 14:26:44','2018-06-12 20:08:50','1'),(198,198,150,0,150,'2018-06-12 05:00:00',NULL,'P',401,NULL,'0','2018-06-12 16:59:31',NULL,'1'),(199,199,150,0,150,'2018-06-12 05:00:00',NULL,'S',401,241,'1','2018-06-12 19:06:34','2018-06-12 21:50:48','1'),(200,200,150,0,150,'2018-06-20 05:00:00',NULL,'S',8,243,'1','2018-06-20 21:23:32','2018-06-21 19:24:24','1'),(201,201,150,0,150,'2018-06-21 05:00:00',NULL,'S',8,241,'1','2018-06-21 18:46:04','2018-06-27 00:32:27','1'),(202,202,150,0,150,'2018-06-25 05:00:00',NULL,'P',8,NULL,'0','2018-06-25 15:07:04',NULL,'1'),(203,203,150,0,150,'2018-06-27 05:00:00',NULL,'S',401,241,'1','2018-06-27 18:47:57','2018-06-27 19:39:13','1'),(204,204,150,0,150,'2018-06-28 05:00:00',NULL,'P',8,NULL,'0','2018-06-28 14:08:56',NULL,'1'),(205,205,150,0,150,'2018-06-28 05:00:00',NULL,'S',401,243,'1','2018-06-28 16:49:17','2018-07-03 18:53:57','1'),(206,206,150,0,150,'2018-06-28 05:00:00',NULL,'S',401,241,'1','2018-06-28 17:47:20','2018-06-28 18:32:12','1'),(207,207,150,0,150,'2018-06-29 05:00:00',NULL,'S',401,243,'1','2018-06-29 19:42:57','2018-07-16 13:51:00','1'),(208,208,150,0,150,'2018-07-02 05:00:00',NULL,'S',8,243,'1','2018-07-02 14:03:00','2018-07-04 16:04:02','1'),(209,209,150,0,150,'2018-07-03 05:00:00',NULL,'P',8,NULL,'0','2018-07-03 18:04:30',NULL,'1'),(210,210,90,0,90,'2018-07-03 05:00:00',NULL,'S',8,243,'1','2018-07-03 18:05:15','2018-08-06 21:43:57','1'),(211,211,150,0,150,'2018-07-10 05:00:00',NULL,'S',401,243,'1','2018-07-10 15:40:00','2018-07-13 15:07:09','1'),(212,212,150,0,150,'2018-07-10 05:00:00',NULL,'S',8,241,'1','2018-07-10 19:15:06','2018-07-11 13:26:09','1'),(213,213,150,0,150,'2018-07-11 05:00:00',NULL,'P',8,NULL,'0','2018-07-11 19:33:16',NULL,'1'),(214,214,150,0,150,'2018-07-14 05:00:00',NULL,'S',8,243,'1','2018-07-14 17:39:57','2018-07-16 13:52:02','1'),(215,215,150,0,150,'2018-07-14 05:00:00',NULL,'S',8,243,'1','2018-07-14 19:24:20','2018-07-16 13:53:58','1'),(216,216,150,0,150,'2018-07-15 05:00:00',NULL,'S',8,243,'1','2018-07-16 01:49:19','2018-07-17 15:37:17','1'),(217,217,150,0,150,'2018-07-15 05:00:00',NULL,'S',8,241,'1','2018-07-16 01:49:57','2018-07-17 20:56:20','1'),(218,218,150,0,150,'2018-07-15 05:00:00',NULL,'P',8,NULL,'0','2018-07-16 01:50:56',NULL,'1'),(219,219,90,0,90,'2018-07-16 05:00:00',NULL,'S',8,241,'1','2018-07-16 17:09:16','2018-07-30 19:03:37','1'),(220,220,90,0,90,'2018-07-16 05:00:00',NULL,'P',8,NULL,'0','2018-07-16 17:28:57',NULL,'1'),(221,221,0,0,0,'2018-07-16 05:00:00',NULL,'S',8,NULL,'1','2018-07-16 17:30:08',NULL,'1'),(222,222,150,0,150,'2018-07-17 05:00:00',NULL,'S',401,241,'1','2018-07-17 18:44:39','2018-07-17 20:54:49','1'),(223,223,150,0,150,'2018-07-17 05:00:00',NULL,'S',401,241,'1','2018-07-17 20:45:22','2018-07-17 20:53:48','1'),(224,224,0,0,0,'2018-07-17 05:00:00',NULL,'S',8,NULL,'1','2018-07-17 21:23:50',NULL,'1'),(225,225,0,0,0,'2018-07-18 05:00:00',NULL,'S',8,NULL,'1','2018-07-18 15:25:42',NULL,'1'),(226,226,0,0,0,'2018-07-18 05:00:00',NULL,'S',8,NULL,'1','2018-07-18 15:26:29',NULL,'1'),(227,227,0,0,0,'2018-07-18 05:00:00',NULL,'S',8,NULL,'1','2018-07-18 15:27:05',NULL,'1'),(228,228,0,0,0,'2018-07-18 05:00:00',NULL,'S',8,NULL,'1','2018-07-18 15:27:52',NULL,'1'),(229,229,0,0,0,'2018-07-18 05:00:00',NULL,'S',8,NULL,'1','2018-07-18 20:29:18',NULL,'1'),(230,230,0,0,0,'2018-07-19 05:00:00',NULL,'S',401,NULL,'1','2018-07-19 15:22:35',NULL,'1'),(231,231,150,0,150,'2018-07-19 05:00:00',NULL,'S',8,241,'1','2018-07-19 22:16:06','2018-07-19 22:35:44','1'),(232,232,0,0,0,'2018-07-20 05:00:00',NULL,'S',8,NULL,'1','2018-07-20 15:34:22',NULL,'1'),(233,233,0,0,0,'2018-07-20 05:00:00',NULL,'S',8,NULL,'1','2018-07-20 15:34:37',NULL,'1'),(234,234,0,0,0,'2018-07-20 05:00:00',NULL,'S',8,NULL,'1','2018-07-20 20:28:43',NULL,'1'),(235,235,150,0,150,'2018-07-22 05:00:00',NULL,'S',8,243,'1','2018-07-22 14:47:39','2018-07-23 15:52:27','1'),(236,236,0,0,0,'2018-07-23 05:00:00',NULL,'S',8,NULL,'1','2018-07-23 14:20:45',NULL,'1'),(237,237,0,0,0,'2018-07-24 05:00:00',NULL,'S',8,NULL,'1','2018-07-24 17:05:51',NULL,'1'),(238,238,150,0,150,'2018-07-24 05:00:00',NULL,'P',8,NULL,'0','2018-07-24 17:06:22',NULL,'1'),(239,239,0,0,0,'2018-07-24 05:00:00',NULL,'S',8,NULL,'1','2018-07-24 17:07:03',NULL,'1'),(240,240,0,0,0,'2018-07-24 05:00:00',NULL,'S',8,NULL,'1','2018-07-24 17:07:38',NULL,'1'),(241,241,0,0,0,'2018-07-24 05:00:00',NULL,'S',8,NULL,'1','2018-07-24 17:33:38',NULL,'1'),(242,242,150,0,150,'2018-07-24 05:00:00',NULL,'S',8,243,'1','2018-07-25 00:30:02','2018-07-30 15:02:07','1'),(243,243,0,0,0,'2018-07-26 05:00:00',NULL,'S',401,NULL,'1','2018-07-26 16:46:28',NULL,'1'),(244,244,0,0,0,'2018-07-26 05:00:00',NULL,'S',401,NULL,'1','2018-07-26 16:47:51',NULL,'1'),(245,245,0,0,0,'2018-07-26 05:00:00',NULL,'S',8,NULL,'1','2018-07-26 18:50:30',NULL,'1'),(246,246,0,0,0,'2018-07-26 05:00:00',NULL,'S',8,NULL,'1','2018-07-26 21:29:19',NULL,'1'),(247,247,0,0,0,'2018-07-28 05:00:00',NULL,'S',8,NULL,'1','2018-07-28 19:14:59',NULL,'1'),(248,248,0,0,0,'2018-07-28 05:00:00',NULL,'S',8,NULL,'1','2018-07-28 19:15:27',NULL,'1'),(249,249,0,0,0,'2018-07-28 05:00:00',NULL,'S',8,NULL,'1','2018-07-28 19:15:59',NULL,'1'),(250,250,0,0,0,'2018-07-30 05:00:00',NULL,'S',8,NULL,'1','2018-07-30 17:22:35',NULL,'1'),(251,251,0,0,0,'2018-07-30 05:00:00',NULL,'S',401,NULL,'1','2018-07-30 19:46:45',NULL,'1'),(252,252,0,0,0,'2018-07-30 05:00:00',NULL,'S',401,NULL,'1','2018-07-30 19:48:29',NULL,'1'),(253,253,0,0,0,'2018-07-30 05:00:00',NULL,'S',401,NULL,'1','2018-07-30 19:48:53',NULL,'1'),(254,254,0,0,0,'2018-07-30 05:00:00',NULL,'S',401,NULL,'1','2018-07-30 19:49:14',NULL,'1'),(255,255,0,0,0,'2018-07-30 05:00:00',NULL,'S',401,NULL,'1','2018-07-30 19:49:34',NULL,'1'),(256,256,0,0,0,'2018-07-30 05:00:00',NULL,'S',401,NULL,'1','2018-07-30 19:50:51',NULL,'1'),(257,257,0,0,0,'2018-07-30 05:00:00',NULL,'S',401,NULL,'1','2018-07-30 19:51:46',NULL,'1'),(258,258,0,0,0,'2018-07-30 05:00:00',NULL,'S',401,NULL,'1','2018-07-30 19:52:25',NULL,'1'),(259,259,0,0,0,'2018-07-30 05:00:00',NULL,'S',401,NULL,'1','2018-07-30 19:52:50',NULL,'1'),(260,260,0,0,0,'2018-07-31 05:00:00',NULL,'S',8,NULL,'1','2018-07-31 17:02:18',NULL,'1'),(261,261,0,0,0,'2018-07-31 05:00:00',NULL,'S',8,NULL,'1','2018-07-31 17:03:00',NULL,'1'),(262,262,0,0,0,'2018-07-31 05:00:00',NULL,'S',8,NULL,'1','2018-07-31 17:03:45',NULL,'1'),(263,263,0,0,0,'2018-07-31 05:00:00',NULL,'S',8,NULL,'1','2018-07-31 17:05:40',NULL,'1'),(264,264,0,0,0,'2018-07-31 05:00:00',NULL,'S',8,NULL,'1','2018-07-31 17:06:22',NULL,'1'),(265,265,0,0,0,'2018-07-31 05:00:00',NULL,'S',8,NULL,'1','2018-07-31 17:06:49',NULL,'1'),(266,266,90,0,90,'2018-08-01 05:00:00',NULL,'P',604,NULL,'1','2018-08-01 19:20:17',NULL,'1'),(267,267,150,0,150,'2018-08-01 05:00:00',NULL,'S',667,241,'1','2018-08-02 02:59:09','2018-08-13 19:18:32','1'),(268,268,0,0,0,'2018-08-02 05:00:00',NULL,'S',492,NULL,'1','2018-08-02 20:37:59',NULL,'1'),(269,269,0,0,0,'2018-08-03 05:00:00',NULL,'S',492,NULL,'1','2018-08-03 19:39:09',NULL,'1'),(270,270,90,0,90,'2018-08-05 05:00:00',NULL,'P',648,NULL,'1','2018-08-05 21:47:42',NULL,'1'),(271,271,0,0,0,'2018-08-06 05:00:00',NULL,'S',492,NULL,'1','2018-08-06 18:13:55',NULL,'1'),(272,272,0,0,0,'2018-08-06 05:00:00',NULL,'S',492,NULL,'1','2018-08-06 18:46:28',NULL,'1'),(273,273,0,0,0,'2018-08-06 05:00:00',NULL,'S',118,NULL,'1','2018-08-06 21:41:21',NULL,'1'),(274,274,150,0,150,'2018-08-06 05:00:00',NULL,'P',118,NULL,'1','2018-08-06 21:43:24',NULL,'1'),(275,275,150,0,150,'2018-08-06 05:00:00',NULL,'S',492,243,'1','2018-08-06 21:56:25','2018-08-06 22:33:00','1'),(276,276,0,0,0,'2018-08-07 05:00:00',NULL,'S',492,NULL,'1','2018-08-07 16:23:24',NULL,'1'),(277,277,0,0,0,'2018-08-08 05:00:00',NULL,'S',492,NULL,'1','2018-08-08 20:11:12',NULL,'1'),(278,278,90,0,90,'2018-08-08 05:00:00',NULL,'P',492,NULL,'1','2018-08-08 21:19:38',NULL,'1'),(279,279,150,0,150,'2018-08-10 05:00:00',NULL,'S',681,241,'1','2018-08-10 15:07:24','2018-08-15 15:20:14','1'),(280,280,150,0,150,'2018-08-11 05:00:00',NULL,'S',691,241,'1','2018-08-11 16:45:06','2018-08-11 18:45:09','1'),(281,281,0,0,0,'2018-08-15 05:00:00',NULL,'S',703,NULL,'1','2018-08-15 05:24:58',NULL,'1'),(282,282,150,0,150,'2018-08-15 05:00:00',NULL,'P',703,NULL,'1','2018-08-15 05:26:19',NULL,'1'),(283,283,150,0,150,'2018-08-16 05:00:00',NULL,'S',492,243,'1','2018-08-16 19:12:22','2018-08-16 19:41:08','1'),(284,284,150,0,150,'2018-08-20 05:00:00',NULL,'P',65,NULL,'1','2018-08-21 00:18:11',NULL,'1'),(285,285,150,0,150,'2018-08-21 05:00:00',NULL,'S',492,241,'1','2018-08-21 16:26:45','2018-08-21 16:34:36','1'),(286,286,390,0,390,'2018-08-21 05:00:00',NULL,'P',719,NULL,'1','2018-08-21 17:04:19',NULL,'1'),(287,287,150,0,150,'2018-08-24 05:00:00',NULL,'P',729,NULL,'1','2018-08-24 20:01:07',NULL,'1'),(288,288,150,0,150,'2018-08-24 05:00:00',NULL,'S',726,241,'1','2018-08-24 21:55:15','2018-08-29 14:16:37','1'),(289,289,150,0,150,'2018-08-27 05:00:00',NULL,'P',492,NULL,'1','2018-08-27 20:49:19',NULL,'1'),(290,290,150,0,150,'2018-08-30 05:00:00',NULL,'S',492,243,'1','2018-08-30 18:53:48','2018-08-30 19:08:49','1'),(291,291,150,0,150,'2018-09-04 05:00:00',NULL,'S',492,243,'1','2018-09-04 21:00:49','2018-09-06 17:07:26','1'),(292,292,150,0,150,'2018-09-06 05:00:00',NULL,'P',492,NULL,'1','2018-09-06 19:08:36',NULL,'1'),(293,293,150,0,150,'2018-09-06 05:00:00',NULL,'S',492,243,'1','2018-09-06 19:09:30','2018-09-06 22:53:12','1'),(294,294,150,0,150,'2018-09-07 05:00:00',NULL,'P',737,NULL,'1','2018-09-07 16:12:10',NULL,'1'),(295,295,150,0,150,'2018-09-10 05:00:00',NULL,'S',492,243,'1','2018-09-10 17:04:54','2018-09-10 21:16:49','1'),(296,296,150,0,150,'2018-09-10 05:00:00',NULL,'S',492,243,'1','2018-09-10 17:07:59','2018-09-10 21:17:24','1'),(297,297,150,0,150,'2018-09-10 05:00:00',NULL,'P',762,NULL,'1','2018-09-10 21:15:01',NULL,'1'),(298,298,150,0,150,'2018-09-10 05:00:00',NULL,'P',764,NULL,'1','2018-09-10 21:46:28',NULL,'1'),(299,299,390,0,390,'2018-09-10 05:00:00',NULL,'P',765,NULL,'1','2018-09-11 03:58:11',NULL,'1'),(300,300,150,0,150,'2018-09-11 05:00:00',NULL,'S',492,241,'1','2018-09-11 15:38:06','2018-09-12 20:11:15','1'),(301,301,150,0,150,'2018-09-11 05:00:00',NULL,'S',492,241,'1','2018-09-11 15:58:09','2018-09-12 21:16:24','1'),(302,302,90,0,90,'2018-09-12 05:00:00',NULL,'S',492,241,'1','2018-09-12 20:04:16','2018-09-12 20:55:52','1'),(303,303,150,0,150,'2018-09-12 05:00:00',NULL,'P',492,NULL,'1','2018-09-12 22:02:42',NULL,'1'),(304,304,150,0,150,'2018-09-18 05:00:00',NULL,'S',768,241,'1','2018-09-18 16:19:36','2018-09-18 19:39:24','1'),(305,305,150,0,150,'2018-09-21 05:00:00',NULL,'S',782,243,'1','2018-09-21 17:05:57','2018-09-25 16:00:43','1'),(306,306,150,0,150,'2018-09-24 05:00:00',NULL,'P',794,NULL,'1','2018-09-24 13:55:41',NULL,'1'),(307,307,90,0,90,'2018-09-24 05:00:00',NULL,'P',492,NULL,'1','2018-09-24 19:50:15',NULL,'1'),(308,308,150,0,150,'2018-09-25 05:00:00',NULL,'P',492,NULL,'1','2018-09-25 19:36:07',NULL,'1'),(309,309,90,0,90,'2018-09-26 05:00:00',NULL,'P',814,NULL,'1','2018-09-26 20:58:53',NULL,'1'),(310,310,150,0,150,'2018-09-27 05:00:00',NULL,'P',815,NULL,'1','2018-09-27 14:29:05',NULL,'1'),(311,311,150,0,150,'2018-09-27 05:00:00',NULL,'P',492,NULL,'1','2018-09-27 16:45:27',NULL,'1'),(312,312,150,0,150,'2018-09-29 05:00:00',NULL,'P',492,NULL,'1','2018-09-29 16:44:28',NULL,'1'),(313,313,150,0,150,'2018-09-29 05:00:00',NULL,'P',492,NULL,'1','2018-09-29 16:47:42',NULL,'1');
/*!40000 ALTER TABLE `desglose_pago` ENABLE KEYS */;
UNLOCK TABLES;

--
-- Table structure for table `detalle_comprobante`
--

DROP TABLE IF EXISTS `detalle_comprobante`;
/*!40101 SET @saved_cs_client     = @@character_set_client */;
/*!40101 SET character_set_client = utf8 */;
CREATE TABLE `detalle_comprobante` (
  `dcom_id` bigint(20) NOT NULL AUTO_INCREMENT,
  `com_id` bigint(20) NOT NULL,
  `ite_id` bigint(20) NOT NULL,
  `dcom_cantidad` int(11) NOT NULL,
  `dcom_precio` double NOT NULL,
  `dcom_valor_iva` double NOT NULL,
  `dcom_valor_total` double NOT NULL,
  `dcom_usuario_transaccion` bigint(20) NOT NULL,
  `dcom_estado` varchar(1) DEFAULT NULL,
  `dcom_fecha_creacion` timestamp NOT NULL DEFAULT CURRENT_TIMESTAMP,
  `dcom_fecha_modificacion` timestamp NULL DEFAULT NULL,
  `dcom_estado_logico` varchar(1) DEFAULT NULL,
  PRIMARY KEY (`dcom_id`),
  KEY `com_id` (`com_id`),
  KEY `ite_id` (`ite_id`),
  CONSTRAINT `detalle_comprobante_ibfk_1` FOREIGN KEY (`com_id`) REFERENCES `comprobante` (`com_id`),
  CONSTRAINT `detalle_comprobante_ibfk_2` FOREIGN KEY (`ite_id`) REFERENCES `item` (`ite_id`)
) ENGINE=InnoDB DEFAULT CHARSET=utf8;
/*!40101 SET character_set_client = @saved_cs_client */;

--
-- Dumping data for table `detalle_comprobante`
--

LOCK TABLES `detalle_comprobante` WRITE;
/*!40000 ALTER TABLE `detalle_comprobante` DISABLE KEYS */;
/*!40000 ALTER TABLE `detalle_comprobante` ENABLE KEYS */;
UNLOCK TABLES;

--
-- Table structure for table `detalle_solicitud_general`
--

DROP TABLE IF EXISTS `detalle_solicitud_general`;
/*!40101 SET @saved_cs_client     = @@character_set_client */;
/*!40101 SET character_set_client = utf8 */;
CREATE TABLE `detalle_solicitud_general` (
  `dsgen_id` bigint(20) NOT NULL AUTO_INCREMENT,
  `sgen_id` bigint(20) NOT NULL,
  `ite_id` bigint(20) NOT NULL,
  `dsgen_cantidad` int(11) NOT NULL,
  `dsgen_precio` double NOT NULL,
  `dsgen_valor_iva` double NOT NULL,
  `dsgen_valor_total` double NOT NULL,
  `dsgen_estado` varchar(1) NOT NULL,
  `dsgen_fecha_creacion` timestamp NOT NULL DEFAULT CURRENT_TIMESTAMP,
  `dsgen_fecha_modificacion` timestamp NULL DEFAULT NULL,
  `dsgen_estado_logico` varchar(1) NOT NULL,
  PRIMARY KEY (`dsgen_id`),
  KEY `sgen_id` (`sgen_id`),
  KEY `ite_id` (`ite_id`),
  CONSTRAINT `detalle_solicitud_general_ibfk_1` FOREIGN KEY (`sgen_id`) REFERENCES `solicitud_general` (`sgen_id`),
  CONSTRAINT `detalle_solicitud_general_ibfk_2` FOREIGN KEY (`ite_id`) REFERENCES `item` (`ite_id`)
) ENGINE=InnoDB DEFAULT CHARSET=utf8;
/*!40101 SET character_set_client = @saved_cs_client */;

--
-- Dumping data for table `detalle_solicitud_general`
--

LOCK TABLES `detalle_solicitud_general` WRITE;
/*!40000 ALTER TABLE `detalle_solicitud_general` DISABLE KEYS */;
/*!40000 ALTER TABLE `detalle_solicitud_general` ENABLE KEYS */;
UNLOCK TABLES;

--
-- Table structure for table `forma_pago`
--

DROP TABLE IF EXISTS `forma_pago`;
/*!40101 SET @saved_cs_client     = @@character_set_client */;
/*!40101 SET character_set_client = utf8 */;
CREATE TABLE `forma_pago` (
  `fpag_id` bigint(20) NOT NULL AUTO_INCREMENT,
  `fpag_nombre` varchar(200) NOT NULL,
  `fpag_descripcion` varchar(500) NOT NULL,
  `fpag_distintivo` varchar(1) DEFAULT NULL,
  `fpag_usu_ingreso` bigint(20) NOT NULL,
  `fpag_usu_modifica` bigint(20) DEFAULT NULL,
  `fpag_estado` varchar(1) NOT NULL,
  `fpag_fecha_creacion` timestamp NOT NULL DEFAULT CURRENT_TIMESTAMP,
  `fpag_fecha_modificacion` timestamp NULL DEFAULT NULL,
  `fpag_estado_logico` varchar(1) DEFAULT NULL,
  PRIMARY KEY (`fpag_id`)
) ENGINE=InnoDB AUTO_INCREMENT=8 DEFAULT CHARSET=utf8;
/*!40101 SET character_set_client = @saved_cs_client */;

--
-- Dumping data for table `forma_pago`
--

LOCK TABLES `forma_pago` WRITE;
/*!40000 ALTER TABLE `forma_pago` DISABLE KEYS */;
INSERT INTO `forma_pago` VALUES (1,'Tarjeta de Crédito','Tarjeta de Crédito','1',1,NULL,'1','2018-01-02 16:35:16',NULL,'1'),(2,'Efectivo','Efectivo','1',1,NULL,'1','2018-01-02 16:35:16',NULL,'1'),(3,'Cheque','Cheque','1',1,NULL,'1','2018-01-02 16:35:16',NULL,'1'),(4,'Transferencia','Transferencia','2',1,NULL,'1','2018-01-02 16:35:16',NULL,'1'),(5,'Depósito','Depósito','2',1,NULL,'1','2018-01-02 16:35:16',NULL,'1'),(6,'Botón de Pagos','Botón de Pagos','3',1,NULL,'1','2018-01-02 16:35:16',NULL,'1'),(7,'Pago en Línea','Pago en Línea','1',1,NULL,'1','2018-08-01 01:45:00',NULL,'1');
/*!40000 ALTER TABLE `forma_pago` ENABLE KEYS */;
UNLOCK TABLES;

--
-- Table structure for table `historial_item_precio`
--

DROP TABLE IF EXISTS `historial_item_precio`;
/*!40101 SET @saved_cs_client     = @@character_set_client */;
/*!40101 SET character_set_client = utf8 */;
CREATE TABLE `historial_item_precio` (
  `hipr_id` bigint(20) NOT NULL,
  `ite_id` bigint(20) NOT NULL,
  `hipr_precio` double DEFAULT NULL,
  `hipr_porcentaje_iva` double DEFAULT NULL,
  `hipr_fecha_inicio` timestamp NULL DEFAULT NULL,
  `hipr_fecha_fin` timestamp NULL DEFAULT NULL,
  `hipr_valor_minimo` double DEFAULT NULL,
  `hipr_porcentaje_minimo` double DEFAULT NULL,
  `hipr_usu_transaccion` bigint(20) NOT NULL,
  `hipr_estado` varchar(1) NOT NULL,
  `hipr_fecha_creacion` timestamp NOT NULL DEFAULT CURRENT_TIMESTAMP,
  `hipr_fecha_modificacion` timestamp NULL DEFAULT NULL,
  `hipr_estado_logico` varchar(1) NOT NULL,
  PRIMARY KEY (`hipr_id`),
  KEY `ite_id` (`ite_id`),
  CONSTRAINT `historial_item_precio_ibfk_1` FOREIGN KEY (`ite_id`) REFERENCES `item` (`ite_id`)
) ENGINE=InnoDB DEFAULT CHARSET=utf8;
/*!40101 SET character_set_client = @saved_cs_client */;

--
-- Dumping data for table `historial_item_precio`
--

LOCK TABLES `historial_item_precio` WRITE;
/*!40000 ALTER TABLE `historial_item_precio` DISABLE KEYS */;
INSERT INTO `historial_item_precio` VALUES (1,1,150,NULL,'2017-09-25 05:00:00','2018-04-09 04:59:59',NULL,NULL,1,'1','2018-01-02 16:35:16','2018-04-11 16:31:10','1'),(2,2,90,NULL,'2017-09-25 05:00:00',NULL,NULL,NULL,1,'1','2018-01-02 16:35:16',NULL,'1'),(3,1,120,NULL,'2018-04-09 05:00:00','2018-04-19 04:59:59',NULL,NULL,1,'1','2018-04-11 16:32:04','2018-04-20 14:41:44','1'),(4,1,150,NULL,'2018-04-19 05:00:00',NULL,NULL,NULL,1,'1','2018-04-20 14:38:42',NULL,'1'),(5,3,390,NULL,'2018-07-01 00:00:00','2018-12-31 23:59:59',NULL,NULL,1,'1','2018-08-01 00:45:00',NULL,'1'),(6,5,390,NULL,'2018-07-01 00:00:00','2018-12-31 23:59:59',NULL,NULL,1,'1','2018-08-01 00:45:00',NULL,'1'),(7,7,390,NULL,'2018-07-01 00:00:00','2018-12-31 23:59:59',NULL,NULL,1,'1','2018-08-01 00:45:00',NULL,'1'),(8,10,950,NULL,'2018-07-01 00:00:00','2018-12-31 23:59:59',NULL,NULL,1,'1','2018-08-01 00:45:00',NULL,'1'),(9,11,100,NULL,'2018-07-01 00:00:00','2018-12-31 23:59:59',NULL,NULL,1,'1','2018-08-01 00:45:00',NULL,'1'),(10,12,60,NULL,'2018-07-01 00:00:00','2018-12-31 23:59:59',NULL,NULL,1,'1','2018-08-01 00:45:00',NULL,'1'),(11,13,50,NULL,'2018-07-01 00:00:00','2018-12-31 23:59:59',NULL,NULL,1,'1','2018-08-01 00:45:00',NULL,'1'),(12,14,100,NULL,'2018-07-01 00:00:00','2018-12-31 23:59:59',NULL,NULL,1,'1','2018-08-01 00:45:00',NULL,'1'),(13,16,150,NULL,'2018-07-01 00:00:00','2018-12-31 23:59:59',NULL,NULL,1,'1','2018-08-01 00:45:00',NULL,'1'),(14,17,150,NULL,'2018-07-01 00:00:00','2018-12-31 23:59:59',NULL,NULL,1,'1','2018-08-01 00:45:00',NULL,'1'),(15,20,360,NULL,'2018-07-01 00:00:00','2018-12-31 23:59:59',NULL,NULL,1,'1','2018-08-01 00:45:00',NULL,'1'),(16,21,1000,NULL,'2018-07-01 00:00:00','2018-12-31 23:59:59',NULL,NULL,1,'1','2018-08-01 00:45:00',NULL,'1'),(17,22,55,NULL,'2018-07-01 00:00:00','2018-12-31 23:59:59',NULL,NULL,1,'1','2018-08-01 00:45:00',NULL,'1');
/*!40000 ALTER TABLE `historial_item_precio` ENABLE KEYS */;
UNLOCK TABLES;

--
-- Table structure for table `info_carga_prepago`
--

DROP TABLE IF EXISTS `info_carga_prepago`;
/*!40101 SET @saved_cs_client     = @@character_set_client */;
/*!40101 SET character_set_client = utf8 */;
CREATE TABLE `info_carga_prepago` (
  `icpr_id` bigint(20) NOT NULL AUTO_INCREMENT,
  `opag_id` bigint(20) NOT NULL,
  `fpag_id` bigint(20) NOT NULL,
  `icpr_valor` double NOT NULL,
  `icpr_valor_pagado` double DEFAULT NULL,
  `icpr_fecha_registro` timestamp NULL DEFAULT NULL,
  `icpr_fecha_pago` timestamp NULL DEFAULT NULL,
  `icpr_imagen` varchar(100) DEFAULT NULL,
  `icpr_observacion` text,
  `icpr_revisado` varchar(2) NOT NULL,
  `icpr_resultado` varchar(2) DEFAULT NULL,
  `icpr_num_transaccion` varchar(50) NOT NULL,
  `icpr_fecha_transaccion` timestamp NULL DEFAULT NULL,
  `icpr_usuario_transaccion` bigint(20) DEFAULT NULL,
  `icpr_estado` varchar(1) NOT NULL,
  `icpr_fecha_creacion` timestamp NOT NULL DEFAULT CURRENT_TIMESTAMP,
  `icpr_fecha_modificacion` timestamp NULL DEFAULT NULL,
  `icpr_estado_logico` varchar(1) NOT NULL,
  PRIMARY KEY (`icpr_id`),
  KEY `opag_id` (`opag_id`),
  KEY `fpag_id` (`fpag_id`),
  CONSTRAINT `info_carga_prepago_ibfk_1` FOREIGN KEY (`opag_id`) REFERENCES `orden_pago` (`opag_id`),
  CONSTRAINT `info_carga_prepago_ibfk_2` FOREIGN KEY (`fpag_id`) REFERENCES `forma_pago` (`fpag_id`)
) ENGINE=InnoDB AUTO_INCREMENT=258 DEFAULT CHARSET=utf8;
/*!40101 SET character_set_client = @saved_cs_client */;

--
-- Dumping data for table `info_carga_prepago`
--

LOCK TABLES `info_carga_prepago` WRITE;
/*!40000 ALTER TABLE `info_carga_prepago` DISABLE KEYS */;
INSERT INTO `info_carga_prepago` VALUES (1,1,4,150,150,'2017-10-07 05:17:59','2017-10-07 10:17:59','pago_26-2017-10-06 19:17:26.pdf',NULL,'RE','AP','1612507768','2017-10-05 10:00:00',20,'1','2017-10-07 05:17:59','2017-10-11 06:22:45','1'),(2,1,4,150,NULL,'2017-10-07 05:19:23',NULL,'pago_26-2017-10-06 19:19:18.pdf','Pago Duplicado','RE','RE','1612507768','2017-10-05 10:00:00',20,'1','2017-10-07 05:19:23','2017-10-12 00:15:06','1'),(3,2,2,150,150,'2017-10-12 01:22:27','2017-10-12 06:22:27',NULL,NULL,'RE','AP','139491','2017-10-11 10:00:00',20,'1','2017-10-12 01:22:27','2017-10-12 06:22:27','1'),(4,6,1,150,150,'2017-10-13 21:14:02','2017-10-14 02:14:02',NULL,NULL,'RE','AP','1086223140','2017-10-13 10:00:00',20,'1','2017-10-13 21:14:02','2017-10-14 02:14:02','1'),(5,7,2,150,150,'2017-10-14 21:15:17','2017-10-15 02:15:17',NULL,NULL,'RE','AP','139655','2017-10-14 10:00:00',20,'1','2017-10-14 21:15:17','2017-10-15 02:15:17','1'),(6,8,1,150,150,'2017-10-14 21:23:17','2017-10-15 02:23:17',NULL,NULL,'RE','AP','1371940','2017-10-14 10:00:00',20,'1','2017-10-14 21:23:17','2017-10-15 02:23:17','1'),(7,9,5,150,150,'2017-10-17 02:50:41','2017-10-17 07:50:41','pago_63-2017-10-16 16:53:55.pdf',NULL,'RE','AP','013753','2017-10-16 10:00:00',20,'1','2017-10-17 02:50:41','2017-10-17 08:03:17','1'),(8,11,4,150,150,'2017-10-17 22:37:32','2018-04-03 16:37:06','pago_67-2017-10-17 12:37:25.pdf','','RE','AP','1','2017-10-17 10:00:00',243,'1','2017-10-17 22:37:32','2018-04-03 16:37:06','1'),(9,12,4,150,NULL,'2017-10-18 17:12:51',NULL,NULL,'Pago Ilegible','RE','RE','14454140','2017-10-16 05:00:00',20,'1','2017-10-18 17:12:51','2017-10-19 00:15:43','1'),(10,10,5,150,150,'2017-10-18 19:13:53','2017-10-19 00:13:53','Pago Ilegible',NULL,'RE','RE','5273197','2017-10-18 05:00:00',20,'0','2017-10-18 19:13:53','2017-10-19 00:57:30','1'),(11,12,5,150,150,'2017-10-18 20:10:47','2017-10-18 22:12:51','pago_68-2017-10-18 15:10:42.pdf',NULL,'RE','AP','14454140','2017-10-16 05:00:00',20,'1','2017-10-18 20:10:47','2017-10-19 01:16:40','1'),(12,14,5,150,150,'2017-10-31 18:52:34','2017-10-31 23:52:34','pago_106-2017-10-31 13:50:47.jpg',NULL,'RE','AP','5386624','2017-10-31 05:00:00',20,'1','2017-10-31 18:52:34','2017-11-01 00:52:50','1'),(13,19,4,150,150,'2017-11-09 15:40:12','2017-11-09 15:40:12','pago_104-2017-11-9 10:37:55.png',NULL,'RE','AP','2498237','2017-11-09 05:00:00',112,'1','2017-11-09 15:40:12','2017-11-10 19:11:46','1'),(14,17,5,150,150,'2017-11-11 16:11:31','2017-11-11 16:11:31','pago_95-2017-11-11 11:10:42.pdf',NULL,'RE','AP','014258','2017-10-22 05:00:00',112,'1','2017-11-11 16:11:31','2017-11-13 15:37:15','1'),(15,28,5,150,150,'2017-11-13 19:43:24','2017-11-13 19:43:24','pago_149-2017-11-13 14:42:35.pdf',NULL,'RE','AP','13966213','2017-11-13 05:00:00',112,'1','2017-11-13 19:43:24','2017-11-13 21:09:18','1'),(16,25,5,150,150,'2017-11-13 21:27:05','2017-11-13 21:27:05','pago_135-2017-11-13 16:26:13.pdf',NULL,'RE','AP','14072252','2017-11-13 05:00:00',112,'1','2017-11-13 21:27:05','2017-11-22 17:52:58','1'),(17,29,5,150,NULL,'2017-11-17 01:45:14',NULL,'pago_144-2017-11-16 20:42:55.pdf',NULL,'PE',NULL,'2100078117','2017-11-16 05:00:00',NULL,'1','2017-11-17 01:45:14',NULL,'1'),(18,29,5,150,150,'2017-11-18 00:15:58','2017-11-17 01:45:14','pago_144-2017-11-17 19:14:03.pdf',NULL,'RE','AP','2100078117','2017-11-16 05:00:00',112,'1','2017-11-18 00:15:58','2017-11-18 16:24:30','1'),(19,30,4,150,150,'2017-11-19 17:09:11','2017-11-19 17:09:11','pago_156-2017-11-19 12:08:38.pdf',NULL,'RE','AP','0030490129','2017-11-19 05:00:00',112,'1','2017-11-19 17:09:11','2017-11-20 14:15:51','1'),(20,24,4,150,150,'2017-11-28 20:05:56','2017-11-28 20:05:56','pago_130-2017-11-28 15:05:48.jpg',NULL,'RE','AP','31705250','2017-11-10 05:00:00',112,'1','2017-11-28 20:05:56','2017-11-28 21:52:05','1'),(21,32,1,150,150,'2017-11-28 21:49:32','2017-11-28 21:49:32',NULL,NULL,'RE','AP','141107','2017-11-20 05:00:00',112,'1','2017-11-28 21:49:32','2017-11-28 21:49:32','1'),(22,33,4,150,150,'2017-11-29 00:24:00','2017-11-29 00:24:00','pago_162-2017-11-28 19:23:47.pdf',NULL,'RE','AP','016275642','2017-11-20 05:00:00',112,'1','2017-11-29 00:24:00','2017-11-29 14:36:25','1'),(23,16,2,150,150,'2017-11-29 15:10:45','2017-11-29 15:10:45',NULL,NULL,'RE','AP','140419','2017-11-07 05:00:00',112,'1','2017-11-29 15:10:45','2017-11-29 15:10:45','1'),(24,18,2,150,150,'2017-11-29 15:11:46','2017-11-29 15:11:46',NULL,NULL,'RE','AP','140403','2017-11-07 05:00:00',112,'1','2017-11-29 15:11:46','2017-11-29 15:11:46','1'),(25,26,1,150,150,'2017-11-29 15:18:29','2017-11-29 15:18:29',NULL,NULL,'RE','AP','140932','2017-11-12 05:00:00',112,'1','2017-11-29 15:18:29','2017-11-29 15:18:29','1'),(26,4,5,150,NULL,'2017-11-29 17:39:40',NULL,NULL,NULL,'PE',NULL,'4334161','2017-10-12 05:00:00',NULL,'1','2017-11-29 17:39:40',NULL,'1'),(27,4,5,150,NULL,'2017-11-29 17:40:35',NULL,NULL,NULL,'PE',NULL,'4334161','2017-10-12 05:00:00',NULL,'1','2017-11-29 17:40:35',NULL,'1'),(28,4,5,150,NULL,'2017-11-29 17:40:38',NULL,NULL,NULL,'PE',NULL,'4334161','2017-10-12 05:00:00',NULL,'1','2017-11-29 17:40:38',NULL,'1'),(29,4,5,150,NULL,'2017-11-29 17:40:39',NULL,NULL,'Pago Ilegible','RE','RE','4334161','2017-10-12 05:00:00',112,'1','2017-11-29 17:40:39','2017-11-29 17:46:36','1'),(30,4,5,150,150,'2017-11-29 17:45:25','2017-11-29 17:39:40','pago_36-2017-11-29 12:44:33.jpg',NULL,'RE','AP','4334161','2017-11-12 05:00:00',112,'1','2017-11-29 17:45:25','2017-11-29 17:48:09','1'),(31,35,5,150,150,'2018-01-04 01:41:57',NULL,'.','Pago Ilegible','RE','RE','20171229533699373','2017-12-29 05:00:00',112,'1','2018-01-04 01:41:57','2018-01-06 16:38:26','1'),(32,35,5,150,150,'2018-01-04 01:45:01',NULL,'.','Pago Sin Verificar','RE','RE','20171229533699373','2017-12-29 05:00:00',112,'1','2018-01-04 01:45:01','2018-01-05 20:41:49','1'),(33,35,5,150,150,'2018-01-05 23:18:48',NULL,'.','Pago Sin Verificar','RE','RE','20171229533699373','2017-12-29 05:00:00',112,'1','2018-01-05 23:18:48','2018-01-08 21:39:39','1'),(34,35,5,150,150,'2018-01-06 01:50:47',NULL,'.','Pago Sin Verificar','RE','RE','20171229533699373','2017-12-29 05:00:00',112,'1','2018-01-06 01:50:47','2018-01-08 21:39:28','1'),(35,38,5,150,150,'2018-01-08 15:58:46','2018-01-08 21:38:18','pago_203-2018-01-08 07:35:47.jpg','','RE','AP','7654775','2018-01-18 05:00:00',112,'1','2018-01-08 15:58:46','2018-01-08 21:38:18','1'),(36,39,5,150,150,'2018-01-09 16:05:34','2018-01-09 16:14:55','pago_197-2018-01-9 11:04:21.pdf','','RE','AP','20180109554116231','2018-01-09 05:00:00',112,'1','2018-01-09 16:05:34','2018-01-09 16:14:55','1'),(37,35,5,150,150,'2018-01-09 17:41:27',NULL,'.','Pago Sin Verificar','RE','RE','7084615','2017-12-29 05:00:00',112,'1','2018-01-09 17:41:27','2018-01-09 19:04:57','1'),(38,35,5,150,150,'2018-01-09 20:56:17','2018-01-10 17:59:15','pago_160-2018-01-09 15:56:17.jpg','','RE','AP','7084615','2017-12-29 05:00:00',112,'1','2018-01-09 20:56:17','2018-01-10 17:59:15','1'),(39,41,4,150,150,'2018-01-12 15:27:52','2018-01-12 20:02:01','pago_214-2018-01-12 10:26:25.pdf','','RE','AP','0','2018-01-11 05:00:00',112,'1','2018-01-12 15:27:52','2018-01-12 20:02:01','1'),(40,42,5,150,150,'2018-01-12 22:56:25','2018-01-13 14:02:10','pago_205-2018-01-12 17:55:50.pdf','','RE','AP','6854327','2018-01-12 05:00:00',112,'1','2018-01-12 22:56:25','2018-01-13 14:02:10','1'),(41,45,4,150,150,'2018-01-19 00:15:46','2018-01-19 14:02:30','pago_226-2018-01-18 19:15:30.jpg','','RE','AP','271586282','2018-01-18 05:00:00',112,'1','2018-01-19 00:15:46','2018-01-19 14:02:30','1'),(42,45,5,150,NULL,'2018-01-19 00:16:57',NULL,'pago_226-2018-01-18 19:16:42.jpg','','PE','','271586282','2018-01-18 05:00:00',NULL,'1','2018-01-19 00:16:57',NULL,'1'),(43,43,5,150,150,'2018-01-19 22:11:24','2018-01-19 22:53:50','pago_221-2018-01-19 15:41:38.jpg','','RE','AP','070291','2018-01-19 05:00:00',112,'1','2018-01-19 22:11:25','2018-01-19 22:53:50','1'),(44,47,4,150,150,'2018-01-22 22:12:52','2018-01-22 22:15:16','pago_85-2018-01-22 17:12:46.png','','RE','AP','016344714','2018-01-22 05:00:00',112,'1','2018-01-22 22:12:52','2018-01-22 22:15:16','1'),(45,49,5,150,150,'2018-01-29 00:11:00',NULL,'pago_230-2018-01-28 19:21:25.jpg','Pago Duplicado','RE','RE','6139460','2018-01-28 05:00:00',243,'1','2018-01-29 00:11:00','2018-01-30 19:16:22','1'),(46,49,5,150,150,'2018-01-29 00:12:54','2018-01-30 19:16:01','pago_230-2018-01-28 19:23:20.jpg','','RE','AP','6139460','2018-01-28 05:00:00',243,'1','2018-01-29 00:12:54','2018-01-30 19:16:01','1'),(47,48,5,150,150,'2018-01-31 16:43:33',NULL,'pago_233-2018-01-31 11:40:28.jpeg','Pago Ilegible','RE','RE','6483137','2018-01-25 05:00:00',241,'1','2018-01-31 16:43:33','2018-01-31 18:18:59','1'),(48,48,5,150,150,'2018-02-01 22:09:36','2018-02-01 22:13:32','pago_233-2018-02-01 17:08:15.jpg','','RE','AP','6483137','2018-02-25 05:00:00',243,'1','2018-02-01 22:09:36','2018-02-01 22:13:32','1'),(49,51,4,150,150,'2018-02-02 17:58:33','2018-02-05 17:14:02','pago_237-2018-02-02 12:58:25.pdf','','RE','AP','13682829','2018-02-01 05:00:00',243,'1','2018-02-02 17:58:33','2018-02-05 17:14:02','1'),(50,53,5,150,150,'2018-02-15 22:29:34','2018-02-15 22:46:11','pago_261-2018-02-15 17:28:10.jpg','','RE','AP','7547276','2018-02-15 05:00:00',242,'1','2018-02-15 22:29:34','2018-02-15 22:46:11','1'),(51,50,4,120,120,'2018-02-16 20:51:40',NULL,'.','Pago Ilegible','RE','RE','007835492','2018-02-16 05:00:00',241,'1','2018-02-16 20:51:40','2018-02-16 21:25:11','1'),(52,55,1,150,150,'2018-02-16 21:37:14','2018-02-16 21:37:14',NULL,'','RE','AP','057134','2018-02-16 05:00:00',241,'1','2018-02-16 21:37:14','2018-02-16 21:37:14','1'),(53,52,5,150,150,'2018-02-18 16:02:04','2018-02-19 16:48:18','pago_240-2018-02-18 11:02:11.pdf','','RE','AP','009662','2018-02-17 05:00:00',241,'1','2018-02-18 16:02:04','2018-02-19 16:48:18','1'),(54,50,4,120,120,'2018-02-19 13:48:56',NULL,'pago_244-2018-02-19 08:48:44.pdf','Pago Ilegible','RE','RE','007835492','2018-02-16 05:00:00',241,'1','2018-02-19 13:48:56','2018-02-19 17:08:11','1'),(55,56,4,150,150,'2018-02-19 15:31:39','2018-02-19 16:40:50','pago_271-2018-02-19 10:29:47.jpg','','RE','AP','9503689','2018-02-16 05:00:00',241,'1','2018-02-19 15:31:39','2018-02-19 16:40:50','1'),(56,50,4,120,120,'2018-02-19 15:56:21','2018-02-19 21:06:39','pago_244-2018-02-19 10:54:46.jpg','','RE','AP','007835492','2018-02-16 05:00:00',241,'1','2018-02-19 15:56:21','2018-02-19 21:06:39','1'),(57,58,5,150,150,'2018-02-19 21:17:08','2018-02-19 21:25:24','pago_224-2018-02-19 16:16:15.jpg','','RE','AP','15013202','2018-02-19 05:00:00',243,'1','2018-02-19 21:17:08','2018-02-19 21:25:24','1'),(58,54,5,150,150,'2018-02-19 22:08:51',NULL,'pago_258-2018-02-19 17:07:45.jpg','Pago Sin Verificar','RE','RE','6854720','2018-02-18 05:00:00',243,'1','2018-02-19 22:08:51','2018-02-20 14:00:10','1'),(59,54,4,150,150,'2018-02-19 22:10:28',NULL,'pago_258-2018-02-19 17:9:25.jpg','Pago Sin Verificar','RE','RE','6854720','2018-02-18 05:00:00',243,'1','2018-02-19 22:10:28','2018-02-20 14:00:21','1'),(60,54,5,150,150,'2018-02-19 23:14:04',NULL,'pago_258-2018-02-19 18:13:30.jpg','Pago Sin Verificar','RE','RE','6854720','2018-02-18 05:00:00',243,'1','2018-02-19 23:14:04','2018-02-20 14:00:28','1'),(61,60,5,150,150,'2018-02-20 15:16:57','2018-02-20 15:28:10','pago_274-2018-02-20 14:16:24.jpeg','','RE','AP','1830841','2018-02-20 05:00:00',243,'1','2018-02-20 15:16:57','2018-02-20 15:28:10','1'),(62,54,5,150,150,'2018-02-20 15:32:05',NULL,'pago_258-2018-02-20 10:32:01.jpg','Pago Ilegible','RE','RE','6854720','2018-02-18 05:00:00',243,'1','2018-02-20 15:32:05','2018-02-20 16:31:18','1'),(63,61,5,150,150,'2018-02-20 15:48:58','2018-02-20 15:59:56','pago_266-2018-02-20 10:43:24.jpg','','RE','AP','18313486','2018-02-14 05:00:00',243,'1','2018-02-20 15:48:58','2018-02-20 15:59:56','1'),(64,54,5,150,150,'2018-02-20 17:29:05','2018-02-20 19:39:15','pago_258-2018-02-20 12:25:17.jpg','','RE','AP','6854720','2018-02-18 05:00:00',241,'1','2018-02-20 17:29:05','2018-02-20 19:39:15','1'),(65,54,5,150,150,'2018-02-20 18:07:49',NULL,'.','Pago Ilegible','RE','RE','6854720','2018-02-18 05:00:00',241,'1','2018-02-20 18:07:49','2018-02-20 19:39:10','1'),(66,59,5,150,150,'2018-02-20 18:20:17','2018-02-20 19:15:14','pago_276-2018-02-20 13:18:28.jpg','','RE','AP','032559','2018-02-20 05:00:00',243,'1','2018-02-20 18:20:17','2018-02-20 19:15:14','1'),(67,15,1,90,90,'2018-02-23 22:06:24','2018-02-23 22:06:24',NULL,'','RE','AP','2843','2018-01-11 05:00:00',241,'1','2018-02-23 22:06:24','2018-02-23 22:06:24','1'),(68,62,4,150,150,'2018-02-24 14:22:48','2018-02-25 16:25:46','pago_283-2018-02-24 9:22:37.pdf','','RE','AP','0090','2018-02-23 05:00:00',241,'1','2018-02-24 14:22:48','2018-02-25 16:25:46','1'),(69,66,1,150,150,'2018-03-02 14:41:19','2018-03-02 14:41:19',NULL,'','RE','AP','749908','2018-02-05 05:00:00',243,'1','2018-03-02 14:41:19','2018-03-02 14:41:19','1'),(70,64,5,150,150,'2018-03-02 17:53:47','2018-03-02 19:40:23','pago_296-2018-03-02 12:51:06.pdf','','RE','AP','28538562','2018-03-01 05:00:00',243,'1','2018-03-02 17:53:47','2018-03-02 19:40:23','1'),(71,65,4,150,150,'2018-03-05 15:36:21','2018-03-05 19:15:46','pago_275-2018-03-05 10:35:00.pdf','','RE','AP','010594529','2018-03-05 05:00:00',242,'1','2018-03-05 15:36:21','2018-03-05 19:15:46','1'),(72,67,4,150,150,'2018-03-05 23:03:43','2018-03-06 13:35:02','pago_302-2018-03-05 18:02:9.pdf','','RE','AP','0065419763','2018-03-05 05:00:00',243,'1','2018-03-05 23:03:43','2018-03-06 13:35:02','1'),(73,68,4,150,150,'2018-03-09 03:18:41','2018-03-09 14:23:10','pago_308-2018-03-08 22:17:53.pdf','','RE','AP','000012157','2018-03-08 05:00:00',243,'1','2018-03-09 03:18:41','2018-03-09 14:23:10','1'),(74,71,4,150,150,'2018-03-09 20:16:28','2018-03-12 14:34:33','pago_312-2018-03-9 15:15:10.png','','RE','AP','10278305','2018-03-08 05:00:00',243,'1','2018-03-09 20:16:28','2018-03-12 14:34:33','1'),(75,74,4,150,150,'2018-03-10 18:14:33',NULL,'pago_298-2018-03-10 13:13:44.jpg','Pago Sin Verificar','RE','RE','13929562','2018-03-10 05:00:00',242,'0','2018-03-10 18:14:33','2018-03-10 19:36:48','1'),(76,75,5,150,150,'2018-03-10 18:30:09','2018-03-10 19:34:41','pago_313-2018-03-10 13:29:54.pdf','','RE','AP','6809848','2018-03-09 05:00:00',242,'1','2018-03-10 18:30:09','2018-03-10 19:34:41','1'),(77,73,5,150,150,'2018-03-10 21:35:30','2018-03-11 15:32:56','pago_305-2018-03-10 16:34:58.pdf','','RE','AP','28499447','2018-03-09 05:00:00',242,'1','2018-03-10 21:35:30','2018-03-11 15:32:56','1'),(78,72,5,150,150,'2018-03-12 16:58:14','2018-03-13 14:05:38','pago_311-2018-03-12 12:01:39.pdf','','RE','AP','7645890','2018-03-12 05:00:00',243,'1','2018-03-12 16:58:14','2018-03-13 14:05:38','1'),(79,70,5,150,150,'2018-03-12 19:08:13','2018-03-13 14:07:15','pago_304-2018-03-12 14:08:07.pdf','','RE','AP','02006131650','2018-03-06 05:00:00',243,'1','2018-03-12 19:08:13','2018-03-13 14:07:15','1'),(88,69,2,120,120,'2018-03-13 17:15:22','2018-03-13 17:15:22',NULL,'','RE','AP','145993','2018-03-06 05:00:00',243,'1','2018-03-13 17:15:22','2018-03-13 17:15:22','1'),(89,81,4,150,150,'2018-03-15 22:13:59','2018-03-16 15:24:28','pago_320-2018-03-15 17:13:27.pdf','','RE','AP','009699251','2018-03-15 05:00:00',243,'1','2018-03-15 22:13:59','2018-03-16 15:24:28','1'),(90,79,5,150,150,'2018-03-15 22:48:38','2018-03-16 15:22:35','pago_322-2018-03-15 17:48:13.jpg','','RE','AP','0925002222','2018-03-15 05:00:00',243,'1','2018-03-15 22:48:38','2018-03-16 15:22:35','1'),(91,78,4,150,150,'2018-03-15 23:28:53','2018-03-16 15:20:56','pago_319-2018-03-15 18:27:18.pdf','','RE','AP','1503201801099216491300120010020000124790001277715','2018-03-15 05:00:00',243,'1','2018-03-15 23:28:53','2018-03-16 15:20:56','1'),(92,84,5,150,150,'2018-03-16 23:15:11','2018-03-17 13:25:33','pago_327-2018-03-16 18:14:57.pdf','','RE','AP','11084308','2018-03-15 05:00:00',241,'1','2018-03-16 23:15:11','2018-03-17 13:25:33','1'),(93,87,4,150,150,'2018-03-17 01:27:32','2018-03-17 13:22:43','pago_329-2018-03-16 19:58:01.pdf','','RE','AP','146475','2018-03-14 05:00:00',241,'1','2018-03-17 01:27:32','2018-03-17 13:22:43','1'),(94,90,5,150,150,'2018-03-17 15:07:20','2018-03-17 16:23:22','pago_334-2018-03-17 10:06:57.pdf','','RE','AP','013732','2018-03-16 05:00:00',243,'1','2018-03-17 15:07:20','2018-03-17 16:23:22','1'),(95,91,4,150,150,'2018-03-17 15:34:22','2018-03-17 16:22:06','pago_340-2018-03-17 10:30:00.jpg','','RE','AP','0','2018-03-17 05:00:00',243,'1','2018-03-17 15:34:22','2018-03-17 16:22:06','1'),(96,88,5,150,150,'2018-03-19 19:23:51','2018-03-19 19:25:23','pago_335-2018-03-19 14:23:37.jpg','','RE','AP','12661832','2018-03-19 05:00:00',243,'1','2018-03-19 19:23:51','2018-03-19 19:25:23','1'),(97,92,1,150,150,'2018-03-19 19:31:49','2018-03-19 19:31:49',NULL,'','RE','AP','146606','2018-03-16 05:00:00',243,'1','2018-03-19 19:31:49','2018-03-19 19:31:49','1'),(98,98,2,150,150,'2018-03-19 19:32:29','2018-03-19 19:32:29',NULL,'','RE','AP','146695','2018-03-19 05:00:00',243,'1','2018-03-19 19:32:29','2018-03-19 19:32:29','1'),(99,95,1,150,150,'2018-03-19 20:42:03','2018-03-19 20:42:03',NULL,'','RE','AP','146702','2018-03-19 05:00:00',243,'1','2018-03-19 20:42:03','2018-03-19 20:42:03','1'),(100,94,1,150,150,'2018-03-19 20:42:33','2018-03-19 20:42:33',NULL,'','RE','AP','146703','2018-03-19 05:00:00',243,'1','2018-03-19 20:42:33','2018-03-19 20:42:33','1'),(102,93,4,150,150,'2018-03-20 00:12:40','2018-03-20 15:34:00','pago_318-2018-03-19 19:08:37.png','','RE','AP','210000006825904','2018-03-19 05:00:00',243,'1','2018-03-20 00:12:40','2018-03-20 15:34:00','1'),(103,100,1,150,150,'2018-03-20 13:34:20','2018-03-20 13:34:20',NULL,'','RE','AP','146714','2018-03-19 05:00:00',243,'1','2018-03-20 13:34:20','2018-03-20 13:34:20','1'),(104,102,5,150,150,'2018-03-21 19:16:58','2018-03-21 20:19:15','pago_357-2018-03-21 14:15:56.jpg','','RE','AP','003871','2018-03-21 05:00:00',243,'1','2018-03-21 19:16:58','2018-03-21 20:19:15','1'),(105,104,1,150,150,'2018-03-21 19:23:25','2018-03-21 19:23:25',NULL,'','RE','AP','146748','2018-03-21 05:00:00',243,'1','2018-03-21 19:23:25','2018-03-21 19:23:25','1'),(106,105,4,150,150,'2018-03-22 15:56:26','2018-03-22 16:00:52','pago_358-2018-03-22 10:54:06.pdf','','RE','AP','010052681','2018-03-21 05:00:00',243,'1','2018-03-22 15:56:26','2018-03-22 16:00:52','1'),(107,106,5,150,150,'2018-03-22 23:34:52','2018-03-23 01:12:34','pago_359-2018-03-22 18:34:07.jpg','','RE','AP','9197060','2018-03-22 05:00:00',242,'1','2018-03-22 23:34:52','2018-03-23 01:12:34','1'),(108,86,1,150,150,'2018-03-28 21:06:56','2018-03-28 21:06:56',NULL,'','RE','AP','146439','2018-03-14 05:00:00',243,'1','2018-03-28 21:06:56','2018-03-28 21:06:56','1'),(109,107,5,150,150,'2018-03-29 22:00:29','2018-03-29 22:03:06','pago_369-2018-03-29 16:58:38.jpg','','RE','AP','10135907','2018-03-29 05:00:00',243,'1','2018-03-29 22:00:29','2018-03-29 22:03:06','1'),(110,110,5,120,120,'2018-04-02 23:07:31','2018-04-03 15:01:29','pago_379-2018-04-02 18:05:29.jpg','','RE','AP','20180402541536920','2018-04-02 05:00:00',243,'1','2018-04-02 23:07:31','2018-04-03 15:01:29','1'),(111,116,4,150,150,'2018-04-04 18:11:24',NULL,'pago_394-2018-04-04 13:11:02.docx','Pago Ilegible','RE','RE','05254042','2018-04-04 05:00:00',243,'1','2018-04-04 18:11:24','2018-04-13 14:23:26','1'),(112,113,4,90,90,'2018-04-06 15:30:07','2018-04-06 19:32:01','pago_389-2018-04-06 10:29:54.pdf','','RE','AP','002254743','2018-04-06 05:00:00',243,'1','2018-04-06 15:30:07','2018-04-06 19:32:01','1'),(118,120,2,120,120,'2018-04-09 17:34:09','2018-04-09 17:34:09',NULL,'','RE','AP','147710','2018-04-09 05:00:00',243,'1','2018-04-09 17:34:09','2018-04-09 17:34:09','1'),(119,109,2,120,120,'2018-04-09 18:25:16','2018-04-09 18:25:16',NULL,'','RE','AP','147723','2018-04-09 05:00:00',241,'1','2018-04-09 18:25:16','2018-04-09 18:25:16','1'),(120,114,2,120,120,'2018-04-09 23:10:29','2018-04-09 23:10:29',NULL,'','RE','AP','82431','2018-04-09 05:00:00',243,'1','2018-04-09 23:10:29','2018-04-09 23:10:29','1'),(121,124,2,150,150,'2018-04-10 21:16:19','2018-04-10 21:16:19',NULL,'','RE','AP','82446','2018-04-09 05:00:00',243,'1','2018-04-10 21:16:19','2018-04-10 21:16:19','1'),(122,125,2,150,150,'2018-04-10 21:23:59','2018-04-10 21:23:59',NULL,'','RE','AP','82447','2018-04-10 05:00:00',243,'1','2018-04-10 21:23:59','2018-04-10 21:23:59','1'),(123,127,2,150,150,'2018-04-10 21:35:34','2018-04-10 21:35:34',NULL,'','RE','AP','82448','2018-04-10 05:00:00',243,'1','2018-04-10 21:35:34','2018-04-10 21:35:34','1'),(124,118,2,150,150,'2018-04-10 21:40:58','2018-04-10 21:40:58',NULL,'','RE','AP','82440','2018-04-10 05:00:00',243,'1','2018-04-10 21:40:58','2018-04-10 21:40:58','1'),(125,119,2,150,150,'2018-04-10 21:45:56','2018-04-10 21:45:56',NULL,'','RE','AP','82449','2018-04-10 05:00:00',243,'1','2018-04-10 21:45:56','2018-04-10 21:45:56','1'),(126,130,4,150,150,'2018-04-11 15:12:20','2018-04-11 22:06:18','pago_417-2018-04-11 10:10:49.pdf','','RE','AP','011432164','2018-04-09 05:00:00',243,'1','2018-04-11 15:12:20','2018-04-11 22:06:18','1'),(129,131,5,120,120,'2018-04-11 19:03:29','2018-04-11 22:05:18','pago_420-2018-04-11 14:06:58.jpeg','','RE','AP','5150178','2018-04-11 05:00:00',243,'1','2018-04-11 19:03:29','2018-04-11 22:05:18','1'),(131,126,4,150,150,'2018-04-11 20:04:25','2018-04-12 23:03:22','pago_409-2018-04-11 15:04:04.jpg','','RE','AP','006633069','2018-04-11 05:00:00',243,'1','2018-04-11 20:04:25','2018-04-12 23:03:22','1'),(134,134,2,120,120,'2018-04-12 17:09:03','2018-04-12 17:09:03',NULL,'','RE','AP','111','2018-04-11 05:00:00',243,'1','2018-04-12 17:09:03','2018-04-12 17:09:03','1'),(135,133,4,120,120,'2018-04-12 18:36:29','2018-04-12 20:45:01','pago_418-2018-04-12 13:36:20.pdf','','RE','AP','638050','2018-04-11 05:00:00',243,'1','2018-04-12 18:36:29','2018-04-12 20:45:01','1'),(136,116,4,150,150,'2018-04-12 21:43:53','2018-04-13 20:45:47','pago_394-2018-04-12 16:40:58.pdf','','RE','AP','005254042','2018-04-04 05:00:00',243,'1','2018-04-12 21:43:53','2018-04-13 20:45:47','1'),(137,129,5,120,NULL,'2018-04-12 22:59:35',NULL,'pago_388-2018-04-12 17:59:44.pdf','','PE','','063796','2018-04-12 05:00:00',NULL,'1','2018-04-12 22:59:35',NULL,'1'),(138,117,5,120,120,'2018-04-13 01:21:56','2018-04-14 15:13:43','pago_373-2018-04-12 20:21:56.pdf','','RE','AP','5472163','2018-04-10 05:00:00',243,'1','2018-04-13 01:21:56','2018-04-14 15:13:43','1'),(139,132,4,120,120,'2018-04-13 04:06:39','2018-04-13 14:12:07','pago_412-2018-04-12 23:06:20.jpg','','RE','AP','6966234','2018-04-12 05:00:00',243,'1','2018-04-13 04:06:39','2018-04-13 14:12:07','1'),(140,129,4,120,120,'2018-04-13 17:55:26','2018-04-14 15:13:20','pago_388-2018-04-13 12:55:48.pdf','','RE','AP','063796','2018-04-12 05:00:00',243,'1','2018-04-13 17:55:26','2018-04-14 15:13:20','1'),(144,135,5,120,120,'2018-04-13 20:54:26','2018-04-14 15:12:48','pago_422-2018-04-13 15:54:20.pdf','','RE','AP','4755721','2018-04-10 05:00:00',243,'1','2018-04-13 20:54:26','2018-04-14 15:12:48','1'),(145,141,1,90,90,'2018-04-13 23:59:20','2018-04-13 23:59:20',NULL,'','RE','AP','148009','2018-04-13 05:00:00',243,'1','2018-04-13 23:59:20','2018-04-13 23:59:20','1'),(146,139,5,120,NULL,'2018-04-14 01:17:09',NULL,'pago_433-2018-04-13 20:16:53.pdf','','PE','','0198079106','2018-04-13 05:00:00',NULL,'1','2018-04-14 01:17:09',NULL,'1'),(147,139,5,120,120,'2018-04-14 01:17:16','2018-04-14 15:15:28','pago_433-2018-04-13 20:16:53.pdf','','RE','AP','0198079106','2018-04-13 05:00:00',243,'1','2018-04-14 01:17:16','2018-04-14 15:15:28','1'),(148,136,2,120,120,'2018-04-14 18:49:55','2018-04-14 18:49:55',NULL,'','RE','AP','1442018','2018-04-14 05:00:00',243,'1','2018-04-14 18:49:55','2018-04-14 18:49:55','1'),(151,80,5,120,120,'2018-04-16 15:24:57','2018-04-18 16:46:23','pago_315-2018-04-16 10:24:25.jpg','','RE','AP','148077','2018-04-15 05:00:00',243,'1','2018-04-16 15:24:57','2018-04-18 16:46:23','1'),(152,140,1,120,120,'2018-04-16 17:35:57','2018-04-16 17:35:57',NULL,'','RE','AP','26992','2018-04-03 05:00:00',243,'1','2018-04-16 17:35:57','2018-04-16 17:35:57','1'),(154,142,5,120,120,'2018-04-16 17:36:52',NULL,'pago_427-2018-04-16 12:35:02.jpg','Pago Ilegible','RE','RE','12378541','2018-04-16 05:00:00',243,'1','2018-04-16 17:36:52','2018-04-16 19:35:18','1'),(155,138,2,120,120,'2018-04-16 17:37:36','2018-04-16 17:37:36',NULL,'','RE','AP','82542','2018-04-16 05:00:00',243,'1','2018-04-16 17:37:36','2018-04-16 17:37:36','1'),(156,142,5,120,120,'2018-04-16 19:42:20','2018-04-16 22:56:57','pago_427-2018-04-16 14:41:37.jpg','','RE','AP','12378541','2018-04-16 05:00:00',243,'1','2018-04-16 19:42:20','2018-04-16 22:56:57','1'),(157,137,5,120,120,'2018-04-17 14:57:45','2018-04-17 20:56:12','pago_437-2018-04-17 9:57:23.jpg','','RE','AP','022305','2018-04-17 05:00:00',243,'1','2018-04-17 14:57:45','2018-04-17 20:56:12','1'),(158,146,5,120,120,'2018-04-17 20:04:56','2018-04-17 20:59:36','pago_317-2018-04-17 15:07:05.png','','RE','AP','20180417575973051','2018-04-17 05:00:00',243,'1','2018-04-17 20:04:56','2018-04-17 20:59:36','1'),(159,145,5,120,120,'2018-04-17 20:11:19','2018-04-17 20:57:50','pago_421-2018-04-17 14:59:31.pdf','','RE','AP','5950','2018-04-17 05:00:00',243,'1','2018-04-17 20:11:19','2018-04-17 20:57:50','1'),(160,143,1,120,120,'2018-04-17 21:13:30','2018-04-17 21:13:30',NULL,'','RE','AP','148210','2018-04-16 05:00:00',243,'1','2018-04-17 21:13:30','2018-04-17 21:13:30','1'),(161,121,5,120,120,'2018-04-17 21:21:07','2018-04-18 16:45:52','pago_365-2018-04-17 16:20:34.jpg','','RE','AP','010494','2018-04-17 05:00:00',243,'1','2018-04-17 21:21:07','2018-04-18 16:45:52','1'),(162,148,1,120,120,'2018-04-18 00:48:49','2018-04-18 00:48:49',NULL,'','RE','AP','148283','2018-04-17 05:00:00',241,'1','2018-04-18 00:48:49','2018-04-18 00:48:49','1'),(163,147,5,120,120,'2018-04-18 15:26:49','2018-04-18 15:41:27','pago_441-2018-04-18 10:25:34.png','','RE','AP','30105067','2018-04-16 05:00:00',243,'1','2018-04-18 15:26:49','2018-04-18 15:41:27','1'),(165,151,1,120,120,'2018-04-19 01:39:08','2018-04-19 01:39:08',NULL,'','RE','AP','632864','2018-04-18 05:00:00',241,'1','2018-04-19 01:39:08','2018-04-19 01:39:08','1'),(166,149,2,120,120,'2018-04-19 01:41:02','2018-04-19 01:41:02',NULL,'','RE','AP','148357','2018-04-18 05:00:00',241,'1','2018-04-19 01:41:02','2018-04-19 01:41:02','1'),(167,150,5,60,60,'2018-04-19 21:40:47','2018-04-27 16:06:18','pago_442-2018-04-19 16:39:28.pdf','','RE','AP','6100','2018-04-17 05:00:00',243,'1','2018-04-19 21:40:47','2018-04-27 16:06:18','1'),(169,153,2,150,150,'2018-04-25 17:22:02','2018-04-25 17:22:02',NULL,'','RE','AP','148524','2018-04-20 05:00:00',243,'1','2018-04-25 17:22:02','2018-04-25 17:22:02','1'),(170,27,2,150,150,'2018-04-26 15:05:50','2018-04-26 15:05:50',NULL,'','RE','AP','140952','2017-11-13 05:00:00',243,'1','2018-04-26 15:05:50','2018-04-26 15:05:50','1'),(171,44,2,150,150,'2018-04-26 15:11:56','2018-04-26 15:11:56',NULL,'','RE','AP','81508','2018-01-19 05:00:00',243,'1','2018-04-26 15:11:56','2018-04-26 15:11:56','1'),(172,154,5,150,150,'2018-04-30 19:35:46',NULL,'.','Pago Duplicado','RE','RE','040814','2018-04-29 05:00:00',243,'1','2018-04-30 19:35:46','2018-06-07 19:46:54','1'),(173,154,5,150,150,'2018-04-30 20:11:22','2018-05-02 15:30:21','pago_466-2018-04-30 15:11:11.jpg','','RE','AP','040816','2018-04-29 05:00:00',243,'1','2018-04-30 20:11:22','2018-05-02 15:30:21','1'),(174,152,5,150,150,'2018-05-04 02:33:20',NULL,'pago_450-2018-05-03 21:32:39.jpg','Pago Sin Verificar','RE','RE','0222','2018-05-03 05:00:00',243,'1','2018-05-04 02:33:20','2018-05-08 23:06:19','1'),(175,159,5,150,150,'2018-05-04 22:08:32','2018-05-08 23:03:28','pago_478-2018-05-04 17:06:49.pdf','','RE','AP','551533595609','2018-05-04 05:00:00',243,'1','2018-05-04 22:08:32','2018-05-08 23:03:28','1'),(176,156,1,150,150,'2018-05-04 22:25:59','2018-05-04 22:25:59',NULL,'','RE','AP','148817','2018-04-26 05:00:00',241,'1','2018-05-04 22:25:59','2018-05-04 22:25:59','1'),(177,34,4,150,150,'2018-05-08 18:37:39','2018-05-14 15:32:38','pago_168-2018-05-08 13:37:04.jpg','','RE','AP','2740781','2018-05-08 05:00:00',243,'1','2018-05-08 18:37:39','2018-05-14 15:32:38','1'),(178,160,2,150,150,'2018-05-10 22:08:17','2018-05-10 22:08:17',NULL,'','RE','AP','123','2018-05-08 05:00:00',243,'1','2018-05-10 22:08:17','2018-05-10 22:08:17','1'),(179,163,4,150,150,'2018-05-10 23:19:14','2018-05-11 22:29:23','pago_102-2018-05-10 18:18:21.png','','RE','AP','253918020900','2018-05-10 05:00:00',243,'1','2018-05-10 23:19:14','2018-05-11 22:29:23','1'),(180,152,2,150,150,'2018-05-10 23:33:21','2018-05-10 23:33:21',NULL,'','RE','AP','149688','2018-05-10 05:00:00',241,'1','2018-05-10 23:33:21','2018-05-10 23:33:21','1'),(181,158,4,150,150,'2018-05-11 15:54:42','2018-05-11 22:30:11','pago_471-2018-05-11 10:53:57.pdf','','RE','AP','1809483018','2018-05-11 05:00:00',243,'1','2018-05-11 15:54:42','2018-05-11 22:30:11','1'),(182,161,3,150,150,'2018-05-14 15:28:17','2018-05-14 15:28:17',NULL,'','RE','AP','1111','2018-05-07 05:00:00',243,'1','2018-05-14 15:28:17','2018-05-14 15:28:17','1'),(183,164,4,150,150,'2018-05-15 15:52:01',NULL,'pago_456-2018-05-15 10:51:05.docx','Pago Sin Verificar','RE','RE','1','2018-05-15 05:00:00',243,'1','2018-05-15 15:52:01','2018-05-15 15:56:51','1'),(184,164,4,150,150,'2018-05-15 17:36:12','2018-05-15 17:38:53','pago_456-2018-05-15 12:35:58.pdf','','RE','AP','1','2018-05-15 05:00:00',243,'1','2018-05-15 17:36:12','2018-05-15 17:38:53','1'),(185,166,5,150,150,'2018-05-16 18:53:20','2018-05-16 19:37:18','pago_486-2018-05-16 13:52:36.pdf','','RE','AP','3040','2018-05-16 05:00:00',243,'1','2018-05-16 18:53:20','2018-05-16 19:37:18','1'),(186,165,5,150,150,'2018-05-16 23:03:16','2018-05-16 23:09:37','pago_459-2018-05-16 18:03:02.jpg','','RE','AP','7727046','2018-05-16 05:00:00',243,'1','2018-05-16 23:03:16','2018-05-16 23:09:37','1'),(187,167,4,150,150,'2018-05-17 16:49:40',NULL,'.','Pago Sin Verificar','RE','RE','2533989','2018-05-17 05:00:00',243,'1','2018-05-17 16:49:40','2018-05-17 17:02:31','1'),(188,167,4,150,150,'2018-05-17 17:09:17','2018-05-18 15:45:41','pago_487-2018-05-17 12:08:12.pdf','','RE','AP','2533989','2018-05-17 05:00:00',243,'1','2018-05-17 17:09:17','2018-05-18 15:45:41','1'),(189,162,5,150,150,'2018-05-28 15:18:59','2018-05-28 15:22:28','pago_482-2018-05-28 10:18:55.pdf','','RE','AP','5625130','2018-05-15 05:00:00',243,'1','2018-05-28 15:18:59','2018-05-28 15:22:28','1'),(190,162,5,150,NULL,'2018-05-28 15:22:13',NULL,'pago_482-2018-05-28 10:22:02.pdf','','PE','','5263334','2015-05-09 05:00:00',NULL,'1','2018-05-28 15:22:13',NULL,'1'),(191,171,1,150,150,'2018-05-30 20:05:19','2018-05-30 20:05:19',NULL,'','RE','AP','150259','2018-05-30 05:00:00',243,'1','2018-05-30 20:05:19','2018-05-30 20:05:19','1'),(192,176,5,150,150,'2018-05-31 20:54:42','2018-05-31 20:56:46','pago_521-2018-05-31 15:51:56.jpeg','','RE','AP','0190559321','2018-05-31 05:00:00',243,'1','2018-05-31 20:54:42','2018-05-31 20:56:46','1'),(193,174,5,120,120,'2018-05-31 22:05:09','2018-05-31 22:36:10','pago_518-2018-05-31 17:04:59.jpeg','','RE','AP','6787945','2018-05-31 05:00:00',241,'1','2018-05-31 22:05:09','2018-05-31 22:36:10','1'),(194,169,4,150,150,'2018-06-01 15:34:48','2018-06-01 15:37:56','pago_499-2018-06-01 10:34:46.jpeg','','RE','AP','031377','2018-06-01 05:00:00',243,'1','2018-06-01 15:34:48','2018-06-01 15:37:56','1'),(195,185,5,150,150,'2018-06-04 17:33:14','2018-06-04 17:51:48','pago_526-2018-06-04 12:32:08.jpeg','','RE','AP','150647','2018-06-04 05:00:00',243,'1','2018-06-04 17:33:14','2018-06-04 17:51:48','1'),(196,184,4,150,150,'2018-06-04 17:48:19','2018-06-04 17:50:39','pago_503-2018-06-04 12:48:21.jpeg','','RE','AP','4357760100','2018-06-04 05:00:00',243,'1','2018-06-04 17:48:19','2018-06-04 17:50:39','1'),(197,183,5,150,150,'2018-06-04 18:42:25','2018-06-05 14:59:14','pago_525-2018-06-04 13:41:02.jpeg','','RE','AP','24370','2018-06-04 05:00:00',243,'1','2018-06-04 18:42:25','2018-06-05 14:59:14','1'),(198,177,2,150,150,'2018-06-05 15:00:28','2018-06-05 15:00:28',NULL,'','RE','AP','150313','2018-05-31 05:00:00',243,'1','2018-06-05 15:00:28','2018-06-05 15:00:28','1'),(199,186,1,150,150,'2018-06-05 20:26:46','2018-06-05 20:26:46',NULL,'','RE','AP','150685','2018-06-04 05:00:00',241,'1','2018-06-05 20:26:46','2018-06-05 20:26:46','1'),(200,170,4,150,NULL,'2018-06-06 19:40:53',NULL,'pago_513-2018-06-06 14:40:48.jpeg','','PE','','15259307','2018-06-06 05:00:00',NULL,'1','2018-06-06 19:40:53',NULL,'1'),(201,170,5,150,150,'2018-06-07 17:29:12','2018-06-07 17:37:03','pago_513-2018-06-07 12:29:10.jpeg','','RE','AP','15259307','2018-06-06 05:00:00',243,'1','2018-06-07 17:29:12','2018-06-07 17:37:03','1'),(202,181,5,150,150,'2018-06-07 17:51:33','2018-06-07 17:53:57','pago_523-2018-06-07 12:51:11.jpeg','','RE','AP','4045219','2018-06-07 05:00:00',243,'1','2018-06-07 17:51:33','2018-06-07 17:53:57','1'),(203,175,4,150,150,'2018-06-07 21:19:55','2018-06-07 21:22:22','pago_512-2018-06-07 16:19:51.pdf','','RE','AP','01','2018-06-07 05:00:00',243,'1','2018-06-07 21:19:55','2018-06-07 21:22:22','1'),(204,188,5,150,150,'2018-06-07 22:13:02','2018-06-08 15:20:01','pago_529-2018-06-07 17:12:58.jpeg','','RE','AP','8944771','2018-06-07 05:00:00',243,'1','2018-06-07 22:13:02','2018-06-08 15:20:01','1'),(205,192,5,150,150,'2018-06-08 18:17:24','2018-06-08 18:32:40','pago_532-2018-06-08 13:16:55.jpeg','','RE','AP','0070','2018-06-07 05:00:00',243,'1','2018-06-08 18:17:24','2018-06-08 18:32:40','1'),(206,190,4,150,150,'2018-06-08 23:03:52','2018-06-09 14:32:25','pago_537-2018-06-08 18:02:40.pdf','','RE','AP','00002999859','2018-06-08 05:00:00',243,'1','2018-06-08 23:03:52','2018-06-09 14:32:25','1'),(207,193,5,150,150,'2018-06-09 17:58:24','2018-06-09 18:43:35','pago_485-2018-06-9 12:58:14.jpeg','','RE','AP','051606','2018-06-09 05:00:00',241,'1','2018-06-09 17:58:24','2018-06-09 18:43:35','1'),(208,195,4,150,150,'2018-06-11 22:05:01','2018-06-11 22:22:07','pago_541-2018-06-11 17:04:33.jpeg','','RE','AP','463551','2018-06-11 05:00:00',243,'1','2018-06-11 22:05:01','2018-06-11 22:22:07','1'),(209,197,4,150,150,'2018-06-12 19:56:00','2018-06-12 20:08:50','pago_542-2018-06-12 14:55:52.jpg','','RE','AP','5545508','2018-06-12 05:00:00',243,'1','2018-06-12 19:56:00','2018-06-12 20:08:50','1'),(210,199,4,150,150,'2018-06-12 21:32:57','2018-06-12 21:50:48','pago_262-2018-06-12 16:32:50.jpeg','','RE','AP','7851906','2018-06-12 05:00:00',241,'1','2018-06-12 21:32:57','2018-06-12 21:50:48','1'),(211,194,5,150,150,'2018-06-16 16:22:44','2018-06-16 17:33:24','pago_539-2018-06-16 11:22:34.jpeg','','RE','AP','3353420','2018-06-16 05:00:00',243,'1','2018-06-16 16:22:44','2018-06-16 17:33:24','1'),(212,200,4,150,150,'2018-06-21 18:18:50','2018-06-21 19:24:24','pago_552-2018-06-21 13:17:42.jpeg','','RE','AP','7521318','2018-06-21 05:00:00',243,'1','2018-06-21 18:18:50','2018-06-21 19:24:24','1'),(213,201,5,150,150,'2018-06-27 00:27:57','2018-06-27 00:32:27','pago_519-2018-06-26 19:21:45.jpeg','','RE','AP','7429','2018-06-26 05:00:00',241,'1','2018-06-27 00:27:57','2018-06-27 00:32:27','1'),(214,203,4,150,150,'2018-06-27 19:15:06','2018-06-27 19:39:13','pago_566-2018-06-27 14:14:58.pdf','','RE','AP','006085535','2018-06-27 05:00:00',241,'1','2018-06-27 19:15:06','2018-06-27 19:39:13','1'),(215,206,4,150,150,'2018-06-28 18:26:07','2018-06-28 18:32:12','pago_562-2018-06-28 13:25:56.jpeg','','RE','AP','28062018','2018-06-28 05:00:00',241,'1','2018-06-28 18:26:08','2018-06-28 18:32:12','1'),(216,205,5,150,150,'2018-06-30 17:07:05','2018-07-03 18:53:57','pago_473-2018-06-30 12:06:52.jpeg','','RE','AP','1451097','2018-06-30 05:00:00',243,'1','2018-06-30 17:07:05','2018-07-03 18:53:57','1'),(217,208,5,150,150,'2018-07-04 15:40:41','2018-07-04 16:04:02','pago_549-2018-07-04 10:40:00.jpeg','','RE','AP','2708373','2018-07-04 05:00:00',243,'1','2018-07-04 15:40:41','2018-07-04 16:04:02','1'),(218,212,5,150,150,'2018-07-10 22:34:48','2018-07-11 13:26:09','pago_581-2018-07-10 17:34:28.jpeg','','RE','AP','9547452','2018-07-10 05:00:00',241,'1','2018-07-10 22:34:48','2018-07-11 13:26:09','1'),(219,211,1,150,150,'2018-07-13 15:07:09','2018-07-13 15:07:09',NULL,'','RE','AP','152485','2018-07-13 05:00:00',243,'1','2018-07-13 15:07:09','2018-07-13 15:07:09','1'),(220,214,5,150,150,'2018-07-14 19:21:42','2018-07-16 13:52:02','pago_586-2018-07-14 14:21:31.jpeg','','RE','AP','8246977','2018-07-14 05:00:00',243,'1','2018-07-14 19:21:42','2018-07-16 13:52:02','1'),(221,215,4,150,150,'2018-07-14 19:55:57','2018-07-16 13:53:58','pago_640-2018-07-14 14:55:23.png','','RE','AP','0019458355','2018-07-14 05:00:00',243,'1','2018-07-14 19:55:57','2018-07-16 13:53:58','1'),(222,207,5,150,NULL,'2018-07-15 20:11:49',NULL,'pago_567-2018-07-15 15:06:10.jpeg','','PE','','6328918','2018-07-15 05:00:00',NULL,'1','2018-07-15 20:11:49',NULL,'1'),(223,207,5,150,150,'2018-07-15 20:14:38','2018-07-16 13:51:00','pago_567-2018-07-15 15:13:07.jpeg','','RE','AP','6328918','2018-07-15 05:00:00',243,'1','2018-07-15 20:14:38','2018-07-16 13:51:00','1'),(224,216,5,150,NULL,'2018-07-16 18:46:04',NULL,'pago_641-2018-07-16 13:45:06.jpeg','','PE','','3016','2018-07-15 05:00:00',NULL,'1','2018-07-16 18:46:04',NULL,'1'),(225,216,5,150,150,'2018-07-17 00:07:46','2018-07-17 15:37:17','pago_641-2018-07-16 19:05:19.jpg','','RE','AP','4916018','2018-07-15 05:00:00',243,'1','2018-07-17 00:07:46','2018-07-17 15:37:17','1'),(226,217,4,150,150,'2018-07-17 18:14:01','2018-07-17 20:56:20','pago_585-2018-07-17 13:13:54.jpg','','RE','AP','4120931','2018-07-17 05:00:00',241,'1','2018-07-17 18:14:01','2018-07-17 20:56:20','1'),(227,222,5,150,150,'2018-07-17 20:08:24','2018-07-17 20:54:49','pago_646-2018-07-17 15:08:12.jpeg','','RE','AP','11961231','2018-07-17 05:00:00',241,'1','2018-07-17 20:08:24','2018-07-17 20:54:49','1'),(228,223,5,150,150,'2018-07-17 20:47:02','2018-07-17 20:53:48','pago_645-2018-07-17 15:46:55.jpeg','','RE','AP','7137941','2018-07-17 05:00:00',241,'1','2018-07-17 20:47:02','2018-07-17 20:53:48','1'),(229,231,4,150,150,'2018-07-19 22:28:04','2018-07-19 22:35:44','pago_200-2018-07-19 17:27:54.jpeg','','RE','AP','8733608','2018-07-19 05:00:00',241,'1','2018-07-19 22:28:04','2018-07-19 22:35:44','1'),(230,122,2,150,150,'2018-07-20 21:09:48','2018-07-20 21:09:48',NULL,'','RE','AP','152730','2018-07-20 05:00:00',241,'1','2018-07-20 21:09:48','2018-07-20 21:09:48','1'),(231,235,5,150,150,'2018-07-23 14:29:41','2018-07-23 15:52:27','pago_655-2018-07-23 9:29:35.jpeg','','RE','AP','2767580','2018-07-21 05:00:00',243,'1','2018-07-23 14:29:41','2018-07-23 15:52:27','1'),(232,242,5,150,150,'2018-07-25 21:08:39','2018-07-30 15:02:07','pago_660-2018-07-25 16:07:19.jpg','','RE','AP','15731312','2018-07-25 05:00:00',243,'1','2018-07-25 21:08:39','2018-07-30 15:02:07','1'),(233,219,4,90,90,'2018-07-30 18:53:37','2018-07-30 19:03:37','pago_587-2018-07-30 13:53:14.png','','RE','AP','014523701','2018-07-30 05:00:00',241,'1','2018-07-30 18:53:37','2018-07-30 19:03:37','1'),(234,219,4,90,NULL,'2018-07-30 18:58:22',NULL,'pago_587-2018-07-30 13:58:15.png','','PE','','014523701','2018-07-30 05:00:00',NULL,'1','2018-07-30 18:58:22',NULL,'1'),(235,210,1,90,90,'2018-08-06 21:43:57','2018-08-06 21:43:57','pago_576-2018-08-06 16:48:13.png','','RE','AP','153535','2018-08-06 05:00:00',243,'1','2018-08-06 21:43:57','2018-08-06 21:43:57','1'),(236,275,1,150,150,'2018-08-06 22:33:00','2018-08-06 22:33:00','pago_681-2018-08-06 17:37:23.png','','RE','AP','153405','2018-08-04 05:00:00',243,'1','2018-08-06 22:33:00','2018-08-06 22:33:00','1'),(237,280,1,150,150,'2018-08-11 18:45:09','2018-08-11 18:45:09','pago_692-2018-08-11 13:49:35.jpg','','RE','AP','121138','2018-08-11 05:00:00',241,'1','2018-08-11 18:45:09','2018-08-11 18:45:09','1'),(238,267,5,150,150,'2018-08-13 18:54:19',NULL,'pago_668-2018-08-13 13:53:53.jpeg','Pago Ilegible','RE','RE','51245059','2018-08-13 05:00:00',241,'1','2018-08-13 18:54:19','2018-08-13 19:00:42','1'),(239,267,2,150,150,'2018-08-13 19:18:32','2018-08-13 19:18:32','pago_668-2018-08-13 14:23:02.jpg','','RE','AP','153699','2018-08-13 05:00:00',241,'1','2018-08-13 19:18:32','2018-08-13 19:18:32','1'),(240,279,5,150,NULL,'2018-08-15 14:33:47',NULL,'pago_682-2018-08-15 9:33:40.jpeg','','PE','','7138954','2018-08-14 05:00:00',NULL,'1','2018-08-15 14:33:47',NULL,'1'),(241,279,5,150,150,'2018-08-15 15:06:44','2018-08-15 15:20:14','pago_682-2018-08-15 10:06:40.pdf','','RE','AP','7138954','2018-08-14 05:00:00',241,'1','2018-08-15 15:06:44','2018-08-15 15:20:14','1'),(242,283,5,150,150,'2018-08-16 19:35:11','2018-08-16 19:41:08','pago_702-2018-08-16 14:35:08.pdf','','RE','AP','54098','2018-08-16 05:00:00',243,'1','2018-08-16 19:35:11','2018-08-16 19:41:08','1'),(243,285,7,150,150,'2018-08-21 16:34:36','2018-08-21 16:34:36','pago_718-2018-08-21 11:38:43.jpg','','RE','AP','154000','2018-08-21 05:00:00',241,'1','2018-08-21 16:34:36','2018-08-21 16:34:36','1'),(244,288,4,150,150,'2018-08-24 22:02:11','2018-08-29 14:16:37','pago_727-2018-08-24 17:02:08.pdf','','RE','AP','3477960','2018-08-21 05:00:00',241,'1','2018-08-24 22:02:11','2018-08-29 14:16:37','1'),(245,290,4,150,150,'2018-08-30 18:56:57','2018-08-30 19:08:49','pago_701-2018-08-30 13:56:46.pdf','','RE','AP','1643','2018-08-30 05:00:00',243,'1','2018-08-30 18:56:57','2018-08-30 19:08:49','1'),(246,291,4,150,150,'2018-09-04 21:08:42','2018-09-06 17:07:26','pago_726-2018-9-04 16:08:37.pdf','','RE','AP','4543','2018-09-04 05:00:00',243,'1','2018-09-04 21:08:42','2018-09-06 17:07:26','1'),(247,293,5,150,150,'2018-09-06 19:42:37','2018-09-06 22:53:12','pago_749-2018-9-06 14:42:36.pdf','','RE','AP','27214719603624','2018-09-06 05:00:00',243,'1','2018-09-06 19:42:37','2018-09-06 22:53:12','1'),(248,296,5,150,150,'2018-09-10 17:12:06','2018-09-10 21:17:24','pago_755-2018-9-10 12:12:03.pdf','','RE','AP','026067','2018-09-06 05:00:00',243,'1','2018-09-10 17:12:06','2018-09-10 21:17:24','1'),(249,295,5,150,150,'2018-09-10 17:13:15','2018-09-10 21:16:49','pago_757-2018-9-10 12:13:08.pdf','','RE','AP','047590','2018-09-07 05:00:00',243,'1','2018-09-10 17:13:15','2018-09-10 21:16:49','1'),(250,300,4,150,150,'2018-09-11 21:05:54','2018-09-12 20:11:15','pago_764-2018-9-11 16:05:44.pdf','','RE','AP','008015011','2018-09-11 05:00:00',241,'1','2018-09-11 21:05:54','2018-09-12 20:11:15','1'),(251,302,4,90,90,'2018-09-12 20:25:59','2018-09-12 20:55:52','pago_719-2018-9-12 15:25:55.pdf','','RE','AP','8547983','2018-09-06 05:00:00',241,'1','2018-09-12 20:25:59','2018-09-12 20:55:52','1'),(252,301,2,150,150,'2018-09-12 21:16:24','2018-09-12 21:16:24','pago_751-2018-9-12 16:21:36.jpeg','','RE','AP','154949','2018-09-11 05:00:00',241,'1','2018-09-12 21:16:24','2018-09-12 21:16:24','1'),(253,304,7,150,150,'2018-09-18 19:39:24','2018-09-18 19:39:24','pago_769-2018-9-18 14:43:42.jpg','','RE','AP','2','2018-09-18 05:00:00',241,'1','2018-09-18 19:39:24','2018-09-18 19:39:24','1'),(254,303,5,150,NULL,'2018-09-20 20:50:23',NULL,'pago_758-2018-9-20 15:49:57.pdf','','PE','','35188309','2018-09-09 05:00:00',NULL,'1','2018-09-20 20:50:23',NULL,'1'),(255,305,5,150,150,'2018-09-22 15:33:24','2018-09-25 16:00:43','pago_783-2018-9-22 10:34:03.pdf','','RE','AP','11816297','2018-09-22 05:00:00',243,'1','2018-09-22 15:33:24','2018-09-25 16:00:43','1'),(256,307,5,90,NULL,'2018-09-24 20:17:53',NULL,'pago_793-2018-9-24 15:17:40.pdf','','PE','','7079820','2018-09-18 05:00:00',NULL,'1','2018-09-24 20:17:53',NULL,'1'),(257,308,5,150,NULL,'2018-09-27 21:03:28',NULL,'pago_793-2018-9-27 16:02:23.pdf','','PE','','5413720','2018-09-27 05:00:00',NULL,'1','2018-09-27 21:03:28',NULL,'1');
/*!40000 ALTER TABLE `info_carga_prepago` ENABLE KEYS */;
UNLOCK TABLES;

--
-- Table structure for table `info_factura`
--

DROP TABLE IF EXISTS `info_factura`;
/*!40101 SET @saved_cs_client     = @@character_set_client */;
/*!40101 SET character_set_client = utf8 */;
CREATE TABLE `info_factura` (
  `ifac_id` bigint(20) NOT NULL AUTO_INCREMENT,
  `opag_id` bigint(20) NOT NULL,
  `ifac_numero_dni` varchar(15) NOT NULL,
  `ifac_tipo_dni` int(11) NOT NULL,
  `ifac_nombres` varchar(60) NOT NULL,
  `ifac_apellidos` varchar(60) NOT NULL,
  `ifac_direccion` varchar(200) NOT NULL,
  `ifac_correo` varchar(50) DEFAULT NULL,
  `ifac_telefono` varchar(30) DEFAULT NULL,
  `ifac_estado` varchar(1) DEFAULT NULL,
  `ifac_fecha_creacion` timestamp NOT NULL DEFAULT CURRENT_TIMESTAMP,
  `ifac_fecha_modificacion` timestamp NULL DEFAULT NULL,
  `ifac_estado_logico` varchar(1) DEFAULT NULL,
  PRIMARY KEY (`ifac_id`),
  KEY `opag_id` (`opag_id`),
  CONSTRAINT `info_factura_ibfk_1` FOREIGN KEY (`opag_id`) REFERENCES `orden_pago` (`opag_id`)
) ENGINE=InnoDB DEFAULT CHARSET=utf8;
/*!40101 SET character_set_client = @saved_cs_client */;

--
-- Dumping data for table `info_factura`
--

LOCK TABLES `info_factura` WRITE;
/*!40000 ALTER TABLE `info_factura` DISABLE KEYS */;
/*!40000 ALTER TABLE `info_factura` ENABLE KEYS */;
UNLOCK TABLES;

--
-- Table structure for table `item`
--

DROP TABLE IF EXISTS `item`;
/*!40101 SET @saved_cs_client     = @@character_set_client */;
/*!40101 SET character_set_client = utf8 */;
CREATE TABLE `item` (
  `ite_id` bigint(20) NOT NULL AUTO_INCREMENT,
  `scat_id` bigint(20) NOT NULL,
  `ite_nombre` varchar(200) NOT NULL,
  `ite_descripcion` varchar(500) NOT NULL,
  `ite_codigo` varchar(5) NOT NULL,
  `ite_ruta_imagen` varchar(500) DEFAULT NULL,
  `ite_usu_ingreso` bigint(20) NOT NULL,
  `ite_usu_modifica` bigint(20) DEFAULT NULL,
  `ite_estado` varchar(1) NOT NULL,
  `ite_fecha_creacion` timestamp NOT NULL DEFAULT CURRENT_TIMESTAMP,
  `ite_fecha_modificacion` timestamp NULL DEFAULT NULL,
  `ite_estado_logico` varchar(1) NOT NULL,
  PRIMARY KEY (`ite_id`),
  KEY `scat_id` (`scat_id`),
  CONSTRAINT `item_ibfk_1` FOREIGN KEY (`scat_id`) REFERENCES `sub_categoria` (`scat_id`)
) ENGINE=InnoDB AUTO_INCREMENT=23 DEFAULT CHARSET=utf8;
/*!40101 SET character_set_client = @saved_cs_client */;

--
-- Dumping data for table `item`
--

LOCK TABLES `item` WRITE;
/*!40000 ALTER TABLE `item` DISABLE KEYS */;
INSERT INTO `item` VALUES (1,1,'Curso de admisión y nivelación Online','Curso de admisión y nivelación Online','0001',NULL,1,NULL,'1','2018-08-01 12:05:50',NULL,'1'),(2,1,'Examen de admisión Online','Examen de admisión Online','0002',NULL,1,NULL,'1','2018-08-01 12:05:50',NULL,'1'),(3,2,'Curso de admisión y nivelación Presencial','Curso de admisión y nivelación Presencial','0003',NULL,1,NULL,'1','2018-08-01 12:05:50',NULL,'1'),(4,2,'Examen de admisión Presencial','Examen de admisión Presencial','0004',NULL,1,NULL,'1','2018-08-01 12:05:50',NULL,'1'),(5,3,'Curso de admisión y nivelación Semipresencial','Curso de admisión y nivelación Semipresencial','0005',NULL,1,NULL,'1','2018-08-01 12:05:50',NULL,'1'),(6,3,'Examen de admisión Semipresencial','Examen de admisión Semipresencial','0006',NULL,1,NULL,'1','2018-08-01 12:05:50',NULL,'1'),(7,4,'Curso de admisión y nivelación a Distancia','Curso de admisión y nivelación a Distancia','0007',NULL,1,NULL,'1','2018-08-01 12:05:50',NULL,'1'),(8,4,'Examen de admisión a Distancia','Examen de admisión  a Distancia','0008',NULL,1,NULL,'1','2018-08-01 12:05:50',NULL,'1'),(9,5,'Homologación Posgrado','Homologación Posgrado','0009',NULL,1,NULL,'1','2018-08-01 12:05:50',NULL,'1'),(10,5,'Propedéutico Posgrado','Propedéutico Posgrado','0010',NULL,1,NULL,'1','2018-08-01 12:05:50',NULL,'1'),(11,6,'Emprendimiento y Ventas E-Continua','Emprendimiento y Ventas E-Continua','0011',NULL,1,NULL,'1','2018-08-01 12:05:50',NULL,'1'),(12,6,'Excel Avanzado E-Continua','Excel Avanzado E-Continua','0012',NULL,1,NULL,'1','2018-08-01 12:05:50',NULL,'1'),(13,6,'Fotografía E-Continua','Fotografía E-Continua','0013',NULL,1,NULL,'1','2018-08-01 12:05:50',NULL,'1'),(14,6,'Event Planner E-Continua','Event Planner E-Continua','0014',NULL,1,NULL,'1','2018-08-01 12:05:50',NULL,'1'),(15,6,'Programa Gerencia Estratégica del TH (4 módulos) E-Continua','Programa Gerencia Estratégica del TH (4 módulos) E-Continua','0015',NULL,1,NULL,'1','2018-08-01 12:05:50',NULL,'1'),(16,6,'Pedagogía E-Continua','Pedagogía E-Continua','0016',NULL,1,NULL,'1','2018-08-01 12:05:50',NULL,'1'),(17,6,'Redacción Científica E-Continua','Redacción Científica E-Continua','0017',NULL,1,NULL,'1','2018-08-01 12:05:50',NULL,'1'),(18,6,'Desarrollo Habilidades Comerciales para Retail E-Continua','Desarrollo Habilidades Comerciales para Retail E-Continua','0018',NULL,1,NULL,'1','2018-08-01 12:05:50',NULL,'1'),(19,6,'Idioma Inglés, Francés E-Continua','Idioma Inglés, Francés E-Continua','0019',NULL,1,NULL,'1','2018-08-01 12:05:50',NULL,'1'),(20,6,'Cursos Online E-Continua','Cursos Online E-Continua','0020',NULL,1,NULL,'1','2018-08-01 12:05:50',NULL,'1'),(21,7,'MBA Bordeaux ULINK','MBA Bordeaux ULINK','0021',NULL,1,NULL,'1','2018-08-01 12:05:50',NULL,'1'),(22,7,'Diplomados','Diplomados','0022',NULL,1,NULL,'1','2018-08-01 12:05:50',NULL,'1');
/*!40000 ALTER TABLE `item` ENABLE KEYS */;
UNLOCK TABLES;

--
-- Table structure for table `item_metodo_nivel`
--

DROP TABLE IF EXISTS `item_metodo_nivel`;
/*!40101 SET @saved_cs_client     = @@character_set_client */;
/*!40101 SET character_set_client = utf8 */;
CREATE TABLE `item_metodo_nivel` (
  `imni_id` bigint(20) NOT NULL,
  `ite_id` bigint(20) NOT NULL,
  `ming_id` bigint(20) DEFAULT NULL,
  `nint_id` bigint(20) DEFAULT NULL,
  `mod_id` bigint(20) DEFAULT NULL,
  `car_id` bigint(20) DEFAULT NULL,
  `imni_usu_ingreso` bigint(20) NOT NULL,
  `imni_usu_modifica` bigint(20) DEFAULT NULL,
  `imni_estado` varchar(1) NOT NULL,
  `imni_fecha_creacion` timestamp NOT NULL DEFAULT CURRENT_TIMESTAMP,
  `imni_fecha_modificacion` timestamp NULL DEFAULT NULL,
  `imni_estado_logico` varchar(1) NOT NULL,
  PRIMARY KEY (`imni_id`),
  KEY `ite_id` (`ite_id`),
  CONSTRAINT `item_metodo_nivel_ibfk_1` FOREIGN KEY (`ite_id`) REFERENCES `item` (`ite_id`)
) ENGINE=InnoDB DEFAULT CHARSET=utf8;
/*!40101 SET character_set_client = @saved_cs_client */;

--
-- Dumping data for table `item_metodo_nivel`
--

LOCK TABLES `item_metodo_nivel` WRITE;
/*!40000 ALTER TABLE `item_metodo_nivel` DISABLE KEYS */;
INSERT INTO `item_metodo_nivel` VALUES (1,1,1,1,1,NULL,1,NULL,'1','2018-08-01 12:05:51',NULL,'1'),(2,2,2,1,1,NULL,1,NULL,'1','2018-08-01 12:05:51',NULL,'1'),(3,3,1,1,2,NULL,1,NULL,'1','2018-08-01 12:05:51',NULL,'1'),(4,5,1,1,3,NULL,1,NULL,'1','2018-08-01 12:05:51',NULL,'1'),(5,7,1,1,4,NULL,1,NULL,'1','2018-08-01 12:05:51',NULL,'1'),(6,10,4,2,3,NULL,1,NULL,'1','2018-08-01 12:05:51',NULL,'1'),(7,11,NULL,3,2,24,1,NULL,'1','2018-08-01 12:05:51',NULL,'1'),(8,12,NULL,3,2,25,1,NULL,'1','2018-08-01 12:05:51',NULL,'1'),(9,13,NULL,3,2,26,1,NULL,'1','2018-08-01 12:05:51',NULL,'1'),(10,14,NULL,3,2,27,1,NULL,'1','2018-08-01 12:05:51',NULL,'1'),(11,16,NULL,3,2,29,1,NULL,'1','2018-08-01 12:05:51',NULL,'1'),(12,17,NULL,3,2,30,1,NULL,'1','2018-08-01 12:05:51',NULL,'1'),(13,20,NULL,3,1,33,1,NULL,'1','2018-08-01 12:05:51',NULL,'1'),(14,21,NULL,NULL,NULL,1,1,NULL,'1','2018-08-01 12:05:51',NULL,'1'),(15,22,NULL,NULL,NULL,2,1,NULL,'1','2018-08-01 12:05:51',NULL,'1');
/*!40000 ALTER TABLE `item_metodo_nivel` ENABLE KEYS */;
UNLOCK TABLES;

--
-- Table structure for table `item_precio`
--

DROP TABLE IF EXISTS `item_precio`;
/*!40101 SET @saved_cs_client     = @@character_set_client */;
/*!40101 SET character_set_client = utf8 */;
CREATE TABLE `item_precio` (
  `ipre_id` bigint(20) NOT NULL,
  `ite_id` bigint(20) NOT NULL,
  `ipre_precio` double DEFAULT NULL,
  `ipre_porcentaje_iva` double DEFAULT NULL,
  `ipre_valor_minimo` double DEFAULT NULL,
  `ipre_porcentaje_minimo` double DEFAULT NULL,
  `ipre_fecha_inicio` timestamp NULL DEFAULT NULL,
  `ipre_fecha_fin` timestamp NULL DEFAULT NULL,
  `ipre_estado_precio` varchar(1) NOT NULL,
  `ipre_usu_ingreso` bigint(20) NOT NULL,
  `ipre_usu_modifica` bigint(20) DEFAULT NULL,
  `ipre_estado` varchar(1) NOT NULL,
  `ipre_fecha_creacion` timestamp NOT NULL DEFAULT CURRENT_TIMESTAMP,
  `ipre_fecha_modificacion` timestamp NULL DEFAULT NULL,
  `ipre_estado_logico` varchar(1) NOT NULL,
  PRIMARY KEY (`ipre_id`),
  KEY `ite_id` (`ite_id`),
  CONSTRAINT `item_precio_ibfk_1` FOREIGN KEY (`ite_id`) REFERENCES `item` (`ite_id`)
) ENGINE=InnoDB DEFAULT CHARSET=utf8;
/*!40101 SET character_set_client = @saved_cs_client */;

--
-- Dumping data for table `item_precio`
--

LOCK TABLES `item_precio` WRITE;
/*!40000 ALTER TABLE `item_precio` DISABLE KEYS */;
INSERT INTO `item_precio` VALUES (1,1,150,NULL,NULL,NULL,'2017-09-25 00:00:00','2018-12-31 23:59:59','A',1,NULL,'1','2018-08-01 12:05:51',NULL,'1'),(2,2,90,NULL,NULL,NULL,'2017-09-09 00:00:00','2018-12-31 23:59:59','A',1,NULL,'1','2018-08-01 12:05:51',NULL,'1'),(3,3,390,NULL,NULL,NULL,'2018-07-01 00:00:00','2018-12-31 23:59:59','A',1,NULL,'1','2018-08-01 12:05:51',NULL,'1'),(4,5,390,NULL,NULL,NULL,'2018-07-01 00:00:00','2018-12-31 23:59:59','A',1,NULL,'1','2018-08-01 12:05:51',NULL,'1'),(5,7,390,NULL,NULL,NULL,'2018-07-01 00:00:00','2018-12-31 23:59:59','A',1,NULL,'1','2018-08-01 12:05:51',NULL,'1'),(6,10,950,NULL,NULL,NULL,'2018-07-01 00:00:00','2018-12-31 23:59:59','A',1,NULL,'1','2018-08-01 12:05:51',NULL,'1'),(7,11,100,NULL,NULL,NULL,'2018-07-01 00:00:00','2018-12-31 23:59:59','A',1,NULL,'1','2018-08-01 12:05:51',NULL,'1'),(8,12,60,NULL,NULL,NULL,'2018-07-01 00:00:00','2018-12-31 23:59:59','A',1,NULL,'1','2018-08-01 12:05:51',NULL,'1'),(9,13,50,NULL,NULL,NULL,'2018-07-01 00:00:00','2018-12-31 23:59:59','A',1,NULL,'1','2018-08-01 12:05:51',NULL,'1'),(10,14,100,NULL,NULL,NULL,'2018-07-01 00:00:00','2018-12-31 23:59:59','A',1,NULL,'1','2018-08-01 12:05:51',NULL,'1'),(11,16,150,NULL,NULL,NULL,'2018-07-01 00:00:00','2018-12-31 23:59:59','A',1,NULL,'1','2018-08-01 12:05:51',NULL,'1'),(12,17,150,NULL,NULL,NULL,'2018-07-01 00:00:00','2018-12-31 23:59:59','A',1,NULL,'1','2018-08-01 12:05:51',NULL,'1'),(13,20,360,NULL,NULL,NULL,'2018-07-01 00:00:00','2018-12-31 23:59:59','A',1,NULL,'1','2018-08-01 12:05:51',NULL,'1'),(14,21,1000,NULL,NULL,NULL,'2018-07-01 00:00:00','2018-12-31 23:59:59','A',1,NULL,'1','2018-08-01 12:05:51',NULL,'1'),(15,22,55,NULL,NULL,NULL,'2018-07-01 00:00:00','2018-12-31 23:59:59','A',1,NULL,'1','2018-08-01 12:05:51',NULL,'1');
/*!40000 ALTER TABLE `item_precio` ENABLE KEYS */;
UNLOCK TABLES;

--
-- Table structure for table `orden_pago`
--

DROP TABLE IF EXISTS `orden_pago`;
/*!40101 SET @saved_cs_client     = @@character_set_client */;
/*!40101 SET character_set_client = utf8 */;
CREATE TABLE `orden_pago` (
  `opag_id` bigint(20) NOT NULL AUTO_INCREMENT,
  `sins_id` bigint(20) DEFAULT NULL,
  `sgen_id` bigint(20) DEFAULT NULL,
  `com_id` bigint(20) DEFAULT NULL,
  `opag_subtotal` double NOT NULL,
  `opag_iva` double NOT NULL,
  `opag_total` double NOT NULL,
  `opag_valor_pagado` double DEFAULT NULL,
  `opag_fecha_generacion` timestamp NULL DEFAULT NULL,
  `opag_estado_pago` varchar(1) DEFAULT NULL,
  `opag_fecha_pago_total` timestamp NULL DEFAULT NULL,
  `opag_observacion` varchar(200) DEFAULT NULL,
  `opag_usu_ingreso` bigint(20) NOT NULL,
  `opag_usu_modifica` bigint(20) DEFAULT NULL,
  `opag_estado` varchar(1) NOT NULL,
  `opag_fecha_creacion` timestamp NOT NULL DEFAULT CURRENT_TIMESTAMP,
  `opag_fecha_modificacion` timestamp NULL DEFAULT NULL,
  `opag_estado_logico` varchar(1) NOT NULL,
  PRIMARY KEY (`opag_id`),
  KEY `sgen_id` (`sgen_id`),
  CONSTRAINT `orden_pago_ibfk_1` FOREIGN KEY (`sgen_id`) REFERENCES `solicitud_general` (`sgen_id`)
) ENGINE=InnoDB AUTO_INCREMENT=314 DEFAULT CHARSET=utf8;
/*!40101 SET character_set_client = @saved_cs_client */;

--
-- Dumping data for table `orden_pago`
--

LOCK TABLES `orden_pago` WRITE;
/*!40000 ALTER TABLE `orden_pago` DISABLE KEYS */;
INSERT INTO `orden_pago` VALUES (1,1,NULL,NULL,150,0,150,150,'2017-10-03 08:57:02','S','2017-10-07 10:17:59',NULL,11,NULL,'1','2017-10-03 08:57:02','2017-10-11 11:22:45','1'),(2,2,NULL,NULL,150,0,150,150,'2017-10-05 02:34:19','S','2017-10-12 06:22:27',NULL,12,NULL,'1','2017-10-05 02:34:19','2017-10-12 11:22:27','1'),(3,3,NULL,NULL,150,0,150,NULL,'2017-10-11 02:11:37','P',NULL,NULL,1,NULL,'0','2017-10-11 02:11:37',NULL,'1'),(4,6,NULL,NULL,150,0,150,150,'2017-10-12 08:22:51','S','2017-10-14 02:14:02',NULL,12,NULL,'1','2017-10-12 08:22:51','2017-11-29 22:48:09','1'),(5,9,NULL,NULL,150,0,150,NULL,'2017-10-14 01:56:35','P',NULL,NULL,12,NULL,'0','2017-10-14 01:56:35',NULL,'1'),(6,10,NULL,NULL,150,0,150,150,'2017-10-14 02:00:05','S','2017-10-15 02:15:17',NULL,12,NULL,'1','2017-10-14 02:00:05','2017-10-14 07:14:02','1'),(7,12,NULL,NULL,150,0,150,150,'2017-10-15 02:08:58','S','2017-10-15 02:23:17',NULL,12,NULL,'1','2017-10-15 02:08:58','2017-10-15 07:15:17','1'),(8,11,NULL,NULL,150,0,150,150,'2017-10-15 02:21:25','S','2017-10-17 07:50:41',NULL,12,NULL,'1','2017-10-15 02:21:25','2017-10-15 07:23:17','1'),(9,14,NULL,NULL,150,0,150,150,'2017-10-17 07:47:34','S','2017-10-18 03:37:32',NULL,11,NULL,'1','2017-10-17 07:47:34','2017-10-17 13:03:17','1'),(10,15,NULL,NULL,150,0,150,NULL,'2017-10-17 08:46:24','P',NULL,NULL,12,NULL,'0','2017-10-17 08:46:24',NULL,'1'),(11,16,NULL,NULL,150,0,150,150,'2018-04-03 16:37:06','S','2018-04-03 16:37:06',NULL,11,243,'1','2017-10-18 02:36:05','2018-04-03 16:37:06','1'),(12,17,NULL,NULL,150,0,150,150,'2017-10-18 18:30:21','S','2017-10-18 22:12:51',NULL,12,NULL,'1','2017-10-18 18:30:21','2017-10-19 06:16:40','1'),(13,22,NULL,NULL,150,0,150,NULL,'2017-10-26 23:49:21','P',NULL,NULL,11,NULL,'0','2017-10-26 23:49:21',NULL,'1'),(14,21,NULL,NULL,150,0,150,150,'2017-10-27 00:32:26','S','2017-10-31 23:52:34',NULL,11,NULL,'1','2017-10-27 00:32:26','2017-11-01 05:52:50','1'),(15,23,NULL,NULL,90,0,90,90,'2018-02-23 22:06:24','S','2018-02-23 22:06:24',NULL,12,241,'1','2017-11-01 21:55:44','2018-02-23 22:06:24','1'),(16,25,NULL,NULL,150,0,150,150,'2017-11-07 03:30:13','S','2017-11-09 15:40:12',NULL,11,NULL,'1','2017-11-07 03:30:13','2017-11-29 20:10:45','1'),(17,29,NULL,NULL,150,0,150,150,'2017-11-08 22:55:44','S','2017-11-11 16:11:31',NULL,11,NULL,'1','2017-11-08 22:55:44','2017-11-13 20:37:15','1'),(18,32,NULL,NULL,150,0,150,150,'2017-11-09 04:33:57','S','2017-11-13 19:43:24',NULL,11,NULL,'1','2017-11-09 04:33:57','2017-11-29 20:11:46','1'),(19,33,NULL,NULL,150,0,150,150,'2017-11-09 04:36:57','S','2017-11-17 01:45:14',NULL,11,NULL,'1','2017-11-09 04:36:57','2017-11-11 00:11:46','1'),(20,34,NULL,NULL,150,0,150,NULL,'2017-11-10 02:44:49','P',NULL,NULL,11,NULL,'0','2017-11-10 02:44:49',NULL,'1'),(21,35,NULL,NULL,150,0,150,NULL,'2017-11-10 03:38:39','P',NULL,NULL,11,NULL,'0','2017-11-10 03:38:39',NULL,'0'),(22,35,NULL,NULL,150,0,150,NULL,'2017-11-10 03:39:20','P',NULL,NULL,11,NULL,'0','2017-11-10 03:39:20',NULL,'1'),(23,36,NULL,NULL,150,0,150,NULL,'2017-11-10 03:39:59','P',NULL,NULL,12,NULL,'0','2017-11-10 03:39:59',NULL,'1'),(24,37,NULL,NULL,150,0,150,150,'2017-11-11 02:32:49','S','2017-11-19 17:09:11',NULL,11,NULL,'1','2017-11-11 02:32:49','2017-11-29 02:52:05','1'),(25,38,NULL,NULL,150,0,150,150,'2017-11-11 03:04:37','S','2017-11-13 21:27:05',NULL,11,NULL,'1','2017-11-11 03:04:37','2017-11-22 22:52:58','1'),(26,41,NULL,NULL,150,0,150,150,'2017-11-13 19:38:27','S','2017-11-28 21:49:32',NULL,11,NULL,'1','2017-11-13 19:38:27','2017-11-29 20:18:29','1'),(27,40,NULL,NULL,150,0,150,150,'2018-04-26 15:05:50','S','2018-04-26 15:05:50',NULL,12,243,'1','2017-11-13 19:49:51','2018-04-26 15:05:50','1'),(28,42,NULL,NULL,150,0,150,150,'2017-11-14 00:10:20','S','2017-11-28 20:05:56',NULL,12,NULL,'1','2017-11-14 00:10:20','2017-11-14 02:09:18','1'),(29,43,NULL,NULL,150,0,150,150,'2017-11-15 21:23:18','S','2017-11-29 00:24:00',NULL,12,NULL,'1','2017-11-15 21:23:18','2017-11-18 21:24:30','1'),(30,44,NULL,NULL,150,0,150,150,'2017-11-19 22:02:34','S','2017-11-29 15:10:45',NULL,12,NULL,'1','2017-11-19 22:02:34','2017-11-20 19:15:51','1'),(32,47,NULL,NULL,150,0,150,150,'2017-11-22 22:05:50','S','2017-11-29 15:18:29',NULL,12,NULL,'1','2017-11-22 22:05:50','2017-11-29 02:49:32','1'),(33,50,NULL,NULL,150,0,150,150,'2017-11-29 05:17:05','S','2017-11-29 17:39:40',NULL,12,NULL,'1','2017-11-29 05:17:05','2017-11-29 19:36:25','1'),(34,51,NULL,NULL,150,0,150,150,'2018-05-14 15:32:38','S','2018-05-14 15:32:38',NULL,11,243,'1','2017-12-05 02:27:50','2018-05-14 15:32:38','1'),(35,52,NULL,NULL,150,0,150,150,'2018-01-10 17:59:15','S','2018-01-10 17:59:15',NULL,11,112,'1','2017-12-14 19:04:53','2018-01-10 17:59:15','1'),(36,53,NULL,NULL,150,0,150,0,'2018-01-02 20:01:24','P',NULL,NULL,12,NULL,'0','2018-01-02 20:01:24',NULL,'1'),(37,55,NULL,NULL,150,0,150,0,'2018-01-05 20:28:48','P',NULL,NULL,12,NULL,'0','2018-01-05 20:28:48',NULL,'1'),(38,56,NULL,NULL,150,0,150,150,'2018-01-08 21:38:18','S','2018-01-08 21:38:18',NULL,11,112,'1','2018-01-08 15:10:26','2018-01-08 21:38:18','1'),(39,57,NULL,NULL,150,0,150,150,'2018-01-09 16:14:55','S','2018-01-09 16:14:55',NULL,11,112,'1','2018-01-08 16:41:52','2018-01-09 16:14:55','1'),(40,60,NULL,NULL,90,0,90,0,'2018-01-09 21:54:41','P',NULL,NULL,12,NULL,'0','2018-01-09 21:54:41',NULL,'1'),(41,62,NULL,NULL,150,0,150,150,'2018-01-12 20:02:01','S','2018-01-12 20:02:01',NULL,12,112,'1','2018-01-12 15:20:20','2018-01-12 20:02:01','1'),(42,63,NULL,NULL,150,0,150,150,'2018-01-13 14:02:10','S','2018-01-13 14:02:10',NULL,12,112,'1','2018-01-12 19:25:42','2018-01-13 14:02:10','1'),(43,65,NULL,NULL,150,0,150,150,'2018-01-19 22:53:50','S','2018-01-19 22:53:50',NULL,12,112,'1','2018-01-15 19:49:18','2018-01-19 22:53:50','1'),(44,64,NULL,NULL,150,0,150,150,'2018-04-26 15:11:56','S','2018-04-26 15:11:56',NULL,12,243,'1','2018-01-15 19:49:38','2018-04-26 15:11:56','1'),(45,67,NULL,NULL,150,0,150,150,'2018-01-19 14:02:30','S','2018-01-19 14:02:30',NULL,12,112,'1','2018-01-17 22:11:53','2018-01-19 14:02:30','1'),(46,66,NULL,NULL,90,0,90,0,'2018-01-18 20:55:05','P',NULL,NULL,12,NULL,'0','2018-01-18 20:55:05',NULL,'1'),(47,68,NULL,NULL,150,0,150,150,'2018-01-22 22:15:16','S','2018-01-22 22:15:16',NULL,12,112,'1','2018-01-22 21:13:50','2018-01-22 22:15:16','1'),(48,70,NULL,NULL,150,0,150,150,'2018-02-01 22:13:32','S','2018-02-01 22:13:32',NULL,12,243,'1','2018-01-26 20:05:48','2018-02-01 22:13:32','1'),(49,71,NULL,NULL,150,0,150,150,'2018-01-30 19:16:01','S','2018-01-30 19:16:01',NULL,12,243,'1','2018-01-27 02:37:15','2018-01-30 19:16:01','1'),(50,74,NULL,NULL,120,0,120,120,'2018-02-19 21:06:39','S','2018-02-19 21:06:39',NULL,12,241,'1','2018-01-31 20:02:43','2018-02-19 21:06:39','1'),(51,72,NULL,NULL,150,0,150,150,'2018-02-05 17:14:02','S','2018-02-05 17:14:02',NULL,12,243,'1','2018-01-31 20:03:04','2018-02-05 17:14:02','1'),(52,75,NULL,NULL,150,0,150,150,'2018-02-19 16:48:18','S','2018-02-19 16:48:18',NULL,12,241,'1','2018-02-01 21:29:53','2018-02-19 16:48:18','1'),(53,77,NULL,NULL,150,0,150,150,'2018-02-15 22:46:11','S','2018-02-15 22:46:11',NULL,12,242,'1','2018-02-14 20:00:32','2018-02-15 22:46:11','1'),(54,80,NULL,NULL,150,0,150,150,'2018-02-20 19:39:15','S','2018-02-20 19:39:15',NULL,12,241,'1','2018-02-16 16:35:17','2018-02-20 19:39:15','1'),(55,81,NULL,NULL,150,0,150,150,'2018-02-16 21:37:14','S','2018-02-16 21:37:14',NULL,11,241,'1','2018-02-16 21:25:00','2018-02-16 21:37:14','1'),(56,82,NULL,NULL,150,0,150,150,'2018-02-19 16:40:50','S','2018-02-19 16:40:50',NULL,12,241,'1','2018-02-19 15:07:51','2018-02-19 16:40:50','1'),(57,84,NULL,NULL,150,0,150,0,'2018-02-19 19:45:31','P',NULL,NULL,12,NULL,'0','2018-02-19 19:45:31',NULL,'1'),(58,85,NULL,NULL,150,0,150,150,'2018-02-19 21:25:24','S','2018-02-19 21:25:24',NULL,12,243,'1','2018-02-19 21:11:58','2018-02-19 21:25:24','1'),(59,87,NULL,NULL,150,0,150,150,'2018-02-20 19:15:14','S','2018-02-20 19:15:14',NULL,11,243,'1','2018-02-20 14:25:00','2018-02-20 19:15:14','1'),(60,83,NULL,NULL,150,0,150,150,'2018-02-20 15:28:10','S','2018-02-20 15:28:10',NULL,11,243,'1','2018-02-20 14:38:07','2018-02-20 15:28:10','1'),(61,88,NULL,NULL,150,0,150,150,'2018-02-20 15:59:56','S','2018-02-20 15:59:56',NULL,11,243,'1','2018-02-20 15:42:31','2018-02-20 15:59:56','1'),(62,90,NULL,NULL,150,0,150,150,'2018-02-25 16:25:46','S','2018-02-25 16:25:46',NULL,12,241,'1','2018-02-24 01:40:56','2018-02-25 16:25:46','1'),(63,92,NULL,NULL,150,0,150,0,'2018-02-26 13:59:45','P',NULL,NULL,12,NULL,'0','2018-02-26 13:59:45',NULL,'1'),(64,96,NULL,NULL,150,0,150,150,'2018-03-02 19:40:23','S','2018-03-02 19:40:23',NULL,11,243,'1','2018-03-01 23:52:39','2018-03-02 19:40:23','1'),(65,94,NULL,NULL,150,0,150,150,'2018-03-05 19:15:46','S','2018-03-05 19:15:46',NULL,12,242,'1','2018-03-02 14:14:04','2018-03-05 19:15:46','1'),(66,95,NULL,NULL,150,0,150,150,'2018-03-02 14:41:19','S','2018-03-02 14:41:19',NULL,12,243,'1','2018-03-02 14:14:25','2018-03-02 14:41:19','1'),(67,98,NULL,NULL,150,0,150,150,'2018-03-06 13:35:02','S','2018-03-06 13:35:02',NULL,12,243,'1','2018-03-05 18:34:01','2018-03-06 13:35:02','1'),(68,100,NULL,NULL,150,0,150,150,'2018-03-09 14:23:10','S','2018-03-09 14:23:10',NULL,11,243,'1','2018-03-08 21:18:25','2018-03-09 14:23:10','1'),(69,99,NULL,NULL,120,0,120,120,'2018-03-13 17:15:22','S','2018-03-13 17:15:22',NULL,11,243,'1','2018-03-09 16:49:58','2018-03-13 17:15:22','1'),(70,101,NULL,NULL,150,0,150,150,'2018-03-13 14:07:15','S','2018-03-13 14:07:15',NULL,11,243,'1','2018-03-09 17:05:08','2018-03-13 14:07:15','1'),(71,104,NULL,NULL,150,0,150,150,'2018-03-12 14:34:33','S','2018-03-12 14:34:33',NULL,12,243,'1','2018-03-09 19:36:17','2018-03-12 14:34:33','1'),(72,103,NULL,NULL,150,0,150,150,'2018-03-13 14:05:38','S','2018-03-13 14:05:38',NULL,11,243,'1','2018-03-09 23:37:40','2018-03-13 14:05:38','1'),(73,107,NULL,NULL,150,0,150,150,'2018-03-11 15:32:56','S','2018-03-11 15:32:56',NULL,12,242,'1','2018-03-10 14:30:26','2018-03-11 15:32:56','1'),(74,109,NULL,NULL,150,0,150,0,'2018-03-10 17:11:02','P',NULL,NULL,12,NULL,'0','2018-03-10 17:11:02',NULL,'1'),(75,110,NULL,NULL,150,0,150,150,'2018-03-10 19:34:41','S','2018-03-10 19:34:41',NULL,12,242,'1','2018-03-10 18:19:23','2018-03-10 19:34:41','1'),(76,111,NULL,NULL,150,0,150,0,'2018-03-12 19:34:55','P',NULL,NULL,12,NULL,'0','2018-03-12 19:34:55',NULL,'1'),(77,113,NULL,NULL,150,0,150,0,'2018-03-12 23:37:12','P',NULL,NULL,11,NULL,'0','2018-03-12 23:37:12',NULL,'1'),(78,114,NULL,NULL,150,0,150,150,'2018-03-16 15:20:56','S','2018-03-16 15:20:56',NULL,11,243,'1','2018-03-13 15:04:23','2018-03-16 15:20:56','1'),(79,117,NULL,NULL,150,0,150,150,'2018-03-16 15:22:35','S','2018-03-16 15:22:35',NULL,12,243,'1','2018-03-13 21:23:54','2018-03-16 15:22:35','1'),(80,118,NULL,NULL,120,0,120,120,'2018-04-18 16:46:23','S','2018-04-18 16:46:23',NULL,12,243,'1','2018-03-14 17:00:31','2018-04-18 16:46:23','1'),(81,119,NULL,NULL,150,0,150,150,'2018-03-16 15:24:28','S','2018-03-16 15:24:28',NULL,12,243,'1','2018-03-14 20:00:14','2018-03-16 15:24:28','1'),(82,120,NULL,NULL,150,0,150,0,'2018-03-14 20:00:48','P',NULL,NULL,12,NULL,'0','2018-03-14 20:00:48',NULL,'1'),(83,122,NULL,NULL,150,0,150,0,'2018-03-14 21:15:02','P',NULL,NULL,12,NULL,'0','2018-03-14 21:15:02',NULL,'1'),(84,123,NULL,NULL,150,0,150,150,'2018-03-17 13:25:33','S','2018-03-17 13:25:33',NULL,12,241,'1','2018-03-15 19:21:25','2018-03-17 13:25:33','1'),(85,125,NULL,NULL,150,0,150,0,'2018-03-15 21:08:13','P',NULL,NULL,11,NULL,'0','2018-03-15 21:08:13',NULL,'1'),(86,128,NULL,NULL,150,0,150,150,'2018-03-28 21:06:56','S','2018-03-28 21:06:56',NULL,12,243,'1','2018-03-16 16:59:38','2018-03-28 21:06:56','1'),(87,124,NULL,NULL,150,0,150,150,'2018-03-17 13:22:43','S','2018-03-17 13:22:43',NULL,12,241,'1','2018-03-16 16:59:53','2018-03-17 13:22:43','1'),(88,131,NULL,NULL,150,0,150,150,'2018-03-19 19:25:23','S','2018-03-19 19:25:23',NULL,11,243,'1','2018-03-16 19:04:01','2018-03-19 19:25:23','1'),(89,134,NULL,NULL,150,0,150,0,'2018-03-17 14:51:15','P',NULL,NULL,12,NULL,'0','2018-03-17 14:51:15',NULL,'1'),(90,133,NULL,NULL,150,0,150,150,'2018-03-17 16:23:22','S','2018-03-17 16:23:22',NULL,12,243,'1','2018-03-17 14:52:44','2018-03-17 16:23:22','1'),(91,136,NULL,NULL,150,0,150,150,'2018-03-17 16:22:06','S','2018-03-17 16:22:06',NULL,12,243,'1','2018-03-17 15:20:11','2018-03-17 16:22:06','1'),(92,137,NULL,NULL,150,0,150,150,'2018-03-19 19:31:49','S','2018-03-19 19:31:49',NULL,12,243,'1','2018-03-17 16:52:11','2018-03-19 19:31:49','1'),(93,138,NULL,NULL,150,0,150,150,'2018-03-20 15:34:00','S','2018-03-20 15:34:00',NULL,12,243,'1','2018-03-19 15:28:27','2018-03-20 15:34:00','1'),(94,141,NULL,NULL,150,0,150,150,'2018-03-19 20:42:33','S','2018-03-19 20:42:33',NULL,11,243,'1','2018-03-19 16:12:51','2018-03-19 20:42:33','1'),(95,142,NULL,NULL,150,0,150,150,'2018-03-19 20:42:03','S','2018-03-19 20:42:03',NULL,12,243,'1','2018-03-19 16:30:36','2018-03-19 20:42:03','1'),(96,142,NULL,NULL,150,0,150,0,'2018-03-19 22:36:13','P',NULL,NULL,11,NULL,'0','2018-03-19 16:32:07',NULL,'1'),(97,132,NULL,NULL,150,0,150,0,'2018-03-19 16:32:42','P',NULL,NULL,12,NULL,'0','2018-03-19 16:32:42',NULL,'1'),(98,143,NULL,NULL,150,0,150,150,'2018-03-19 19:32:29','S','2018-03-19 19:32:29',NULL,12,243,'1','2018-03-19 18:17:32','2018-03-19 19:32:29','1'),(100,144,NULL,NULL,150,0,150,150,'2018-03-20 13:34:20','S','2018-03-20 13:34:20',NULL,12,243,'1','2018-03-19 21:46:24','2018-03-20 13:34:20','1'),(101,145,NULL,NULL,150,0,150,0,'2018-03-20 17:40:19','P',NULL,NULL,12,NULL,'0','2018-03-20 17:40:19',NULL,'1'),(102,148,NULL,NULL,150,0,150,150,'2018-03-21 20:19:15','S','2018-03-21 20:19:15',NULL,12,243,'1','2018-03-21 15:11:19','2018-03-21 20:19:15','1'),(103,149,NULL,NULL,150,0,150,0,'2018-03-21 17:20:29','P',NULL,NULL,11,NULL,'0','2018-03-21 17:20:29',NULL,'1'),(104,150,NULL,NULL,150,0,150,150,'2018-03-21 19:23:25','S','2018-03-21 19:23:25',NULL,11,243,'1','2018-03-21 17:53:29','2018-03-21 19:23:25','1'),(105,151,NULL,NULL,150,0,150,150,'2018-03-22 16:00:52','S','2018-03-22 16:00:52',NULL,11,243,'1','2018-03-22 00:23:46','2018-03-22 16:00:52','1'),(106,152,NULL,NULL,150,0,150,150,'2018-03-23 01:12:34','S','2018-03-23 01:12:34',NULL,12,242,'1','2018-03-22 15:53:40','2018-03-23 01:12:34','1'),(107,157,NULL,NULL,150,0,150,150,'2018-03-29 22:03:06','S','2018-03-29 22:03:06',NULL,12,243,'1','2018-03-29 16:45:29','2018-03-29 22:03:06','1'),(108,155,NULL,NULL,150,0,150,0,'2018-03-29 16:57:06','P',NULL,NULL,11,NULL,'0','2018-03-29 16:57:06',NULL,'1'),(109,162,NULL,NULL,120,0,120,120,'2018-04-20 23:25:55','S','2018-04-09 18:25:16',NULL,12,241,'1','2018-04-02 13:44:01','2018-04-09 18:25:16','1'),(110,160,NULL,NULL,120,0,120,120,'2018-04-20 23:19:42','S','2018-04-03 15:01:29',NULL,12,243,'1','2018-04-02 13:44:44','2018-04-03 15:01:29','1'),(111,156,NULL,NULL,150,0,150,0,'2018-04-02 13:45:00','P',NULL,NULL,12,NULL,'0','2018-04-02 13:45:00',NULL,'1'),(112,166,NULL,NULL,150,0,150,0,'2018-04-02 22:50:06','P',NULL,NULL,11,NULL,'0','2018-04-02 22:50:06',NULL,'1'),(113,171,NULL,NULL,90,0,90,90,'2018-04-06 19:32:01','S','2018-04-06 19:32:01',NULL,11,243,'1','2018-04-03 20:53:47','2018-04-06 19:32:01','1'),(114,173,NULL,NULL,120,0,120,120,'2018-04-20 23:28:11','S','2018-04-09 23:10:29',NULL,11,243,'1','2018-04-03 22:27:16','2018-04-09 23:10:29','1'),(115,170,NULL,NULL,150,0,150,0,'2018-04-03 22:28:55','P',NULL,NULL,11,NULL,'0','2018-04-03 22:28:55',NULL,'1'),(116,172,NULL,NULL,150,0,150,150,'2018-04-13 20:45:47','S','2018-04-13 20:45:47',NULL,12,243,'1','2018-04-04 16:20:31','2018-04-13 20:45:47','1'),(117,175,NULL,NULL,120,0,120,120,'2018-04-14 15:13:43','S','2018-04-14 15:13:43',NULL,12,243,'1','2018-04-04 16:21:17','2018-04-14 15:13:43','1'),(118,174,NULL,NULL,150,0,150,150,'2018-04-10 21:40:58','S','2018-04-10 21:40:58',NULL,12,243,'1','2018-04-05 19:30:59','2018-04-10 21:40:58','1'),(119,176,NULL,NULL,150,0,150,150,'2018-04-10 21:45:56','S','2018-04-10 21:45:56',NULL,12,243,'1','2018-04-05 19:31:17','2018-04-10 21:45:56','1'),(120,178,NULL,NULL,120,0,120,120,'2018-04-20 23:22:38','S','2018-04-09 17:34:09',NULL,12,243,'1','2018-04-06 14:11:14','2018-04-09 17:34:09','1'),(121,179,NULL,NULL,120,0,120,120,'2018-04-18 16:45:52','S','2018-04-18 16:45:52',NULL,12,243,'1','2018-04-06 14:13:49','2018-04-18 16:45:52','1'),(122,180,NULL,NULL,150,0,150,150,'2018-07-20 21:09:48','S','2018-07-20 21:09:48',NULL,12,241,'1','2018-04-06 17:19:52','2018-07-20 21:09:48','1'),(123,181,NULL,NULL,150,0,150,0,'2018-04-06 17:23:06','P',NULL,NULL,12,NULL,'0','2018-04-06 17:23:06',NULL,'1'),(124,186,NULL,NULL,150,0,150,150,'2018-04-10 21:16:19','S','2018-04-10 21:16:19',NULL,401,243,'1','2018-04-10 19:43:19','2018-04-10 21:16:19','1'),(125,185,NULL,NULL,150,0,150,150,'2018-04-10 21:23:59','S','2018-04-10 21:23:59',NULL,401,243,'1','2018-04-10 19:50:31','2018-04-10 21:23:59','1'),(126,188,NULL,NULL,150,0,150,150,'2018-04-12 23:03:22','S','2018-04-12 23:03:22',NULL,401,243,'1','2018-04-10 19:57:32','2018-04-12 23:03:22','1'),(127,183,NULL,NULL,150,0,150,150,'2018-04-10 21:35:34','S','2018-04-10 21:35:34',NULL,401,243,'1','2018-04-10 20:01:44','2018-04-10 21:35:34','1'),(128,182,NULL,NULL,90,0,90,0,'2018-04-10 20:09:38','P',NULL,NULL,401,NULL,'0','2018-04-10 20:09:38',NULL,'1'),(129,191,NULL,NULL,120,0,120,120,'2018-04-14 15:13:20','S','2018-04-14 15:13:20',NULL,401,243,'1','2018-04-10 20:52:00','2018-04-14 15:13:20','1'),(130,192,NULL,NULL,120,0,120,150,'2018-04-11 22:06:18','S','2018-04-11 22:06:18',NULL,401,243,'1','2018-04-11 14:26:59','2018-04-11 22:06:18','1'),(131,194,NULL,NULL,120,0,120,120,'2018-04-11 22:05:18','S','2018-04-11 22:05:18',NULL,401,243,'1','2018-04-11 18:32:29','2018-04-11 22:05:18','1'),(132,193,NULL,NULL,120,0,120,120,'2018-04-13 14:12:07','S','2018-04-13 14:12:07',NULL,401,243,'1','2018-04-11 18:34:43','2018-04-13 14:12:07','1'),(133,199,NULL,NULL,120,0,120,120,'2018-04-12 20:45:01','S','2018-04-12 20:45:01',NULL,401,243,'1','2018-04-12 16:33:04','2018-04-12 20:45:01','1'),(134,198,NULL,NULL,120,0,120,120,'2018-04-12 17:09:03','S','2018-04-12 17:09:03',NULL,401,243,'1','2018-04-12 16:37:12','2018-04-12 17:09:03','1'),(135,200,NULL,NULL,120,0,120,120,'2018-04-14 15:12:48','S','2018-04-14 15:12:48',NULL,401,243,'1','2018-04-13 20:31:38','2018-04-14 15:12:48','1'),(136,204,NULL,NULL,120,0,120,120,'2018-04-14 18:49:55','S','2018-04-14 18:49:55',NULL,401,243,'1','2018-04-13 22:37:16','2018-04-14 18:49:55','1'),(137,205,NULL,NULL,120,0,120,120,'2018-04-17 20:56:12','S','2018-04-17 20:56:12',NULL,401,243,'1','2018-04-13 22:41:00','2018-04-17 20:56:12','1'),(138,206,NULL,NULL,120,0,120,120,'2018-04-16 17:37:36','S','2018-04-16 17:37:36',NULL,401,243,'1','2018-04-13 22:44:04','2018-04-16 17:37:36','1'),(139,207,NULL,NULL,120,0,120,120,'2018-04-14 15:15:28','S','2018-04-14 15:15:28',NULL,12,243,'1','2018-04-13 23:11:33','2018-04-14 15:15:28','1'),(140,208,NULL,NULL,120,0,120,120,'2018-04-16 17:35:57','S','2018-04-16 17:35:57',NULL,12,243,'1','2018-04-13 23:13:28','2018-04-16 17:35:57','1'),(141,209,NULL,NULL,90,0,90,90,'2018-04-13 23:59:20','S','2018-04-13 23:59:20',NULL,401,243,'1','2018-04-13 23:51:26','2018-04-13 23:59:20','1'),(142,211,NULL,NULL,120,0,120,120,'2018-04-16 22:56:57','S','2018-04-16 22:56:57',NULL,12,243,'1','2018-04-16 13:51:18','2018-04-16 22:56:57','1'),(143,212,NULL,NULL,120,0,120,120,'2018-04-17 21:13:30','S','2018-04-17 21:13:30',NULL,12,243,'1','2018-04-16 13:57:06','2018-04-17 21:13:30','1'),(144,210,NULL,NULL,120,0,120,0,'2018-04-16 13:59:43','P',NULL,NULL,12,NULL,'0','2018-04-16 13:59:43',NULL,'1'),(145,214,NULL,NULL,120,0,120,120,'2018-04-17 20:57:50','S','2018-04-17 20:57:50',NULL,401,243,'1','2018-04-17 19:26:57','2018-04-17 20:57:50','1'),(146,215,NULL,NULL,120,0,120,120,'2018-04-17 20:59:36','S','2018-04-17 20:59:36',NULL,401,243,'1','2018-04-17 19:58:58','2018-04-17 20:59:36','1'),(147,216,NULL,NULL,120,0,120,120,'2018-04-18 15:41:27','S','2018-04-18 15:41:27',NULL,12,243,'1','2018-04-17 22:20:31','2018-04-18 15:41:27','1'),(148,217,NULL,NULL,120,0,120,120,'2018-04-18 00:48:49','S','2018-04-18 00:48:49',NULL,12,241,'1','2018-04-18 00:16:05','2018-04-18 00:48:49','1'),(149,218,NULL,NULL,120,0,120,120,'2018-04-19 01:41:02','S','2018-04-19 01:41:02',NULL,401,241,'1','2018-04-18 16:11:46','2018-04-19 01:41:02','1'),(150,219,NULL,NULL,60,0,60,60,'2018-04-27 16:06:18','S','2018-04-27 16:06:18',NULL,401,243,'1','2018-04-18 22:37:41','2018-04-27 16:06:18','1'),(151,220,NULL,NULL,120,0,120,120,'2018-04-19 01:39:08','S','2018-04-19 01:39:08',NULL,8,241,'1','2018-04-19 00:44:37','2018-04-19 01:39:08','1'),(152,221,NULL,NULL,150,0,150,150,'2018-05-10 23:33:21','S','2018-05-10 23:33:21',NULL,401,241,'1','2018-04-24 14:43:35','2018-05-10 23:33:21','1'),(153,222,NULL,NULL,150,0,150,150,'2018-04-25 17:22:02','S','2018-04-25 17:22:02',NULL,401,243,'1','2018-04-24 14:44:44','2018-04-25 17:22:02','1'),(154,227,NULL,NULL,150,0,150,150,'2018-05-02 15:30:21','S','2018-05-02 15:30:21',NULL,8,243,'1','2018-04-28 21:20:51','2018-05-02 15:30:21','1'),(155,226,NULL,NULL,150,0,150,0,'2018-05-02 15:00:51','P',NULL,NULL,401,NULL,'0','2018-05-02 15:00:51',NULL,'1'),(156,229,NULL,NULL,150,0,150,150,'2018-05-04 22:25:59','S','2018-05-04 22:25:59',NULL,401,241,'1','2018-05-02 15:07:40','2018-05-04 22:25:59','1'),(157,230,NULL,NULL,150,0,150,0,'2018-05-02 20:06:19','P',NULL,NULL,401,NULL,'0','2018-05-02 20:06:19',NULL,'1'),(158,231,NULL,NULL,150,0,150,150,'2018-05-11 22:30:11','S','2018-05-11 22:30:11',NULL,8,243,'1','2018-05-03 20:16:38','2018-05-11 22:30:11','1'),(159,232,NULL,NULL,150,0,150,150,'2018-05-08 23:03:28','S','2018-05-08 23:03:28',NULL,401,243,'1','2018-05-04 16:50:52','2018-05-08 23:03:28','1'),(160,233,NULL,NULL,150,0,150,150,'2018-05-10 22:08:17','S','2018-05-10 22:08:17',NULL,401,243,'1','2018-05-04 16:59:41','2018-05-10 22:08:17','1'),(161,234,NULL,NULL,150,0,150,150,'2018-05-14 15:28:17','S','2018-05-14 15:28:17',NULL,401,243,'1','2018-05-08 16:07:58','2018-05-14 15:28:17','1'),(162,235,NULL,NULL,150,0,150,150,'2018-05-28 15:22:28','S','2018-05-28 15:22:28',NULL,8,243,'1','2018-05-09 19:27:46','2018-05-28 15:22:28','1'),(163,237,NULL,NULL,150,0,150,150,'2018-05-11 22:29:23','S','2018-05-11 22:29:23',NULL,401,243,'1','2018-05-10 23:10:03','2018-05-11 22:29:23','1'),(164,239,NULL,NULL,150,0,150,150,'2018-05-15 17:38:53','S','2018-05-15 17:38:53',NULL,401,243,'1','2018-05-15 15:46:03','2018-05-15 17:38:53','1'),(165,238,NULL,NULL,150,0,150,150,'2018-05-16 23:09:37','S','2018-05-16 23:09:37',NULL,401,243,'1','2018-05-15 15:48:04','2018-05-16 23:09:37','1'),(166,240,NULL,NULL,150,0,150,150,'2018-05-16 19:37:18','S','2018-05-16 19:37:18',NULL,401,243,'1','2018-05-16 18:45:32','2018-05-16 19:37:18','1'),(167,241,NULL,NULL,150,0,150,150,'2018-05-18 15:45:41','S','2018-05-18 15:45:41',NULL,401,243,'1','2018-05-17 16:37:55','2018-05-18 15:45:41','1'),(168,242,NULL,NULL,150,0,150,0,'2018-05-18 15:43:10','P',NULL,NULL,401,NULL,'0','2018-05-18 15:43:10',NULL,'1'),(169,246,NULL,NULL,150,0,150,150,'2018-06-01 15:37:56','S','2018-06-01 15:37:56',NULL,401,243,'1','2018-05-24 20:33:37','2018-06-01 15:37:56','1'),(170,249,NULL,NULL,150,0,150,150,'2018-06-07 17:37:03','S','2018-06-07 17:37:03',NULL,401,243,'1','2018-05-30 14:29:09','2018-06-07 17:37:03','1'),(171,250,NULL,NULL,150,0,150,150,'2018-05-30 20:05:19','S','2018-05-30 20:05:19',NULL,401,243,'1','2018-05-30 16:14:21','2018-05-30 20:05:19','1'),(172,247,NULL,NULL,150,0,150,0,'2018-05-30 17:40:10','P',NULL,NULL,401,NULL,'0','2018-05-30 17:40:10',NULL,'1'),(173,251,NULL,NULL,150,0,150,0,'2018-05-30 19:14:34','P',NULL,NULL,401,NULL,'0','2018-05-30 19:14:34',NULL,'1'),(174,253,NULL,NULL,120,0,120,120,'2018-05-31 22:36:10','S','2018-05-31 22:36:10',NULL,401,241,'1','2018-05-31 15:17:40','2018-05-31 22:36:10','1'),(175,254,NULL,NULL,150,0,150,150,'2018-06-07 21:22:22','S','2018-06-07 21:22:22',NULL,401,243,'1','2018-05-31 19:39:12','2018-06-07 21:22:22','1'),(176,255,NULL,NULL,150,0,150,150,'2018-05-31 20:56:46','S','2018-05-31 20:56:46',NULL,401,243,'1','2018-05-31 20:02:18','2018-05-31 20:56:46','1'),(177,256,NULL,NULL,150,0,150,150,'2018-06-05 15:00:28','S','2018-06-05 15:00:28',NULL,401,243,'1','2018-05-31 20:32:41','2018-06-05 15:00:28','1'),(178,260,NULL,NULL,150,0,150,0,'2018-06-01 14:09:08','P',NULL,NULL,8,NULL,'0','2018-06-01 14:09:08',NULL,'1'),(179,259,NULL,NULL,150,0,150,0,'2018-06-01 14:10:08','P',NULL,NULL,8,NULL,'0','2018-06-01 14:10:08',NULL,'1'),(180,258,NULL,NULL,150,0,150,0,'2018-06-01 17:20:15','P',NULL,NULL,8,NULL,'0','2018-06-01 17:20:15',NULL,'1'),(181,261,NULL,NULL,150,0,150,150,'2018-06-07 17:53:57','S','2018-06-07 17:53:57',NULL,8,243,'1','2018-06-01 18:21:39','2018-06-07 17:53:57','1'),(182,263,NULL,NULL,150,0,150,0,'2018-06-01 23:01:31','P',NULL,NULL,401,NULL,'0','2018-06-01 23:01:31',NULL,'1'),(183,264,NULL,NULL,150,0,150,150,'2018-06-05 14:59:14','S','2018-06-05 14:59:14',NULL,8,243,'1','2018-06-02 14:28:32','2018-06-05 14:59:14','1'),(184,265,NULL,NULL,150,0,150,150,'2018-06-04 17:50:39','S','2018-06-04 17:50:39',NULL,8,243,'1','2018-06-02 16:29:33','2018-06-04 17:50:39','1'),(185,266,NULL,NULL,150,0,150,150,'2018-06-04 17:51:48','S','2018-06-04 17:51:48',NULL,8,243,'1','2018-06-04 16:26:30','2018-06-04 17:51:48','1'),(186,268,NULL,NULL,150,0,150,150,'2018-06-05 20:26:46','S','2018-06-05 20:26:46',NULL,8,241,'1','2018-06-04 23:19:16','2018-06-05 20:26:46','1'),(187,262,NULL,NULL,150,0,150,0,'2018-06-04 23:19:43','P',NULL,NULL,8,NULL,'0','2018-06-04 23:19:43',NULL,'1'),(188,270,NULL,NULL,150,0,150,150,'2018-06-08 15:20:01','S','2018-06-08 15:20:01',NULL,401,243,'1','2018-06-06 20:42:01','2018-06-08 15:20:01','1'),(189,271,NULL,NULL,150,0,150,0,'2018-06-07 17:03:39','P',NULL,NULL,401,NULL,'0','2018-06-07 17:03:39',NULL,'1'),(190,274,NULL,NULL,150,0,150,150,'2018-06-09 14:32:25','S','2018-06-09 14:32:25',NULL,401,243,'1','2018-06-08 14:41:59','2018-06-09 14:32:25','1'),(191,275,NULL,NULL,90,0,90,0,'2018-06-08 14:55:52','P',NULL,NULL,401,NULL,'0','2018-06-08 14:55:52',NULL,'1'),(192,276,NULL,NULL,150,0,150,150,'2018-06-08 18:32:40','S','2018-06-08 18:32:40',NULL,401,243,'1','2018-06-08 17:18:36','2018-06-08 18:32:40','1'),(193,278,NULL,NULL,150,0,150,150,'2018-06-09 18:43:35','S','2018-06-09 18:43:35',NULL,8,241,'1','2018-06-09 16:17:11','2018-06-09 18:43:35','1'),(194,277,NULL,NULL,150,0,150,150,'2018-06-16 17:33:24','S','2018-06-16 17:33:24',NULL,8,243,'1','2018-06-09 16:18:59','2018-06-16 17:33:24','1'),(195,279,NULL,NULL,150,0,150,150,'2018-06-11 22:22:07','S','2018-06-11 22:22:07',NULL,8,243,'1','2018-06-11 18:57:15','2018-06-11 22:22:07','1'),(196,280,NULL,NULL,150,0,150,0,'2018-06-11 20:45:11','P',NULL,NULL,8,NULL,'0','2018-06-11 20:45:11',NULL,'1'),(197,281,NULL,NULL,150,0,150,150,'2018-06-12 20:08:50','S','2018-06-12 20:08:50',NULL,401,243,'1','2018-06-12 14:26:44','2018-06-12 20:08:50','1'),(198,282,NULL,NULL,150,0,150,0,'2018-06-12 16:59:31','P',NULL,NULL,401,NULL,'0','2018-06-12 16:59:31',NULL,'1'),(199,283,NULL,NULL,150,0,150,150,'2018-06-12 21:50:48','S','2018-06-12 21:50:48',NULL,401,241,'1','2018-06-12 19:06:34','2018-06-12 21:50:48','1'),(200,286,NULL,NULL,150,0,150,150,'2018-06-21 19:24:24','S','2018-06-21 19:24:24',NULL,8,243,'1','2018-06-20 21:23:32','2018-06-21 19:24:24','1'),(201,287,NULL,NULL,150,0,150,150,'2018-06-27 00:32:27','S','2018-06-27 00:32:27',NULL,8,241,'1','2018-06-21 18:46:04','2018-06-27 00:32:27','1'),(202,288,NULL,NULL,150,0,150,0,'2018-06-25 15:07:04','P',NULL,NULL,8,NULL,'0','2018-06-25 15:07:04',NULL,'1'),(203,289,NULL,NULL,150,0,150,150,'2018-06-27 19:39:13','S','2018-06-27 19:39:13',NULL,401,241,'1','2018-06-27 18:47:57','2018-06-27 19:39:13','1'),(204,290,NULL,NULL,150,0,150,0,'2018-06-28 14:08:56','P',NULL,NULL,8,NULL,'0','2018-06-28 14:08:56',NULL,'1'),(205,291,NULL,NULL,150,0,150,150,'2018-07-03 18:53:57','S','2018-07-03 18:53:57',NULL,401,243,'1','2018-06-28 16:49:17','2018-07-03 18:53:57','1'),(206,292,NULL,NULL,150,0,150,150,'2018-06-28 18:32:12','S','2018-06-28 18:32:12',NULL,401,241,'1','2018-06-28 17:47:20','2018-06-28 18:32:12','1'),(207,293,NULL,NULL,150,0,150,150,'2018-07-16 13:51:00','S','2018-07-16 13:51:00',NULL,401,243,'1','2018-06-29 19:42:57','2018-07-16 13:51:00','1'),(208,294,NULL,NULL,150,0,150,150,'2018-07-04 16:04:02','S','2018-07-04 16:04:02',NULL,8,243,'1','2018-07-02 14:03:00','2018-07-04 16:04:02','1'),(209,296,NULL,NULL,150,0,150,0,'2018-07-03 18:04:30','P',NULL,NULL,8,NULL,'0','2018-07-03 18:04:30',NULL,'1'),(210,295,NULL,NULL,90,0,90,90,'2018-07-03 18:05:15','S','2018-08-06 21:43:57',NULL,8,243,'1','2018-07-03 18:05:15','2018-08-06 21:43:57','1'),(211,297,NULL,NULL,150,0,150,150,'2018-07-13 15:07:09','S','2018-07-13 15:07:09',NULL,401,243,'1','2018-07-10 15:40:00','2018-07-13 15:07:09','1'),(212,298,NULL,NULL,150,0,150,150,'2018-07-11 13:26:09','S','2018-07-11 13:26:09',NULL,8,241,'1','2018-07-10 19:15:06','2018-07-11 13:26:09','1'),(213,299,NULL,NULL,150,0,150,0,'2018-07-11 19:33:16','P',NULL,NULL,8,NULL,'0','2018-07-11 19:33:16',NULL,'1'),(214,302,NULL,NULL,150,0,150,150,'2018-07-16 13:52:02','S','2018-07-16 13:52:02',NULL,8,243,'1','2018-07-14 17:39:57','2018-07-16 13:52:02','1'),(215,304,NULL,NULL,150,0,150,150,'2018-07-16 13:53:58','S','2018-07-16 13:53:58',NULL,8,243,'1','2018-07-14 19:24:20','2018-07-16 13:53:58','1'),(216,305,NULL,NULL,150,0,150,150,'2018-07-17 15:37:17','S','2018-07-17 15:37:17',NULL,8,243,'1','2018-07-16 01:49:19','2018-07-17 15:37:17','1'),(217,300,NULL,NULL,150,0,150,150,'2018-07-17 20:56:20','S','2018-07-17 20:56:20',NULL,8,241,'1','2018-07-16 01:49:57','2018-07-17 20:56:20','1'),(218,257,NULL,NULL,150,0,150,0,'2018-07-16 01:50:56','P',NULL,NULL,8,NULL,'0','2018-07-16 01:50:56',NULL,'1'),(219,307,NULL,NULL,90,0,90,90,'2018-07-30 19:03:37','S','2018-07-30 19:03:37',NULL,8,241,'1','2018-07-16 17:09:16','2018-07-30 19:03:37','1'),(220,303,NULL,NULL,90,0,90,0,'2018-07-16 17:28:57','P',NULL,NULL,8,NULL,'0','2018-07-16 17:28:57',NULL,'1'),(221,306,NULL,NULL,0,0,0,0,'2018-07-16 17:30:08','S',NULL,NULL,8,NULL,'1','2018-07-16 17:30:08',NULL,'1'),(222,310,NULL,NULL,150,0,150,150,'2018-07-17 20:54:49','S','2018-07-17 20:54:49',NULL,401,241,'1','2018-07-17 18:44:39','2018-07-17 20:54:49','1'),(223,311,NULL,NULL,150,0,150,150,'2018-07-17 20:53:48','S','2018-07-17 20:53:48',NULL,401,241,'1','2018-07-17 20:45:22','2018-07-17 20:53:48','1'),(224,312,NULL,NULL,0,0,0,0,'2018-07-17 21:23:50','S',NULL,NULL,8,NULL,'1','2018-07-17 21:23:50',NULL,'1'),(225,316,NULL,NULL,0,0,0,0,'2018-07-18 15:25:42','S',NULL,NULL,8,NULL,'1','2018-07-18 15:25:42',NULL,'1'),(226,315,NULL,NULL,0,0,0,0,'2018-07-18 15:26:29','S',NULL,NULL,8,NULL,'1','2018-07-18 15:26:29',NULL,'1'),(227,314,NULL,NULL,0,0,0,0,'2018-07-18 15:27:05','S',NULL,NULL,8,NULL,'1','2018-07-18 15:27:05',NULL,'1'),(228,313,NULL,NULL,0,0,0,0,'2018-07-18 15:27:52','S',NULL,NULL,8,NULL,'1','2018-07-18 15:27:52',NULL,'1'),(229,317,NULL,NULL,0,0,0,0,'2018-07-18 20:29:18','S',NULL,NULL,8,NULL,'1','2018-07-18 20:29:18',NULL,'1'),(230,318,NULL,NULL,0,0,0,0,'2018-07-19 15:22:35','S',NULL,NULL,401,NULL,'1','2018-07-19 15:22:35',NULL,'1'),(231,321,NULL,NULL,150,0,150,150,'2018-07-19 22:35:44','S','2018-07-19 22:35:44',NULL,8,241,'1','2018-07-19 22:16:06','2018-07-19 22:35:44','1'),(232,320,NULL,NULL,0,0,0,0,'2018-07-20 15:34:22','S',NULL,NULL,8,NULL,'1','2018-07-20 15:34:22',NULL,'1'),(233,322,NULL,NULL,0,0,0,0,'2018-07-20 15:34:37','S',NULL,NULL,8,NULL,'1','2018-07-20 15:34:37',NULL,'1'),(234,323,NULL,NULL,0,0,0,0,'2018-07-20 20:28:43','S',NULL,NULL,8,NULL,'1','2018-07-20 20:28:43',NULL,'1'),(235,325,NULL,NULL,150,0,150,150,'2018-07-23 15:52:27','S','2018-07-23 15:52:27',NULL,8,243,'1','2018-07-22 14:47:39','2018-07-23 15:52:27','1'),(236,326,NULL,NULL,0,0,0,0,'2018-07-23 14:20:45','S',NULL,NULL,8,NULL,'1','2018-07-23 14:20:45',NULL,'1'),(237,327,NULL,NULL,0,0,0,0,'2018-07-24 17:05:51','S',NULL,NULL,8,NULL,'1','2018-07-24 17:05:51',NULL,'1'),(238,328,NULL,NULL,150,0,150,0,'2018-07-24 17:06:22','P',NULL,NULL,8,NULL,'0','2018-07-24 17:06:22',NULL,'1'),(239,332,NULL,NULL,0,0,0,0,'2018-07-24 17:07:03','S',NULL,NULL,8,NULL,'1','2018-07-24 17:07:03',NULL,'1'),(240,331,NULL,NULL,0,0,0,0,'2018-07-24 17:07:38','S',NULL,NULL,8,NULL,'1','2018-07-24 17:07:38',NULL,'1'),(241,333,NULL,NULL,0,0,0,0,'2018-07-24 17:33:38','S',NULL,NULL,8,NULL,'1','2018-07-24 17:33:38',NULL,'1'),(242,335,NULL,NULL,150,0,150,150,'2018-07-30 15:02:07','S','2018-07-30 15:02:07',NULL,8,243,'1','2018-07-25 00:30:02','2018-07-30 15:02:07','1'),(243,338,NULL,NULL,0,0,0,0,'2018-07-26 16:46:28','S',NULL,NULL,401,NULL,'1','2018-07-26 16:46:28',NULL,'1'),(244,339,NULL,NULL,0,0,0,0,'2018-07-26 16:47:51','S',NULL,NULL,401,NULL,'1','2018-07-26 16:47:51',NULL,'1'),(245,340,NULL,NULL,0,0,0,0,'2018-07-26 18:50:30','S',NULL,NULL,8,NULL,'1','2018-07-26 18:50:30',NULL,'1'),(246,341,NULL,NULL,0,0,0,0,'2018-07-26 21:29:19','S',NULL,NULL,8,NULL,'1','2018-07-26 21:29:19',NULL,'1'),(247,345,NULL,NULL,0,0,0,0,'2018-07-28 19:14:59','S',NULL,NULL,8,NULL,'1','2018-07-28 19:14:59',NULL,'1'),(248,343,NULL,NULL,0,0,0,0,'2018-07-28 19:15:27','S',NULL,NULL,8,NULL,'1','2018-07-28 19:15:27',NULL,'1'),(249,344,NULL,NULL,0,0,0,0,'2018-07-28 19:15:59','S',NULL,NULL,8,NULL,'1','2018-07-28 19:15:59',NULL,'1'),(250,360,NULL,NULL,0,0,0,0,'2018-07-30 17:22:35','S',NULL,NULL,8,NULL,'1','2018-07-30 17:22:35',NULL,'1'),(251,347,NULL,NULL,0,0,0,0,'2018-07-30 19:46:45','S',NULL,NULL,401,NULL,'1','2018-07-30 19:46:45',NULL,'1'),(252,348,NULL,NULL,0,0,0,0,'2018-07-30 19:48:29','S',NULL,NULL,401,NULL,'1','2018-07-30 19:48:29',NULL,'1'),(253,350,NULL,NULL,0,0,0,0,'2018-07-30 19:48:53','S',NULL,NULL,401,NULL,'1','2018-07-30 19:48:53',NULL,'1'),(254,352,NULL,NULL,0,0,0,0,'2018-07-30 19:49:14','S',NULL,NULL,401,NULL,'1','2018-07-30 19:49:14',NULL,'1'),(255,353,NULL,NULL,0,0,0,0,'2018-07-30 19:49:34','S',NULL,NULL,401,NULL,'1','2018-07-30 19:49:34',NULL,'1'),(256,355,NULL,NULL,0,0,0,0,'2018-07-30 19:50:51','S',NULL,NULL,401,NULL,'1','2018-07-30 19:50:51',NULL,'1'),(257,358,NULL,NULL,0,0,0,0,'2018-07-30 19:51:46','S',NULL,NULL,401,NULL,'1','2018-07-30 19:51:46',NULL,'1'),(258,362,NULL,NULL,0,0,0,0,'2018-07-30 19:52:25','S',NULL,NULL,401,NULL,'1','2018-07-30 19:52:25',NULL,'1'),(259,363,NULL,NULL,0,0,0,0,'2018-07-30 19:52:50','S',NULL,NULL,401,NULL,'1','2018-07-30 19:52:50',NULL,'1'),(260,372,NULL,NULL,0,0,0,0,'2018-07-31 17:02:18','S',NULL,NULL,8,NULL,'1','2018-07-31 17:02:18',NULL,'1'),(261,371,NULL,NULL,0,0,0,0,'2018-07-31 17:03:00','S',NULL,NULL,8,NULL,'1','2018-07-31 17:03:00',NULL,'1'),(262,370,NULL,NULL,0,0,0,0,'2018-07-31 17:03:45','S',NULL,NULL,8,NULL,'1','2018-07-31 17:03:45',NULL,'1'),(263,369,NULL,NULL,0,0,0,0,'2018-07-31 17:05:40','S',NULL,NULL,8,NULL,'1','2018-07-31 17:05:40',NULL,'1'),(264,367,NULL,NULL,0,0,0,0,'2018-07-31 17:06:22','S',NULL,NULL,8,NULL,'1','2018-07-31 17:06:22',NULL,'1'),(265,368,NULL,NULL,0,0,0,0,'2018-07-31 17:06:49','S',NULL,NULL,8,NULL,'1','2018-07-31 17:06:49',NULL,'1'),(266,374,NULL,NULL,90,0,90,0,'2018-08-01 19:20:17','P',NULL,NULL,604,NULL,'1','2018-08-01 19:20:17',NULL,'1'),(267,375,NULL,NULL,150,0,150,150,'2018-08-02 02:59:09','S','2018-08-13 19:18:32',NULL,667,241,'1','2018-08-02 02:59:09','2018-08-13 19:18:32','1'),(268,376,NULL,NULL,0,0,0,0,'2018-08-02 20:37:59','S',NULL,NULL,492,NULL,'1','2018-08-02 20:37:59',NULL,'1'),(269,377,NULL,NULL,0,0,0,0,'2018-08-03 19:39:09','S',NULL,NULL,492,NULL,'1','2018-08-03 19:39:09',NULL,'1'),(270,378,NULL,NULL,90,0,90,0,'2018-08-05 21:47:42','P',NULL,NULL,648,NULL,'1','2018-08-05 21:47:42',NULL,'1'),(271,379,NULL,NULL,0,0,0,0,'2018-08-06 18:13:55','S',NULL,NULL,492,NULL,'1','2018-08-06 18:13:55',NULL,'1'),(272,380,NULL,NULL,0,0,0,0,'2018-08-06 18:46:28','S',NULL,NULL,492,NULL,'1','2018-08-06 18:46:28',NULL,'1'),(273,381,NULL,NULL,0,0,0,0,'2018-08-06 21:41:21','S',NULL,NULL,118,NULL,'1','2018-08-06 21:41:21',NULL,'1'),(274,382,NULL,NULL,150,0,150,0,'2018-08-06 21:43:24','P',NULL,NULL,118,NULL,'1','2018-08-06 21:43:24',NULL,'1'),(275,383,NULL,NULL,150,0,150,150,'2018-08-06 21:56:25','S','2018-08-06 22:33:00',NULL,492,243,'1','2018-08-06 21:56:25','2018-08-06 22:33:00','1'),(276,384,NULL,NULL,0,0,0,0,'2018-08-07 16:23:24','S',NULL,NULL,492,NULL,'1','2018-08-07 16:23:24',NULL,'1'),(277,385,NULL,NULL,0,0,0,0,'2018-08-08 20:11:12','S',NULL,NULL,492,NULL,'1','2018-08-08 20:11:12',NULL,'1'),(278,386,NULL,NULL,90,0,90,0,'2018-08-08 21:19:38','P',NULL,NULL,492,NULL,'1','2018-08-08 21:19:38',NULL,'1'),(279,387,NULL,NULL,150,0,150,150,'2018-08-10 15:07:24','S','2018-08-15 15:20:14',NULL,681,241,'1','2018-08-10 15:07:24','2018-08-15 15:20:14','1'),(280,388,NULL,NULL,150,0,150,150,'2018-08-11 16:45:06','S','2018-08-11 18:45:09',NULL,691,241,'1','2018-08-11 16:45:06','2018-08-11 18:45:09','1'),(281,389,NULL,NULL,0,0,0,0,'2018-08-15 05:24:58','S',NULL,NULL,703,NULL,'1','2018-08-15 05:24:58',NULL,'1'),(282,390,NULL,NULL,150,0,150,0,'2018-08-15 05:26:19','P',NULL,NULL,703,NULL,'1','2018-08-15 05:26:19',NULL,'1'),(283,391,NULL,NULL,150,0,150,150,'2018-08-16 19:12:22','S','2018-08-16 19:41:08',NULL,492,243,'1','2018-08-16 19:12:22','2018-08-16 19:41:08','1'),(284,392,NULL,NULL,150,0,150,0,'2018-08-21 00:18:11','P',NULL,NULL,65,NULL,'1','2018-08-21 00:18:11',NULL,'1'),(285,393,NULL,NULL,150,0,150,150,'2018-08-21 16:26:45','S','2018-08-21 16:34:36',NULL,492,241,'1','2018-08-21 16:26:45','2018-08-21 16:34:36','1'),(286,394,NULL,NULL,390,0,390,0,'2018-08-21 17:04:19','P',NULL,NULL,719,NULL,'1','2018-08-21 17:04:19',NULL,'1'),(287,395,NULL,NULL,150,0,150,0,'2018-08-24 20:01:07','P',NULL,NULL,729,NULL,'1','2018-08-24 20:01:07',NULL,'1'),(288,396,NULL,NULL,150,0,150,150,'2018-08-24 21:55:15','S','2018-08-29 14:16:37',NULL,726,241,'1','2018-08-24 21:55:15','2018-08-29 14:16:37','1'),(289,397,NULL,NULL,150,0,150,0,'2018-08-27 20:49:19','P',NULL,NULL,492,NULL,'1','2018-08-27 20:49:19',NULL,'1'),(290,398,NULL,NULL,150,0,150,150,'2018-08-30 18:53:48','S','2018-08-30 19:08:49',NULL,492,243,'1','2018-08-30 18:53:48','2018-08-30 19:08:49','1'),(291,399,NULL,NULL,150,0,150,150,'2018-09-04 21:00:49','S','2018-09-06 17:07:26',NULL,492,243,'1','2018-09-04 21:00:49','2018-09-06 17:07:26','1'),(292,400,NULL,NULL,150,0,150,0,'2018-09-06 19:08:36','P',NULL,NULL,492,NULL,'1','2018-09-06 19:08:36',NULL,'1'),(293,401,NULL,NULL,150,0,150,150,'2018-09-06 19:09:30','S','2018-09-06 22:53:12',NULL,492,243,'1','2018-09-06 19:09:30','2018-09-06 22:53:12','1'),(294,402,NULL,NULL,150,0,150,0,'2018-09-07 16:12:10','P',NULL,NULL,737,NULL,'1','2018-09-07 16:12:10',NULL,'1'),(295,403,NULL,NULL,150,0,150,150,'2018-09-10 17:04:54','S','2018-09-10 21:16:49',NULL,492,243,'1','2018-09-10 17:04:54','2018-09-10 21:16:49','1'),(296,404,NULL,NULL,150,0,150,150,'2018-09-10 17:07:59','S','2018-09-10 21:17:24',NULL,492,243,'1','2018-09-10 17:07:59','2018-09-10 21:17:24','1'),(297,405,NULL,NULL,150,0,150,0,'2018-09-10 21:15:01','P',NULL,NULL,762,NULL,'1','2018-09-10 21:15:01',NULL,'1'),(298,406,NULL,NULL,150,0,150,0,'2018-09-10 21:46:28','P',NULL,NULL,764,NULL,'1','2018-09-10 21:46:28',NULL,'1'),(299,407,NULL,NULL,390,0,390,0,'2018-09-11 03:58:11','P',NULL,NULL,765,NULL,'1','2018-09-11 03:58:11',NULL,'1'),(300,408,NULL,NULL,150,0,150,150,'2018-09-11 15:38:06','S','2018-09-12 20:11:15',NULL,492,241,'1','2018-09-11 15:38:06','2018-09-12 20:11:15','1'),(301,409,NULL,NULL,150,0,150,150,'2018-09-11 15:58:09','S','2018-09-12 21:16:24',NULL,492,241,'1','2018-09-11 15:58:09','2018-09-12 21:16:24','1'),(302,410,NULL,NULL,90,0,90,90,'2018-09-12 20:04:16','S','2018-09-12 20:55:52',NULL,492,241,'1','2018-09-12 20:04:16','2018-09-12 20:55:52','1'),(303,411,NULL,NULL,150,0,150,0,'2018-09-12 22:02:42','P',NULL,NULL,492,NULL,'1','2018-09-12 22:02:42',NULL,'1'),(304,412,NULL,NULL,150,0,150,150,'2018-09-18 16:19:36','S','2018-09-18 19:39:24',NULL,768,241,'1','2018-09-18 16:19:36','2018-09-18 19:39:24','1'),(305,413,NULL,NULL,150,0,150,150,'2018-09-21 17:05:57','S','2018-09-25 16:00:43',NULL,782,243,'1','2018-09-21 17:05:57','2018-09-25 16:00:43','1'),(306,414,NULL,NULL,150,0,150,0,'2018-09-24 13:55:41','P',NULL,NULL,794,NULL,'1','2018-09-24 13:55:41',NULL,'1'),(307,415,NULL,NULL,90,0,90,0,'2018-09-24 19:50:15','P',NULL,NULL,492,NULL,'1','2018-09-24 19:50:15',NULL,'1'),(308,416,NULL,NULL,150,0,150,0,'2018-09-25 19:36:07','P',NULL,NULL,492,NULL,'1','2018-09-25 19:36:07',NULL,'1'),(309,417,NULL,NULL,90,0,90,0,'2018-09-26 20:58:53','P',NULL,NULL,814,NULL,'1','2018-09-26 20:58:53',NULL,'1'),(310,418,NULL,NULL,150,0,150,0,'2018-09-27 14:29:05','P',NULL,NULL,815,NULL,'1','2018-09-27 14:29:05',NULL,'1'),(311,419,NULL,NULL,150,0,150,0,'2018-09-27 16:45:27','P',NULL,NULL,492,NULL,'1','2018-09-27 16:45:27',NULL,'1'),(312,420,NULL,NULL,150,0,150,0,'2018-09-29 16:44:28','P',NULL,NULL,492,NULL,'1','2018-09-29 16:44:28',NULL,'1'),(313,421,NULL,NULL,150,0,150,0,'2018-09-29 16:47:42','P',NULL,NULL,492,NULL,'1','2018-09-29 16:47:42',NULL,'1');
/*!40000 ALTER TABLE `orden_pago` ENABLE KEYS */;
UNLOCK TABLES;

--
-- Table structure for table `orden_pago_anulada`
--

DROP TABLE IF EXISTS `orden_pago_anulada`;
/*!40101 SET @saved_cs_client     = @@character_set_client */;
/*!40101 SET character_set_client = utf8 */;
CREATE TABLE `orden_pago_anulada` (
  `opan_id` bigint(20) NOT NULL AUTO_INCREMENT,
  `opag_id` bigint(20) NOT NULL,
  `sins_id` bigint(20) NOT NULL,
  `opan_observacion` varchar(200) NOT NULL,
  `opan_usu_anula` bigint(20) NOT NULL,
  `opan_estado` varchar(1) NOT NULL,
  `opan_fecha_creacion` timestamp NOT NULL DEFAULT CURRENT_TIMESTAMP,
  `opan_fecha_modificacion` timestamp NULL DEFAULT NULL,
  `opan_estado_logico` varchar(1) NOT NULL,
  PRIMARY KEY (`opan_id`),
  KEY `opag_id` (`opag_id`),
  CONSTRAINT `orden_pago_anulada_ibfk_1` FOREIGN KEY (`opag_id`) REFERENCES `orden_pago` (`opag_id`)
) ENGINE=InnoDB DEFAULT CHARSET=utf8;
/*!40101 SET character_set_client = @saved_cs_client */;

--
-- Dumping data for table `orden_pago_anulada`
--

LOCK TABLES `orden_pago_anulada` WRITE;
/*!40000 ALTER TABLE `orden_pago_anulada` DISABLE KEYS */;
/*!40000 ALTER TABLE `orden_pago_anulada` ENABLE KEYS */;
UNLOCK TABLES;

--
-- Table structure for table `persona_solicitud`
--

DROP TABLE IF EXISTS `persona_solicitud`;
/*!40101 SET @saved_cs_client     = @@character_set_client */;
/*!40101 SET character_set_client = utf8 */;
CREATE TABLE `persona_solicitud` (
  `psol_id` bigint(20) NOT NULL AUTO_INCREMENT,
  `psol_pri_nombre` varchar(250) DEFAULT NULL,
  `psol_seg_nombre` varchar(250) DEFAULT NULL,
  `psol_pri_apellido` varchar(250) DEFAULT NULL,
  `psol_seg_apellido` varchar(250) DEFAULT NULL,
  `psol_cedula` varchar(15) NOT NULL,
  `psol_ruc` varchar(15) DEFAULT NULL,
  `psol_pasaporte` varchar(50) DEFAULT NULL,
  `psol_genero` varchar(1) DEFAULT NULL,
  `psol_celular` varchar(50) DEFAULT NULL,
  `psol_correo` varchar(250) DEFAULT NULL,
  `psol_domicilio_sector` varchar(250) DEFAULT NULL,
  `psol_domicilio_cpri` varchar(500) DEFAULT NULL,
  `psol_domicilio_csec` varchar(500) DEFAULT NULL,
  `psol_domicilio_num` varchar(100) DEFAULT NULL,
  `psol_domicilio_ref` varchar(500) DEFAULT NULL,
  `psol_domicilio_telefono` varchar(50) DEFAULT NULL,
  `pai_id_domicilio` bigint(20) DEFAULT NULL,
  `pro_id_domicilio` bigint(20) DEFAULT NULL,
  `can_id_domicilio` bigint(20) DEFAULT NULL,
  `psol_estado` varchar(1) NOT NULL,
  `psol_fecha_creacion` timestamp NOT NULL DEFAULT CURRENT_TIMESTAMP,
  `psol_fecha_modificacion` timestamp NULL DEFAULT NULL,
  `psol_estado_logico` varchar(1) NOT NULL,
  PRIMARY KEY (`psol_id`)
) ENGINE=InnoDB DEFAULT CHARSET=utf8;
/*!40101 SET character_set_client = @saved_cs_client */;

--
-- Dumping data for table `persona_solicitud`
--

LOCK TABLES `persona_solicitud` WRITE;
/*!40000 ALTER TABLE `persona_solicitud` DISABLE KEYS */;
/*!40000 ALTER TABLE `persona_solicitud` ENABLE KEYS */;
UNLOCK TABLES;

--
-- Table structure for table `registro_pago`
--

DROP TABLE IF EXISTS `registro_pago`;
/*!40101 SET @saved_cs_client     = @@character_set_client */;
/*!40101 SET character_set_client = utf8 */;
CREATE TABLE `registro_pago` (
  `rpag_id` bigint(20) NOT NULL AUTO_INCREMENT,
  `dpag_id` bigint(20) NOT NULL,
  `fpag_id` bigint(20) NOT NULL,
  `rpag_valor` double NOT NULL,
  `rpag_fecha_pago` timestamp NULL DEFAULT NULL,
  `rpag_imagen` varchar(100) DEFAULT NULL,
  `rpag_observacion` text,
  `rpag_revisado` varchar(2) NOT NULL,
  `rpag_resultado` varchar(2) DEFAULT NULL,
  `rpag_num_transaccion` varchar(50) NOT NULL,
  `rpag_fecha_transaccion` timestamp NULL DEFAULT NULL,
  `rpag_usuario_transaccion` bigint(20) NOT NULL,
  `rpag_codigo_autorizacion` varchar(10) DEFAULT NULL,
  `rpag_estado` varchar(1) NOT NULL,
  `rpag_fecha_creacion` timestamp NOT NULL DEFAULT CURRENT_TIMESTAMP,
  `rpag_fecha_modificacion` timestamp NULL DEFAULT NULL,
  `rpag_estado_logico` varchar(1) NOT NULL,
  PRIMARY KEY (`rpag_id`),
  KEY `dpag_id` (`dpag_id`),
  KEY `fpag_id` (`fpag_id`),
  CONSTRAINT `registro_pago_ibfk_1` FOREIGN KEY (`dpag_id`) REFERENCES `desglose_pago` (`dpag_id`),
  CONSTRAINT `registro_pago_ibfk_2` FOREIGN KEY (`fpag_id`) REFERENCES `forma_pago` (`fpag_id`)
) ENGINE=InnoDB AUTO_INCREMENT=243 DEFAULT CHARSET=utf8;
/*!40101 SET character_set_client = @saved_cs_client */;

--
-- Dumping data for table `registro_pago`
--

LOCK TABLES `registro_pago` WRITE;
/*!40000 ALTER TABLE `registro_pago` DISABLE KEYS */;
INSERT INTO `registro_pago` VALUES (1,1,4,150,'2017-10-05 10:00:00','pago_26-2017-10-06 19:17:26.pdf',NULL,'RE','AP','1612507768','2017-10-05 10:00:00',20,NULL,'1','2017-10-11 01:22:45',NULL,'1'),(2,2,2,150,'2017-10-11 10:00:00',NULL,NULL,'RE','AP','139491','2017-10-11 10:00:00',20,NULL,'1','2017-10-12 01:22:27',NULL,'1'),(3,3,1,150,'2017-10-13 10:00:00',NULL,NULL,'RE','AP','1086223140','2017-10-13 10:00:00',20,NULL,'1','2017-10-13 21:14:02',NULL,'1'),(4,4,2,150,'2017-10-14 10:00:00',NULL,NULL,'RE','AP','139655','2017-10-14 10:00:00',20,NULL,'1','2017-10-14 21:15:17',NULL,'1'),(5,5,1,150,'2017-10-14 10:00:00',NULL,NULL,'RE','AP','1371940','2017-10-14 10:00:00',20,NULL,'1','2017-10-14 21:23:17',NULL,'1'),(6,6,5,150,'2017-10-16 10:00:00','pago_63-2017-10-16 16:53:55.pdf',NULL,'RE','AP','013753','2017-10-16 10:00:00',20,NULL,'1','2017-10-17 03:03:17',NULL,'1'),(7,7,4,150,'2017-10-17 10:00:00','pago_67-2017-10-17 12:37:25.pdf',NULL,'RE','AP','1','2017-10-17 10:00:00',20,NULL,'1','2017-10-18 01:53:23',NULL,'1'),(8,8,5,150,'2017-10-16 05:00:00','pago_68-2017-10-18 15:10:42.pdf',NULL,'RE','AP','14454140','2017-10-16 05:00:00',20,NULL,'1','2017-10-18 20:16:40',NULL,'1'),(9,9,5,150,'2017-10-31 05:00:00','pago_106-2017-10-31 13:50:47.jpg',NULL,'RE','AP','5386624','2017-10-31 05:00:00',1,NULL,'1','2017-10-31 19:52:50',NULL,'1'),(10,10,4,150,'2017-11-09 05:00:00','pago_104-2017-11-9 10:37:55.png',NULL,'RE','AP','2498237','2017-11-09 05:00:00',112,NULL,'1','2017-11-10 19:11:46',NULL,'1'),(11,11,5,150,'2017-10-22 05:00:00','pago_95-2017-11-11 11:10:42.pdf',NULL,'RE','AP','014258','2017-10-22 05:00:00',112,NULL,'1','2017-11-13 15:37:15',NULL,'1'),(12,12,5,150,'2017-11-13 05:00:00','pago_149-2017-11-13 14:42:35.pdf',NULL,'RE','AP','13966213','2017-11-13 05:00:00',112,NULL,'1','2017-11-13 21:09:18',NULL,'1'),(13,13,5,150,'2017-11-16 05:00:00','pago_144-2017-11-17 19:14:03.pdf',NULL,'RE','AP','2100078117','2017-11-16 05:00:00',112,NULL,'1','2017-11-18 16:24:30',NULL,'1'),(14,14,4,150,'2017-11-19 05:00:00','pago_156-2017-11-19 12:08:38.pdf',NULL,'RE','AP','0030490129','2017-11-19 05:00:00',112,NULL,'1','2017-11-20 14:15:51',NULL,'1'),(15,15,5,150,'2017-11-13 05:00:00','pago_135-2017-11-13 16:26:13.pdf',NULL,'RE','AP','14072252','2017-11-13 05:00:00',112,NULL,'1','2017-11-22 17:52:58',NULL,'1'),(16,16,1,150,'2017-11-20 05:00:00',NULL,NULL,'RE','AP','141107','2017-11-20 05:00:00',112,NULL,'1','2017-11-28 21:49:32',NULL,'1'),(17,17,4,150,'2017-11-10 05:00:00','pago_130-2017-11-28 15:05:48.jpg',NULL,'RE','AP','31705250','2017-11-10 05:00:00',112,NULL,'1','2017-11-28 21:52:05',NULL,'1'),(18,18,4,150,'2017-11-20 05:00:00','pago_162-2017-11-28 19:23:47.pdf',NULL,'RE','AP','016275642','2017-11-20 05:00:00',112,NULL,'1','2017-11-29 14:36:25',NULL,'1'),(19,19,2,150,'2017-11-07 05:00:00',NULL,NULL,'RE','AP','140419','2017-11-07 05:00:00',112,NULL,'1','2017-11-29 15:10:45',NULL,'1'),(20,20,2,150,'2017-11-07 05:00:00',NULL,NULL,'RE','AP','140403','2017-11-07 05:00:00',112,NULL,'1','2017-11-29 15:11:46',NULL,'1'),(21,21,1,150,'2017-11-12 05:00:00',NULL,NULL,'RE','AP','140932','2017-11-12 05:00:00',112,NULL,'1','2017-11-29 15:18:29',NULL,'1'),(22,22,5,150,'2017-11-12 05:00:00','pago_36-2017-11-29 12:44:33.jpg',NULL,'RE','AP','4334161','2017-11-12 05:00:00',112,NULL,'1','2017-11-29 17:48:09',NULL,'1'),(23,38,5,150,'2018-01-08 21:38:18','pago_203-2018-01-08 07:35:47.jpg','','RE','AP','7654775','2018-01-18 05:00:00',112,NULL,'1','2018-01-08 21:38:18',NULL,'1'),(24,39,5,150,'2018-01-09 16:14:55','pago_197-2018-01-9 11:04:21.pdf','','RE','AP','20180109554116231','2018-01-09 05:00:00',112,NULL,'1','2018-01-09 16:14:55',NULL,'1'),(25,35,5,150,'2018-01-10 17:59:15','pago_160-2018-01-09 15:56:17.jpg','','RE','AP','7084615','2017-12-29 05:00:00',112,NULL,'1','2018-01-10 17:59:15',NULL,'1'),(26,41,4,150,'2018-01-12 20:02:01','pago_214-2018-01-12 10:26:25.pdf','','RE','AP','0','2018-01-11 05:00:00',112,NULL,'1','2018-01-12 20:02:01',NULL,'1'),(27,42,5,150,'2018-01-13 14:02:10','pago_205-2018-01-12 17:55:50.pdf','','RE','AP','6854327','2018-01-12 05:00:00',112,NULL,'1','2018-01-13 14:02:10',NULL,'1'),(28,45,4,150,'2018-01-19 14:02:30','pago_226-2018-01-18 19:15:30.jpg','','RE','AP','271586282','2018-01-18 05:00:00',112,NULL,'1','2018-01-19 14:02:30',NULL,'1'),(29,43,5,150,'2018-01-19 22:53:50','pago_221-2018-01-19 15:41:38.jpg','','RE','AP','070291','2018-01-19 05:00:00',112,NULL,'1','2018-01-19 22:53:50',NULL,'1'),(30,47,4,150,'2018-01-22 22:15:16','pago_85-2018-01-22 17:12:46.png','','RE','AP','016344714','2018-01-22 05:00:00',112,NULL,'1','2018-01-22 22:15:16',NULL,'1'),(31,49,5,150,'2018-01-30 19:16:01','pago_230-2018-01-28 19:23:20.jpg','','RE','AP','6139460','2018-01-28 05:00:00',243,NULL,'1','2018-01-30 19:16:01',NULL,'1'),(32,48,5,150,'2018-02-01 22:13:32','pago_233-2018-02-01 17:08:15.jpg','','RE','AP','6483137','2018-02-25 05:00:00',243,NULL,'1','2018-02-01 22:13:32',NULL,'1'),(33,51,4,150,'2018-02-05 17:14:02','pago_237-2018-02-02 12:58:25.pdf','','RE','AP','13682829','2018-02-01 05:00:00',243,NULL,'1','2018-02-05 17:14:02',NULL,'1'),(34,53,5,150,'2018-02-15 22:46:11','pago_261-2018-02-15 17:28:10.jpg','','RE','AP','7547276','2018-02-15 05:00:00',242,NULL,'1','2018-02-15 22:46:11',NULL,'1'),(35,55,1,150,'2018-02-16 21:37:14',NULL,'','RE','AP','057134','2018-02-16 05:00:00',241,NULL,'1','2018-02-16 21:37:14',NULL,'1'),(36,56,4,150,'2018-02-19 16:40:50','pago_271-2018-02-19 10:29:47.jpg','','RE','AP','9503689','2018-02-16 05:00:00',241,NULL,'1','2018-02-19 16:40:50',NULL,'1'),(37,52,5,150,'2018-02-19 16:48:18','pago_240-2018-02-18 11:02:11.pdf','','RE','AP','009662','2018-02-17 05:00:00',241,NULL,'1','2018-02-19 16:48:18',NULL,'1'),(50,50,4,120,'2018-02-19 21:06:39','pago_244-2018-02-19 10:54:46.jpg','','RE','AP','007835492','2018-02-16 05:00:00',241,NULL,'1','2018-02-19 21:06:39',NULL,'1'),(51,58,5,150,'2018-02-19 21:25:24','pago_224-2018-02-19 16:16:15.jpg','','RE','AP','15013202','2018-02-19 05:00:00',243,NULL,'1','2018-02-19 21:25:24',NULL,'1'),(52,60,5,150,'2018-02-20 15:28:10','pago_274-2018-02-20 14:16:24.jpeg','','RE','AP','1830841','2018-02-20 05:00:00',243,NULL,'1','2018-02-20 15:28:10',NULL,'1'),(53,61,5,150,'2018-02-20 15:59:56','pago_266-2018-02-20 10:43:24.jpg','','RE','AP','18313486','2018-02-14 05:00:00',243,NULL,'1','2018-02-20 15:59:56',NULL,'1'),(54,59,5,150,'2018-02-20 19:15:14','pago_276-2018-02-20 13:18:28.jpg','','RE','AP','032559','2018-02-20 05:00:00',243,NULL,'1','2018-02-20 19:15:14',NULL,'1'),(55,54,5,150,'2018-02-20 19:39:15','pago_258-2018-02-20 12:25:17.jpg','','RE','AP','6854720','2018-02-18 05:00:00',241,NULL,'1','2018-02-20 19:39:15',NULL,'1'),(56,15,1,90,'2018-02-23 22:06:24',NULL,'','RE','AP','2843','2018-01-11 05:00:00',241,NULL,'1','2018-02-23 22:06:24',NULL,'1'),(57,62,4,150,'2018-02-25 16:25:46','pago_283-2018-02-24 9:22:37.pdf','','RE','AP','0090','2018-02-23 05:00:00',241,NULL,'1','2018-02-25 16:25:46',NULL,'1'),(58,66,1,150,'2018-03-02 14:41:19',NULL,'','RE','AP','749908','2018-02-05 05:00:00',243,NULL,'1','2018-03-02 14:41:19',NULL,'1'),(59,64,5,150,'2018-03-02 19:40:23','pago_296-2018-03-02 12:51:06.pdf','','RE','AP','28538562','2018-03-01 05:00:00',243,NULL,'1','2018-03-02 19:40:23',NULL,'1'),(60,65,4,150,'2018-03-05 19:15:46','pago_275-2018-03-05 10:35:00.pdf','','RE','AP','010594529','2018-03-05 05:00:00',242,NULL,'1','2018-03-05 19:15:46',NULL,'1'),(61,67,4,150,'2018-03-06 13:35:02','pago_302-2018-03-05 18:02:9.pdf','','RE','AP','0065419763','2018-03-05 05:00:00',243,NULL,'1','2018-03-06 13:35:02',NULL,'1'),(62,68,4,150,'2018-03-09 14:23:10','pago_308-2018-03-08 22:17:53.pdf','','RE','AP','000012157','2018-03-08 05:00:00',243,NULL,'1','2018-03-09 14:23:10',NULL,'1'),(63,75,5,150,'2018-03-10 19:34:41','pago_313-2018-03-10 13:29:54.pdf','','RE','AP','6809848','2018-03-09 05:00:00',242,NULL,'1','2018-03-10 19:34:41',NULL,'1'),(64,73,5,150,'2018-03-11 15:32:56','pago_305-2018-03-10 16:34:58.pdf','','RE','AP','28499447','2018-03-09 05:00:00',242,NULL,'1','2018-03-11 15:32:56',NULL,'1'),(65,71,4,150,'2018-03-12 14:34:33','pago_312-2018-03-9 15:15:10.png','','RE','AP','10278305','2018-03-08 05:00:00',243,NULL,'1','2018-03-12 14:34:33',NULL,'1'),(68,72,5,150,'2018-03-13 14:05:38','pago_311-2018-03-12 12:01:39.pdf','','RE','AP','7645890','2018-03-12 05:00:00',243,NULL,'1','2018-03-13 14:05:38',NULL,'1'),(69,70,5,150,'2018-03-13 14:07:15','pago_304-2018-03-12 14:08:07.pdf','','RE','AP','02006131650','2018-03-06 05:00:00',243,NULL,'1','2018-03-13 14:07:15',NULL,'1'),(76,69,2,120,'2018-03-13 17:15:22',NULL,'','RE','AP','145993','2018-03-06 05:00:00',243,NULL,'1','2018-03-13 17:15:22',NULL,'1'),(77,78,4,150,'2018-03-16 15:20:56','pago_319-2018-03-15 18:27:18.pdf','','RE','AP','1503201801099216491300120010020000124790001277715','2018-03-15 05:00:00',243,NULL,'1','2018-03-16 15:20:56',NULL,'1'),(78,79,5,150,'2018-03-16 15:22:35','pago_322-2018-03-15 17:48:13.jpg','','RE','AP','0925002222','2018-03-15 05:00:00',243,NULL,'1','2018-03-16 15:22:35',NULL,'1'),(79,81,4,150,'2018-03-16 15:24:28','pago_320-2018-03-15 17:13:27.pdf','','RE','AP','009699251','2018-03-15 05:00:00',243,NULL,'1','2018-03-16 15:24:28',NULL,'1'),(80,87,4,150,'2018-03-17 13:22:43','pago_329-2018-03-16 19:58:01.pdf','','RE','AP','146475','2018-03-14 05:00:00',241,NULL,'1','2018-03-17 13:22:43',NULL,'1'),(81,84,5,150,'2018-03-17 13:25:33','pago_327-2018-03-16 18:14:57.pdf','','RE','AP','11084308','2018-03-15 05:00:00',241,NULL,'1','2018-03-17 13:25:33',NULL,'1'),(82,91,4,150,'2018-03-17 16:22:06','pago_340-2018-03-17 10:30:00.jpg','','RE','AP','0','2018-03-17 05:00:00',243,NULL,'1','2018-03-17 16:22:06',NULL,'1'),(83,90,5,150,'2018-03-17 16:23:22','pago_334-2018-03-17 10:06:57.pdf','','RE','AP','013732','2018-03-16 05:00:00',243,NULL,'1','2018-03-17 16:23:22',NULL,'1'),(84,88,5,150,'2018-03-19 19:25:23','pago_335-2018-03-19 14:23:37.jpg','','RE','AP','12661832','2018-03-19 05:00:00',243,NULL,'1','2018-03-19 19:25:23',NULL,'1'),(85,92,1,150,'2018-03-19 19:31:49',NULL,'','RE','AP','146606','2018-03-16 05:00:00',243,NULL,'1','2018-03-19 19:31:49',NULL,'1'),(86,98,2,150,'2018-03-19 19:32:29',NULL,'','RE','AP','146695','2018-03-19 05:00:00',243,NULL,'1','2018-03-19 19:32:29',NULL,'1'),(87,95,1,150,'2018-03-19 20:42:03',NULL,'','RE','AP','146702','2018-03-19 05:00:00',243,NULL,'1','2018-03-19 20:42:03',NULL,'1'),(88,94,1,150,'2018-03-19 20:42:33',NULL,'','RE','AP','146703','2018-03-19 05:00:00',243,NULL,'1','2018-03-19 20:42:33',NULL,'1'),(90,100,1,150,'2018-03-20 13:34:20',NULL,'','RE','AP','146714','2018-03-19 05:00:00',243,NULL,'1','2018-03-20 13:34:20',NULL,'1'),(91,93,4,150,'2018-03-20 15:34:00','pago_318-2018-03-19 19:08:37.png','','RE','AP','210000006825904','2018-03-19 05:00:00',243,NULL,'1','2018-03-20 15:34:00',NULL,'1'),(92,104,1,150,'2018-03-21 19:23:25',NULL,'','RE','AP','146748','2018-03-21 05:00:00',243,NULL,'1','2018-03-21 19:23:25',NULL,'1'),(93,102,5,150,'2018-03-21 20:19:15','pago_357-2018-03-21 14:15:56.jpg','','RE','AP','003871','2018-03-21 05:00:00',243,NULL,'1','2018-03-21 20:19:15',NULL,'1'),(94,105,4,150,'2018-03-22 16:00:52','pago_358-2018-03-22 10:54:06.pdf','','RE','AP','010052681','2018-03-21 05:00:00',243,NULL,'1','2018-03-22 16:00:52',NULL,'1'),(95,106,5,150,'2018-03-23 01:12:34','pago_359-2018-03-22 18:34:07.jpg','','RE','AP','9197060','2018-03-22 05:00:00',242,NULL,'1','2018-03-23 01:12:34',NULL,'1'),(96,86,1,150,'2018-03-28 21:06:56',NULL,'','RE','AP','146439','2018-03-14 05:00:00',243,NULL,'1','2018-03-28 21:06:56',NULL,'1'),(97,107,5,150,'2018-03-29 22:03:06','pago_369-2018-03-29 16:58:38.jpg','','RE','AP','10135907','2018-03-29 05:00:00',243,NULL,'1','2018-03-29 22:03:06',NULL,'1'),(98,110,5,150,'2018-04-03 15:01:29','pago_379-2018-04-02 18:05:29.jpg','','RE','AP','20180402541536920','2018-04-02 05:00:00',243,NULL,'1','2018-04-03 15:01:29',NULL,'1'),(99,11,4,150,'2018-04-03 16:37:06','pago_67-2017-10-17 12:37:25.pdf','','RE','AP','1','2017-10-17 10:00:00',243,NULL,'1','2018-04-03 16:37:06',NULL,'1'),(102,113,4,90,'2018-04-06 19:32:01','pago_389-2018-04-06 10:29:54.pdf','','RE','AP','002254743','2018-04-06 05:00:00',243,NULL,'1','2018-04-06 19:32:01',NULL,'1'),(106,120,2,150,'2018-04-09 17:34:09',NULL,'','RE','AP','147710','2018-04-09 05:00:00',243,NULL,'1','2018-04-09 17:34:09',NULL,'1'),(107,109,2,150,'2018-04-09 18:25:16',NULL,'','RE','AP','147723','2018-04-09 05:00:00',241,NULL,'1','2018-04-09 18:25:16',NULL,'1'),(108,114,2,150,'2018-04-09 23:10:29',NULL,'','RE','AP','82431','2018-04-09 05:00:00',243,NULL,'1','2018-04-09 23:10:29',NULL,'1'),(109,124,2,150,'2018-04-10 21:16:19',NULL,'','RE','AP','82446','2018-04-09 05:00:00',243,NULL,'1','2018-04-10 21:16:19',NULL,'1'),(110,125,2,150,'2018-04-10 21:23:59',NULL,'','RE','AP','82447','2018-04-10 05:00:00',243,NULL,'1','2018-04-10 21:23:59',NULL,'1'),(111,127,2,150,'2018-04-10 21:35:34',NULL,'','RE','AP','82448','2018-04-10 05:00:00',243,NULL,'1','2018-04-10 21:35:34',NULL,'1'),(112,118,2,150,'2018-04-10 21:40:58',NULL,'','RE','AP','82440','2018-04-10 05:00:00',243,NULL,'1','2018-04-10 21:40:58',NULL,'1'),(113,119,2,150,'2018-04-10 21:45:56',NULL,'','RE','AP','82449','2018-04-10 05:00:00',243,NULL,'1','2018-04-10 21:45:56',NULL,'1'),(117,131,5,120,'2018-04-11 22:05:18','pago_420-2018-04-11 14:06:58.jpeg','','RE','AP','5150178','2018-04-11 05:00:00',243,NULL,'1','2018-04-11 22:05:18',NULL,'1'),(118,130,4,120,'2018-04-11 22:06:18','pago_417-2018-04-11 10:10:49.pdf','','RE','AP','011432164','2018-04-09 05:00:00',243,NULL,'1','2018-04-11 22:06:18',NULL,'1'),(125,134,2,120,'2018-04-12 17:09:03',NULL,'','RE','AP','111','2018-04-11 05:00:00',243,NULL,'1','2018-04-12 17:09:03',NULL,'1'),(126,133,4,120,'2018-04-12 20:45:01','pago_418-2018-04-12 13:36:20.pdf','','RE','AP','638050','2018-04-11 05:00:00',243,NULL,'1','2018-04-12 20:45:01',NULL,'1'),(129,126,4,150,'2018-04-12 23:03:22','pago_409-2018-04-11 15:04:04.jpg','','RE','AP','006633069','2018-04-11 05:00:00',243,NULL,'1','2018-04-12 23:03:22',NULL,'1'),(130,132,4,120,'2018-04-13 14:12:07','pago_412-2018-04-12 23:06:20.jpg','','RE','AP','6966234','2018-04-12 05:00:00',243,NULL,'1','2018-04-13 14:12:07',NULL,'1'),(138,116,4,150,'2018-04-13 20:45:47','pago_394-2018-04-12 16:40:58.pdf','','RE','AP','005254042','2018-04-04 05:00:00',243,NULL,'1','2018-04-13 20:45:47',NULL,'1'),(141,141,1,90,'2018-04-13 23:59:20',NULL,'','RE','AP','148009','2018-04-13 05:00:00',243,NULL,'1','2018-04-13 23:59:20',NULL,'1'),(142,135,5,120,'2018-04-14 15:12:48','pago_422-2018-04-13 15:54:20.pdf','','RE','AP','4755721','2018-04-10 05:00:00',243,NULL,'1','2018-04-14 15:12:48',NULL,'1'),(143,129,4,120,'2018-04-14 15:13:20','pago_388-2018-04-13 12:55:48.pdf','','RE','AP','063796','2018-04-12 05:00:00',243,NULL,'1','2018-04-14 15:13:20',NULL,'1'),(144,117,5,120,'2018-04-14 15:13:43','pago_373-2018-04-12 20:21:56.pdf','','RE','AP','5472163','2018-04-10 05:00:00',243,NULL,'1','2018-04-14 15:13:43',NULL,'1'),(145,139,5,120,'2018-04-14 15:15:28','pago_433-2018-04-13 20:16:53.pdf','','RE','AP','0198079106','2018-04-13 05:00:00',243,NULL,'1','2018-04-14 15:15:28',NULL,'1'),(146,136,2,120,'2018-04-14 18:49:55',NULL,'','RE','AP','1442018','2018-04-14 05:00:00',243,NULL,'1','2018-04-14 18:49:55',NULL,'1'),(149,140,1,120,'2018-04-16 17:35:57',NULL,'','RE','AP','26992','2018-04-03 05:00:00',243,NULL,'1','2018-04-16 17:35:57',NULL,'1'),(150,138,2,120,'2018-04-16 17:37:36',NULL,'','RE','AP','82542','2018-04-16 05:00:00',243,NULL,'1','2018-04-16 17:37:36',NULL,'1'),(151,142,5,120,'2018-04-16 22:56:57','pago_427-2018-04-16 14:41:37.jpg','','RE','AP','12378541','2018-04-16 05:00:00',243,NULL,'1','2018-04-16 22:56:57',NULL,'1'),(152,137,5,120,'2018-04-17 20:56:12','pago_437-2018-04-17 9:57:23.jpg','','RE','AP','022305','2018-04-17 05:00:00',243,NULL,'1','2018-04-17 20:56:12',NULL,'1'),(153,145,5,120,'2018-04-17 20:57:50','pago_421-2018-04-17 14:59:31.pdf','','RE','AP','5950','2018-04-17 05:00:00',243,NULL,'1','2018-04-17 20:57:50',NULL,'1'),(154,146,5,120,'2018-04-17 20:59:36','pago_317-2018-04-17 15:07:05.png','','RE','AP','20180417575973051','2018-04-17 05:00:00',243,NULL,'1','2018-04-17 20:59:36',NULL,'1'),(155,143,1,120,'2018-04-17 21:13:30',NULL,'','RE','AP','148210','2018-04-16 05:00:00',243,NULL,'1','2018-04-17 21:13:30',NULL,'1'),(159,148,1,120,'2018-04-18 00:48:49',NULL,'','RE','AP','148283','2018-04-17 05:00:00',241,NULL,'1','2018-04-18 00:48:49',NULL,'1'),(160,147,5,120,'2018-04-18 15:41:27','pago_441-2018-04-18 10:25:34.png','','RE','AP','30105067','2018-04-16 05:00:00',243,NULL,'1','2018-04-18 15:41:27',NULL,'1'),(161,121,5,120,'2018-04-18 16:45:52','pago_365-2018-04-17 16:20:34.jpg','','RE','AP','010494','2018-04-17 05:00:00',243,NULL,'1','2018-04-18 16:45:52',NULL,'1'),(162,80,5,120,'2018-04-18 16:46:23','pago_315-2018-04-16 10:24:25.jpg','','RE','AP','148077','2018-04-15 05:00:00',243,NULL,'1','2018-04-18 16:46:23',NULL,'1'),(164,151,1,120,'2018-04-19 01:39:08',NULL,'','RE','AP','632864','2018-04-18 05:00:00',241,NULL,'1','2018-04-19 01:39:08',NULL,'1'),(165,149,2,120,'2018-04-19 01:41:02',NULL,'','RE','AP','148357','2018-04-18 05:00:00',241,NULL,'1','2018-04-19 01:41:02',NULL,'1'),(167,153,2,150,'2018-04-25 17:22:02',NULL,'','RE','AP','148524','2018-04-20 05:00:00',243,NULL,'1','2018-04-25 17:22:02',NULL,'1'),(168,27,2,150,'2018-04-26 15:05:50',NULL,'','RE','AP','140952','2017-11-13 05:00:00',243,NULL,'1','2018-04-26 15:05:50',NULL,'1'),(169,44,2,150,'2018-04-26 15:11:56',NULL,'','RE','AP','81508','2018-01-19 05:00:00',243,NULL,'1','2018-04-26 15:11:56',NULL,'1'),(170,150,5,60,'2018-04-27 16:06:18','pago_442-2018-04-19 16:39:28.pdf','','RE','AP','6100','2018-04-17 05:00:00',243,NULL,'1','2018-04-27 16:06:18',NULL,'1'),(171,154,5,150,'2018-05-02 15:30:21','pago_466-2018-04-30 15:11:11.jpg','','RE','AP','040816','2018-04-29 05:00:00',243,NULL,'1','2018-05-02 15:30:21',NULL,'1'),(172,156,1,150,'2018-05-04 22:25:59',NULL,'','RE','AP','148817','2018-04-26 05:00:00',241,NULL,'1','2018-05-04 22:25:59',NULL,'1'),(173,159,5,150,'2018-05-08 23:03:28','pago_478-2018-05-04 17:06:49.pdf','','RE','AP','551533595609','2018-05-04 05:00:00',243,NULL,'1','2018-05-08 23:03:28',NULL,'1'),(174,160,2,150,'2018-05-10 22:08:17',NULL,'','RE','AP','123','2018-05-08 05:00:00',243,NULL,'1','2018-05-10 22:08:17',NULL,'1'),(175,152,2,150,'2018-05-10 23:33:21',NULL,'','RE','AP','149688','2018-05-10 05:00:00',241,NULL,'1','2018-05-10 23:33:21',NULL,'1'),(176,163,4,150,'2018-05-11 22:29:23','pago_102-2018-05-10 18:18:21.png','','RE','AP','253918020900','2018-05-10 05:00:00',243,NULL,'1','2018-05-11 22:29:23',NULL,'1'),(177,158,4,150,'2018-05-11 22:30:11','pago_471-2018-05-11 10:53:57.pdf','','RE','AP','1809483018','2018-05-11 05:00:00',243,NULL,'1','2018-05-11 22:30:11',NULL,'1'),(178,161,3,150,'2018-05-14 15:28:17',NULL,'','RE','AP','1111','2018-05-07 05:00:00',243,NULL,'1','2018-05-14 15:28:17',NULL,'1'),(179,34,4,150,'2018-05-14 15:32:38','pago_168-2018-05-08 13:37:04.jpg','','RE','AP','2740781','2018-05-08 05:00:00',243,NULL,'1','2018-05-14 15:32:38',NULL,'1'),(180,164,4,150,'2018-05-15 17:38:53','pago_456-2018-05-15 12:35:58.pdf','','RE','AP','1','2018-05-15 05:00:00',243,NULL,'1','2018-05-15 17:38:53',NULL,'1'),(181,166,5,150,'2018-05-16 19:37:18','pago_486-2018-05-16 13:52:36.pdf','','RE','AP','3040','2018-05-16 05:00:00',243,NULL,'1','2018-05-16 19:37:18',NULL,'1'),(182,165,5,150,'2018-05-16 23:09:37','pago_459-2018-05-16 18:03:02.jpg','','RE','AP','7727046','2018-05-16 05:00:00',243,NULL,'1','2018-05-16 23:09:37',NULL,'1'),(183,167,4,150,'2018-05-18 15:45:41','pago_487-2018-05-17 12:08:12.pdf','','RE','AP','2533989','2018-05-17 05:00:00',243,NULL,'1','2018-05-18 15:45:41',NULL,'1'),(184,162,5,150,'2018-05-28 15:22:28','pago_482-2018-05-28 10:18:55.pdf','','RE','AP','5625130','2018-05-15 05:00:00',243,NULL,'1','2018-05-28 15:22:28',NULL,'1'),(185,171,1,150,'2018-05-30 20:05:19',NULL,'','RE','AP','150259','2018-05-30 05:00:00',243,NULL,'1','2018-05-30 20:05:19',NULL,'1'),(186,176,5,150,'2018-05-31 20:56:46','pago_521-2018-05-31 15:51:56.jpeg','','RE','AP','0190559321','2018-05-31 05:00:00',243,NULL,'1','2018-05-31 20:56:46',NULL,'1'),(187,174,5,120,'2018-05-31 22:36:10','pago_518-2018-05-31 17:04:59.jpeg','','RE','AP','6787945','2018-05-31 05:00:00',241,NULL,'1','2018-05-31 22:36:10',NULL,'1'),(188,169,4,150,'2018-06-01 15:37:56','pago_499-2018-06-01 10:34:46.jpeg','','RE','AP','031377','2018-06-01 05:00:00',243,NULL,'1','2018-06-01 15:37:56',NULL,'1'),(189,184,4,150,'2018-06-04 17:50:39','pago_503-2018-06-04 12:48:21.jpeg','','RE','AP','4357760100','2018-06-04 05:00:00',243,NULL,'1','2018-06-04 17:50:39',NULL,'1'),(190,185,5,150,'2018-06-04 17:51:48','pago_526-2018-06-04 12:32:08.jpeg','','RE','AP','150647','2018-06-04 05:00:00',243,NULL,'1','2018-06-04 17:51:48',NULL,'1'),(191,183,5,150,'2018-06-05 14:59:14','pago_525-2018-06-04 13:41:02.jpeg','','RE','AP','24370','2018-06-04 05:00:00',243,NULL,'1','2018-06-05 14:59:14',NULL,'1'),(192,177,2,150,'2018-06-05 15:00:28',NULL,'','RE','AP','150313','2018-05-31 05:00:00',243,NULL,'1','2018-06-05 15:00:28',NULL,'1'),(193,186,1,150,'2018-06-05 20:26:46',NULL,'','RE','AP','150685','2018-06-04 05:00:00',241,NULL,'1','2018-06-05 20:26:46',NULL,'1'),(194,170,5,150,'2018-06-07 17:37:03','pago_513-2018-06-07 12:29:10.jpeg','','RE','AP','15259307','2018-06-06 05:00:00',243,NULL,'1','2018-06-07 17:37:03',NULL,'1'),(195,181,5,150,'2018-06-07 17:53:57','pago_523-2018-06-07 12:51:11.jpeg','','RE','AP','4045219','2018-06-07 05:00:00',243,NULL,'1','2018-06-07 17:53:57',NULL,'1'),(196,175,4,150,'2018-06-07 21:22:22','pago_512-2018-06-07 16:19:51.pdf','','RE','AP','01','2018-06-07 05:00:00',243,NULL,'1','2018-06-07 21:22:22',NULL,'1'),(197,188,5,150,'2018-06-08 15:20:01','pago_529-2018-06-07 17:12:58.jpeg','','RE','AP','8944771','2018-06-07 05:00:00',243,NULL,'1','2018-06-08 15:20:01',NULL,'1'),(198,192,5,150,'2018-06-08 18:32:40','pago_532-2018-06-08 13:16:55.jpeg','','RE','AP','0070','2018-06-07 05:00:00',243,NULL,'1','2018-06-08 18:32:40',NULL,'1'),(199,190,4,150,'2018-06-09 14:32:25','pago_537-2018-06-08 18:02:40.pdf','','RE','AP','00002999859','2018-06-08 05:00:00',243,NULL,'1','2018-06-09 14:32:25',NULL,'1'),(200,193,5,150,'2018-06-09 18:43:35','pago_485-2018-06-9 12:58:14.jpeg','','RE','AP','051606','2018-06-09 05:00:00',241,NULL,'1','2018-06-09 18:43:35',NULL,'1'),(201,195,4,150,'2018-06-11 22:22:07','pago_541-2018-06-11 17:04:33.jpeg','','RE','AP','463551','2018-06-11 05:00:00',243,NULL,'1','2018-06-11 22:22:07',NULL,'1'),(202,197,4,150,'2018-06-12 20:08:50','pago_542-2018-06-12 14:55:52.jpg','','RE','AP','5545508','2018-06-12 05:00:00',243,NULL,'1','2018-06-12 20:08:50',NULL,'1'),(203,199,4,150,'2018-06-12 21:50:48','pago_262-2018-06-12 16:32:50.jpeg','','RE','AP','7851906','2018-06-12 05:00:00',241,NULL,'1','2018-06-12 21:50:48',NULL,'1'),(204,194,5,150,'2018-06-16 17:33:24','pago_539-2018-06-16 11:22:34.jpeg','','RE','AP','3353420','2018-06-16 05:00:00',243,NULL,'1','2018-06-16 17:33:24',NULL,'1'),(205,200,4,150,'2018-06-21 19:24:24','pago_552-2018-06-21 13:17:42.jpeg','','RE','AP','7521318','2018-06-21 05:00:00',243,NULL,'1','2018-06-21 19:24:24',NULL,'1'),(206,201,5,150,'2018-06-27 00:32:27','pago_519-2018-06-26 19:21:45.jpeg','','RE','AP','7429','2018-06-26 05:00:00',241,NULL,'1','2018-06-27 00:32:27',NULL,'1'),(207,203,4,150,'2018-06-27 19:39:13','pago_566-2018-06-27 14:14:58.pdf','','RE','AP','006085535','2018-06-27 05:00:00',241,NULL,'1','2018-06-27 19:39:13',NULL,'1'),(208,206,4,150,'2018-06-28 18:32:12','pago_562-2018-06-28 13:25:56.jpeg','','RE','AP','28062018','2018-06-28 05:00:00',241,NULL,'1','2018-06-28 18:32:12',NULL,'1'),(209,205,5,150,'2018-07-03 18:53:57','pago_473-2018-06-30 12:06:52.jpeg','','RE','AP','1451097','2018-06-30 05:00:00',243,NULL,'1','2018-07-03 18:53:57',NULL,'1'),(210,208,5,150,'2018-07-04 16:04:02','pago_549-2018-07-04 10:40:00.jpeg','','RE','AP','2708373','2018-07-04 05:00:00',243,NULL,'1','2018-07-04 16:04:02',NULL,'1'),(211,212,5,150,'2018-07-11 13:26:09','pago_581-2018-07-10 17:34:28.jpeg','','RE','AP','9547452','2018-07-10 05:00:00',241,NULL,'1','2018-07-11 13:26:09',NULL,'1'),(212,211,1,150,'2018-07-13 15:07:09',NULL,'','RE','AP','152485','2018-07-13 05:00:00',243,NULL,'1','2018-07-13 15:07:09',NULL,'1'),(213,207,5,150,'2018-07-16 13:51:00','pago_567-2018-07-15 15:13:07.jpeg','','RE','AP','6328918','2018-07-15 05:00:00',243,NULL,'1','2018-07-16 13:51:00',NULL,'1'),(214,214,5,150,'2018-07-16 13:52:02','pago_586-2018-07-14 14:21:31.jpeg','','RE','AP','8246977','2018-07-14 05:00:00',243,NULL,'1','2018-07-16 13:52:02',NULL,'1'),(215,215,4,150,'2018-07-16 13:53:58','pago_640-2018-07-14 14:55:23.png','','RE','AP','0019458355','2018-07-14 05:00:00',243,NULL,'1','2018-07-16 13:53:58',NULL,'1'),(216,216,5,150,'2018-07-17 15:37:17','pago_641-2018-07-16 19:05:19.jpg','','RE','AP','4916018','2018-07-15 05:00:00',243,NULL,'1','2018-07-17 15:37:17',NULL,'1'),(217,223,5,150,'2018-07-17 20:53:48','pago_645-2018-07-17 15:46:55.jpeg','','RE','AP','7137941','2018-07-17 05:00:00',241,NULL,'1','2018-07-17 20:53:48',NULL,'1'),(218,222,5,150,'2018-07-17 20:54:49','pago_646-2018-07-17 15:08:12.jpeg','','RE','AP','11961231','2018-07-17 05:00:00',241,NULL,'1','2018-07-17 20:54:49',NULL,'1'),(219,217,4,150,'2018-07-17 20:56:20','pago_585-2018-07-17 13:13:54.jpg','','RE','AP','4120931','2018-07-17 05:00:00',241,NULL,'1','2018-07-17 20:56:20',NULL,'1'),(220,231,4,150,'2018-07-19 22:35:44','pago_200-2018-07-19 17:27:54.jpeg','','RE','AP','8733608','2018-07-19 05:00:00',241,NULL,'1','2018-07-19 22:35:44',NULL,'1'),(221,122,2,150,'2018-07-20 21:09:48',NULL,'','RE','AP','152730','2018-07-20 05:00:00',241,NULL,'1','2018-07-20 21:09:48',NULL,'1'),(222,235,5,150,'2018-07-23 15:52:27','pago_655-2018-07-23 9:29:35.jpeg','','RE','AP','2767580','2018-07-21 05:00:00',243,NULL,'1','2018-07-23 15:52:27',NULL,'1'),(223,242,5,150,'2018-07-30 15:02:07','pago_660-2018-07-25 16:07:19.jpg','','RE','AP','15731312','2018-07-25 05:00:00',243,NULL,'1','2018-07-30 15:02:07',NULL,'1'),(224,219,4,90,'2018-07-30 19:03:37','pago_587-2018-07-30 13:53:14.png','','RE','AP','014523701','2018-07-30 05:00:00',241,NULL,'1','2018-07-30 19:03:37',NULL,'1'),(225,210,1,90,'2018-08-06 21:43:57','pago_576-2018-08-06 16:48:13.png','','RE','AP','153535','2018-08-06 05:00:00',243,NULL,'1','2018-08-06 21:43:57',NULL,'1'),(226,275,1,150,'2018-08-06 22:33:00','pago_681-2018-08-06 17:37:23.png','','RE','AP','153405','2018-08-04 05:00:00',243,NULL,'1','2018-08-06 22:33:00',NULL,'1'),(227,280,1,150,'2018-08-11 18:45:09','pago_692-2018-08-11 13:49:35.jpg','','RE','AP','121138','2018-08-11 05:00:00',241,NULL,'1','2018-08-11 18:45:09',NULL,'1'),(228,267,2,150,'2018-08-13 19:18:32','pago_668-2018-08-13 14:23:02.jpg','','RE','AP','153699','2018-08-13 05:00:00',241,NULL,'1','2018-08-13 19:18:32',NULL,'1'),(229,279,5,150,'2018-08-15 15:20:14','pago_682-2018-08-15 10:06:40.pdf','','RE','AP','7138954','2018-08-14 05:00:00',241,NULL,'1','2018-08-15 15:20:14',NULL,'1'),(230,283,5,150,'2018-08-16 19:41:08','pago_702-2018-08-16 14:35:08.pdf','','RE','AP','54098','2018-08-16 05:00:00',243,NULL,'1','2018-08-16 19:41:08',NULL,'1'),(231,285,7,150,'2018-08-21 16:34:36','pago_718-2018-08-21 11:38:43.jpg','','RE','AP','154000','2018-08-21 05:00:00',241,NULL,'1','2018-08-21 16:34:36',NULL,'1'),(232,288,4,150,'2018-08-29 14:16:37','pago_727-2018-08-24 17:02:08.pdf','','RE','AP','3477960','2018-08-21 05:00:00',241,NULL,'1','2018-08-29 14:16:37',NULL,'1'),(233,290,4,150,'2018-08-30 19:08:49','pago_701-2018-08-30 13:56:46.pdf','','RE','AP','1643','2018-08-30 05:00:00',243,NULL,'1','2018-08-30 19:08:49',NULL,'1'),(234,291,4,150,'2018-09-06 17:07:26','pago_726-2018-9-04 16:08:37.pdf','','RE','AP','4543','2018-09-04 05:00:00',243,NULL,'1','2018-09-06 17:07:26',NULL,'1'),(235,293,5,150,'2018-09-06 22:53:12','pago_749-2018-9-06 14:42:36.pdf','','RE','AP','27214719603624','2018-09-06 05:00:00',243,NULL,'1','2018-09-06 22:53:12',NULL,'1'),(236,295,5,150,'2018-09-10 21:16:49','pago_757-2018-9-10 12:13:08.pdf','','RE','AP','047590','2018-09-07 05:00:00',243,NULL,'1','2018-09-10 21:16:49',NULL,'1'),(237,296,5,150,'2018-09-10 21:17:24','pago_755-2018-9-10 12:12:03.pdf','','RE','AP','026067','2018-09-06 05:00:00',243,NULL,'1','2018-09-10 21:17:24',NULL,'1'),(238,300,4,150,'2018-09-12 20:11:15','pago_764-2018-9-11 16:05:44.pdf','','RE','AP','008015011','2018-09-11 05:00:00',241,NULL,'1','2018-09-12 20:11:15',NULL,'1'),(239,302,4,90,'2018-09-12 20:55:52','pago_719-2018-9-12 15:25:55.pdf','','RE','AP','8547983','2018-09-06 05:00:00',241,NULL,'1','2018-09-12 20:55:52',NULL,'1'),(240,301,2,150,'2018-09-12 21:16:24','pago_751-2018-9-12 16:21:36.jpeg','','RE','AP','154949','2018-09-11 05:00:00',241,NULL,'1','2018-09-12 21:16:24',NULL,'1'),(241,304,7,150,'2018-09-18 19:39:24','pago_769-2018-9-18 14:43:42.jpg','','RE','AP','2','2018-09-18 05:00:00',241,NULL,'1','2018-09-18 19:39:24',NULL,'1'),(242,305,5,150,'2018-09-25 16:00:43','pago_783-2018-9-22 10:34:03.pdf','','RE','AP','11816297','2018-09-22 05:00:00',243,NULL,'1','2018-09-25 16:00:43',NULL,'1');
/*!40000 ALTER TABLE `registro_pago` ENABLE KEYS */;
UNLOCK TABLES;

--
-- Table structure for table `solicitud_general`
--

DROP TABLE IF EXISTS `solicitud_general`;
/*!40101 SET @saved_cs_client     = @@character_set_client */;
/*!40101 SET character_set_client = utf8 */;
CREATE TABLE `solicitud_general` (
  `sgen_id` bigint(20) NOT NULL AUTO_INCREMENT,
  `psol_id` bigint(20) DEFAULT NULL,
  `per_id` bigint(20) DEFAULT NULL,
  `asp_id` bigint(20) DEFAULT NULL,
  `psol_fecha_solicitud` timestamp NULL DEFAULT NULL,
  `sgen_estado` varchar(1) NOT NULL,
  `sgen_fecha_creacion` timestamp NOT NULL DEFAULT CURRENT_TIMESTAMP,
  `sgen_fecha_modificacion` timestamp NULL DEFAULT NULL,
  `sgen_estado_logico` varchar(1) NOT NULL,
  PRIMARY KEY (`sgen_id`),
  KEY `psol_id` (`psol_id`),
  CONSTRAINT `solicitud_general_ibfk_1` FOREIGN KEY (`psol_id`) REFERENCES `persona_solicitud` (`psol_id`)
) ENGINE=InnoDB DEFAULT CHARSET=utf8;
/*!40101 SET character_set_client = @saved_cs_client */;

--
-- Dumping data for table `solicitud_general`
--

LOCK TABLES `solicitud_general` WRITE;
/*!40000 ALTER TABLE `solicitud_general` DISABLE KEYS */;
/*!40000 ALTER TABLE `solicitud_general` ENABLE KEYS */;
UNLOCK TABLES;

--
-- Table structure for table `sub_categoria`
--

DROP TABLE IF EXISTS `sub_categoria`;
/*!40101 SET @saved_cs_client     = @@character_set_client */;
/*!40101 SET character_set_client = utf8 */;
CREATE TABLE `sub_categoria` (
  `scat_id` bigint(20) NOT NULL AUTO_INCREMENT,
  `cat_id` bigint(20) NOT NULL,
  `scat_nombre` varchar(200) NOT NULL,
  `scat_descripcion` varchar(500) NOT NULL,
  `scat_usu_ingreso` bigint(20) NOT NULL,
  `scat_usu_modifica` bigint(20) DEFAULT NULL,
  `scat_estado` varchar(1) NOT NULL,
  `scat_fecha_creacion` timestamp NOT NULL DEFAULT CURRENT_TIMESTAMP,
  `scat_fecha_modificacion` timestamp NULL DEFAULT NULL,
  `scat_estado_logico` varchar(1) NOT NULL,
  PRIMARY KEY (`scat_id`),
  KEY `cat_id` (`cat_id`),
  CONSTRAINT `sub_categoria_ibfk_1` FOREIGN KEY (`cat_id`) REFERENCES `categoria` (`cat_id`)
) ENGINE=InnoDB AUTO_INCREMENT=8 DEFAULT CHARSET=utf8;
/*!40101 SET character_set_client = @saved_cs_client */;

--
-- Dumping data for table `sub_categoria`
--

LOCK TABLES `sub_categoria` WRITE;
/*!40000 ALTER TABLE `sub_categoria` DISABLE KEYS */;
INSERT INTO `sub_categoria` VALUES (1,1,'Grado Online','Grado Online',1,NULL,'1','2018-08-01 12:05:52',NULL,'1'),(2,1,'Grado Presencial','Grado Presencial',1,NULL,'1','2018-08-01 12:05:52',NULL,'1'),(3,1,'Grado Semipresencial','Grado Semipresencial',1,NULL,'1','2018-08-01 12:05:52',NULL,'1'),(4,1,'Grado A distancia','Grado A distancia',1,NULL,'1','2018-08-01 12:05:52',NULL,'1'),(5,1,'Posgrado','Posgrado',1,NULL,'1','2018-08-01 12:05:52',NULL,'1'),(6,1,'Educación Continua','Educación Continua',1,NULL,'1','2018-08-01 12:05:52',NULL,'1'),(7,1,'Ulink','Ulink',1,NULL,'1','2018-08-01 12:05:52',NULL,'1');
/*!40000 ALTER TABLE `sub_categoria` ENABLE KEYS */;
UNLOCK TABLES;

--
-- Table structure for table `tipo_comprobante`
--

DROP TABLE IF EXISTS `tipo_comprobante`;
/*!40101 SET @saved_cs_client     = @@character_set_client */;
/*!40101 SET character_set_client = utf8 */;
CREATE TABLE `tipo_comprobante` (
  `tcom_id` bigint(20) NOT NULL AUTO_INCREMENT,
  `tcom_nombre` varchar(50) NOT NULL,
  `tcom_usuario_ingreso` bigint(20) NOT NULL,
  `tcom_usuario_modifica` bigint(20) DEFAULT NULL,
  `tcom_estado` varchar(1) DEFAULT NULL,
  `tcom_fecha_creacion` timestamp NOT NULL DEFAULT CURRENT_TIMESTAMP,
  `tcom_fecha_modificacion` timestamp NULL DEFAULT NULL,
  `tcom_estado_logico` varchar(1) DEFAULT NULL,
  PRIMARY KEY (`tcom_id`)
) ENGINE=InnoDB AUTO_INCREMENT=6 DEFAULT CHARSET=utf8;
/*!40101 SET character_set_client = @saved_cs_client */;

--
-- Dumping data for table `tipo_comprobante`
--

LOCK TABLES `tipo_comprobante` WRITE;
/*!40000 ALTER TABLE `tipo_comprobante` DISABLE KEYS */;
INSERT INTO `tipo_comprobante` VALUES (1,'Factura',1,NULL,'1','2018-01-02 16:35:16',NULL,'1'),(2,'Nota de Crédito',1,NULL,'1','2018-01-02 16:35:16',NULL,'1'),(3,'Nota de Débito',1,NULL,'1','2018-01-02 16:35:16',NULL,'1'),(4,'Comprobantes de Retención',1,NULL,'1','2018-01-02 16:35:16',NULL,'1'),(5,'Guía de Remisión',1,NULL,'1','2018-01-02 16:35:16',NULL,'1');
/*!40000 ALTER TABLE `tipo_comprobante` ENABLE KEYS */;
UNLOCK TABLES;

--
-- Table structure for table `transaccion_botonpago_BP`
--

DROP TABLE IF EXISTS `transaccion_botonpago_BP`;
/*!40101 SET @saved_cs_client     = @@character_set_client */;
/*!40101 SET character_set_client = utf8 */;
CREATE TABLE `transaccion_botonpago_BP` (
  `tbbp_id` bigint(20) NOT NULL AUTO_INCREMENT,
  `opag_id` bigint(20) NOT NULL,
  `tbbp_num_tarjeta` varchar(25) DEFAULT NULL,
  `tbbp_codigo_autorizacion` varchar(25) DEFAULT NULL,
  `tbbp_resultado_autorizacion` varchar(45) DEFAULT NULL,
  `tbbp_codigo_error` varchar(25) DEFAULT NULL,
  `tbbp_error_mensaje` varchar(100) DEFAULT NULL,
  `tbbp_estado` varchar(1) DEFAULT NULL,
  `tbbp_fecha_creacion` timestamp NOT NULL DEFAULT CURRENT_TIMESTAMP,
  `tbbp_fecha_modificacion` timestamp NULL DEFAULT NULL,
  `tbbp_estado_logico` varchar(1) DEFAULT NULL,
  PRIMARY KEY (`tbbp_id`)
) ENGINE=InnoDB DEFAULT CHARSET=utf8;
/*!40101 SET character_set_client = @saved_cs_client */;

--
-- Dumping data for table `transaccion_botonpago_BP`
--

LOCK TABLES `transaccion_botonpago_BP` WRITE;
/*!40000 ALTER TABLE `transaccion_botonpago_BP` DISABLE KEYS */;
/*!40000 ALTER TABLE `transaccion_botonpago_BP` ENABLE KEYS */;
UNLOCK TABLES;
/*!40103 SET TIME_ZONE=@OLD_TIME_ZONE */;

/*!40101 SET SQL_MODE=@OLD_SQL_MODE */;
/*!40014 SET FOREIGN_KEY_CHECKS=@OLD_FOREIGN_KEY_CHECKS */;
/*!40014 SET UNIQUE_CHECKS=@OLD_UNIQUE_CHECKS */;
/*!40101 SET CHARACTER_SET_CLIENT=@OLD_CHARACTER_SET_CLIENT */;
/*!40101 SET CHARACTER_SET_RESULTS=@OLD_CHARACTER_SET_RESULTS */;
/*!40101 SET COLLATION_CONNECTION=@OLD_COLLATION_CONNECTION */;
/*!40111 SET SQL_NOTES=@OLD_SQL_NOTES */;

-- Dump completed on 2018-10-02  0:00:01
